clave,folio,fecha,hora,clave_partido_legado,clave_ciudadano,correo_electronico,whatsapp,telefono,celular,obseravaciones,status
clave,folio,fecha,hora,clave_partido_legado,clave_ciudadano,correo_electronico,whatsapp,telefono,celular,obseravaciones,status
MP00003997,MP00003997,2023-09-07,13:58:27,PL002,MIL0178540,x@x.com,9999123456,9999123451,9999123452,1,1
MP00003998,MP00003998,2023-09-07,13:58:27,PL002,MIL0188899,x@x.com,9999123456,9999123451,9999123452,1,1
MP00003999,MP00003999,2023-09-07,13:58:27,PL002,MIL0166920,x@x.com,9999123456,9999123451,9999123452,1,1
MP00004000,MP00004000,2023-09-07,13:58:27,PL003,MIL0053791,x@x.com,9999123456,9999123451,9999123452,1,1
MP00004001,MP00004001,2023-09-07,13:58:27,PL004,MIL0249438,x@x.com,9999123456,9999123451,9999123452,1,1
MP00004002,MP00004002,2023-09-07,13:58:27,PL011,MIL0165366,x@x.com,9999123456,9999123451,9999123452,1,1
MP00004003,MP00004003,2023-09-07,13:58:27,PL009,MIL0001619,x@x.com,9999123456,9999123451,9999123452,1,1
MP00004004,MP00004004,2023-09-07,13:58:27,PL010,MIL0486400,x@x.com,9999123456,9999123451,9999123452,1,1
MP00004005,MP00004005,2023-09-07,13:58:27,PL012,MIL0570210,x@x.com,9999123456,9999123451,9999123452,1,1
MP00004006,MP00004006,2023-09-07,13:58:27,PL001,MIL0444239,x@x.com,9999123456,9999123451,9999123452,1,1
MP00004007,MP00004007,2023-09-07,13:58:27,PL005,MIL0092798,x@x.com,9999123456,9999123451,9999123452,1,1
MP00004008,MP00004008,2023-09-07,13:58:27,PL008,MIL0492351,x@x.com,9999123456,9999123451,9999123452,1,1
MP00004009,MP00004009,2023-09-07,13:58:27,PL006,MIL0570186,x@x.com,9999123456,9999123451,9999123452,1,1
MP00004010,MP00004010,2023-09-07,13:58:27,PL007,MIL0223903,x@x.com,9999123456,9999123451,9999123452,1,1
MP00004011,MP00004011,2023-09-07,13:58:27,PL012,MIL0423958,x@x.com,9999123456,9999123451,9999123452,1,1
MP00004012,MP00004012,2023-09-07,13:58:27,PL006,MIL0132033,x@x.com,9999123456,9999123451,9999123452,1,1
MP00004013,MP00004013,2023-09-07,13:58:27,PL001,MIL0437579,x@x.com,9999123456,9999123451,9999123452,1,1
MP00004014,MP00004014,2023-09-07,13:58:27,PL001,MIL0372293,x@x.com,9999123456,9999123451,9999123452,1,1
MP00004015,MP00004015,2023-09-07,13:58:27,PL012,MIL0246765,x@x.com,9999123456,9999123451,9999123452,1,1
MP00004016,MP00004016,2023-09-07,13:58:27,PL006,MIL0478789,x@x.com,9999123456,9999123451,9999123452,1,1
MP00004017,MP00004017,2023-09-07,13:58:27,PL010,MIL0135978,x@x.com,9999123456,9999123451,9999123452,1,1
MP00004018,MP00004018,2023-09-07,13:58:27,PL005,MIL0035275,x@x.com,9999123456,9999123451,9999123452,1,1
MP00004019,MP00004019,2023-09-07,13:58:27,PL006,MIL0243142,x@x.com,9999123456,9999123451,9999123452,1,1
MP00004020,MP00004020,2023-09-07,13:58:27,PL013,MIL0447905,x@x.com,9999123456,9999123451,9999123452,1,1
MP00004021,MP00004021,2023-09-07,13:58:27,PL005,MIL0158380,x@x.com,9999123456,9999123451,9999123452,1,1
MP00004022,MP00004022,2023-09-07,13:58:27,PL007,MIL0464187,x@x.com,9999123456,9999123451,9999123452,1,1
MP00004023,MP00004023,2023-09-07,13:58:27,PL004,MIL0002416,x@x.com,9999123456,9999123451,9999123452,1,1
MP00004024,MP00004024,2023-09-07,13:58:27,PL001,MIL0146917,x@x.com,9999123456,9999123451,9999123452,1,1
MP00004025,MP00004025,2023-09-07,13:58:27,PL010,MIL0305162,x@x.com,9999123456,9999123451,9999123452,1,1
MP00004026,MP00004026,2023-09-07,13:58:27,PL009,MIL0125292,x@x.com,9999123456,9999123451,9999123452,1,1
MP00004027,MP00004027,2023-09-07,13:58:27,PL012,MIL0320823,x@x.com,9999123456,9999123451,9999123452,1,1
MP00004028,MP00004028,2023-09-07,13:58:27,PL009,MIL0503223,x@x.com,9999123456,9999123451,9999123452,1,1
MP00004029,MP00004029,2023-09-07,13:58:27,PL006,MIL0095013,x@x.com,9999123456,9999123451,9999123452,1,1
MP00004030,MP00004030,2023-09-07,13:58:27,PL011,MIL0145749,x@x.com,9999123456,9999123451,9999123452,1,1
MP00004031,MP00004031,2023-09-07,13:58:27,PL009,MIL0029891,x@x.com,9999123456,9999123451,9999123452,1,1
MP00004032,MP00004032,2023-09-07,13:58:27,PL010,MIL0204061,x@x.com,9999123456,9999123451,9999123452,1,1
MP00004033,MP00004033,2023-09-07,13:58:27,PL008,MIL0515002,x@x.com,9999123456,9999123451,9999123452,1,1
MP00004034,MP00004034,2023-09-07,13:58:27,PL004,MIL0108469,x@x.com,9999123456,9999123451,9999123452,1,1
MP00004035,MP00004035,2023-09-07,13:58:27,PL001,MIL0030816,x@x.com,9999123456,9999123451,9999123452,1,1
MP00004036,MP00004036,2023-09-07,13:58:27,PL004,MIL0068328,x@x.com,9999123456,9999123451,9999123452,1,1
MP00004037,MP00004037,2023-09-07,13:58:27,PL009,MIL0193291,x@x.com,9999123456,9999123451,9999123452,1,1
MP00004038,MP00004038,2023-09-07,13:58:27,PL003,MIL0205267,x@x.com,9999123456,9999123451,9999123452,1,1
MP00004039,MP00004039,2023-09-07,13:58:27,PL008,MIL0147007,x@x.com,9999123456,9999123451,9999123452,1,1
MP00004040,MP00004040,2023-09-07,13:58:27,PL004,MIL0165865,x@x.com,9999123456,9999123451,9999123452,1,1
MP00004041,MP00004041,2023-09-07,13:58:27,PL002,MIL0211503,x@x.com,9999123456,9999123451,9999123452,1,1
MP00004042,MP00004042,2023-09-07,13:58:27,PL005,MIL0520298,x@x.com,9999123456,9999123451,9999123452,1,1
MP00004043,MP00004043,2023-09-07,13:58:27,PL011,MIL0409638,x@x.com,9999123456,9999123451,9999123452,1,1
MP00004044,MP00004044,2023-09-07,13:58:27,PL012,MIL0572501,x@x.com,9999123456,9999123451,9999123452,1,1
MP00004045,MP00004045,2023-09-07,13:58:27,PL008,MIL0132784,x@x.com,9999123456,9999123451,9999123452,1,1
MP00004046,MP00004046,2023-09-07,13:58:27,PL002,MIL0258105,x@x.com,9999123456,9999123451,9999123452,1,1
MP00004047,MP00004047,2023-09-07,13:58:27,PL006,MIL0164792,x@x.com,9999123456,9999123451,9999123452,1,1
MP00004048,MP00004048,2023-09-07,13:58:27,PL013,MIL0338590,x@x.com,9999123456,9999123451,9999123452,1,1
MP00004049,MP00004049,2023-09-07,13:58:27,PL010,MIL0030556,x@x.com,9999123456,9999123451,9999123452,1,1
MP00004050,MP00004050,2023-09-07,13:58:27,PL008,MIL0289190,x@x.com,9999123456,9999123451,9999123452,1,1
MP00004051,MP00004051,2023-09-07,13:58:27,PL005,MIL0489659,x@x.com,9999123456,9999123451,9999123452,1,1
MP00004052,MP00004052,2023-09-07,13:58:27,PL001,MIL0525333,x@x.com,9999123456,9999123451,9999123452,1,1
MP00004053,MP00004053,2023-09-07,13:58:27,PL013,MIL0084236,x@x.com,9999123456,9999123451,9999123452,1,1
MP00004054,MP00004054,2023-09-07,13:58:27,PL004,MIL0219511,x@x.com,9999123456,9999123451,9999123452,1,1
MP00004055,MP00004055,2023-09-07,13:58:27,PL004,MIL0531033,x@x.com,9999123456,9999123451,9999123452,1,1
MP00004056,MP00004056,2023-09-07,13:58:27,PL003,MIL0467526,x@x.com,9999123456,9999123451,9999123452,1,1
MP00004057,MP00004057,2023-09-07,13:58:27,PL003,MIL0062449,x@x.com,9999123456,9999123451,9999123452,1,1
MP00004058,MP00004058,2023-09-07,13:58:27,PL010,MIL0137393,x@x.com,9999123456,9999123451,9999123452,1,1
MP00004059,MP00004059,2023-09-07,13:58:27,PL011,MIL0154731,x@x.com,9999123456,9999123451,9999123452,1,1
MP00004060,MP00004060,2023-09-07,13:58:27,PL006,MIL0511656,x@x.com,9999123456,9999123451,9999123452,1,1
MP00004061,MP00004061,2023-09-07,13:58:27,PL013,MIL0136847,x@x.com,9999123456,9999123451,9999123452,1,1
MP00004062,MP00004062,2023-09-07,13:58:27,PL007,MIL0361551,x@x.com,9999123456,9999123451,9999123452,1,1
MP00004063,MP00004063,2023-09-07,13:58:27,PL009,MIL0008750,x@x.com,9999123456,9999123451,9999123452,1,1
MP00004064,MP00004064,2023-09-07,13:58:27,PL005,MIL0172920,x@x.com,9999123456,9999123451,9999123452,1,1
MP00004065,MP00004065,2023-09-07,13:58:27,PL006,MIL0559719,x@x.com,9999123456,9999123451,9999123452,1,1
MP00004066,MP00004066,2023-09-07,13:58:27,PL008,MIL0359048,x@x.com,9999123456,9999123451,9999123452,1,1
MP00004067,MP00004067,2023-09-07,13:58:27,PL012,MIL0101227,x@x.com,9999123456,9999123451,9999123452,1,1
MP00004068,MP00004068,2023-09-07,13:58:27,PL012,MIL0070564,x@x.com,9999123456,9999123451,9999123452,1,1
MP00004069,MP00004069,2023-09-07,13:58:27,PL001,MIL0511891,x@x.com,9999123456,9999123451,9999123452,1,1
MP00004070,MP00004070,2023-09-07,13:58:27,PL008,MIL0006535,x@x.com,9999123456,9999123451,9999123452,1,1
MP00004071,MP00004071,2023-09-07,13:58:27,PL012,MIL0463211,x@x.com,9999123456,9999123451,9999123452,1,1
MP00004072,MP00004072,2023-09-07,13:58:27,PL012,MIL0393633,x@x.com,9999123456,9999123451,9999123452,1,1
MP00004073,MP00004073,2023-09-07,13:58:27,PL004,MIL0439611,x@x.com,9999123456,9999123451,9999123452,1,1
MP00004074,MP00004074,2023-09-07,13:58:27,PL011,MIL0572018,x@x.com,9999123456,9999123451,9999123452,1,1
MP00004075,MP00004075,2023-09-07,13:58:27,PL001,MIL0229857,x@x.com,9999123456,9999123451,9999123452,1,1
MP00004076,MP00004076,2023-09-07,13:58:27,PL001,MIL0356710,x@x.com,9999123456,9999123451,9999123452,1,1
MP00004077,MP00004077,2023-09-07,13:58:27,PL011,MIL0453351,x@x.com,9999123456,9999123451,9999123452,1,1
MP00004078,MP00004078,2023-09-07,13:58:27,PL007,MIL0280787,x@x.com,9999123456,9999123451,9999123452,1,1
MP00004079,MP00004079,2023-09-07,13:58:27,PL001,MIL0555857,x@x.com,9999123456,9999123451,9999123452,1,1
MP00004080,MP00004080,2023-09-07,13:58:27,PL011,MIL0062355,x@x.com,9999123456,9999123451,9999123452,1,1
MP00004081,MP00004081,2023-09-07,13:58:27,PL004,MIL0447919,x@x.com,9999123456,9999123451,9999123452,1,1
MP00004082,MP00004082,2023-09-07,13:58:27,PL009,MIL0206026,x@x.com,9999123456,9999123451,9999123452,1,1
MP00004083,MP00004083,2023-09-07,13:58:27,PL002,MIL0468655,x@x.com,9999123456,9999123451,9999123452,1,1
MP00004084,MP00004084,2023-09-07,13:58:27,PL005,MIL0545441,x@x.com,9999123456,9999123451,9999123452,1,1
MP00004085,MP00004085,2023-09-07,13:58:27,PL010,MIL0073829,x@x.com,9999123456,9999123451,9999123452,1,1
MP00004086,MP00004086,2023-09-07,13:58:27,PL010,MIL0207603,x@x.com,9999123456,9999123451,9999123452,1,1
MP00004087,MP00004087,2023-09-07,13:58:27,PL008,MIL0039941,x@x.com,9999123456,9999123451,9999123452,1,1
MP00004088,MP00004088,2023-09-07,13:58:27,PL006,MIL0455920,x@x.com,9999123456,9999123451,9999123452,1,1
MP00004089,MP00004089,2023-09-07,13:58:27,PL008,MIL0217617,x@x.com,9999123456,9999123451,9999123452,1,1
MP00004090,MP00004090,2023-09-07,13:58:27,PL013,MIL0499138,x@x.com,9999123456,9999123451,9999123452,1,1
MP00004091,MP00004091,2023-09-07,13:58:27,PL003,MIL0185710,x@x.com,9999123456,9999123451,9999123452,1,1
MP00004092,MP00004092,2023-09-07,13:58:27,PL006,MIL0479014,x@x.com,9999123456,9999123451,9999123452,1,1
MP00004093,MP00004093,2023-09-07,13:58:27,PL010,MIL0539528,x@x.com,9999123456,9999123451,9999123452,1,1
MP00004094,MP00004094,2023-09-07,13:58:27,PL004,MIL0267554,x@x.com,9999123456,9999123451,9999123452,1,1
MP00004095,MP00004095,2023-09-07,13:58:27,PL007,MIL0524239,x@x.com,9999123456,9999123451,9999123452,1,1
MP00004096,MP00004096,2023-09-07,13:58:27,PL008,MIL0424776,x@x.com,9999123456,9999123451,9999123452,1,1
MP00004097,MP00004097,2023-09-07,13:58:27,PL001,MIL0136957,x@x.com,9999123456,9999123451,9999123452,1,1
MP00004098,MP00004098,2023-09-07,13:58:27,PL006,MIL0128984,x@x.com,9999123456,9999123451,9999123452,1,1
MP00004099,MP00004099,2023-09-07,13:58:27,PL002,MIL0296999,x@x.com,9999123456,9999123451,9999123452,1,1
MP00004100,MP00004100,2023-09-07,13:58:27,PL001,MIL0112977,x@x.com,9999123456,9999123451,9999123452,1,1
MP00004101,MP00004101,2023-09-07,13:58:27,PL005,MIL0369516,x@x.com,9999123456,9999123451,9999123452,1,1
MP00004102,MP00004102,2023-09-07,13:58:27,PL006,MIL0456724,x@x.com,9999123456,9999123451,9999123452,1,1
MP00004103,MP00004103,2023-09-07,13:58:27,PL008,MIL0253888,x@x.com,9999123456,9999123451,9999123452,1,1
MP00004104,MP00004104,2023-09-07,13:58:27,PL005,MIL0253645,x@x.com,9999123456,9999123451,9999123452,1,1
MP00004105,MP00004105,2023-09-07,13:58:27,PL006,MIL0015125,x@x.com,9999123456,9999123451,9999123452,1,1
MP00004106,MP00004106,2023-09-07,13:58:27,PL010,MIL0551190,x@x.com,9999123456,9999123451,9999123452,1,1
MP00004107,MP00004107,2023-09-07,13:58:27,PL006,MIL0119512,x@x.com,9999123456,9999123451,9999123452,1,1
MP00004108,MP00004108,2023-09-07,13:58:27,PL006,MIL0348721,x@x.com,9999123456,9999123451,9999123452,1,1
MP00004109,MP00004109,2023-09-07,13:58:27,PL006,MIL0282299,x@x.com,9999123456,9999123451,9999123452,1,1
MP00004110,MP00004110,2023-09-07,13:58:27,PL009,MIL0290034,x@x.com,9999123456,9999123451,9999123452,1,1
MP00004111,MP00004111,2023-09-07,13:58:27,PL005,MIL0274928,x@x.com,9999123456,9999123451,9999123452,1,1
MP00004112,MP00004112,2023-09-07,13:58:27,PL003,MIL0021113,x@x.com,9999123456,9999123451,9999123452,1,1
MP00004113,MP00004113,2023-09-07,13:58:27,PL001,MIL0374500,x@x.com,9999123456,9999123451,9999123452,1,1
MP00004114,MP00004114,2023-09-07,13:58:27,PL010,MIL0098554,x@x.com,9999123456,9999123451,9999123452,1,1
MP00004115,MP00004115,2023-09-07,13:58:27,PL010,MIL0018582,x@x.com,9999123456,9999123451,9999123452,1,1
MP00004116,MP00004116,2023-09-07,13:58:27,PL008,MIL0239782,x@x.com,9999123456,9999123451,9999123452,1,1
MP00004117,MP00004117,2023-09-07,13:58:27,PL002,MIL0574067,x@x.com,9999123456,9999123451,9999123452,1,1
MP00004118,MP00004118,2023-09-07,13:58:27,PL012,MIL0457295,x@x.com,9999123456,9999123451,9999123452,1,1
MP00004119,MP00004119,2023-09-07,13:58:27,PL008,MIL0123830,x@x.com,9999123456,9999123451,9999123452,1,1
MP00004120,MP00004120,2023-09-07,13:58:27,PL002,MIL0299213,x@x.com,9999123456,9999123451,9999123452,1,1
MP00004121,MP00004121,2023-09-07,13:58:27,PL004,MIL0292650,x@x.com,9999123456,9999123451,9999123452,1,1
MP00004122,MP00004122,2023-09-07,13:58:27,PL004,MIL0382552,x@x.com,9999123456,9999123451,9999123452,1,1
MP00004123,MP00004123,2023-09-07,13:58:27,PL008,MIL0289619,x@x.com,9999123456,9999123451,9999123452,1,1
MP00004124,MP00004124,2023-09-07,13:58:27,PL002,MIL0042584,x@x.com,9999123456,9999123451,9999123452,1,1
MP00004125,MP00004125,2023-09-07,13:58:27,PL005,MIL0023983,x@x.com,9999123456,9999123451,9999123452,1,1
MP00004126,MP00004126,2023-09-07,13:58:27,PL010,MIL0024706,x@x.com,9999123456,9999123451,9999123452,1,1
MP00004127,MP00004127,2023-09-07,13:58:27,PL008,MIL0188747,x@x.com,9999123456,9999123451,9999123452,1,1
MP00004128,MP00004128,2023-09-07,13:58:27,PL012,MIL0406342,x@x.com,9999123456,9999123451,9999123452,1,1
MP00004129,MP00004129,2023-09-07,13:58:27,PL001,MIL0391119,x@x.com,9999123456,9999123451,9999123452,1,1
MP00004130,MP00004130,2023-09-07,13:58:27,PL005,MIL0070888,x@x.com,9999123456,9999123451,9999123452,1,1
MP00004131,MP00004131,2023-09-07,13:58:27,PL002,MIL0412312,x@x.com,9999123456,9999123451,9999123452,1,1
MP00004132,MP00004132,2023-09-07,13:58:27,PL002,MIL0012352,x@x.com,9999123456,9999123451,9999123452,1,1
MP00004133,MP00004133,2023-09-07,13:58:27,PL013,MIL0190790,x@x.com,9999123456,9999123451,9999123452,1,1
MP00004134,MP00004134,2023-09-07,13:58:27,PL012,MIL0395063,x@x.com,9999123456,9999123451,9999123452,1,1
MP00004135,MP00004135,2023-09-07,13:58:27,PL003,MIL0568822,x@x.com,9999123456,9999123451,9999123452,1,1
MP00004136,MP00004136,2023-09-07,13:58:27,PL007,MIL0466465,x@x.com,9999123456,9999123451,9999123452,1,1
MP00004137,MP00004137,2023-09-07,13:58:27,PL001,MIL0216047,x@x.com,9999123456,9999123451,9999123452,1,1
MP00004138,MP00004138,2023-09-07,13:58:27,PL006,MIL0417459,x@x.com,9999123456,9999123451,9999123452,1,1
MP00004139,MP00004139,2023-09-07,13:58:27,PL008,MIL0134636,x@x.com,9999123456,9999123451,9999123452,1,1
MP00004140,MP00004140,2023-09-07,13:58:27,PL009,MIL0464804,x@x.com,9999123456,9999123451,9999123452,1,1
MP00004141,MP00004141,2023-09-07,13:58:27,PL010,MIL0530290,x@x.com,9999123456,9999123451,9999123452,1,1
MP00004142,MP00004142,2023-09-07,13:58:27,PL001,MIL0173509,x@x.com,9999123456,9999123451,9999123452,1,1
MP00004143,MP00004143,2023-09-07,13:58:27,PL011,MIL0046796,x@x.com,9999123456,9999123451,9999123452,1,1
MP00004144,MP00004144,2023-09-07,13:58:27,PL012,MIL0159536,x@x.com,9999123456,9999123451,9999123452,1,1
MP00004145,MP00004145,2023-09-07,13:58:27,PL004,MIL0028391,x@x.com,9999123456,9999123451,9999123452,1,1
MP00004146,MP00004146,2023-09-07,13:58:27,PL012,MIL0478583,x@x.com,9999123456,9999123451,9999123452,1,1
MP00004147,MP00004147,2023-09-07,13:58:27,PL006,MIL0408279,x@x.com,9999123456,9999123451,9999123452,1,1
MP00004148,MP00004148,2023-09-07,13:58:27,PL006,MIL0379800,x@x.com,9999123456,9999123451,9999123452,1,1
MP00004149,MP00004149,2023-09-07,13:58:27,PL013,MIL0078837,x@x.com,9999123456,9999123451,9999123452,1,1
MP00004150,MP00004150,2023-09-07,13:58:27,PL008,MIL0235068,x@x.com,9999123456,9999123451,9999123452,1,1
MP00004151,MP00004151,2023-09-07,13:58:27,PL009,MIL0302561,x@x.com,9999123456,9999123451,9999123452,1,1
MP00004152,MP00004152,2023-09-07,13:58:27,PL007,MIL0174278,x@x.com,9999123456,9999123451,9999123452,1,1
MP00004153,MP00004153,2023-09-07,13:58:27,PL003,MIL0137527,x@x.com,9999123456,9999123451,9999123452,1,1
MP00004154,MP00004154,2023-09-07,13:58:27,PL008,MIL0188177,x@x.com,9999123456,9999123451,9999123452,1,1
MP00004155,MP00004155,2023-09-07,13:58:27,PL002,MIL0036398,x@x.com,9999123456,9999123451,9999123452,1,1
MP00004156,MP00004156,2023-09-07,13:58:27,PL009,MIL0187922,x@x.com,9999123456,9999123451,9999123452,1,1
MP00004157,MP00004157,2023-09-07,13:58:27,PL009,MIL0368601,x@x.com,9999123456,9999123451,9999123452,1,1
MP00004158,MP00004158,2023-09-07,13:58:27,PL012,MIL0104896,x@x.com,9999123456,9999123451,9999123452,1,1
MP00004159,MP00004159,2023-09-07,13:58:27,PL003,MIL0086835,x@x.com,9999123456,9999123451,9999123452,1,1
MP00004160,MP00004160,2023-09-07,13:58:27,PL011,MIL0349529,x@x.com,9999123456,9999123451,9999123452,1,1
MP00004161,MP00004161,2023-09-07,13:58:27,PL002,MIL0495939,x@x.com,9999123456,9999123451,9999123452,1,1
MP00004162,MP00004162,2023-09-07,13:58:27,PL009,MIL0534345,x@x.com,9999123456,9999123451,9999123452,1,1
MP00004163,MP00004163,2023-09-07,13:58:27,PL011,MIL0167704,x@x.com,9999123456,9999123451,9999123452,1,1
MP00004164,MP00004164,2023-09-07,13:58:27,PL010,MIL0491224,x@x.com,9999123456,9999123451,9999123452,1,1
MP00004165,MP00004165,2023-09-07,13:58:27,PL006,MIL0541482,x@x.com,9999123456,9999123451,9999123452,1,1
MP00004166,MP00004166,2023-09-07,13:58:27,PL009,MIL0321143,x@x.com,9999123456,9999123451,9999123452,1,1
MP00004167,MP00004167,2023-09-07,13:58:27,PL005,MIL0257233,x@x.com,9999123456,9999123451,9999123452,1,1
MP00004168,MP00004168,2023-09-07,13:58:27,PL008,MIL0307140,x@x.com,9999123456,9999123451,9999123452,1,1
MP00004169,MP00004169,2023-09-07,13:58:27,PL005,MIL0574907,x@x.com,9999123456,9999123451,9999123452,1,1
MP00004170,MP00004170,2023-09-07,13:58:27,PL007,MIL0441450,x@x.com,9999123456,9999123451,9999123452,1,1
MP00004171,MP00004171,2023-09-07,13:58:27,PL001,MIL0083375,x@x.com,9999123456,9999123451,9999123452,1,1
MP00004172,MP00004172,2023-09-07,13:58:27,PL010,MIL0277259,x@x.com,9999123456,9999123451,9999123452,1,1
MP00004173,MP00004173,2023-09-07,13:58:27,PL008,MIL0273872,x@x.com,9999123456,9999123451,9999123452,1,1
MP00004174,MP00004174,2023-09-07,13:58:27,PL003,MIL0506352,x@x.com,9999123456,9999123451,9999123452,1,1
MP00004175,MP00004175,2023-09-07,13:58:27,PL003,MIL0152729,x@x.com,9999123456,9999123451,9999123452,1,1
MP00004176,MP00004176,2023-09-07,13:58:27,PL007,MIL0282128,x@x.com,9999123456,9999123451,9999123452,1,1
MP00004177,MP00004177,2023-09-07,13:58:27,PL013,MIL0260699,x@x.com,9999123456,9999123451,9999123452,1,1
MP00004178,MP00004178,2023-09-07,13:58:27,PL002,MIL0574219,x@x.com,9999123456,9999123451,9999123452,1,1
MP00004179,MP00004179,2023-09-07,13:58:27,PL010,MIL0216512,x@x.com,9999123456,9999123451,9999123452,1,1
MP00004180,MP00004180,2023-09-07,13:58:27,PL007,MIL0433502,x@x.com,9999123456,9999123451,9999123452,1,1
MP00004181,MP00004181,2023-09-07,13:58:27,PL002,MIL0553704,x@x.com,9999123456,9999123451,9999123452,1,1
MP00004182,MP00004182,2023-09-07,13:58:27,PL011,MIL0439338,x@x.com,9999123456,9999123451,9999123452,1,1
MP00004183,MP00004183,2023-09-07,13:58:27,PL010,MIL0136562,x@x.com,9999123456,9999123451,9999123452,1,1
MP00004184,MP00004184,2023-09-07,13:58:27,PL013,MIL0054138,x@x.com,9999123456,9999123451,9999123452,1,1
MP00004185,MP00004185,2023-09-07,13:58:27,PL008,MIL0453783,x@x.com,9999123456,9999123451,9999123452,1,1
MP00004186,MP00004186,2023-09-07,13:58:27,PL008,MIL0514589,x@x.com,9999123456,9999123451,9999123452,1,1
MP00004187,MP00004187,2023-09-07,13:58:27,PL007,MIL0304306,x@x.com,9999123456,9999123451,9999123452,1,1
MP00004188,MP00004188,2023-09-07,13:58:27,PL005,MIL0288052,x@x.com,9999123456,9999123451,9999123452,1,1
MP00004189,MP00004189,2023-09-07,13:58:27,PL001,MIL0093674,x@x.com,9999123456,9999123451,9999123452,1,1
MP00004190,MP00004190,2023-09-07,13:58:27,PL007,MIL0460418,x@x.com,9999123456,9999123451,9999123452,1,1
MP00004191,MP00004191,2023-09-07,13:58:27,PL005,MIL0283914,x@x.com,9999123456,9999123451,9999123452,1,1
MP00004192,MP00004192,2023-09-07,13:58:27,PL002,MIL0072256,x@x.com,9999123456,9999123451,9999123452,1,1
MP00004193,MP00004193,2023-09-07,13:58:27,PL010,MIL0045734,x@x.com,9999123456,9999123451,9999123452,1,1
MP00004194,MP00004194,2023-09-07,13:58:27,PL006,MIL0381350,x@x.com,9999123456,9999123451,9999123452,1,1
MP00004195,MP00004195,2023-09-07,13:58:27,PL008,MIL0563822,x@x.com,9999123456,9999123451,9999123452,1,1
MP00004196,MP00004196,2023-09-07,13:58:27,PL011,MIL0103408,x@x.com,9999123456,9999123451,9999123452,1,1
MP00004197,MP00004197,2023-09-07,13:58:27,PL006,MIL0439831,x@x.com,9999123456,9999123451,9999123452,1,1
MP00004198,MP00004198,2023-09-07,13:58:27,PL011,MIL0073321,x@x.com,9999123456,9999123451,9999123452,1,1
MP00004199,MP00004199,2023-09-07,13:58:27,PL010,MIL0288992,x@x.com,9999123456,9999123451,9999123452,1,1
MP00004200,MP00004200,2023-09-07,13:58:27,PL007,MIL0129916,x@x.com,9999123456,9999123451,9999123452,1,1
MP00004201,MP00004201,2023-09-07,13:58:27,PL006,MIL0371557,x@x.com,9999123456,9999123451,9999123452,1,1
MP00004202,MP00004202,2023-09-07,13:58:27,PL011,MIL0506408,x@x.com,9999123456,9999123451,9999123452,1,1
MP00004203,MP00004203,2023-09-07,13:58:27,PL009,MIL0260347,x@x.com,9999123456,9999123451,9999123452,1,1
MP00004204,MP00004204,2023-09-07,13:58:27,PL004,MIL0098904,x@x.com,9999123456,9999123451,9999123452,1,1
MP00004205,MP00004205,2023-09-07,13:58:27,PL013,MIL0546068,x@x.com,9999123456,9999123451,9999123452,1,1
MP00004206,MP00004206,2023-09-07,13:58:27,PL005,MIL0330625,x@x.com,9999123456,9999123451,9999123452,1,1
MP00004207,MP00004207,2023-09-07,13:58:27,PL009,MIL0080588,x@x.com,9999123456,9999123451,9999123452,1,1
MP00004208,MP00004208,2023-09-07,13:58:27,PL013,MIL0057447,x@x.com,9999123456,9999123451,9999123452,1,1
MP00004209,MP00004209,2023-09-07,13:58:27,PL003,MIL0240398,x@x.com,9999123456,9999123451,9999123452,1,1
MP00004210,MP00004210,2023-09-07,13:58:27,PL007,MIL0554426,x@x.com,9999123456,9999123451,9999123452,1,1
MP00004211,MP00004211,2023-09-07,13:58:27,PL007,MIL0347264,x@x.com,9999123456,9999123451,9999123452,1,1
MP00004212,MP00004212,2023-09-07,13:58:27,PL001,MIL0090481,x@x.com,9999123456,9999123451,9999123452,1,1
MP00004213,MP00004213,2023-09-07,13:58:27,PL004,MIL0246703,x@x.com,9999123456,9999123451,9999123452,1,1
MP00004214,MP00004214,2023-09-07,13:58:27,PL003,MIL0048505,x@x.com,9999123456,9999123451,9999123452,1,1
MP00004215,MP00004215,2023-09-07,13:58:27,PL012,MIL0243588,x@x.com,9999123456,9999123451,9999123452,1,1
MP00004216,MP00004216,2023-09-07,13:58:27,PL003,MIL0390849,x@x.com,9999123456,9999123451,9999123452,1,1
MP00004217,MP00004217,2023-09-07,13:58:27,PL002,MIL0021567,x@x.com,9999123456,9999123451,9999123452,1,1
MP00004218,MP00004218,2023-09-07,13:58:27,PL003,MIL0508489,x@x.com,9999123456,9999123451,9999123452,1,1
MP00004219,MP00004219,2023-09-07,13:58:27,PL002,MIL0482032,x@x.com,9999123456,9999123451,9999123452,1,1
MP00004220,MP00004220,2023-09-07,13:58:27,PL006,MIL0337048,x@x.com,9999123456,9999123451,9999123452,1,1
MP00004221,MP00004221,2023-09-07,13:58:27,PL013,MIL0084988,x@x.com,9999123456,9999123451,9999123452,1,1
MP00004222,MP00004222,2023-09-07,13:58:27,PL012,MIL0203928,x@x.com,9999123456,9999123451,9999123452,1,1
MP00004223,MP00004223,2023-09-07,13:58:27,PL008,MIL0460258,x@x.com,9999123456,9999123451,9999123452,1,1
MP00004224,MP00004224,2023-09-07,13:58:27,PL008,MIL0404929,x@x.com,9999123456,9999123451,9999123452,1,1
MP00004225,MP00004225,2023-09-07,13:58:27,PL004,MIL0067550,x@x.com,9999123456,9999123451,9999123452,1,1
MP00004226,MP00004226,2023-09-07,13:58:27,PL013,MIL0118958,x@x.com,9999123456,9999123451,9999123452,1,1
MP00004227,MP00004227,2023-09-07,13:58:27,PL005,MIL0521130,x@x.com,9999123456,9999123451,9999123452,1,1
MP00004228,MP00004228,2023-09-07,13:58:27,PL003,MIL0325165,x@x.com,9999123456,9999123451,9999123452,1,1
MP00004229,MP00004229,2023-09-07,13:58:27,PL005,MIL0010418,x@x.com,9999123456,9999123451,9999123452,1,1
MP00004230,MP00004230,2023-09-07,13:58:27,PL006,MIL0572099,x@x.com,9999123456,9999123451,9999123452,1,1
MP00004231,MP00004231,2023-09-07,13:58:27,PL007,MIL0368887,x@x.com,9999123456,9999123451,9999123452,1,1
MP00004232,MP00004232,2023-09-07,13:58:27,PL009,MIL0024110,x@x.com,9999123456,9999123451,9999123452,1,1
MP00004233,MP00004233,2023-09-07,13:58:27,PL002,MIL0541257,x@x.com,9999123456,9999123451,9999123452,1,1
MP00004234,MP00004234,2023-09-07,13:58:27,PL008,MIL0286530,x@x.com,9999123456,9999123451,9999123452,1,1
MP00004235,MP00004235,2023-09-07,13:58:27,PL006,MIL0081891,x@x.com,9999123456,9999123451,9999123452,1,1
MP00004236,MP00004236,2023-09-07,13:58:27,PL008,MIL0353545,x@x.com,9999123456,9999123451,9999123452,1,1
MP00004237,MP00004237,2023-09-07,13:58:27,PL005,MIL0296004,x@x.com,9999123456,9999123451,9999123452,1,1
MP00004238,MP00004238,2023-09-07,13:58:27,PL006,MIL0307940,x@x.com,9999123456,9999123451,9999123452,1,1
MP00004239,MP00004239,2023-09-07,13:58:27,PL010,MIL0087892,x@x.com,9999123456,9999123451,9999123452,1,1
MP00004240,MP00004240,2023-09-07,13:58:27,PL004,MIL0135573,x@x.com,9999123456,9999123451,9999123452,1,1
MP00004241,MP00004241,2023-09-07,13:58:27,PL009,MIL0294428,x@x.com,9999123456,9999123451,9999123452,1,1
MP00004242,MP00004242,2023-09-07,13:58:27,PL006,MIL0137730,x@x.com,9999123456,9999123451,9999123452,1,1
MP00004243,MP00004243,2023-09-07,13:58:27,PL013,MIL0445045,x@x.com,9999123456,9999123451,9999123452,1,1
MP00004244,MP00004244,2023-09-07,13:58:27,PL009,MIL0496875,x@x.com,9999123456,9999123451,9999123452,1,1
MP00004245,MP00004245,2023-09-07,13:58:27,PL010,MIL0478566,x@x.com,9999123456,9999123451,9999123452,1,1
MP00004246,MP00004246,2023-09-07,13:58:27,PL008,MIL0459743,x@x.com,9999123456,9999123451,9999123452,1,1
MP00004247,MP00004247,2023-09-07,13:58:27,PL002,MIL0426906,x@x.com,9999123456,9999123451,9999123452,1,1
MP00004248,MP00004248,2023-09-07,13:58:27,PL002,MIL0319852,x@x.com,9999123456,9999123451,9999123452,1,1
MP00004249,MP00004249,2023-09-07,13:58:27,PL010,MIL0045535,x@x.com,9999123456,9999123451,9999123452,1,1
MP00004250,MP00004250,2023-09-07,13:58:27,PL007,MIL0499618,x@x.com,9999123456,9999123451,9999123452,1,1
MP00004251,MP00004251,2023-09-07,13:58:27,PL009,MIL0233125,x@x.com,9999123456,9999123451,9999123452,1,1
MP00004252,MP00004252,2023-09-07,13:58:27,PL004,MIL0174905,x@x.com,9999123456,9999123451,9999123452,1,1
MP00004253,MP00004253,2023-09-07,13:58:27,PL003,MIL0448505,x@x.com,9999123456,9999123451,9999123452,1,1
MP00004254,MP00004254,2023-09-07,13:58:27,PL009,MIL0016868,x@x.com,9999123456,9999123451,9999123452,1,1
MP00004255,MP00004255,2023-09-07,13:58:27,PL003,MIL0551528,x@x.com,9999123456,9999123451,9999123452,1,1
MP00004256,MP00004256,2023-09-07,13:58:27,PL013,MIL0088887,x@x.com,9999123456,9999123451,9999123452,1,1
MP00004257,MP00004257,2023-09-07,13:58:27,PL009,MIL0153049,x@x.com,9999123456,9999123451,9999123452,1,1
MP00004258,MP00004258,2023-09-07,13:58:27,PL006,MIL0055462,x@x.com,9999123456,9999123451,9999123452,1,1
MP00004259,MP00004259,2023-09-07,13:58:27,PL011,MIL0325671,x@x.com,9999123456,9999123451,9999123452,1,1
MP00004260,MP00004260,2023-09-07,13:58:27,PL008,MIL0441778,x@x.com,9999123456,9999123451,9999123452,1,1
MP00004261,MP00004261,2023-09-07,13:58:27,PL007,MIL0189365,x@x.com,9999123456,9999123451,9999123452,1,1
MP00004262,MP00004262,2023-09-07,13:58:27,PL001,MIL0369314,x@x.com,9999123456,9999123451,9999123452,1,1
MP00004263,MP00004263,2023-09-07,13:58:27,PL013,MIL0299114,x@x.com,9999123456,9999123451,9999123452,1,1
MP00004264,MP00004264,2023-09-07,13:58:27,PL012,MIL0150306,x@x.com,9999123456,9999123451,9999123452,1,1
MP00004265,MP00004265,2023-09-07,13:58:27,PL007,MIL0304341,x@x.com,9999123456,9999123451,9999123452,1,1
MP00004266,MP00004266,2023-09-07,13:58:27,PL005,MIL0553717,x@x.com,9999123456,9999123451,9999123452,1,1
MP00004267,MP00004267,2023-09-07,13:58:27,PL010,MIL0354716,x@x.com,9999123456,9999123451,9999123452,1,1
MP00004268,MP00004268,2023-09-07,13:58:27,PL002,MIL0374847,x@x.com,9999123456,9999123451,9999123452,1,1
MP00004269,MP00004269,2023-09-07,13:58:27,PL005,MIL0082974,x@x.com,9999123456,9999123451,9999123452,1,1
MP00004270,MP00004270,2023-09-07,13:58:27,PL013,MIL0164778,x@x.com,9999123456,9999123451,9999123452,1,1
MP00004271,MP00004271,2023-09-07,13:58:27,PL005,MIL0458772,x@x.com,9999123456,9999123451,9999123452,1,1
MP00004272,MP00004272,2023-09-07,13:58:27,PL005,MIL0466041,x@x.com,9999123456,9999123451,9999123452,1,1
MP00004273,MP00004273,2023-09-07,13:58:27,PL004,MIL0035133,x@x.com,9999123456,9999123451,9999123452,1,1
MP00004274,MP00004274,2023-09-07,13:58:27,PL008,MIL0308733,x@x.com,9999123456,9999123451,9999123452,1,1
MP00004275,MP00004275,2023-09-07,13:58:27,PL010,MIL0392721,x@x.com,9999123456,9999123451,9999123452,1,1
MP00004276,MP00004276,2023-09-07,13:58:27,PL007,MIL0170407,x@x.com,9999123456,9999123451,9999123452,1,1
MP00004277,MP00004277,2023-09-07,13:58:27,PL008,MIL0474723,x@x.com,9999123456,9999123451,9999123452,1,1
MP00004278,MP00004278,2023-09-07,13:58:27,PL008,MIL0111431,x@x.com,9999123456,9999123451,9999123452,1,1
MP00004279,MP00004279,2023-09-07,13:58:27,PL012,MIL0074987,x@x.com,9999123456,9999123451,9999123452,1,1
MP00004280,MP00004280,2023-09-07,13:58:27,PL009,MIL0066985,x@x.com,9999123456,9999123451,9999123452,1,1
MP00004281,MP00004281,2023-09-07,13:58:27,PL005,MIL0095459,x@x.com,9999123456,9999123451,9999123452,1,1
MP00004282,MP00004282,2023-09-07,13:58:27,PL011,MIL0564056,x@x.com,9999123456,9999123451,9999123452,1,1
MP00004283,MP00004283,2023-09-07,13:58:27,PL004,MIL0431669,x@x.com,9999123456,9999123451,9999123452,1,1
MP00004284,MP00004284,2023-09-07,13:58:27,PL011,MIL0387465,x@x.com,9999123456,9999123451,9999123452,1,1
MP00004285,MP00004285,2023-09-07,13:58:27,PL006,MIL0278074,x@x.com,9999123456,9999123451,9999123452,1,1
MP00004286,MP00004286,2023-09-07,13:58:27,PL013,MIL0330206,x@x.com,9999123456,9999123451,9999123452,1,1
MP00004287,MP00004287,2023-09-07,13:58:27,PL012,MIL0435125,x@x.com,9999123456,9999123451,9999123452,1,1
MP00004288,MP00004288,2023-09-07,13:58:27,PL007,MIL0398873,x@x.com,9999123456,9999123451,9999123452,1,1
MP00004289,MP00004289,2023-09-07,13:58:27,PL004,MIL0562343,x@x.com,9999123456,9999123451,9999123452,1,1
MP00004290,MP00004290,2023-09-07,13:58:27,PL011,MIL0173249,x@x.com,9999123456,9999123451,9999123452,1,1
MP00004291,MP00004291,2023-09-07,13:58:27,PL009,MIL0108110,x@x.com,9999123456,9999123451,9999123452,1,1
MP00004292,MP00004292,2023-09-07,13:58:27,PL012,MIL0281107,x@x.com,9999123456,9999123451,9999123452,1,1
MP00004293,MP00004293,2023-09-07,13:58:27,PL005,MIL0400447,x@x.com,9999123456,9999123451,9999123452,1,1
MP00004294,MP00004294,2023-09-07,13:58:27,PL011,MIL0398600,x@x.com,9999123456,9999123451,9999123452,1,1
MP00004295,MP00004295,2023-09-07,13:58:27,PL009,MIL0391644,x@x.com,9999123456,9999123451,9999123452,1,1
MP00004296,MP00004296,2023-09-07,13:58:27,PL013,MIL0441985,x@x.com,9999123456,9999123451,9999123452,1,1
MP00004297,MP00004297,2023-09-07,13:58:27,PL004,MIL0540061,x@x.com,9999123456,9999123451,9999123452,1,1
MP00004298,MP00004298,2023-09-07,13:58:27,PL007,MIL0030871,x@x.com,9999123456,9999123451,9999123452,1,1
MP00004299,MP00004299,2023-09-07,13:58:27,PL004,MIL0245834,x@x.com,9999123456,9999123451,9999123452,1,1
MP00004300,MP00004300,2023-09-07,13:58:27,PL012,MIL0402246,x@x.com,9999123456,9999123451,9999123452,1,1
MP00004301,MP00004301,2023-09-07,13:58:27,PL011,MIL0263549,x@x.com,9999123456,9999123451,9999123452,1,1
MP00004302,MP00004302,2023-09-07,13:58:27,PL011,MIL0537149,x@x.com,9999123456,9999123451,9999123452,1,1
MP00004303,MP00004303,2023-09-07,13:58:27,PL010,MIL0041905,x@x.com,9999123456,9999123451,9999123452,1,1
MP00004304,MP00004304,2023-09-07,13:58:27,PL011,MIL0121542,x@x.com,9999123456,9999123451,9999123452,1,1
MP00004305,MP00004305,2023-09-07,13:58:27,PL002,MIL0568095,x@x.com,9999123456,9999123451,9999123452,1,1
MP00004306,MP00004306,2023-09-07,13:58:27,PL012,MIL0330423,x@x.com,9999123456,9999123451,9999123452,1,1
MP00004307,MP00004307,2023-09-07,13:58:27,PL004,MIL0252982,x@x.com,9999123456,9999123451,9999123452,1,1
MP00004308,MP00004308,2023-09-07,13:58:27,PL010,MIL0127187,x@x.com,9999123456,9999123451,9999123452,1,1
MP00004309,MP00004309,2023-09-07,13:58:27,PL008,MIL0108036,x@x.com,9999123456,9999123451,9999123452,1,1
MP00004310,MP00004310,2023-09-07,13:58:27,PL002,MIL0511979,x@x.com,9999123456,9999123451,9999123452,1,1
MP00004311,MP00004311,2023-09-07,13:58:27,PL012,MIL0474066,x@x.com,9999123456,9999123451,9999123452,1,1
MP00004312,MP00004312,2023-09-07,13:58:27,PL007,MIL0417856,x@x.com,9999123456,9999123451,9999123452,1,1
MP00004313,MP00004313,2023-09-07,13:58:27,PL005,MIL0005310,x@x.com,9999123456,9999123451,9999123452,1,1
MP00004314,MP00004314,2023-09-07,13:58:27,PL001,MIL0555272,x@x.com,9999123456,9999123451,9999123452,1,1
MP00004315,MP00004315,2023-09-07,13:58:27,PL005,MIL0430758,x@x.com,9999123456,9999123451,9999123452,1,1
MP00004316,MP00004316,2023-09-07,13:58:27,PL008,MIL0269328,x@x.com,9999123456,9999123451,9999123452,1,1
MP00004317,MP00004317,2023-09-07,13:58:27,PL001,MIL0277893,x@x.com,9999123456,9999123451,9999123452,1,1
MP00004318,MP00004318,2023-09-07,13:58:27,PL010,MIL0333521,x@x.com,9999123456,9999123451,9999123452,1,1
MP00004319,MP00004319,2023-09-07,13:58:27,PL006,MIL0448828,x@x.com,9999123456,9999123451,9999123452,1,1
MP00004320,MP00004320,2023-09-07,13:58:27,PL006,MIL0285507,x@x.com,9999123456,9999123451,9999123452,1,1
MP00004321,MP00004321,2023-09-07,13:58:27,PL007,MIL0287627,x@x.com,9999123456,9999123451,9999123452,1,1
MP00004322,MP00004322,2023-09-07,13:58:27,PL005,MIL0045821,x@x.com,9999123456,9999123451,9999123452,1,1
MP00004323,MP00004323,2023-09-07,13:58:27,PL010,MIL0516659,x@x.com,9999123456,9999123451,9999123452,1,1
MP00004324,MP00004324,2023-09-07,13:58:27,PL011,MIL0449736,x@x.com,9999123456,9999123451,9999123452,1,1
MP00004325,MP00004325,2023-09-07,13:58:27,PL008,MIL0384091,x@x.com,9999123456,9999123451,9999123452,1,1
MP00004326,MP00004326,2023-09-07,13:58:27,PL001,MIL0508620,x@x.com,9999123456,9999123451,9999123452,1,1
MP00004327,MP00004327,2023-09-07,13:58:27,PL007,MIL0441576,x@x.com,9999123456,9999123451,9999123452,1,1
MP00004328,MP00004328,2023-09-07,13:58:27,PL013,MIL0552160,x@x.com,9999123456,9999123451,9999123452,1,1
MP00004329,MP00004329,2023-09-07,13:58:27,PL001,MIL0442187,x@x.com,9999123456,9999123451,9999123452,1,1
MP00004330,MP00004330,2023-09-07,13:58:27,PL004,MIL0467630,x@x.com,9999123456,9999123451,9999123452,1,1
MP00004331,MP00004331,2023-09-07,13:58:27,PL007,MIL0555805,x@x.com,9999123456,9999123451,9999123452,1,1
MP00004332,MP00004332,2023-09-07,13:58:27,PL008,MIL0069257,x@x.com,9999123456,9999123451,9999123452,1,1
MP00004333,MP00004333,2023-09-07,13:58:27,PL006,MIL0248136,x@x.com,9999123456,9999123451,9999123452,1,1
MP00004334,MP00004334,2023-09-07,13:58:27,PL004,MIL0193700,x@x.com,9999123456,9999123451,9999123452,1,1
MP00004335,MP00004335,2023-09-07,13:58:27,PL003,MIL0539003,x@x.com,9999123456,9999123451,9999123452,1,1
MP00004336,MP00004336,2023-09-07,13:58:27,PL001,MIL0574309,x@x.com,9999123456,9999123451,9999123452,1,1
MP00004337,MP00004337,2023-09-07,13:58:27,PL003,MIL0317204,x@x.com,9999123456,9999123451,9999123452,1,1
MP00004338,MP00004338,2023-09-07,13:58:27,PL003,MIL0570716,x@x.com,9999123456,9999123451,9999123452,1,1
MP00004339,MP00004339,2023-09-07,13:58:27,PL011,MIL0580092,x@x.com,9999123456,9999123451,9999123452,1,1
MP00004340,MP00004340,2023-09-07,13:58:27,PL011,MIL0079955,x@x.com,9999123456,9999123451,9999123452,1,1
MP00004341,MP00004341,2023-09-07,13:58:27,PL003,MIL0427341,x@x.com,9999123456,9999123451,9999123452,1,1
MP00004342,MP00004342,2023-09-07,13:58:27,PL013,MIL0182386,x@x.com,9999123456,9999123451,9999123452,1,1
MP00004343,MP00004343,2023-09-07,13:58:27,PL013,MIL0084144,x@x.com,9999123456,9999123451,9999123452,1,1
MP00004344,MP00004344,2023-09-07,13:58:27,PL010,MIL0180135,x@x.com,9999123456,9999123451,9999123452,1,1
MP00004345,MP00004345,2023-09-07,13:58:27,PL005,MIL0193362,x@x.com,9999123456,9999123451,9999123452,1,1
MP00004346,MP00004346,2023-09-07,13:58:27,PL001,MIL0326260,x@x.com,9999123456,9999123451,9999123452,1,1
MP00004347,MP00004347,2023-09-07,13:58:27,PL003,MIL0552901,x@x.com,9999123456,9999123451,9999123452,1,1
MP00004348,MP00004348,2023-09-07,13:58:27,PL003,MIL0052104,x@x.com,9999123456,9999123451,9999123452,1,1
MP00004349,MP00004349,2023-09-07,13:58:27,PL011,MIL0273768,x@x.com,9999123456,9999123451,9999123452,1,1
MP00004350,MP00004350,2023-09-07,13:58:27,PL008,MIL0036622,x@x.com,9999123456,9999123451,9999123452,1,1
MP00004351,MP00004351,2023-09-07,13:58:27,PL004,MIL0059048,x@x.com,9999123456,9999123451,9999123452,1,1
MP00004352,MP00004352,2023-09-07,13:58:27,PL009,MIL0036862,x@x.com,9999123456,9999123451,9999123452,1,1
MP00004353,MP00004353,2023-09-07,13:58:27,PL010,MIL0021808,x@x.com,9999123456,9999123451,9999123452,1,1
MP00004354,MP00004354,2023-09-07,13:58:27,PL008,MIL0349549,x@x.com,9999123456,9999123451,9999123452,1,1
MP00004355,MP00004355,2023-09-07,13:58:27,PL005,MIL0195785,x@x.com,9999123456,9999123451,9999123452,1,1
MP00004356,MP00004356,2023-09-07,13:58:27,PL003,MIL0489447,x@x.com,9999123456,9999123451,9999123452,1,1
MP00004357,MP00004357,2023-09-07,13:58:27,PL008,MIL0149302,x@x.com,9999123456,9999123451,9999123452,1,1
MP00004358,MP00004358,2023-09-07,13:58:27,PL006,MIL0463814,x@x.com,9999123456,9999123451,9999123452,1,1
MP00004359,MP00004359,2023-09-07,13:58:27,PL011,MIL0463278,x@x.com,9999123456,9999123451,9999123452,1,1
MP00004360,MP00004360,2023-09-07,13:58:27,PL009,MIL0219965,x@x.com,9999123456,9999123451,9999123452,1,1
MP00004361,MP00004361,2023-09-07,13:58:27,PL004,MIL0158011,x@x.com,9999123456,9999123451,9999123452,1,1
MP00004362,MP00004362,2023-09-07,13:58:27,PL005,MIL0435807,x@x.com,9999123456,9999123451,9999123452,1,1
MP00004363,MP00004363,2023-09-07,13:58:27,PL012,MIL0018379,x@x.com,9999123456,9999123451,9999123452,1,1
MP00004364,MP00004364,2023-09-07,13:58:27,PL013,MIL0047552,x@x.com,9999123456,9999123451,9999123452,1,1
MP00004365,MP00004365,2023-09-07,13:58:27,PL012,MIL0066002,x@x.com,9999123456,9999123451,9999123452,1,1
MP00004366,MP00004366,2023-09-07,13:58:27,PL009,MIL0353005,x@x.com,9999123456,9999123451,9999123452,1,1
MP00004367,MP00004367,2023-09-07,13:58:27,PL005,MIL0068652,x@x.com,9999123456,9999123451,9999123452,1,1
MP00004368,MP00004368,2023-09-07,13:58:27,PL013,MIL0225700,x@x.com,9999123456,9999123451,9999123452,1,1
MP00004369,MP00004369,2023-09-07,13:58:27,PL005,MIL0523948,x@x.com,9999123456,9999123451,9999123452,1,1
MP00004370,MP00004370,2023-09-07,13:58:27,PL005,MIL0357272,x@x.com,9999123456,9999123451,9999123452,1,1
MP00004371,MP00004371,2023-09-07,13:58:27,PL013,MIL0509525,x@x.com,9999123456,9999123451,9999123452,1,1
MP00004372,MP00004372,2023-09-07,13:58:27,PL001,MIL0577370,x@x.com,9999123456,9999123451,9999123452,1,1
MP00004373,MP00004373,2023-09-07,13:58:27,PL003,MIL0499629,x@x.com,9999123456,9999123451,9999123452,1,1
MP00004374,MP00004374,2023-09-07,13:58:27,PL004,MIL0031693,x@x.com,9999123456,9999123451,9999123452,1,1
MP00004375,MP00004375,2023-09-07,13:58:27,PL008,MIL0146027,x@x.com,9999123456,9999123451,9999123452,1,1
MP00004376,MP00004376,2023-09-07,13:58:27,PL002,MIL0142566,x@x.com,9999123456,9999123451,9999123452,1,1
MP00004377,MP00004377,2023-09-07,13:58:27,PL003,MIL0559687,x@x.com,9999123456,9999123451,9999123452,1,1
MP00004378,MP00004378,2023-09-07,13:58:27,PL012,MIL0421412,x@x.com,9999123456,9999123451,9999123452,1,1
MP00004379,MP00004379,2023-09-07,13:58:27,PL009,MIL0350936,x@x.com,9999123456,9999123451,9999123452,1,1
MP00004380,MP00004380,2023-09-07,13:58:27,PL007,MIL0381695,x@x.com,9999123456,9999123451,9999123452,1,1
MP00004381,MP00004381,2023-09-07,13:58:27,PL012,MIL0316358,x@x.com,9999123456,9999123451,9999123452,1,1
MP00004382,MP00004382,2023-09-07,13:58:27,PL012,MIL0150845,x@x.com,9999123456,9999123451,9999123452,1,1
MP00004383,MP00004383,2023-09-07,13:58:27,PL003,MIL0074929,x@x.com,9999123456,9999123451,9999123452,1,1
MP00004384,MP00004384,2023-09-07,13:58:27,PL005,MIL0477047,x@x.com,9999123456,9999123451,9999123452,1,1
MP00004385,MP00004385,2023-09-07,13:58:27,PL006,MIL0000576,x@x.com,9999123456,9999123451,9999123452,1,1
MP00004386,MP00004386,2023-09-07,13:58:27,PL005,MIL0564753,x@x.com,9999123456,9999123451,9999123452,1,1
MP00004387,MP00004387,2023-09-07,13:58:27,PL006,MIL0101359,x@x.com,9999123456,9999123451,9999123452,1,1
MP00004388,MP00004388,2023-09-07,13:58:27,PL004,MIL0058687,x@x.com,9999123456,9999123451,9999123452,1,1
MP00004389,MP00004389,2023-09-07,13:58:27,PL002,MIL0187760,x@x.com,9999123456,9999123451,9999123452,1,1
MP00004390,MP00004390,2023-09-07,13:58:27,PL003,MIL0426671,x@x.com,9999123456,9999123451,9999123452,1,1
MP00004391,MP00004391,2023-09-07,13:58:27,PL010,MIL0146832,x@x.com,9999123456,9999123451,9999123452,1,1
MP00004392,MP00004392,2023-09-07,13:58:27,PL013,MIL0012738,x@x.com,9999123456,9999123451,9999123452,1,1
MP00004393,MP00004393,2023-09-07,13:58:27,PL003,MIL0441162,x@x.com,9999123456,9999123451,9999123452,1,1
MP00004394,MP00004394,2023-09-07,13:58:27,PL007,MIL0401922,x@x.com,9999123456,9999123451,9999123452,1,1
MP00004395,MP00004395,2023-09-07,13:58:27,PL007,MIL0554468,x@x.com,9999123456,9999123451,9999123452,1,1
MP00004396,MP00004396,2023-09-07,13:58:27,PL008,MIL0119230,x@x.com,9999123456,9999123451,9999123452,1,1
MP00004397,MP00004397,2023-09-07,13:58:27,PL011,MIL0146748,x@x.com,9999123456,9999123451,9999123452,1,1
MP00004398,MP00004398,2023-09-07,13:58:27,PL005,MIL0155543,x@x.com,9999123456,9999123451,9999123452,1,1
MP00004399,MP00004399,2023-09-07,13:58:27,PL010,MIL0181410,x@x.com,9999123456,9999123451,9999123452,1,1
MP00004400,MP00004400,2023-09-07,13:58:27,PL011,MIL0327144,x@x.com,9999123456,9999123451,9999123452,1,1
MP00004401,MP00004401,2023-09-07,13:58:27,PL001,MIL0406195,x@x.com,9999123456,9999123451,9999123452,1,1
MP00004402,MP00004402,2023-09-07,13:58:27,PL013,MIL0313530,x@x.com,9999123456,9999123451,9999123452,1,1
MP00004403,MP00004403,2023-09-07,13:58:27,PL008,MIL0289930,x@x.com,9999123456,9999123451,9999123452,1,1
MP00004404,MP00004404,2023-09-07,13:58:27,PL011,MIL0182424,x@x.com,9999123456,9999123451,9999123452,1,1
MP00004405,MP00004405,2023-09-07,13:58:27,PL012,MIL0096415,x@x.com,9999123456,9999123451,9999123452,1,1
MP00004406,MP00004406,2023-09-07,13:58:27,PL013,MIL0285750,x@x.com,9999123456,9999123451,9999123452,1,1
MP00004407,MP00004407,2023-09-07,13:58:27,PL008,MIL0018229,x@x.com,9999123456,9999123451,9999123452,1,1
MP00004408,MP00004408,2023-09-07,13:58:27,PL011,MIL0033184,x@x.com,9999123456,9999123451,9999123452,1,1
MP00004409,MP00004409,2023-09-07,13:58:27,PL011,MIL0304656,x@x.com,9999123456,9999123451,9999123452,1,1
MP00004410,MP00004410,2023-09-07,13:58:27,PL002,MIL0470369,x@x.com,9999123456,9999123451,9999123452,1,1
MP00004411,MP00004411,2023-09-07,13:58:27,PL004,MIL0243871,x@x.com,9999123456,9999123451,9999123452,1,1
MP00004412,MP00004412,2023-09-07,13:58:27,PL010,MIL0033810,x@x.com,9999123456,9999123451,9999123452,1,1
MP00004413,MP00004413,2023-09-07,13:58:27,PL010,MIL0220646,x@x.com,9999123456,9999123451,9999123452,1,1
MP00004414,MP00004414,2023-09-07,13:58:27,PL006,MIL0169522,x@x.com,9999123456,9999123451,9999123452,1,1
MP00004415,MP00004415,2023-09-07,13:58:27,PL010,MIL0021322,x@x.com,9999123456,9999123451,9999123452,1,1
MP00004416,MP00004416,2023-09-07,13:58:27,PL012,MIL0443140,x@x.com,9999123456,9999123451,9999123452,1,1
MP00004417,MP00004417,2023-09-07,13:58:27,PL007,MIL0082025,x@x.com,9999123456,9999123451,9999123452,1,1
MP00004418,MP00004418,2023-09-07,13:58:27,PL005,MIL0573076,x@x.com,9999123456,9999123451,9999123452,1,1
MP00004419,MP00004419,2023-09-07,13:58:27,PL006,MIL0100960,x@x.com,9999123456,9999123451,9999123452,1,1
MP00004420,MP00004420,2023-09-07,13:58:27,PL003,MIL0158842,x@x.com,9999123456,9999123451,9999123452,1,1
MP00004421,MP00004421,2023-09-07,13:58:27,PL001,MIL0039363,x@x.com,9999123456,9999123451,9999123452,1,1
MP00004422,MP00004422,2023-09-07,13:58:27,PL003,MIL0159339,x@x.com,9999123456,9999123451,9999123452,1,1
MP00004423,MP00004423,2023-09-07,13:58:27,PL008,MIL0129657,x@x.com,9999123456,9999123451,9999123452,1,1
MP00004424,MP00004424,2023-09-07,13:58:27,PL005,MIL0416474,x@x.com,9999123456,9999123451,9999123452,1,1
MP00004425,MP00004425,2023-09-07,13:58:27,PL004,MIL0420763,x@x.com,9999123456,9999123451,9999123452,1,1
MP00004426,MP00004426,2023-09-07,13:58:27,PL013,MIL0165711,x@x.com,9999123456,9999123451,9999123452,1,1
MP00004427,MP00004427,2023-09-07,13:58:27,PL012,MIL0411668,x@x.com,9999123456,9999123451,9999123452,1,1
MP00004428,MP00004428,2023-09-07,13:58:27,PL005,MIL0096899,x@x.com,9999123456,9999123451,9999123452,1,1
MP00004429,MP00004429,2023-09-07,13:58:27,PL005,MIL0409479,x@x.com,9999123456,9999123451,9999123452,1,1
MP00004430,MP00004430,2023-09-07,13:58:27,PL012,MIL0465123,x@x.com,9999123456,9999123451,9999123452,1,1
MP00004431,MP00004431,2023-09-07,13:58:27,PL002,MIL0072652,x@x.com,9999123456,9999123451,9999123452,1,1
MP00004432,MP00004432,2023-09-07,13:58:27,PL003,MIL0418189,x@x.com,9999123456,9999123451,9999123452,1,1
MP00004433,MP00004433,2023-09-07,13:58:27,PL003,MIL0399854,x@x.com,9999123456,9999123451,9999123452,1,1
MP00004434,MP00004434,2023-09-07,13:58:27,PL011,MIL0402514,x@x.com,9999123456,9999123451,9999123452,1,1
MP00004435,MP00004435,2023-09-07,13:58:27,PL003,MIL0150465,x@x.com,9999123456,9999123451,9999123452,1,1
MP00004436,MP00004436,2023-09-07,13:58:27,PL005,MIL0010591,x@x.com,9999123456,9999123451,9999123452,1,1
MP00004437,MP00004437,2023-09-07,13:58:27,PL012,MIL0479732,x@x.com,9999123456,9999123451,9999123452,1,1
MP00004438,MP00004438,2023-09-07,13:58:27,PL003,MIL0189192,x@x.com,9999123456,9999123451,9999123452,1,1
MP00004439,MP00004439,2023-09-07,13:58:27,PL011,MIL0429438,x@x.com,9999123456,9999123451,9999123452,1,1
MP00004440,MP00004440,2023-09-07,13:58:27,PL011,MIL0397683,x@x.com,9999123456,9999123451,9999123452,1,1
MP00004441,MP00004441,2023-09-07,13:58:27,PL007,MIL0198186,x@x.com,9999123456,9999123451,9999123452,1,1
MP00004442,MP00004442,2023-09-07,13:58:27,PL003,MIL0394073,x@x.com,9999123456,9999123451,9999123452,1,1
MP00004443,MP00004443,2023-09-07,13:58:27,PL007,MIL0386260,x@x.com,9999123456,9999123451,9999123452,1,1
MP00004444,MP00004444,2023-09-07,13:58:27,PL002,MIL0462624,x@x.com,9999123456,9999123451,9999123452,1,1
MP00004445,MP00004445,2023-09-07,13:58:27,PL004,MIL0432927,x@x.com,9999123456,9999123451,9999123452,1,1
MP00004446,MP00004446,2023-09-07,13:58:27,PL009,MIL0442056,x@x.com,9999123456,9999123451,9999123452,1,1
MP00004447,MP00004447,2023-09-07,13:58:27,PL001,MIL0114909,x@x.com,9999123456,9999123451,9999123452,1,1
MP00004448,MP00004448,2023-09-07,13:58:27,PL003,MIL0151234,x@x.com,9999123456,9999123451,9999123452,1,1
MP00004449,MP00004449,2023-09-07,13:58:27,PL003,MIL0394740,x@x.com,9999123456,9999123451,9999123452,1,1
MP00004450,MP00004450,2023-09-07,13:58:27,PL009,MIL0274696,x@x.com,9999123456,9999123451,9999123452,1,1
MP00004451,MP00004451,2023-09-07,13:58:27,PL001,MIL0159586,x@x.com,9999123456,9999123451,9999123452,1,1
MP00004452,MP00004452,2023-09-07,13:58:27,PL010,MIL0371504,x@x.com,9999123456,9999123451,9999123452,1,1
MP00004453,MP00004453,2023-09-07,13:58:27,PL012,MIL0291478,x@x.com,9999123456,9999123451,9999123452,1,1
MP00004454,MP00004454,2023-09-07,13:58:27,PL013,MIL0082641,x@x.com,9999123456,9999123451,9999123452,1,1
MP00004455,MP00004455,2023-09-07,13:58:27,PL002,MIL0340302,x@x.com,9999123456,9999123451,9999123452,1,1
MP00004456,MP00004456,2023-09-07,13:58:27,PL001,MIL0407279,x@x.com,9999123456,9999123451,9999123452,1,1
MP00004457,MP00004457,2023-09-07,13:58:27,PL008,MIL0461954,x@x.com,9999123456,9999123451,9999123452,1,1
MP00004458,MP00004458,2023-09-07,13:58:27,PL011,MIL0210897,x@x.com,9999123456,9999123451,9999123452,1,1
MP00004459,MP00004459,2023-09-07,13:58:27,PL003,MIL0290813,x@x.com,9999123456,9999123451,9999123452,1,1
MP00004460,MP00004460,2023-09-07,13:58:27,PL002,MIL0118434,x@x.com,9999123456,9999123451,9999123452,1,1
MP00004461,MP00004461,2023-09-07,13:58:27,PL011,MIL0255437,x@x.com,9999123456,9999123451,9999123452,1,1
MP00004462,MP00004462,2023-09-07,13:58:27,PL001,MIL0049920,x@x.com,9999123456,9999123451,9999123452,1,1
MP00004463,MP00004463,2023-09-07,13:58:27,PL007,MIL0394405,x@x.com,9999123456,9999123451,9999123452,1,1
MP00004464,MP00004464,2023-09-07,13:58:27,PL003,MIL0409302,x@x.com,9999123456,9999123451,9999123452,1,1
MP00004465,MP00004465,2023-09-07,13:58:27,PL003,MIL0548199,x@x.com,9999123456,9999123451,9999123452,1,1
MP00004466,MP00004466,2023-09-07,13:58:27,PL011,MIL0150869,x@x.com,9999123456,9999123451,9999123452,1,1
MP00004467,MP00004467,2023-09-07,13:58:27,PL008,MIL0082046,x@x.com,9999123456,9999123451,9999123452,1,1
MP00004468,MP00004468,2023-09-07,13:58:27,PL010,MIL0333064,x@x.com,9999123456,9999123451,9999123452,1,1
MP00004469,MP00004469,2023-09-07,13:58:27,PL012,MIL0470193,x@x.com,9999123456,9999123451,9999123452,1,1
MP00004470,MP00004470,2023-09-07,13:58:27,PL010,MIL0530289,x@x.com,9999123456,9999123451,9999123452,1,1
MP00004471,MP00004471,2023-09-07,13:58:27,PL006,MIL0162810,x@x.com,9999123456,9999123451,9999123452,1,1
MP00004472,MP00004472,2023-09-07,13:58:27,PL002,MIL0150487,x@x.com,9999123456,9999123451,9999123452,1,1
MP00004473,MP00004473,2023-09-07,13:58:27,PL008,MIL0310575,x@x.com,9999123456,9999123451,9999123452,1,1
MP00004474,MP00004474,2023-09-07,13:58:27,PL001,MIL0336645,x@x.com,9999123456,9999123451,9999123452,1,1
MP00004475,MP00004475,2023-09-07,13:58:27,PL008,MIL0523437,x@x.com,9999123456,9999123451,9999123452,1,1
MP00004476,MP00004476,2023-09-07,13:58:27,PL012,MIL0289499,x@x.com,9999123456,9999123451,9999123452,1,1
MP00004477,MP00004477,2023-09-07,13:58:27,PL003,MIL0321187,x@x.com,9999123456,9999123451,9999123452,1,1
MP00004478,MP00004478,2023-09-07,13:58:27,PL003,MIL0416146,x@x.com,9999123456,9999123451,9999123452,1,1
MP00004479,MP00004479,2023-09-07,13:58:27,PL011,MIL0434530,x@x.com,9999123456,9999123451,9999123452,1,1
MP00004480,MP00004480,2023-09-07,13:58:27,PL003,MIL0389954,x@x.com,9999123456,9999123451,9999123452,1,1
MP00004481,MP00004481,2023-09-07,13:58:27,PL003,MIL0534241,x@x.com,9999123456,9999123451,9999123452,1,1
MP00004482,MP00004482,2023-09-07,13:58:27,PL006,MIL0362812,x@x.com,9999123456,9999123451,9999123452,1,1
MP00004483,MP00004483,2023-09-07,13:58:27,PL008,MIL0489532,x@x.com,9999123456,9999123451,9999123452,1,1
MP00004484,MP00004484,2023-09-07,13:58:27,PL009,MIL0087949,x@x.com,9999123456,9999123451,9999123452,1,1
MP00004485,MP00004485,2023-09-07,13:58:27,PL011,MIL0494689,x@x.com,9999123456,9999123451,9999123452,1,1
MP00004486,MP00004486,2023-09-07,13:58:27,PL003,MIL0067510,x@x.com,9999123456,9999123451,9999123452,1,1
MP00004487,MP00004487,2023-09-07,13:58:27,PL006,MIL0567646,x@x.com,9999123456,9999123451,9999123452,1,1
MP00004488,MP00004488,2023-09-07,13:58:27,PL009,MIL0234936,x@x.com,9999123456,9999123451,9999123452,1,1
MP00004489,MP00004489,2023-09-07,13:58:27,PL001,MIL0203208,x@x.com,9999123456,9999123451,9999123452,1,1
MP00004490,MP00004490,2023-09-07,13:58:27,PL005,MIL0574613,x@x.com,9999123456,9999123451,9999123452,1,1
MP00004491,MP00004491,2023-09-07,13:58:27,PL006,MIL0357464,x@x.com,9999123456,9999123451,9999123452,1,1
MP00004492,MP00004492,2023-09-07,13:58:27,PL010,MIL0057703,x@x.com,9999123456,9999123451,9999123452,1,1
MP00004493,MP00004493,2023-09-07,13:58:27,PL001,MIL0573407,x@x.com,9999123456,9999123451,9999123452,1,1
MP00004494,MP00004494,2023-09-07,13:58:27,PL010,MIL0147862,x@x.com,9999123456,9999123451,9999123452,1,1
MP00004495,MP00004495,2023-09-07,13:58:27,PL012,MIL0310887,x@x.com,9999123456,9999123451,9999123452,1,1
MP00004496,MP00004496,2023-09-07,13:58:27,PL011,MIL0274057,x@x.com,9999123456,9999123451,9999123452,1,1
MP00004497,MP00004497,2023-09-07,13:58:27,PL004,MIL0114797,x@x.com,9999123456,9999123451,9999123452,1,1
MP00004498,MP00004498,2023-09-07,13:58:27,PL010,MIL0045199,x@x.com,9999123456,9999123451,9999123452,1,1
MP00004499,MP00004499,2023-09-07,13:58:27,PL013,MIL0341091,x@x.com,9999123456,9999123451,9999123452,1,1
MP00004500,MP00004500,2023-09-07,13:58:27,PL007,MIL0310016,x@x.com,9999123456,9999123451,9999123452,1,1
MP00004501,MP00004501,2023-09-07,13:58:27,PL005,MIL0300185,x@x.com,9999123456,9999123451,9999123452,1,1
MP00004502,MP00004502,2023-09-07,13:58:27,PL004,MIL0493617,x@x.com,9999123456,9999123451,9999123452,1,1
MP00004503,MP00004503,2023-09-07,13:58:27,PL003,MIL0195588,x@x.com,9999123456,9999123451,9999123452,1,1
MP00004504,MP00004504,2023-09-07,13:58:27,PL002,MIL0514855,x@x.com,9999123456,9999123451,9999123452,1,1
MP00004505,MP00004505,2023-09-07,13:58:27,PL002,MIL0239150,x@x.com,9999123456,9999123451,9999123452,1,1
MP00004506,MP00004506,2023-09-07,13:58:27,PL006,MIL0534568,x@x.com,9999123456,9999123451,9999123452,1,1
MP00004507,MP00004507,2023-09-07,13:58:27,PL012,MIL0365339,x@x.com,9999123456,9999123451,9999123452,1,1
MP00004508,MP00004508,2023-09-07,13:58:27,PL002,MIL0150904,x@x.com,9999123456,9999123451,9999123452,1,1
MP00004509,MP00004509,2023-09-07,13:58:27,PL009,MIL0029065,x@x.com,9999123456,9999123451,9999123452,1,1
MP00004510,MP00004510,2023-09-07,13:58:27,PL013,MIL0355465,x@x.com,9999123456,9999123451,9999123452,1,1
MP00004511,MP00004511,2023-09-07,13:58:27,PL001,MIL0267966,x@x.com,9999123456,9999123451,9999123452,1,1
MP00004512,MP00004512,2023-09-07,13:58:27,PL011,MIL0248798,x@x.com,9999123456,9999123451,9999123452,1,1
MP00004513,MP00004513,2023-09-07,13:58:27,PL006,MIL0108672,x@x.com,9999123456,9999123451,9999123452,1,1
MP00004514,MP00004514,2023-09-07,13:58:27,PL005,MIL0219119,x@x.com,9999123456,9999123451,9999123452,1,1
MP00004515,MP00004515,2023-09-07,13:58:27,PL013,MIL0247456,x@x.com,9999123456,9999123451,9999123452,1,1
MP00004516,MP00004516,2023-09-07,13:58:27,PL002,MIL0059615,x@x.com,9999123456,9999123451,9999123452,1,1
MP00004517,MP00004517,2023-09-07,13:58:27,PL007,MIL0185427,x@x.com,9999123456,9999123451,9999123452,1,1
MP00004518,MP00004518,2023-09-07,13:58:27,PL012,MIL0113242,x@x.com,9999123456,9999123451,9999123452,1,1
MP00004519,MP00004519,2023-09-07,13:58:27,PL012,MIL0399743,x@x.com,9999123456,9999123451,9999123452,1,1
MP00004520,MP00004520,2023-09-07,13:58:27,PL007,MIL0360365,x@x.com,9999123456,9999123451,9999123452,1,1
MP00004521,MP00004521,2023-09-07,13:58:27,PL009,MIL0545741,x@x.com,9999123456,9999123451,9999123452,1,1
MP00004522,MP00004522,2023-09-07,13:58:27,PL002,MIL0025710,x@x.com,9999123456,9999123451,9999123452,1,1
MP00004523,MP00004523,2023-09-07,13:58:27,PL005,MIL0061966,x@x.com,9999123456,9999123451,9999123452,1,1
MP00004524,MP00004524,2023-09-07,13:58:27,PL010,MIL0354046,x@x.com,9999123456,9999123451,9999123452,1,1
MP00004525,MP00004525,2023-09-07,13:58:27,PL006,MIL0098485,x@x.com,9999123456,9999123451,9999123452,1,1
MP00004526,MP00004526,2023-09-07,13:58:27,PL007,MIL0060224,x@x.com,9999123456,9999123451,9999123452,1,1
MP00004527,MP00004527,2023-09-07,13:58:27,PL004,MIL0432774,x@x.com,9999123456,9999123451,9999123452,1,1
MP00004528,MP00004528,2023-09-07,13:58:27,PL004,MIL0432928,x@x.com,9999123456,9999123451,9999123452,1,1
MP00004529,MP00004529,2023-09-07,13:58:27,PL008,MIL0240962,x@x.com,9999123456,9999123451,9999123452,1,1
MP00004530,MP00004530,2023-09-07,13:58:27,PL005,MIL0265066,x@x.com,9999123456,9999123451,9999123452,1,1
MP00004531,MP00004531,2023-09-07,13:58:27,PL010,MIL0354439,x@x.com,9999123456,9999123451,9999123452,1,1
MP00004532,MP00004532,2023-09-07,13:58:27,PL005,MIL0066355,x@x.com,9999123456,9999123451,9999123452,1,1
MP00004533,MP00004533,2023-09-07,13:58:27,PL013,MIL0049535,x@x.com,9999123456,9999123451,9999123452,1,1
MP00004534,MP00004534,2023-09-07,13:58:27,PL007,MIL0369471,x@x.com,9999123456,9999123451,9999123452,1,1
MP00004535,MP00004535,2023-09-07,13:58:27,PL011,MIL0278472,x@x.com,9999123456,9999123451,9999123452,1,1
MP00004536,MP00004536,2023-09-07,13:58:27,PL008,MIL0130969,x@x.com,9999123456,9999123451,9999123452,1,1
MP00004537,MP00004537,2023-09-07,13:58:27,PL003,MIL0425309,x@x.com,9999123456,9999123451,9999123452,1,1
MP00004538,MP00004538,2023-09-07,13:58:27,PL009,MIL0267649,x@x.com,9999123456,9999123451,9999123452,1,1
MP00004539,MP00004539,2023-09-07,13:58:27,PL007,MIL0072362,x@x.com,9999123456,9999123451,9999123452,1,1
MP00004540,MP00004540,2023-09-07,13:58:27,PL008,MIL0565489,x@x.com,9999123456,9999123451,9999123452,1,1
MP00004541,MP00004541,2023-09-07,13:58:27,PL010,MIL0240853,x@x.com,9999123456,9999123451,9999123452,1,1
MP00004542,MP00004542,2023-09-07,13:58:27,PL003,MIL0291835,x@x.com,9999123456,9999123451,9999123452,1,1
MP00004543,MP00004543,2023-09-07,13:58:27,PL007,MIL0369899,x@x.com,9999123456,9999123451,9999123452,1,1
MP00004544,MP00004544,2023-09-07,13:58:27,PL012,MIL0523386,x@x.com,9999123456,9999123451,9999123452,1,1
MP00004545,MP00004545,2023-09-07,13:58:27,PL013,MIL0291623,x@x.com,9999123456,9999123451,9999123452,1,1
MP00004546,MP00004546,2023-09-07,13:58:27,PL006,MIL0004134,x@x.com,9999123456,9999123451,9999123452,1,1
MP00004547,MP00004547,2023-09-07,13:58:27,PL003,MIL0449689,x@x.com,9999123456,9999123451,9999123452,1,1
MP00004548,MP00004548,2023-09-07,13:58:27,PL005,MIL0258189,x@x.com,9999123456,9999123451,9999123452,1,1
MP00004549,MP00004549,2023-09-07,13:58:27,PL008,MIL0513989,x@x.com,9999123456,9999123451,9999123452,1,1
MP00004550,MP00004550,2023-09-07,13:58:27,PL001,MIL0511486,x@x.com,9999123456,9999123451,9999123452,1,1
MP00004551,MP00004551,2023-09-07,13:58:27,PL002,MIL0581035,x@x.com,9999123456,9999123451,9999123452,1,1
MP00004552,MP00004552,2023-09-07,13:58:27,PL006,MIL0472154,x@x.com,9999123456,9999123451,9999123452,1,1
MP00004553,MP00004553,2023-09-07,13:58:27,PL004,MIL0149781,x@x.com,9999123456,9999123451,9999123452,1,1
MP00004554,MP00004554,2023-09-07,13:58:27,PL005,MIL0129380,x@x.com,9999123456,9999123451,9999123452,1,1
MP00004555,MP00004555,2023-09-07,13:58:27,PL008,MIL0169734,x@x.com,9999123456,9999123451,9999123452,1,1
MP00004556,MP00004556,2023-09-07,13:58:27,PL007,MIL0509212,x@x.com,9999123456,9999123451,9999123452,1,1
MP00004557,MP00004557,2023-09-07,13:58:27,PL007,MIL0086418,x@x.com,9999123456,9999123451,9999123452,1,1
MP00004558,MP00004558,2023-09-07,13:58:27,PL005,MIL0211864,x@x.com,9999123456,9999123451,9999123452,1,1
MP00004559,MP00004559,2023-09-07,13:58:27,PL008,MIL0115334,x@x.com,9999123456,9999123451,9999123452,1,1
MP00004560,MP00004560,2023-09-07,13:58:27,PL009,MIL0463531,x@x.com,9999123456,9999123451,9999123452,1,1
MP00004561,MP00004561,2023-09-07,13:58:27,PL004,MIL0020292,x@x.com,9999123456,9999123451,9999123452,1,1
MP00004562,MP00004562,2023-09-07,13:58:27,PL011,MIL0573744,x@x.com,9999123456,9999123451,9999123452,1,1
MP00004563,MP00004563,2023-09-07,13:58:27,PL003,MIL0166600,x@x.com,9999123456,9999123451,9999123452,1,1
MP00004564,MP00004564,2023-09-07,13:58:27,PL011,MIL0184906,x@x.com,9999123456,9999123451,9999123452,1,1
MP00004565,MP00004565,2023-09-07,13:58:27,PL013,MIL0521902,x@x.com,9999123456,9999123451,9999123452,1,1
MP00004566,MP00004566,2023-09-07,13:58:27,PL011,MIL0254015,x@x.com,9999123456,9999123451,9999123452,1,1
MP00004567,MP00004567,2023-09-07,13:58:27,PL013,MIL0430089,x@x.com,9999123456,9999123451,9999123452,1,1
MP00004568,MP00004568,2023-09-07,13:58:27,PL010,MIL0430242,x@x.com,9999123456,9999123451,9999123452,1,1
MP00004569,MP00004569,2023-09-07,13:58:27,PL010,MIL0537504,x@x.com,9999123456,9999123451,9999123452,1,1
MP00004570,MP00004570,2023-09-07,13:58:27,PL009,MIL0249050,x@x.com,9999123456,9999123451,9999123452,1,1
MP00004571,MP00004571,2023-09-07,13:58:27,PL003,MIL0150719,x@x.com,9999123456,9999123451,9999123452,1,1
MP00004572,MP00004572,2023-09-07,13:58:27,PL003,MIL0055298,x@x.com,9999123456,9999123451,9999123452,1,1
MP00004573,MP00004573,2023-09-07,13:58:27,PL012,MIL0259161,x@x.com,9999123456,9999123451,9999123452,1,1
MP00004574,MP00004574,2023-09-07,13:58:27,PL012,MIL0176850,x@x.com,9999123456,9999123451,9999123452,1,1
MP00004575,MP00004575,2023-09-07,13:58:27,PL007,MIL0089862,x@x.com,9999123456,9999123451,9999123452,1,1
MP00004576,MP00004576,2023-09-07,13:58:27,PL003,MIL0054274,x@x.com,9999123456,9999123451,9999123452,1,1
MP00004577,MP00004577,2023-09-07,13:58:27,PL009,MIL0177154,x@x.com,9999123456,9999123451,9999123452,1,1
MP00004578,MP00004578,2023-09-07,13:58:27,PL004,MIL0259159,x@x.com,9999123456,9999123451,9999123452,1,1
MP00004579,MP00004579,2023-09-07,13:58:27,PL002,MIL0515905,x@x.com,9999123456,9999123451,9999123452,1,1
MP00004580,MP00004580,2023-09-07,13:58:27,PL010,MIL0382360,x@x.com,9999123456,9999123451,9999123452,1,1
MP00004581,MP00004581,2023-09-07,13:58:27,PL003,MIL0126042,x@x.com,9999123456,9999123451,9999123452,1,1
MP00004582,MP00004582,2023-09-07,13:58:27,PL010,MIL0158186,x@x.com,9999123456,9999123451,9999123452,1,1
MP00004583,MP00004583,2023-09-07,13:58:27,PL001,MIL0215769,x@x.com,9999123456,9999123451,9999123452,1,1
MP00004584,MP00004584,2023-09-07,13:58:27,PL013,MIL0000416,x@x.com,9999123456,9999123451,9999123452,1,1
MP00004585,MP00004585,2023-09-07,13:58:27,PL008,MIL0352069,x@x.com,9999123456,9999123451,9999123452,1,1
MP00004586,MP00004586,2023-09-07,13:58:27,PL010,MIL0559713,x@x.com,9999123456,9999123451,9999123452,1,1
MP00004587,MP00004587,2023-09-07,13:58:27,PL011,MIL0432354,x@x.com,9999123456,9999123451,9999123452,1,1
MP00004588,MP00004588,2023-09-07,13:58:27,PL009,MIL0157605,x@x.com,9999123456,9999123451,9999123452,1,1
MP00004589,MP00004589,2023-09-07,13:58:27,PL013,MIL0451092,x@x.com,9999123456,9999123451,9999123452,1,1
MP00004590,MP00004590,2023-09-07,13:58:27,PL005,MIL0357162,x@x.com,9999123456,9999123451,9999123452,1,1
MP00004591,MP00004591,2023-09-07,13:58:27,PL003,MIL0560680,x@x.com,9999123456,9999123451,9999123452,1,1
MP00004592,MP00004592,2023-09-07,13:58:27,PL013,MIL0496983,x@x.com,9999123456,9999123451,9999123452,1,1
MP00004593,MP00004593,2023-09-07,13:58:27,PL003,MIL0071707,x@x.com,9999123456,9999123451,9999123452,1,1
MP00004594,MP00004594,2023-09-07,13:58:27,PL004,MIL0383055,x@x.com,9999123456,9999123451,9999123452,1,1
MP00004595,MP00004595,2023-09-07,13:58:27,PL004,MIL0329782,x@x.com,9999123456,9999123451,9999123452,1,1
MP00004596,MP00004596,2023-09-07,13:58:27,PL006,MIL0144909,x@x.com,9999123456,9999123451,9999123452,1,1
MP00004597,MP00004597,2023-09-07,13:58:27,PL013,MIL0566995,x@x.com,9999123456,9999123451,9999123452,1,1
MP00004598,MP00004598,2023-09-07,13:58:27,PL002,MIL0092731,x@x.com,9999123456,9999123451,9999123452,1,1
MP00004599,MP00004599,2023-09-07,13:58:27,PL007,MIL0438542,x@x.com,9999123456,9999123451,9999123452,1,1
MP00004600,MP00004600,2023-09-07,13:58:27,PL011,MIL0511330,x@x.com,9999123456,9999123451,9999123452,1,1
MP00004601,MP00004601,2023-09-07,13:58:27,PL005,MIL0082299,x@x.com,9999123456,9999123451,9999123452,1,1
MP00004602,MP00004602,2023-09-07,13:58:27,PL005,MIL0389554,x@x.com,9999123456,9999123451,9999123452,1,1
MP00004603,MP00004603,2023-09-07,13:58:27,PL007,MIL0282342,x@x.com,9999123456,9999123451,9999123452,1,1
MP00004604,MP00004604,2023-09-07,13:58:27,PL003,MIL0143143,x@x.com,9999123456,9999123451,9999123452,1,1
MP00004605,MP00004605,2023-09-07,13:58:27,PL013,MIL0571447,x@x.com,9999123456,9999123451,9999123452,1,1
MP00004606,MP00004606,2023-09-07,13:58:27,PL009,MIL0255605,x@x.com,9999123456,9999123451,9999123452,1,1
MP00004607,MP00004607,2023-09-07,13:58:27,PL008,MIL0061815,x@x.com,9999123456,9999123451,9999123452,1,1
MP00004608,MP00004608,2023-09-07,13:58:27,PL006,MIL0138532,x@x.com,9999123456,9999123451,9999123452,1,1
MP00004609,MP00004609,2023-09-07,13:58:27,PL010,MIL0094997,x@x.com,9999123456,9999123451,9999123452,1,1
MP00004610,MP00004610,2023-09-07,13:58:27,PL008,MIL0415671,x@x.com,9999123456,9999123451,9999123452,1,1
MP00004611,MP00004611,2023-09-07,13:58:27,PL013,MIL0541224,x@x.com,9999123456,9999123451,9999123452,1,1
MP00004612,MP00004612,2023-09-07,13:58:27,PL013,MIL0201212,x@x.com,9999123456,9999123451,9999123452,1,1
MP00004613,MP00004613,2023-09-07,13:58:27,PL005,MIL0232432,x@x.com,9999123456,9999123451,9999123452,1,1
MP00004614,MP00004614,2023-09-07,13:58:27,PL005,MIL0148427,x@x.com,9999123456,9999123451,9999123452,1,1
MP00004615,MP00004615,2023-09-07,13:58:27,PL006,MIL0489263,x@x.com,9999123456,9999123451,9999123452,1,1
MP00004616,MP00004616,2023-09-07,13:58:27,PL012,MIL0001912,x@x.com,9999123456,9999123451,9999123452,1,1
MP00004617,MP00004617,2023-09-07,13:58:27,PL005,MIL0563946,x@x.com,9999123456,9999123451,9999123452,1,1
MP00004618,MP00004618,2023-09-07,13:58:27,PL005,MIL0138920,x@x.com,9999123456,9999123451,9999123452,1,1
MP00004619,MP00004619,2023-09-07,13:58:27,PL005,MIL0016173,x@x.com,9999123456,9999123451,9999123452,1,1
MP00004620,MP00004620,2023-09-07,13:58:27,PL007,MIL0278180,x@x.com,9999123456,9999123451,9999123452,1,1
MP00004621,MP00004621,2023-09-07,13:58:27,PL009,MIL0192884,x@x.com,9999123456,9999123451,9999123452,1,1
MP00004622,MP00004622,2023-09-07,13:58:27,PL013,MIL0125081,x@x.com,9999123456,9999123451,9999123452,1,1
MP00004623,MP00004623,2023-09-07,13:58:27,PL011,MIL0545215,x@x.com,9999123456,9999123451,9999123452,1,1
MP00004624,MP00004624,2023-09-07,13:58:27,PL007,MIL0195641,x@x.com,9999123456,9999123451,9999123452,1,1
MP00004625,MP00004625,2023-09-07,13:58:27,PL011,MIL0262547,x@x.com,9999123456,9999123451,9999123452,1,1
MP00004626,MP00004626,2023-09-07,13:58:27,PL006,MIL0495517,x@x.com,9999123456,9999123451,9999123452,1,1
MP00004627,MP00004627,2023-09-07,13:58:27,PL008,MIL0230397,x@x.com,9999123456,9999123451,9999123452,1,1
MP00004628,MP00004628,2023-09-07,13:58:27,PL012,MIL0314654,x@x.com,9999123456,9999123451,9999123452,1,1
MP00004629,MP00004629,2023-09-07,13:58:27,PL012,MIL0004161,x@x.com,9999123456,9999123451,9999123452,1,1
MP00004630,MP00004630,2023-09-07,13:58:27,PL013,MIL0531419,x@x.com,9999123456,9999123451,9999123452,1,1
MP00004631,MP00004631,2023-09-07,13:58:27,PL004,MIL0177423,x@x.com,9999123456,9999123451,9999123452,1,1
MP00004632,MP00004632,2023-09-07,13:58:27,PL010,MIL0271310,x@x.com,9999123456,9999123451,9999123452,1,1
MP00004633,MP00004633,2023-09-07,13:58:27,PL006,MIL0179731,x@x.com,9999123456,9999123451,9999123452,1,1
MP00004634,MP00004634,2023-09-07,13:58:27,PL002,MIL0154893,x@x.com,9999123456,9999123451,9999123452,1,1
MP00004635,MP00004635,2023-09-07,13:58:27,PL012,MIL0268112,x@x.com,9999123456,9999123451,9999123452,1,1
MP00004636,MP00004636,2023-09-07,13:58:27,PL011,MIL0219489,x@x.com,9999123456,9999123451,9999123452,1,1
MP00004637,MP00004637,2023-09-07,13:58:27,PL007,MIL0080297,x@x.com,9999123456,9999123451,9999123452,1,1
MP00004638,MP00004638,2023-09-07,13:58:27,PL004,MIL0564935,x@x.com,9999123456,9999123451,9999123452,1,1
MP00004639,MP00004639,2023-09-07,13:58:27,PL010,MIL0007669,x@x.com,9999123456,9999123451,9999123452,1,1
MP00004640,MP00004640,2023-09-07,13:58:27,PL005,MIL0414434,x@x.com,9999123456,9999123451,9999123452,1,1
MP00004641,MP00004641,2023-09-07,13:58:27,PL008,MIL0359897,x@x.com,9999123456,9999123451,9999123452,1,1
MP00004642,MP00004642,2023-09-07,13:58:27,PL001,MIL0339718,x@x.com,9999123456,9999123451,9999123452,1,1
MP00004643,MP00004643,2023-09-07,13:58:27,PL013,MIL0178347,x@x.com,9999123456,9999123451,9999123452,1,1
MP00004644,MP00004644,2023-09-07,13:58:27,PL009,MIL0099202,x@x.com,9999123456,9999123451,9999123452,1,1
MP00004645,MP00004645,2023-09-07,13:58:27,PL006,MIL0463889,x@x.com,9999123456,9999123451,9999123452,1,1
MP00004646,MP00004646,2023-09-07,13:58:27,PL010,MIL0474210,x@x.com,9999123456,9999123451,9999123452,1,1
MP00004647,MP00004647,2023-09-07,13:58:27,PL012,MIL0544540,x@x.com,9999123456,9999123451,9999123452,1,1
MP00004648,MP00004648,2023-09-07,13:58:27,PL001,MIL0362505,x@x.com,9999123456,9999123451,9999123452,1,1
MP00004649,MP00004649,2023-09-07,13:58:27,PL007,MIL0120748,x@x.com,9999123456,9999123451,9999123452,1,1
MP00004650,MP00004650,2023-09-07,13:58:27,PL007,MIL0303778,x@x.com,9999123456,9999123451,9999123452,1,1
MP00004651,MP00004651,2023-09-07,13:58:27,PL008,MIL0129863,x@x.com,9999123456,9999123451,9999123452,1,1
MP00004652,MP00004652,2023-09-07,13:58:27,PL004,MIL0487084,x@x.com,9999123456,9999123451,9999123452,1,1
MP00004653,MP00004653,2023-09-07,13:58:27,PL012,MIL0455608,x@x.com,9999123456,9999123451,9999123452,1,1
MP00004654,MP00004654,2023-09-07,13:58:27,PL011,MIL0283422,x@x.com,9999123456,9999123451,9999123452,1,1
MP00004655,MP00004655,2023-09-07,13:58:27,PL002,MIL0074961,x@x.com,9999123456,9999123451,9999123452,1,1
MP00004656,MP00004656,2023-09-07,13:58:27,PL010,MIL0269975,x@x.com,9999123456,9999123451,9999123452,1,1
MP00004657,MP00004657,2023-09-07,13:58:27,PL010,MIL0092743,x@x.com,9999123456,9999123451,9999123452,1,1
MP00004658,MP00004658,2023-09-07,13:58:27,PL006,MIL0085803,x@x.com,9999123456,9999123451,9999123452,1,1
MP00004659,MP00004659,2023-09-07,13:58:27,PL009,MIL0537214,x@x.com,9999123456,9999123451,9999123452,1,1
MP00004660,MP00004660,2023-09-07,13:58:27,PL006,MIL0576431,x@x.com,9999123456,9999123451,9999123452,1,1
MP00004661,MP00004661,2023-09-07,13:58:27,PL007,MIL0029057,x@x.com,9999123456,9999123451,9999123452,1,1
MP00004662,MP00004662,2023-09-07,13:58:27,PL008,MIL0331457,x@x.com,9999123456,9999123451,9999123452,1,1
MP00004663,MP00004663,2023-09-07,13:58:27,PL005,MIL0099501,x@x.com,9999123456,9999123451,9999123452,1,1
MP00004664,MP00004664,2023-09-07,13:58:27,PL011,MIL0350152,x@x.com,9999123456,9999123451,9999123452,1,1
MP00004665,MP00004665,2023-09-07,13:58:27,PL013,MIL0418242,x@x.com,9999123456,9999123451,9999123452,1,1
MP00004666,MP00004666,2023-09-07,13:58:27,PL007,MIL0566479,x@x.com,9999123456,9999123451,9999123452,1,1
MP00004667,MP00004667,2023-09-07,13:58:27,PL002,MIL0559675,x@x.com,9999123456,9999123451,9999123452,1,1
MP00004668,MP00004668,2023-09-07,13:58:27,PL013,MIL0135864,x@x.com,9999123456,9999123451,9999123452,1,1
MP00004669,MP00004669,2023-09-07,13:58:27,PL011,MIL0435663,x@x.com,9999123456,9999123451,9999123452,1,1
MP00004670,MP00004670,2023-09-07,13:58:27,PL007,MIL0444772,x@x.com,9999123456,9999123451,9999123452,1,1
MP00004671,MP00004671,2023-09-07,13:58:27,PL004,MIL0179646,x@x.com,9999123456,9999123451,9999123452,1,1
MP00004672,MP00004672,2023-09-07,13:58:27,PL013,MIL0371879,x@x.com,9999123456,9999123451,9999123452,1,1
MP00004673,MP00004673,2023-09-07,13:58:27,PL009,MIL0251886,x@x.com,9999123456,9999123451,9999123452,1,1
MP00004674,MP00004674,2023-09-07,13:58:27,PL011,MIL0514208,x@x.com,9999123456,9999123451,9999123452,1,1
MP00004675,MP00004675,2023-09-07,13:58:27,PL011,MIL0258731,x@x.com,9999123456,9999123451,9999123452,1,1
MP00004676,MP00004676,2023-09-07,13:58:27,PL009,MIL0299415,x@x.com,9999123456,9999123451,9999123452,1,1
MP00004677,MP00004677,2023-09-07,13:58:27,PL011,MIL0474977,x@x.com,9999123456,9999123451,9999123452,1,1
MP00004678,MP00004678,2023-09-07,13:58:27,PL007,MIL0204389,x@x.com,9999123456,9999123451,9999123452,1,1
MP00004679,MP00004679,2023-09-07,13:58:27,PL008,MIL0193463,x@x.com,9999123456,9999123451,9999123452,1,1
MP00004680,MP00004680,2023-09-07,13:58:27,PL001,MIL0317658,x@x.com,9999123456,9999123451,9999123452,1,1
MP00004681,MP00004681,2023-09-07,13:58:27,PL010,MIL0008885,x@x.com,9999123456,9999123451,9999123452,1,1
MP00004682,MP00004682,2023-09-07,13:58:27,PL004,MIL0351582,x@x.com,9999123456,9999123451,9999123452,1,1
MP00004683,MP00004683,2023-09-07,13:58:27,PL002,MIL0436373,x@x.com,9999123456,9999123451,9999123452,1,1
MP00004684,MP00004684,2023-09-07,13:58:27,PL002,MIL0335791,x@x.com,9999123456,9999123451,9999123452,1,1
MP00004685,MP00004685,2023-09-07,13:58:27,PL004,MIL0192729,x@x.com,9999123456,9999123451,9999123452,1,1
MP00004686,MP00004686,2023-09-07,13:58:27,PL006,MIL0478082,x@x.com,9999123456,9999123451,9999123452,1,1
MP00004687,MP00004687,2023-09-07,13:58:27,PL003,MIL0182073,x@x.com,9999123456,9999123451,9999123452,1,1
MP00004688,MP00004688,2023-09-07,13:58:27,PL007,MIL0569762,x@x.com,9999123456,9999123451,9999123452,1,1
MP00004689,MP00004689,2023-09-07,13:58:27,PL013,MIL0247097,x@x.com,9999123456,9999123451,9999123452,1,1
MP00004690,MP00004690,2023-09-07,13:58:27,PL011,MIL0081875,x@x.com,9999123456,9999123451,9999123452,1,1
MP00004691,MP00004691,2023-09-07,13:58:27,PL001,MIL0285905,x@x.com,9999123456,9999123451,9999123452,1,1
MP00004692,MP00004692,2023-09-07,13:58:27,PL006,MIL0170154,x@x.com,9999123456,9999123451,9999123452,1,1
MP00004693,MP00004693,2023-09-07,13:58:27,PL006,MIL0498134,x@x.com,9999123456,9999123451,9999123452,1,1
MP00004694,MP00004694,2023-09-07,13:58:27,PL011,MIL0424893,x@x.com,9999123456,9999123451,9999123452,1,1
MP00004695,MP00004695,2023-09-07,13:58:27,PL006,MIL0320780,x@x.com,9999123456,9999123451,9999123452,1,1
MP00004696,MP00004696,2023-09-07,13:58:27,PL006,MIL0399258,x@x.com,9999123456,9999123451,9999123452,1,1
MP00004697,MP00004697,2023-09-07,13:58:27,PL013,MIL0434143,x@x.com,9999123456,9999123451,9999123452,1,1
MP00004698,MP00004698,2023-09-07,13:58:27,PL008,MIL0441378,x@x.com,9999123456,9999123451,9999123452,1,1
MP00004699,MP00004699,2023-09-07,13:58:27,PL012,MIL0220493,x@x.com,9999123456,9999123451,9999123452,1,1
MP00004700,MP00004700,2023-09-07,13:58:27,PL007,MIL0166610,x@x.com,9999123456,9999123451,9999123452,1,1
MP00004701,MP00004701,2023-09-07,13:58:27,PL006,MIL0356159,x@x.com,9999123456,9999123451,9999123452,1,1
MP00004702,MP00004702,2023-09-07,13:58:27,PL011,MIL0383167,x@x.com,9999123456,9999123451,9999123452,1,1
MP00004703,MP00004703,2023-09-07,13:58:27,PL013,MIL0150334,x@x.com,9999123456,9999123451,9999123452,1,1
MP00004704,MP00004704,2023-09-07,13:58:27,PL006,MIL0436943,x@x.com,9999123456,9999123451,9999123452,1,1
MP00004705,MP00004705,2023-09-07,13:58:27,PL002,MIL0435152,x@x.com,9999123456,9999123451,9999123452,1,1
MP00004706,MP00004706,2023-09-07,13:58:27,PL005,MIL0218969,x@x.com,9999123456,9999123451,9999123452,1,1
MP00004707,MP00004707,2023-09-07,13:58:27,PL002,MIL0466866,x@x.com,9999123456,9999123451,9999123452,1,1
MP00004708,MP00004708,2023-09-07,13:58:27,PL007,MIL0227449,x@x.com,9999123456,9999123451,9999123452,1,1
MP00004709,MP00004709,2023-09-07,13:58:27,PL012,MIL0318649,x@x.com,9999123456,9999123451,9999123452,1,1
MP00004710,MP00004710,2023-09-07,13:58:27,PL003,MIL0093230,x@x.com,9999123456,9999123451,9999123452,1,1
MP00004711,MP00004711,2023-09-07,13:58:27,PL008,MIL0005908,x@x.com,9999123456,9999123451,9999123452,1,1
MP00004712,MP00004712,2023-09-07,13:58:27,PL002,MIL0297870,x@x.com,9999123456,9999123451,9999123452,1,1
MP00004713,MP00004713,2023-09-07,13:58:27,PL012,MIL0468771,x@x.com,9999123456,9999123451,9999123452,1,1
MP00004714,MP00004714,2023-09-07,13:58:27,PL008,MIL0422724,x@x.com,9999123456,9999123451,9999123452,1,1
MP00004715,MP00004715,2023-09-07,13:58:27,PL007,MIL0146456,x@x.com,9999123456,9999123451,9999123452,1,1
MP00004716,MP00004716,2023-09-07,13:58:27,PL007,MIL0000790,x@x.com,9999123456,9999123451,9999123452,1,1
MP00004717,MP00004717,2023-09-07,13:58:27,PL004,MIL0040255,x@x.com,9999123456,9999123451,9999123452,1,1
MP00004718,MP00004718,2023-09-07,13:58:27,PL011,MIL0236089,x@x.com,9999123456,9999123451,9999123452,1,1
MP00004719,MP00004719,2023-09-07,13:58:27,PL006,MIL0355959,x@x.com,9999123456,9999123451,9999123452,1,1
MP00004720,MP00004720,2023-09-07,13:58:27,PL011,MIL0148435,x@x.com,9999123456,9999123451,9999123452,1,1
MP00004721,MP00004721,2023-09-07,13:58:27,PL009,MIL0207395,x@x.com,9999123456,9999123451,9999123452,1,1
MP00004722,MP00004722,2023-09-07,13:58:27,PL005,MIL0494395,x@x.com,9999123456,9999123451,9999123452,1,1
MP00004723,MP00004723,2023-09-07,13:58:27,PL013,MIL0499368,x@x.com,9999123456,9999123451,9999123452,1,1
MP00004724,MP00004724,2023-09-07,13:58:27,PL007,MIL0033773,x@x.com,9999123456,9999123451,9999123452,1,1
MP00004725,MP00004725,2023-09-07,13:58:27,PL008,MIL0500389,x@x.com,9999123456,9999123451,9999123452,1,1
MP00004726,MP00004726,2023-09-07,13:58:27,PL001,MIL0220707,x@x.com,9999123456,9999123451,9999123452,1,1
MP00004727,MP00004727,2023-09-07,13:58:27,PL013,MIL0568325,x@x.com,9999123456,9999123451,9999123452,1,1
MP00004728,MP00004728,2023-09-07,13:58:27,PL004,MIL0279289,x@x.com,9999123456,9999123451,9999123452,1,1
MP00004729,MP00004729,2023-09-07,13:58:27,PL007,MIL0024464,x@x.com,9999123456,9999123451,9999123452,1,1
MP00004730,MP00004730,2023-09-07,13:58:27,PL013,MIL0220803,x@x.com,9999123456,9999123451,9999123452,1,1
MP00004731,MP00004731,2023-09-07,13:58:27,PL005,MIL0200321,x@x.com,9999123456,9999123451,9999123452,1,1
MP00004732,MP00004732,2023-09-07,13:58:27,PL002,MIL0525439,x@x.com,9999123456,9999123451,9999123452,1,1
MP00004733,MP00004733,2023-09-07,13:58:27,PL001,MIL0466146,x@x.com,9999123456,9999123451,9999123452,1,1
MP00004734,MP00004734,2023-09-07,13:58:27,PL013,MIL0089126,x@x.com,9999123456,9999123451,9999123452,1,1
MP00004735,MP00004735,2023-09-07,13:58:27,PL009,MIL0011320,x@x.com,9999123456,9999123451,9999123452,1,1
MP00004736,MP00004736,2023-09-07,13:58:27,PL003,MIL0392802,x@x.com,9999123456,9999123451,9999123452,1,1
MP00004737,MP00004737,2023-09-07,13:58:27,PL011,MIL0447034,x@x.com,9999123456,9999123451,9999123452,1,1
MP00004738,MP00004738,2023-09-07,13:58:27,PL011,MIL0202458,x@x.com,9999123456,9999123451,9999123452,1,1
MP00004739,MP00004739,2023-09-07,13:58:27,PL008,MIL0261343,x@x.com,9999123456,9999123451,9999123452,1,1
MP00004740,MP00004740,2023-09-07,13:58:27,PL006,MIL0337548,x@x.com,9999123456,9999123451,9999123452,1,1
MP00004741,MP00004741,2023-09-07,13:58:27,PL002,MIL0270755,x@x.com,9999123456,9999123451,9999123452,1,1
MP00004742,MP00004742,2023-09-07,13:58:27,PL009,MIL0242485,x@x.com,9999123456,9999123451,9999123452,1,1
MP00004743,MP00004743,2023-09-07,13:58:27,PL011,MIL0080591,x@x.com,9999123456,9999123451,9999123452,1,1
MP00004744,MP00004744,2023-09-07,13:58:27,PL007,MIL0563937,x@x.com,9999123456,9999123451,9999123452,1,1
MP00004745,MP00004745,2023-09-07,13:58:27,PL001,MIL0250587,x@x.com,9999123456,9999123451,9999123452,1,1
MP00004746,MP00004746,2023-09-07,13:58:27,PL013,MIL0093597,x@x.com,9999123456,9999123451,9999123452,1,1
MP00004747,MP00004747,2023-09-07,13:58:27,PL011,MIL0291443,x@x.com,9999123456,9999123451,9999123452,1,1
MP00004748,MP00004748,2023-09-07,13:58:27,PL010,MIL0417655,x@x.com,9999123456,9999123451,9999123452,1,1
MP00004749,MP00004749,2023-09-07,13:58:27,PL004,MIL0530736,x@x.com,9999123456,9999123451,9999123452,1,1
MP00004750,MP00004750,2023-09-07,13:58:27,PL006,MIL0521955,x@x.com,9999123456,9999123451,9999123452,1,1
MP00004751,MP00004751,2023-09-07,13:58:27,PL007,MIL0057365,x@x.com,9999123456,9999123451,9999123452,1,1
MP00004752,MP00004752,2023-09-07,13:58:27,PL005,MIL0157937,x@x.com,9999123456,9999123451,9999123452,1,1
MP00004753,MP00004753,2023-09-07,13:58:27,PL010,MIL0364878,x@x.com,9999123456,9999123451,9999123452,1,1
MP00004754,MP00004754,2023-09-07,13:58:27,PL003,MIL0152916,x@x.com,9999123456,9999123451,9999123452,1,1
MP00004755,MP00004755,2023-09-07,13:58:27,PL012,MIL0573899,x@x.com,9999123456,9999123451,9999123452,1,1
MP00004756,MP00004756,2023-09-07,13:58:27,PL009,MIL0575567,x@x.com,9999123456,9999123451,9999123452,1,1
MP00004757,MP00004757,2023-09-07,13:58:27,PL003,MIL0572307,x@x.com,9999123456,9999123451,9999123452,1,1
MP00004758,MP00004758,2023-09-07,13:58:27,PL012,MIL0366088,x@x.com,9999123456,9999123451,9999123452,1,1
MP00004759,MP00004759,2023-09-07,13:58:27,PL009,MIL0120369,x@x.com,9999123456,9999123451,9999123452,1,1
MP00004760,MP00004760,2023-09-07,13:58:27,PL003,MIL0124577,x@x.com,9999123456,9999123451,9999123452,1,1
MP00004761,MP00004761,2023-09-07,13:58:27,PL011,MIL0369117,x@x.com,9999123456,9999123451,9999123452,1,1
MP00004762,MP00004762,2023-09-07,13:58:27,PL004,MIL0339242,x@x.com,9999123456,9999123451,9999123452,1,1
MP00004763,MP00004763,2023-09-07,13:58:27,PL005,MIL0113277,x@x.com,9999123456,9999123451,9999123452,1,1
MP00004764,MP00004764,2023-09-07,13:58:27,PL011,MIL0272614,x@x.com,9999123456,9999123451,9999123452,1,1
MP00004765,MP00004765,2023-09-07,13:58:27,PL008,MIL0115185,x@x.com,9999123456,9999123451,9999123452,1,1
MP00004766,MP00004766,2023-09-07,13:58:27,PL005,MIL0462969,x@x.com,9999123456,9999123451,9999123452,1,1
MP00004767,MP00004767,2023-09-07,13:58:27,PL006,MIL0490117,x@x.com,9999123456,9999123451,9999123452,1,1
MP00004768,MP00004768,2023-09-07,13:58:27,PL008,MIL0533192,x@x.com,9999123456,9999123451,9999123452,1,1
MP00004769,MP00004769,2023-09-07,13:58:27,PL004,MIL0370841,x@x.com,9999123456,9999123451,9999123452,1,1
MP00004770,MP00004770,2023-09-07,13:58:27,PL005,MIL0138157,x@x.com,9999123456,9999123451,9999123452,1,1
MP00004771,MP00004771,2023-09-07,13:58:27,PL001,MIL0307787,x@x.com,9999123456,9999123451,9999123452,1,1
MP00004772,MP00004772,2023-09-07,13:58:27,PL005,MIL0122825,x@x.com,9999123456,9999123451,9999123452,1,1
MP00004773,MP00004773,2023-09-07,13:58:27,PL005,MIL0268874,x@x.com,9999123456,9999123451,9999123452,1,1
MP00004774,MP00004774,2023-09-07,13:58:27,PL006,MIL0058500,x@x.com,9999123456,9999123451,9999123452,1,1
MP00004775,MP00004775,2023-09-07,13:58:27,PL011,MIL0425465,x@x.com,9999123456,9999123451,9999123452,1,1
MP00004776,MP00004776,2023-09-07,13:58:27,PL013,MIL0470045,x@x.com,9999123456,9999123451,9999123452,1,1
MP00004777,MP00004777,2023-09-07,13:58:27,PL012,MIL0007535,x@x.com,9999123456,9999123451,9999123452,1,1
MP00004778,MP00004778,2023-09-07,13:58:27,PL004,MIL0008385,x@x.com,9999123456,9999123451,9999123452,1,1
MP00004779,MP00004779,2023-09-07,13:58:27,PL006,MIL0464385,x@x.com,9999123456,9999123451,9999123452,1,1
MP00004780,MP00004780,2023-09-07,13:58:27,PL010,MIL0113810,x@x.com,9999123456,9999123451,9999123452,1,1
MP00004781,MP00004781,2023-09-07,13:58:27,PL010,MIL0495755,x@x.com,9999123456,9999123451,9999123452,1,1
MP00004782,MP00004782,2023-09-07,13:58:27,PL008,MIL0435356,x@x.com,9999123456,9999123451,9999123452,1,1
MP00004783,MP00004783,2023-09-07,13:58:27,PL005,MIL0467007,x@x.com,9999123456,9999123451,9999123452,1,1
MP00004784,MP00004784,2023-09-07,13:58:27,PL009,MIL0526234,x@x.com,9999123456,9999123451,9999123452,1,1
MP00004785,MP00004785,2023-09-07,13:58:27,PL008,MIL0522640,x@x.com,9999123456,9999123451,9999123452,1,1
MP00004786,MP00004786,2023-09-07,13:58:27,PL001,MIL0555184,x@x.com,9999123456,9999123451,9999123452,1,1
MP00004787,MP00004787,2023-09-07,13:58:27,PL007,MIL0387443,x@x.com,9999123456,9999123451,9999123452,1,1
MP00004788,MP00004788,2023-09-07,13:58:27,PL004,MIL0283956,x@x.com,9999123456,9999123451,9999123452,1,1
MP00004789,MP00004789,2023-09-07,13:58:27,PL004,MIL0380403,x@x.com,9999123456,9999123451,9999123452,1,1
MP00004790,MP00004790,2023-09-07,13:58:27,PL002,MIL0314330,x@x.com,9999123456,9999123451,9999123452,1,1
MP00004791,MP00004791,2023-09-07,13:58:27,PL003,MIL0167686,x@x.com,9999123456,9999123451,9999123452,1,1
MP00004792,MP00004792,2023-09-07,13:58:27,PL001,MIL0226971,x@x.com,9999123456,9999123451,9999123452,1,1
MP00004793,MP00004793,2023-09-07,13:58:27,PL006,MIL0255446,x@x.com,9999123456,9999123451,9999123452,1,1
MP00004794,MP00004794,2023-09-07,13:58:27,PL004,MIL0004499,x@x.com,9999123456,9999123451,9999123452,1,1
MP00004795,MP00004795,2023-09-07,13:58:27,PL002,MIL0182600,x@x.com,9999123456,9999123451,9999123452,1,1
MP00004796,MP00004796,2023-09-07,13:58:27,PL004,MIL0105633,x@x.com,9999123456,9999123451,9999123452,1,1
MP00004797,MP00004797,2023-09-07,13:58:27,PL013,MIL0563764,x@x.com,9999123456,9999123451,9999123452,1,1
MP00004798,MP00004798,2023-09-07,13:58:27,PL012,MIL0387753,x@x.com,9999123456,9999123451,9999123452,1,1
MP00004799,MP00004799,2023-09-07,13:58:27,PL013,MIL0500293,x@x.com,9999123456,9999123451,9999123452,1,1
MP00004800,MP00004800,2023-09-07,13:58:27,PL009,MIL0567933,x@x.com,9999123456,9999123451,9999123452,1,1
MP00004801,MP00004801,2023-09-07,13:58:27,PL013,MIL0018502,x@x.com,9999123456,9999123451,9999123452,1,1
MP00004802,MP00004802,2023-09-07,13:58:27,PL004,MIL0150421,x@x.com,9999123456,9999123451,9999123452,1,1
MP00004803,MP00004803,2023-09-07,13:58:27,PL006,MIL0309043,x@x.com,9999123456,9999123451,9999123452,1,1
MP00004804,MP00004804,2023-09-07,13:58:27,PL001,MIL0368997,x@x.com,9999123456,9999123451,9999123452,1,1
MP00004805,MP00004805,2023-09-07,13:58:27,PL008,MIL0530416,x@x.com,9999123456,9999123451,9999123452,1,1
MP00004806,MP00004806,2023-09-07,13:58:27,PL008,MIL0242131,x@x.com,9999123456,9999123451,9999123452,1,1
MP00004807,MP00004807,2023-09-07,13:58:27,PL011,MIL0440879,x@x.com,9999123456,9999123451,9999123452,1,1
MP00004808,MP00004808,2023-09-07,13:58:27,PL003,MIL0223595,x@x.com,9999123456,9999123451,9999123452,1,1
MP00004809,MP00004809,2023-09-07,13:58:27,PL007,MIL0016631,x@x.com,9999123456,9999123451,9999123452,1,1
MP00004810,MP00004810,2023-09-07,13:58:27,PL011,MIL0487709,x@x.com,9999123456,9999123451,9999123452,1,1
MP00004811,MP00004811,2023-09-07,13:58:27,PL008,MIL0302388,x@x.com,9999123456,9999123451,9999123452,1,1
MP00004812,MP00004812,2023-09-07,13:58:27,PL004,MIL0076061,x@x.com,9999123456,9999123451,9999123452,1,1
MP00004813,MP00004813,2023-09-07,13:58:27,PL011,MIL0203311,x@x.com,9999123456,9999123451,9999123452,1,1
MP00004814,MP00004814,2023-09-07,13:58:27,PL012,MIL0371347,x@x.com,9999123456,9999123451,9999123452,1,1
MP00004815,MP00004815,2023-09-07,13:58:27,PL012,MIL0001889,x@x.com,9999123456,9999123451,9999123452,1,1
MP00004816,MP00004816,2023-09-07,13:58:27,PL013,MIL0058967,x@x.com,9999123456,9999123451,9999123452,1,1
MP00004817,MP00004817,2023-09-07,13:58:27,PL001,MIL0481446,x@x.com,9999123456,9999123451,9999123452,1,1
MP00004818,MP00004818,2023-09-07,13:58:27,PL004,MIL0211058,x@x.com,9999123456,9999123451,9999123452,1,1
MP00004819,MP00004819,2023-09-07,13:58:27,PL013,MIL0087953,x@x.com,9999123456,9999123451,9999123452,1,1
MP00004820,MP00004820,2023-09-07,13:58:27,PL003,MIL0266952,x@x.com,9999123456,9999123451,9999123452,1,1
MP00004821,MP00004821,2023-09-07,13:58:27,PL009,MIL0085104,x@x.com,9999123456,9999123451,9999123452,1,1
MP00004822,MP00004822,2023-09-07,13:58:27,PL013,MIL0542035,x@x.com,9999123456,9999123451,9999123452,1,1
MP00004823,MP00004823,2023-09-07,13:58:27,PL011,MIL0330131,x@x.com,9999123456,9999123451,9999123452,1,1
MP00004824,MP00004824,2023-09-07,13:58:27,PL006,MIL0573427,x@x.com,9999123456,9999123451,9999123452,1,1
MP00004825,MP00004825,2023-09-07,13:58:27,PL002,MIL0541984,x@x.com,9999123456,9999123451,9999123452,1,1
MP00004826,MP00004826,2023-09-07,13:58:27,PL003,MIL0165105,x@x.com,9999123456,9999123451,9999123452,1,1
MP00004827,MP00004827,2023-09-07,13:58:27,PL001,MIL0444625,x@x.com,9999123456,9999123451,9999123452,1,1
MP00004828,MP00004828,2023-09-07,13:58:27,PL003,MIL0427851,x@x.com,9999123456,9999123451,9999123452,1,1
MP00004829,MP00004829,2023-09-07,13:58:27,PL010,MIL0543693,x@x.com,9999123456,9999123451,9999123452,1,1
MP00004830,MP00004830,2023-09-07,13:58:27,PL008,MIL0401578,x@x.com,9999123456,9999123451,9999123452,1,1
MP00004831,MP00004831,2023-09-07,13:58:27,PL013,MIL0164711,x@x.com,9999123456,9999123451,9999123452,1,1
MP00004832,MP00004832,2023-09-07,13:58:27,PL011,MIL0316923,x@x.com,9999123456,9999123451,9999123452,1,1
MP00004833,MP00004833,2023-09-07,13:58:27,PL001,MIL0307771,x@x.com,9999123456,9999123451,9999123452,1,1
MP00004834,MP00004834,2023-09-07,13:58:27,PL004,MIL0230757,x@x.com,9999123456,9999123451,9999123452,1,1
MP00004835,MP00004835,2023-09-07,13:58:27,PL005,MIL0067080,x@x.com,9999123456,9999123451,9999123452,1,1
MP00004836,MP00004836,2023-09-07,13:58:27,PL010,MIL0033439,x@x.com,9999123456,9999123451,9999123452,1,1
MP00004837,MP00004837,2023-09-07,13:58:27,PL008,MIL0428355,x@x.com,9999123456,9999123451,9999123452,1,1
MP00004838,MP00004838,2023-09-07,13:58:27,PL001,MIL0283632,x@x.com,9999123456,9999123451,9999123452,1,1
MP00004839,MP00004839,2023-09-07,13:58:27,PL009,MIL0115822,x@x.com,9999123456,9999123451,9999123452,1,1
MP00004840,MP00004840,2023-09-07,13:58:27,PL012,MIL0222713,x@x.com,9999123456,9999123451,9999123452,1,1
MP00004841,MP00004841,2023-09-07,13:58:27,PL006,MIL0496313,x@x.com,9999123456,9999123451,9999123452,1,1
MP00004842,MP00004842,2023-09-07,13:58:27,PL007,MIL0573628,x@x.com,9999123456,9999123451,9999123452,1,1
MP00004843,MP00004843,2023-09-07,13:58:27,PL005,MIL0526645,x@x.com,9999123456,9999123451,9999123452,1,1
MP00004844,MP00004844,2023-09-07,13:58:27,PL006,MIL0548141,x@x.com,9999123456,9999123451,9999123452,1,1
MP00004845,MP00004845,2023-09-07,13:58:27,PL002,MIL0484364,x@x.com,9999123456,9999123451,9999123452,1,1
MP00004846,MP00004846,2023-09-07,13:58:27,PL010,MIL0139923,x@x.com,9999123456,9999123451,9999123452,1,1
MP00004847,MP00004847,2023-09-07,13:58:27,PL010,MIL0556185,x@x.com,9999123456,9999123451,9999123452,1,1
MP00004848,MP00004848,2023-09-07,13:58:27,PL013,MIL0167601,x@x.com,9999123456,9999123451,9999123452,1,1
MP00004849,MP00004849,2023-09-07,13:58:27,PL007,MIL0441201,x@x.com,9999123456,9999123451,9999123452,1,1
MP00004850,MP00004850,2023-09-07,13:58:27,PL005,MIL0373543,x@x.com,9999123456,9999123451,9999123452,1,1
MP00004851,MP00004851,2023-09-07,13:58:27,PL012,MIL0318616,x@x.com,9999123456,9999123451,9999123452,1,1
MP00004852,MP00004852,2023-09-07,13:58:27,PL002,MIL0375983,x@x.com,9999123456,9999123451,9999123452,1,1
MP00004853,MP00004853,2023-09-07,13:58:27,PL002,MIL0148071,x@x.com,9999123456,9999123451,9999123452,1,1
MP00004854,MP00004854,2023-09-07,13:58:27,PL010,MIL0289885,x@x.com,9999123456,9999123451,9999123452,1,1
MP00004855,MP00004855,2023-09-07,13:58:27,PL008,MIL0023192,x@x.com,9999123456,9999123451,9999123452,1,1
MP00004856,MP00004856,2023-09-07,13:58:27,PL006,MIL0418685,x@x.com,9999123456,9999123451,9999123452,1,1
MP00004857,MP00004857,2023-09-07,13:58:27,PL007,MIL0030034,x@x.com,9999123456,9999123451,9999123452,1,1
MP00004858,MP00004858,2023-09-07,13:58:27,PL007,MIL0081611,x@x.com,9999123456,9999123451,9999123452,1,1
MP00004859,MP00004859,2023-09-07,13:58:27,PL008,MIL0501935,x@x.com,9999123456,9999123451,9999123452,1,1
MP00004860,MP00004860,2023-09-07,13:58:27,PL003,MIL0208391,x@x.com,9999123456,9999123451,9999123452,1,1
MP00004861,MP00004861,2023-09-07,13:58:27,PL007,MIL0141397,x@x.com,9999123456,9999123451,9999123452,1,1
MP00004862,MP00004862,2023-09-07,13:58:27,PL001,MIL0095779,x@x.com,9999123456,9999123451,9999123452,1,1
MP00004863,MP00004863,2023-09-07,13:58:27,PL011,MIL0556374,x@x.com,9999123456,9999123451,9999123452,1,1
MP00004864,MP00004864,2023-09-07,13:58:27,PL002,MIL0100365,x@x.com,9999123456,9999123451,9999123452,1,1
MP00004865,MP00004865,2023-09-07,13:58:27,PL003,MIL0575171,x@x.com,9999123456,9999123451,9999123452,1,1
MP00004866,MP00004866,2023-09-07,13:58:27,PL005,MIL0530262,x@x.com,9999123456,9999123451,9999123452,1,1
MP00004867,MP00004867,2023-09-07,13:58:27,PL007,MIL0531263,x@x.com,9999123456,9999123451,9999123452,1,1
MP00004868,MP00004868,2023-09-07,13:58:27,PL009,MIL0470765,x@x.com,9999123456,9999123451,9999123452,1,1
MP00004869,MP00004869,2023-09-07,13:58:27,PL010,MIL0163573,x@x.com,9999123456,9999123451,9999123452,1,1
MP00004870,MP00004870,2023-09-07,13:58:27,PL011,MIL0384399,x@x.com,9999123456,9999123451,9999123452,1,1
MP00004871,MP00004871,2023-09-07,13:58:27,PL012,MIL0410916,x@x.com,9999123456,9999123451,9999123452,1,1
MP00004872,MP00004872,2023-09-07,13:58:27,PL008,MIL0043167,x@x.com,9999123456,9999123451,9999123452,1,1
MP00004873,MP00004873,2023-09-07,13:58:27,PL009,MIL0090133,x@x.com,9999123456,9999123451,9999123452,1,1
MP00004874,MP00004874,2023-09-07,13:58:27,PL006,MIL0427374,x@x.com,9999123456,9999123451,9999123452,1,1
MP00004875,MP00004875,2023-09-07,13:58:27,PL002,MIL0450288,x@x.com,9999123456,9999123451,9999123452,1,1
MP00004876,MP00004876,2023-09-07,13:58:27,PL010,MIL0499869,x@x.com,9999123456,9999123451,9999123452,1,1
MP00004877,MP00004877,2023-09-07,13:58:27,PL013,MIL0384224,x@x.com,9999123456,9999123451,9999123452,1,1
MP00004878,MP00004878,2023-09-07,13:58:27,PL008,MIL0061752,x@x.com,9999123456,9999123451,9999123452,1,1
MP00004879,MP00004879,2023-09-07,13:58:27,PL002,MIL0064869,x@x.com,9999123456,9999123451,9999123452,1,1
MP00004880,MP00004880,2023-09-07,13:58:27,PL011,MIL0362672,x@x.com,9999123456,9999123451,9999123452,1,1
MP00004881,MP00004881,2023-09-07,13:58:27,PL012,MIL0326181,x@x.com,9999123456,9999123451,9999123452,1,1
MP00004882,MP00004882,2023-09-07,13:58:27,PL010,MIL0249296,x@x.com,9999123456,9999123451,9999123452,1,1
MP00004883,MP00004883,2023-09-07,13:58:27,PL002,MIL0576915,x@x.com,9999123456,9999123451,9999123452,1,1
MP00004884,MP00004884,2023-09-07,13:58:27,PL010,MIL0008678,x@x.com,9999123456,9999123451,9999123452,1,1
MP00004885,MP00004885,2023-09-07,13:58:27,PL003,MIL0133690,x@x.com,9999123456,9999123451,9999123452,1,1
MP00004886,MP00004886,2023-09-07,13:58:27,PL013,MIL0117344,x@x.com,9999123456,9999123451,9999123452,1,1
MP00004887,MP00004887,2023-09-07,13:58:27,PL011,MIL0185999,x@x.com,9999123456,9999123451,9999123452,1,1
MP00004888,MP00004888,2023-09-07,13:58:27,PL013,MIL0138889,x@x.com,9999123456,9999123451,9999123452,1,1
MP00004889,MP00004889,2023-09-07,13:58:27,PL001,MIL0123841,x@x.com,9999123456,9999123451,9999123452,1,1
MP00004890,MP00004890,2023-09-07,13:58:27,PL007,MIL0396211,x@x.com,9999123456,9999123451,9999123452,1,1
MP00004891,MP00004891,2023-09-07,13:58:27,PL004,MIL0038767,x@x.com,9999123456,9999123451,9999123452,1,1
MP00004892,MP00004892,2023-09-07,13:58:27,PL010,MIL0391737,x@x.com,9999123456,9999123451,9999123452,1,1
MP00004893,MP00004893,2023-09-07,13:58:27,PL010,MIL0388505,x@x.com,9999123456,9999123451,9999123452,1,1
MP00004894,MP00004894,2023-09-07,13:58:27,PL004,MIL0575031,x@x.com,9999123456,9999123451,9999123452,1,1
MP00004895,MP00004895,2023-09-07,13:58:27,PL001,MIL0118960,x@x.com,9999123456,9999123451,9999123452,1,1
MP00004896,MP00004896,2023-09-07,13:58:27,PL013,MIL0281257,x@x.com,9999123456,9999123451,9999123452,1,1
MP00004897,MP00004897,2023-09-07,13:58:27,PL003,MIL0188712,x@x.com,9999123456,9999123451,9999123452,1,1
MP00004898,MP00004898,2023-09-07,13:58:27,PL001,MIL0290531,x@x.com,9999123456,9999123451,9999123452,1,1
MP00004899,MP00004899,2023-09-07,13:58:27,PL013,MIL0210568,x@x.com,9999123456,9999123451,9999123452,1,1
MP00004900,MP00004900,2023-09-07,13:58:27,PL001,MIL0379532,x@x.com,9999123456,9999123451,9999123452,1,1
MP00004901,MP00004901,2023-09-07,13:58:27,PL004,MIL0541782,x@x.com,9999123456,9999123451,9999123452,1,1
MP00004902,MP00004902,2023-09-07,13:58:27,PL009,MIL0291046,x@x.com,9999123456,9999123451,9999123452,1,1
MP00004903,MP00004903,2023-09-07,13:58:27,PL009,MIL0504166,x@x.com,9999123456,9999123451,9999123452,1,1
MP00004904,MP00004904,2023-09-07,13:58:27,PL003,MIL0207211,x@x.com,9999123456,9999123451,9999123452,1,1
MP00004905,MP00004905,2023-09-07,13:58:27,PL002,MIL0434879,x@x.com,9999123456,9999123451,9999123452,1,1
MP00004906,MP00004906,2023-09-07,13:58:27,PL007,MIL0534009,x@x.com,9999123456,9999123451,9999123452,1,1
MP00004907,MP00004907,2023-09-07,13:58:27,PL004,MIL0279505,x@x.com,9999123456,9999123451,9999123452,1,1
MP00004908,MP00004908,2023-09-07,13:58:27,PL004,MIL0264016,x@x.com,9999123456,9999123451,9999123452,1,1
MP00004909,MP00004909,2023-09-07,13:58:27,PL004,MIL0420423,x@x.com,9999123456,9999123451,9999123452,1,1
MP00004910,MP00004910,2023-09-07,13:58:27,PL013,MIL0359273,x@x.com,9999123456,9999123451,9999123452,1,1
MP00004911,MP00004911,2023-09-07,13:58:27,PL006,MIL0376899,x@x.com,9999123456,9999123451,9999123452,1,1
MP00004912,MP00004912,2023-09-07,13:58:27,PL012,MIL0240569,x@x.com,9999123456,9999123451,9999123452,1,1
MP00004913,MP00004913,2023-09-07,13:58:27,PL006,MIL0225400,x@x.com,9999123456,9999123451,9999123452,1,1
MP00004914,MP00004914,2023-09-07,13:58:27,PL006,MIL0034713,x@x.com,9999123456,9999123451,9999123452,1,1
MP00004915,MP00004915,2023-09-07,13:58:27,PL001,MIL0341913,x@x.com,9999123456,9999123451,9999123452,1,1
MP00004916,MP00004916,2023-09-07,13:58:27,PL003,MIL0501059,x@x.com,9999123456,9999123451,9999123452,1,1
MP00004917,MP00004917,2023-09-07,13:58:27,PL004,MIL0445568,x@x.com,9999123456,9999123451,9999123452,1,1
MP00004918,MP00004918,2023-09-07,13:58:27,PL005,MIL0572971,x@x.com,9999123456,9999123451,9999123452,1,1
MP00004919,MP00004919,2023-09-07,13:58:27,PL012,MIL0399056,x@x.com,9999123456,9999123451,9999123452,1,1
MP00004920,MP00004920,2023-09-07,13:58:27,PL002,MIL0502995,x@x.com,9999123456,9999123451,9999123452,1,1
MP00004921,MP00004921,2023-09-07,13:58:27,PL003,MIL0366528,x@x.com,9999123456,9999123451,9999123452,1,1
MP00004922,MP00004922,2023-09-07,13:58:27,PL003,MIL0459648,x@x.com,9999123456,9999123451,9999123452,1,1
MP00004923,MP00004923,2023-09-07,13:58:27,PL010,MIL0506427,x@x.com,9999123456,9999123451,9999123452,1,1
MP00004924,MP00004924,2023-09-07,13:58:27,PL013,MIL0275785,x@x.com,9999123456,9999123451,9999123452,1,1
MP00004925,MP00004925,2023-09-07,13:58:27,PL011,MIL0567086,x@x.com,9999123456,9999123451,9999123452,1,1
MP00004926,MP00004926,2023-09-07,13:58:27,PL002,MIL0395847,x@x.com,9999123456,9999123451,9999123452,1,1
MP00004927,MP00004927,2023-09-07,13:58:27,PL007,MIL0452961,x@x.com,9999123456,9999123451,9999123452,1,1
MP00004928,MP00004928,2023-09-07,13:58:27,PL001,MIL0509228,x@x.com,9999123456,9999123451,9999123452,1,1
MP00004929,MP00004929,2023-09-07,13:58:27,PL004,MIL0082626,x@x.com,9999123456,9999123451,9999123452,1,1
MP00004930,MP00004930,2023-09-07,13:58:27,PL001,MIL0434608,x@x.com,9999123456,9999123451,9999123452,1,1
MP00004931,MP00004931,2023-09-07,13:58:27,PL009,MIL0340712,x@x.com,9999123456,9999123451,9999123452,1,1
MP00004932,MP00004932,2023-09-07,13:58:27,PL003,MIL0336986,x@x.com,9999123456,9999123451,9999123452,1,1
MP00004933,MP00004933,2023-09-07,13:58:27,PL013,MIL0247265,x@x.com,9999123456,9999123451,9999123452,1,1
MP00004934,MP00004934,2023-09-07,13:58:27,PL005,MIL0477587,x@x.com,9999123456,9999123451,9999123452,1,1
MP00004935,MP00004935,2023-09-07,13:58:27,PL005,MIL0577428,x@x.com,9999123456,9999123451,9999123452,1,1
MP00004936,MP00004936,2023-09-07,13:58:27,PL005,MIL0159546,x@x.com,9999123456,9999123451,9999123452,1,1
MP00004937,MP00004937,2023-09-07,13:58:27,PL007,MIL0115358,x@x.com,9999123456,9999123451,9999123452,1,1
MP00004938,MP00004938,2023-09-07,13:58:27,PL001,MIL0484095,x@x.com,9999123456,9999123451,9999123452,1,1
MP00004939,MP00004939,2023-09-07,13:58:27,PL009,MIL0519592,x@x.com,9999123456,9999123451,9999123452,1,1
MP00004940,MP00004940,2023-09-07,13:58:27,PL003,MIL0556040,x@x.com,9999123456,9999123451,9999123452,1,1
MP00004941,MP00004941,2023-09-07,13:58:27,PL012,MIL0226532,x@x.com,9999123456,9999123451,9999123452,1,1
MP00004942,MP00004942,2023-09-07,13:58:27,PL001,MIL0409871,x@x.com,9999123456,9999123451,9999123452,1,1
MP00004943,MP00004943,2023-09-07,13:58:27,PL010,MIL0477648,x@x.com,9999123456,9999123451,9999123452,1,1
MP00004944,MP00004944,2023-09-07,13:58:27,PL002,MIL0258150,x@x.com,9999123456,9999123451,9999123452,1,1
MP00004945,MP00004945,2023-09-07,13:58:27,PL013,MIL0095418,x@x.com,9999123456,9999123451,9999123452,1,1
MP00004946,MP00004946,2023-09-07,13:58:27,PL003,MIL0422618,x@x.com,9999123456,9999123451,9999123452,1,1
MP00004947,MP00004947,2023-09-07,13:58:27,PL001,MIL0523641,x@x.com,9999123456,9999123451,9999123452,1,1
MP00004948,MP00004948,2023-09-07,13:58:27,PL011,MIL0308682,x@x.com,9999123456,9999123451,9999123452,1,1
MP00004949,MP00004949,2023-09-07,13:58:27,PL005,MIL0179526,x@x.com,9999123456,9999123451,9999123452,1,1
MP00004950,MP00004950,2023-09-07,13:58:27,PL002,MIL0404684,x@x.com,9999123456,9999123451,9999123452,1,1
MP00004951,MP00004951,2023-09-07,13:58:27,PL011,MIL0260864,x@x.com,9999123456,9999123451,9999123452,1,1
MP00004952,MP00004952,2023-09-07,13:58:27,PL005,MIL0526210,x@x.com,9999123456,9999123451,9999123452,1,1
MP00004953,MP00004953,2023-09-07,13:58:27,PL005,MIL0476935,x@x.com,9999123456,9999123451,9999123452,1,1
MP00004954,MP00004954,2023-09-07,13:58:27,PL008,MIL0349464,x@x.com,9999123456,9999123451,9999123452,1,1
MP00004955,MP00004955,2023-09-07,13:58:27,PL012,MIL0345793,x@x.com,9999123456,9999123451,9999123452,1,1
MP00004956,MP00004956,2023-09-07,13:58:27,PL003,MIL0307603,x@x.com,9999123456,9999123451,9999123452,1,1
MP00004957,MP00004957,2023-09-07,13:58:27,PL006,MIL0491156,x@x.com,9999123456,9999123451,9999123452,1,1
MP00004958,MP00004958,2023-09-07,13:58:27,PL002,MIL0246143,x@x.com,9999123456,9999123451,9999123452,1,1
MP00004959,MP00004959,2023-09-07,13:58:27,PL003,MIL0105831,x@x.com,9999123456,9999123451,9999123452,1,1
MP00004960,MP00004960,2023-09-07,13:58:27,PL012,MIL0305076,x@x.com,9999123456,9999123451,9999123452,1,1
MP00004961,MP00004961,2023-09-07,13:58:27,PL011,MIL0442320,x@x.com,9999123456,9999123451,9999123452,1,1
MP00004962,MP00004962,2023-09-07,13:58:27,PL003,MIL0101340,x@x.com,9999123456,9999123451,9999123452,1,1
MP00004963,MP00004963,2023-09-07,13:58:27,PL006,MIL0542893,x@x.com,9999123456,9999123451,9999123452,1,1
MP00004964,MP00004964,2023-09-07,13:58:27,PL001,MIL0563252,x@x.com,9999123456,9999123451,9999123452,1,1
MP00004965,MP00004965,2023-09-07,13:58:27,PL013,MIL0275200,x@x.com,9999123456,9999123451,9999123452,1,1
MP00004966,MP00004966,2023-09-07,13:58:27,PL013,MIL0040408,x@x.com,9999123456,9999123451,9999123452,1,1
MP00004967,MP00004967,2023-09-07,13:58:27,PL009,MIL0214327,x@x.com,9999123456,9999123451,9999123452,1,1
MP00004968,MP00004968,2023-09-07,13:58:27,PL011,MIL0170329,x@x.com,9999123456,9999123451,9999123452,1,1
MP00004969,MP00004969,2023-09-07,13:58:27,PL009,MIL0535129,x@x.com,9999123456,9999123451,9999123452,1,1
MP00004970,MP00004970,2023-09-07,13:58:27,PL006,MIL0459900,x@x.com,9999123456,9999123451,9999123452,1,1
MP00004971,MP00004971,2023-09-07,13:58:27,PL002,MIL0462186,x@x.com,9999123456,9999123451,9999123452,1,1
MP00004972,MP00004972,2023-09-07,13:58:27,PL002,MIL0085494,x@x.com,9999123456,9999123451,9999123452,1,1
MP00004973,MP00004973,2023-09-07,13:58:27,PL013,MIL0321936,x@x.com,9999123456,9999123451,9999123452,1,1
MP00004974,MP00004974,2023-09-07,13:58:27,PL012,MIL0286101,x@x.com,9999123456,9999123451,9999123452,1,1
MP00004975,MP00004975,2023-09-07,13:58:27,PL012,MIL0339153,x@x.com,9999123456,9999123451,9999123452,1,1
MP00004976,MP00004976,2023-09-07,13:58:27,PL006,MIL0079518,x@x.com,9999123456,9999123451,9999123452,1,1
MP00004977,MP00004977,2023-09-07,13:58:27,PL003,MIL0567175,x@x.com,9999123456,9999123451,9999123452,1,1
MP00004978,MP00004978,2023-09-07,13:58:27,PL007,MIL0339072,x@x.com,9999123456,9999123451,9999123452,1,1
MP00004979,MP00004979,2023-09-07,13:58:27,PL008,MIL0406223,x@x.com,9999123456,9999123451,9999123452,1,1
MP00004980,MP00004980,2023-09-07,13:58:27,PL012,MIL0351554,x@x.com,9999123456,9999123451,9999123452,1,1
MP00004981,MP00004981,2023-09-07,13:58:27,PL006,MIL0012797,x@x.com,9999123456,9999123451,9999123452,1,1
MP00004982,MP00004982,2023-09-07,13:58:27,PL009,MIL0570568,x@x.com,9999123456,9999123451,9999123452,1,1
MP00004983,MP00004983,2023-09-07,13:58:27,PL010,MIL0013450,x@x.com,9999123456,9999123451,9999123452,1,1
MP00004984,MP00004984,2023-09-07,13:58:27,PL002,MIL0539050,x@x.com,9999123456,9999123451,9999123452,1,1
MP00004985,MP00004985,2023-09-07,13:58:27,PL011,MIL0027945,x@x.com,9999123456,9999123451,9999123452,1,1
MP00004986,MP00004986,2023-09-07,13:58:27,PL007,MIL0483944,x@x.com,9999123456,9999123451,9999123452,1,1
MP00004987,MP00004987,2023-09-07,13:58:27,PL013,MIL0474134,x@x.com,9999123456,9999123451,9999123452,1,1
MP00004988,MP00004988,2023-09-07,13:58:27,PL011,MIL0114018,x@x.com,9999123456,9999123451,9999123452,1,1
MP00004989,MP00004989,2023-09-07,13:58:27,PL007,MIL0408472,x@x.com,9999123456,9999123451,9999123452,1,1
MP00004990,MP00004990,2023-09-07,13:58:27,PL001,MIL0093544,x@x.com,9999123456,9999123451,9999123452,1,1
MP00004991,MP00004991,2023-09-07,13:58:27,PL001,MIL0296134,x@x.com,9999123456,9999123451,9999123452,1,1
MP00004992,MP00004992,2023-09-07,13:58:27,PL009,MIL0002372,x@x.com,9999123456,9999123451,9999123452,1,1
MP00004993,MP00004993,2023-09-07,13:58:27,PL009,MIL0235858,x@x.com,9999123456,9999123451,9999123452,1,1
MP00004994,MP00004994,2023-09-07,13:58:27,PL001,MIL0133207,x@x.com,9999123456,9999123451,9999123452,1,1
MP00004995,MP00004995,2023-09-07,13:58:27,PL008,MIL0173609,x@x.com,9999123456,9999123451,9999123452,1,1
