clave,folio,fecha,hora,clave_partido_legado,clave_ciudadano,correo_electronico,whatsapp,telefono,celular,obseravaciones,status
clave,folio,fecha,hora,clave_partido_legado,clave_ciudadano,correo_electronico,whatsapp,telefono,celular,obseravaciones,status
MP00004996,MP00004996,2023-09-07,13:58:27,PL003,MIL0426740,x@x.com,9999123456,9999123451,9999123452,1,1
MP00004997,MP00004997,2023-09-07,13:58:27,PL010,MIL0084460,x@x.com,9999123456,9999123451,9999123452,1,1
MP00004998,MP00004998,2023-09-07,13:58:27,PL005,MIL0283339,x@x.com,9999123456,9999123451,9999123452,1,1
MP00004999,MP00004999,2023-09-07,13:58:27,PL007,MIL0193683,x@x.com,9999123456,9999123451,9999123452,1,1
MP00005000,MP00005000,2023-09-07,13:58:27,PL012,MIL0417280,x@x.com,9999123456,9999123451,9999123452,1,1
MP00005001,MP00005001,2023-09-07,13:58:27,PL009,MIL0327836,x@x.com,9999123456,9999123451,9999123452,1,1
MP00005002,MP00005002,2023-09-07,13:58:27,PL009,MIL0380031,x@x.com,9999123456,9999123451,9999123452,1,1
MP00005003,MP00005003,2023-09-07,13:58:27,PL013,MIL0576584,x@x.com,9999123456,9999123451,9999123452,1,1
MP00005004,MP00005004,2023-09-07,13:58:27,PL008,MIL0558811,x@x.com,9999123456,9999123451,9999123452,1,1
MP00005005,MP00005005,2023-09-07,13:58:27,PL011,MIL0280749,x@x.com,9999123456,9999123451,9999123452,1,1
MP00005006,MP00005006,2023-09-07,13:58:27,PL011,MIL0401276,x@x.com,9999123456,9999123451,9999123452,1,1
MP00005007,MP00005007,2023-09-07,13:58:27,PL007,MIL0459054,x@x.com,9999123456,9999123451,9999123452,1,1
MP00005008,MP00005008,2023-09-07,13:58:27,PL002,MIL0434744,x@x.com,9999123456,9999123451,9999123452,1,1
MP00005009,MP00005009,2023-09-07,13:58:27,PL006,MIL0469640,x@x.com,9999123456,9999123451,9999123452,1,1
MP00005010,MP00005010,2023-09-07,13:58:27,PL012,MIL0075578,x@x.com,9999123456,9999123451,9999123452,1,1
MP00005011,MP00005011,2023-09-07,13:58:27,PL013,MIL0535903,x@x.com,9999123456,9999123451,9999123452,1,1
MP00005012,MP00005012,2023-09-07,13:58:27,PL002,MIL0376746,x@x.com,9999123456,9999123451,9999123452,1,1
MP00005013,MP00005013,2023-09-07,13:58:27,PL008,MIL0538379,x@x.com,9999123456,9999123451,9999123452,1,1
MP00005014,MP00005014,2023-09-07,13:58:27,PL008,MIL0016481,x@x.com,9999123456,9999123451,9999123452,1,1
MP00005015,MP00005015,2023-09-07,13:58:27,PL005,MIL0227007,x@x.com,9999123456,9999123451,9999123452,1,1
MP00005016,MP00005016,2023-09-07,13:58:27,PL003,MIL0040991,x@x.com,9999123456,9999123451,9999123452,1,1
MP00005017,MP00005017,2023-09-07,13:58:27,PL007,MIL0571555,x@x.com,9999123456,9999123451,9999123452,1,1
MP00005018,MP00005018,2023-09-07,13:58:27,PL003,MIL0056773,x@x.com,9999123456,9999123451,9999123452,1,1
MP00005019,MP00005019,2023-09-07,13:58:27,PL008,MIL0154173,x@x.com,9999123456,9999123451,9999123452,1,1
MP00005020,MP00005020,2023-09-07,13:58:27,PL010,MIL0426890,x@x.com,9999123456,9999123451,9999123452,1,1
MP00005021,MP00005021,2023-09-07,13:58:27,PL010,MIL0197242,x@x.com,9999123456,9999123451,9999123452,1,1
MP00005022,MP00005022,2023-09-07,13:58:27,PL010,MIL0229345,x@x.com,9999123456,9999123451,9999123452,1,1
MP00005023,MP00005023,2023-09-07,13:58:27,PL001,MIL0152803,x@x.com,9999123456,9999123451,9999123452,1,1
MP00005024,MP00005024,2023-09-07,13:58:27,PL012,MIL0059181,x@x.com,9999123456,9999123451,9999123452,1,1
MP00005025,MP00005025,2023-09-07,13:58:27,PL003,MIL0515181,x@x.com,9999123456,9999123451,9999123452,1,1
MP00005026,MP00005026,2023-09-07,13:58:27,PL009,MIL0350588,x@x.com,9999123456,9999123451,9999123452,1,1
MP00005027,MP00005027,2023-09-07,13:58:27,PL013,MIL0129913,x@x.com,9999123456,9999123451,9999123452,1,1
MP00005028,MP00005028,2023-09-07,13:58:27,PL011,MIL0135155,x@x.com,9999123456,9999123451,9999123452,1,1
MP00005029,MP00005029,2023-09-07,13:58:27,PL013,MIL0120279,x@x.com,9999123456,9999123451,9999123452,1,1
MP00005030,MP00005030,2023-09-07,13:58:27,PL004,MIL0390435,x@x.com,9999123456,9999123451,9999123452,1,1
MP00005031,MP00005031,2023-09-07,13:58:27,PL012,MIL0451069,x@x.com,9999123456,9999123451,9999123452,1,1
MP00005032,MP00005032,2023-09-07,13:58:27,PL007,MIL0086802,x@x.com,9999123456,9999123451,9999123452,1,1
MP00005033,MP00005033,2023-09-07,13:58:27,PL008,MIL0494931,x@x.com,9999123456,9999123451,9999123452,1,1
MP00005034,MP00005034,2023-09-07,13:58:27,PL003,MIL0025319,x@x.com,9999123456,9999123451,9999123452,1,1
MP00005035,MP00005035,2023-09-07,13:58:27,PL005,MIL0362824,x@x.com,9999123456,9999123451,9999123452,1,1
MP00005036,MP00005036,2023-09-07,13:58:27,PL002,MIL0136072,x@x.com,9999123456,9999123451,9999123452,1,1
MP00005037,MP00005037,2023-09-07,13:58:27,PL001,MIL0122596,x@x.com,9999123456,9999123451,9999123452,1,1
MP00005038,MP00005038,2023-09-07,13:58:27,PL013,MIL0269475,x@x.com,9999123456,9999123451,9999123452,1,1
MP00005039,MP00005039,2023-09-07,13:58:27,PL002,MIL0021804,x@x.com,9999123456,9999123451,9999123452,1,1
MP00005040,MP00005040,2023-09-07,13:58:27,PL008,MIL0102444,x@x.com,9999123456,9999123451,9999123452,1,1
MP00005041,MP00005041,2023-09-07,13:58:27,PL006,MIL0362905,x@x.com,9999123456,9999123451,9999123452,1,1
MP00005042,MP00005042,2023-09-07,13:58:27,PL010,MIL0454105,x@x.com,9999123456,9999123451,9999123452,1,1
MP00005043,MP00005043,2023-09-07,13:58:27,PL009,MIL0563819,x@x.com,9999123456,9999123451,9999123452,1,1
MP00005044,MP00005044,2023-09-07,13:58:27,PL013,MIL0062948,x@x.com,9999123456,9999123451,9999123452,1,1
MP00005045,MP00005045,2023-09-07,13:58:27,PL013,MIL0307465,x@x.com,9999123456,9999123451,9999123452,1,1
MP00005046,MP00005046,2023-09-07,13:58:27,PL006,MIL0037953,x@x.com,9999123456,9999123451,9999123452,1,1
MP00005047,MP00005047,2023-09-07,13:58:27,PL004,MIL0100579,x@x.com,9999123456,9999123451,9999123452,1,1
MP00005048,MP00005048,2023-09-07,13:58:27,PL011,MIL0471533,x@x.com,9999123456,9999123451,9999123452,1,1
MP00005049,MP00005049,2023-09-07,13:58:27,PL006,MIL0282366,x@x.com,9999123456,9999123451,9999123452,1,1
MP00005050,MP00005050,2023-09-07,13:58:27,PL013,MIL0118677,x@x.com,9999123456,9999123451,9999123452,1,1
MP00005051,MP00005051,2023-09-07,13:58:27,PL011,MIL0341016,x@x.com,9999123456,9999123451,9999123452,1,1
MP00005052,MP00005052,2023-09-07,13:58:27,PL013,MIL0264384,x@x.com,9999123456,9999123451,9999123452,1,1
MP00005053,MP00005053,2023-09-07,13:58:27,PL004,MIL0052471,x@x.com,9999123456,9999123451,9999123452,1,1
MP00005054,MP00005054,2023-09-07,13:58:27,PL008,MIL0086794,x@x.com,9999123456,9999123451,9999123452,1,1
MP00005055,MP00005055,2023-09-07,13:58:27,PL008,MIL0067508,x@x.com,9999123456,9999123451,9999123452,1,1
MP00005056,MP00005056,2023-09-07,13:58:27,PL007,MIL0298185,x@x.com,9999123456,9999123451,9999123452,1,1
MP00005057,MP00005057,2023-09-07,13:58:27,PL005,MIL0094648,x@x.com,9999123456,9999123451,9999123452,1,1
MP00005058,MP00005058,2023-09-07,13:58:27,PL003,MIL0095549,x@x.com,9999123456,9999123451,9999123452,1,1
MP00005059,MP00005059,2023-09-07,13:58:27,PL006,MIL0017275,x@x.com,9999123456,9999123451,9999123452,1,1
MP00005060,MP00005060,2023-09-07,13:58:27,PL006,MIL0085231,x@x.com,9999123456,9999123451,9999123452,1,1
MP00005061,MP00005061,2023-09-07,13:58:27,PL002,MIL0014506,x@x.com,9999123456,9999123451,9999123452,1,1
MP00005062,MP00005062,2023-09-07,13:58:27,PL007,MIL0335368,x@x.com,9999123456,9999123451,9999123452,1,1
MP00005063,MP00005063,2023-09-07,13:58:27,PL010,MIL0004728,x@x.com,9999123456,9999123451,9999123452,1,1
MP00005064,MP00005064,2023-09-07,13:58:27,PL006,MIL0266922,x@x.com,9999123456,9999123451,9999123452,1,1
MP00005065,MP00005065,2023-09-07,13:58:27,PL010,MIL0555636,x@x.com,9999123456,9999123451,9999123452,1,1
MP00005066,MP00005066,2023-09-07,13:58:27,PL007,MIL0230621,x@x.com,9999123456,9999123451,9999123452,1,1
MP00005067,MP00005067,2023-09-07,13:58:27,PL004,MIL0154182,x@x.com,9999123456,9999123451,9999123452,1,1
MP00005068,MP00005068,2023-09-07,13:58:27,PL007,MIL0097391,x@x.com,9999123456,9999123451,9999123452,1,1
MP00005069,MP00005069,2023-09-07,13:58:27,PL013,MIL0559786,x@x.com,9999123456,9999123451,9999123452,1,1
MP00005070,MP00005070,2023-09-07,13:58:27,PL010,MIL0020771,x@x.com,9999123456,9999123451,9999123452,1,1
MP00005071,MP00005071,2023-09-07,13:58:27,PL004,MIL0441269,x@x.com,9999123456,9999123451,9999123452,1,1
MP00005072,MP00005072,2023-09-07,13:58:27,PL006,MIL0451508,x@x.com,9999123456,9999123451,9999123452,1,1
MP00005073,MP00005073,2023-09-07,13:58:27,PL003,MIL0418845,x@x.com,9999123456,9999123451,9999123452,1,1
MP00005074,MP00005074,2023-09-07,13:58:27,PL011,MIL0098810,x@x.com,9999123456,9999123451,9999123452,1,1
MP00005075,MP00005075,2023-09-07,13:58:27,PL010,MIL0341294,x@x.com,9999123456,9999123451,9999123452,1,1
MP00005076,MP00005076,2023-09-07,13:58:27,PL010,MIL0066936,x@x.com,9999123456,9999123451,9999123452,1,1
MP00005077,MP00005077,2023-09-07,13:58:27,PL012,MIL0524221,x@x.com,9999123456,9999123451,9999123452,1,1
MP00005078,MP00005078,2023-09-07,13:58:27,PL005,MIL0561721,x@x.com,9999123456,9999123451,9999123452,1,1
MP00005079,MP00005079,2023-09-07,13:58:27,PL002,MIL0021315,x@x.com,9999123456,9999123451,9999123452,1,1
MP00005080,MP00005080,2023-09-07,13:58:27,PL004,MIL0524636,x@x.com,9999123456,9999123451,9999123452,1,1
MP00005081,MP00005081,2023-09-07,13:58:27,PL002,MIL0398075,x@x.com,9999123456,9999123451,9999123452,1,1
MP00005082,MP00005082,2023-09-07,13:58:27,PL006,MIL0459994,x@x.com,9999123456,9999123451,9999123452,1,1
MP00005083,MP00005083,2023-09-07,13:58:27,PL006,MIL0054524,x@x.com,9999123456,9999123451,9999123452,1,1
MP00005084,MP00005084,2023-09-07,13:58:27,PL002,MIL0057640,x@x.com,9999123456,9999123451,9999123452,1,1
MP00005085,MP00005085,2023-09-07,13:58:27,PL005,MIL0082920,x@x.com,9999123456,9999123451,9999123452,1,1
MP00005086,MP00005086,2023-09-07,13:58:27,PL006,MIL0262636,x@x.com,9999123456,9999123451,9999123452,1,1
MP00005087,MP00005087,2023-09-07,13:58:27,PL005,MIL0567494,x@x.com,9999123456,9999123451,9999123452,1,1
MP00005088,MP00005088,2023-09-07,13:58:27,PL010,MIL0333936,x@x.com,9999123456,9999123451,9999123452,1,1
MP00005089,MP00005089,2023-09-07,13:58:27,PL007,MIL0231803,x@x.com,9999123456,9999123451,9999123452,1,1
MP00005090,MP00005090,2023-09-07,13:58:27,PL008,MIL0400202,x@x.com,9999123456,9999123451,9999123452,1,1
MP00005091,MP00005091,2023-09-07,13:58:27,PL004,MIL0056566,x@x.com,9999123456,9999123451,9999123452,1,1
MP00005092,MP00005092,2023-09-07,13:58:27,PL005,MIL0064686,x@x.com,9999123456,9999123451,9999123452,1,1
MP00005093,MP00005093,2023-09-07,13:58:27,PL012,MIL0413028,x@x.com,9999123456,9999123451,9999123452,1,1
MP00005094,MP00005094,2023-09-07,13:58:27,PL008,MIL0071960,x@x.com,9999123456,9999123451,9999123452,1,1
MP00005095,MP00005095,2023-09-07,13:58:27,PL004,MIL0535914,x@x.com,9999123456,9999123451,9999123452,1,1
MP00005096,MP00005096,2023-09-07,13:58:27,PL007,MIL0076704,x@x.com,9999123456,9999123451,9999123452,1,1
MP00005097,MP00005097,2023-09-07,13:58:27,PL006,MIL0534745,x@x.com,9999123456,9999123451,9999123452,1,1
MP00005098,MP00005098,2023-09-07,13:58:27,PL013,MIL0158163,x@x.com,9999123456,9999123451,9999123452,1,1
MP00005099,MP00005099,2023-09-07,13:58:27,PL006,MIL0101286,x@x.com,9999123456,9999123451,9999123452,1,1
MP00005100,MP00005100,2023-09-07,13:58:27,PL009,MIL0325418,x@x.com,9999123456,9999123451,9999123452,1,1
MP00005101,MP00005101,2023-09-07,13:58:27,PL005,MIL0286085,x@x.com,9999123456,9999123451,9999123452,1,1
MP00005102,MP00005102,2023-09-07,13:58:27,PL006,MIL0008011,x@x.com,9999123456,9999123451,9999123452,1,1
MP00005103,MP00005103,2023-09-07,13:58:27,PL002,MIL0263968,x@x.com,9999123456,9999123451,9999123452,1,1
MP00005104,MP00005104,2023-09-07,13:58:27,PL011,MIL0028203,x@x.com,9999123456,9999123451,9999123452,1,1
MP00005105,MP00005105,2023-09-07,13:58:27,PL012,MIL0251817,x@x.com,9999123456,9999123451,9999123452,1,1
MP00005106,MP00005106,2023-09-07,13:58:27,PL013,MIL0200084,x@x.com,9999123456,9999123451,9999123452,1,1
MP00005107,MP00005107,2023-09-07,13:58:27,PL012,MIL0185474,x@x.com,9999123456,9999123451,9999123452,1,1
MP00005108,MP00005108,2023-09-07,13:58:27,PL009,MIL0107007,x@x.com,9999123456,9999123451,9999123452,1,1
MP00005109,MP00005109,2023-09-07,13:58:27,PL012,MIL0150810,x@x.com,9999123456,9999123451,9999123452,1,1
MP00005110,MP00005110,2023-09-07,13:58:27,PL012,MIL0554121,x@x.com,9999123456,9999123451,9999123452,1,1
MP00005111,MP00005111,2023-09-07,13:58:27,PL002,MIL0419768,x@x.com,9999123456,9999123451,9999123452,1,1
MP00005112,MP00005112,2023-09-07,13:58:27,PL008,MIL0570093,x@x.com,9999123456,9999123451,9999123452,1,1
MP00005113,MP00005113,2023-09-07,13:58:27,PL008,MIL0503791,x@x.com,9999123456,9999123451,9999123452,1,1
MP00005114,MP00005114,2023-09-07,13:58:27,PL007,MIL0313538,x@x.com,9999123456,9999123451,9999123452,1,1
MP00005115,MP00005115,2023-09-07,13:58:27,PL004,MIL0155770,x@x.com,9999123456,9999123451,9999123452,1,1
MP00005116,MP00005116,2023-09-07,13:58:27,PL011,MIL0086722,x@x.com,9999123456,9999123451,9999123452,1,1
MP00005117,MP00005117,2023-09-07,13:58:27,PL008,MIL0303920,x@x.com,9999123456,9999123451,9999123452,1,1
MP00005118,MP00005118,2023-09-07,13:58:27,PL008,MIL0002337,x@x.com,9999123456,9999123451,9999123452,1,1
MP00005119,MP00005119,2023-09-07,13:58:27,PL006,MIL0367137,x@x.com,9999123456,9999123451,9999123452,1,1
MP00005120,MP00005120,2023-09-07,13:58:27,PL003,MIL0398712,x@x.com,9999123456,9999123451,9999123452,1,1
MP00005121,MP00005121,2023-09-07,13:58:27,PL010,MIL0509416,x@x.com,9999123456,9999123451,9999123452,1,1
MP00005122,MP00005122,2023-09-07,13:58:27,PL007,MIL0543668,x@x.com,9999123456,9999123451,9999123452,1,1
MP00005123,MP00005123,2023-09-07,13:58:27,PL008,MIL0304070,x@x.com,9999123456,9999123451,9999123452,1,1
MP00005124,MP00005124,2023-09-07,13:58:27,PL008,MIL0562355,x@x.com,9999123456,9999123451,9999123452,1,1
MP00005125,MP00005125,2023-09-07,13:58:27,PL010,MIL0232049,x@x.com,9999123456,9999123451,9999123452,1,1
MP00005126,MP00005126,2023-09-07,13:58:27,PL013,MIL0016645,x@x.com,9999123456,9999123451,9999123452,1,1
MP00005127,MP00005127,2023-09-07,13:58:27,PL005,MIL0347704,x@x.com,9999123456,9999123451,9999123452,1,1
MP00005128,MP00005128,2023-09-07,13:58:27,PL002,MIL0164874,x@x.com,9999123456,9999123451,9999123452,1,1
MP00005129,MP00005129,2023-09-07,13:58:27,PL003,MIL0456048,x@x.com,9999123456,9999123451,9999123452,1,1
MP00005130,MP00005130,2023-09-07,13:58:27,PL012,MIL0364602,x@x.com,9999123456,9999123451,9999123452,1,1
MP00005131,MP00005131,2023-09-07,13:58:27,PL007,MIL0200656,x@x.com,9999123456,9999123451,9999123452,1,1
MP00005132,MP00005132,2023-09-07,13:58:27,PL011,MIL0242924,x@x.com,9999123456,9999123451,9999123452,1,1
MP00005133,MP00005133,2023-09-07,13:58:27,PL008,MIL0272859,x@x.com,9999123456,9999123451,9999123452,1,1
MP00005134,MP00005134,2023-09-07,13:58:27,PL010,MIL0114154,x@x.com,9999123456,9999123451,9999123452,1,1
MP00005135,MP00005135,2023-09-07,13:58:27,PL001,MIL0185062,x@x.com,9999123456,9999123451,9999123452,1,1
MP00005136,MP00005136,2023-09-07,13:58:27,PL003,MIL0074210,x@x.com,9999123456,9999123451,9999123452,1,1
MP00005137,MP00005137,2023-09-07,13:58:27,PL003,MIL0405594,x@x.com,9999123456,9999123451,9999123452,1,1
MP00005138,MP00005138,2023-09-07,13:58:27,PL013,MIL0199837,x@x.com,9999123456,9999123451,9999123452,1,1
MP00005139,MP00005139,2023-09-07,13:58:27,PL011,MIL0452382,x@x.com,9999123456,9999123451,9999123452,1,1
MP00005140,MP00005140,2023-09-07,13:58:27,PL012,MIL0123561,x@x.com,9999123456,9999123451,9999123452,1,1
MP00005141,MP00005141,2023-09-07,13:58:27,PL012,MIL0536226,x@x.com,9999123456,9999123451,9999123452,1,1
MP00005142,MP00005142,2023-09-07,13:58:27,PL001,MIL0412032,x@x.com,9999123456,9999123451,9999123452,1,1
MP00005143,MP00005143,2023-09-07,13:58:27,PL004,MIL0392104,x@x.com,9999123456,9999123451,9999123452,1,1
MP00005144,MP00005144,2023-09-07,13:58:27,PL004,MIL0558894,x@x.com,9999123456,9999123451,9999123452,1,1
MP00005145,MP00005145,2023-09-07,13:58:27,PL005,MIL0238279,x@x.com,9999123456,9999123451,9999123452,1,1
MP00005146,MP00005146,2023-09-07,13:58:27,PL008,MIL0202644,x@x.com,9999123456,9999123451,9999123452,1,1
MP00005147,MP00005147,2023-09-07,13:58:27,PL004,MIL0016767,x@x.com,9999123456,9999123451,9999123452,1,1
MP00005148,MP00005148,2023-09-07,13:58:27,PL003,MIL0099052,x@x.com,9999123456,9999123451,9999123452,1,1
MP00005149,MP00005149,2023-09-07,13:58:27,PL003,MIL0166996,x@x.com,9999123456,9999123451,9999123452,1,1
MP00005150,MP00005150,2023-09-07,13:58:27,PL012,MIL0262631,x@x.com,9999123456,9999123451,9999123452,1,1
MP00005151,MP00005151,2023-09-07,13:58:27,PL003,MIL0195180,x@x.com,9999123456,9999123451,9999123452,1,1
MP00005152,MP00005152,2023-09-07,13:58:27,PL009,MIL0377186,x@x.com,9999123456,9999123451,9999123452,1,1
MP00005153,MP00005153,2023-09-07,13:58:27,PL009,MIL0212297,x@x.com,9999123456,9999123451,9999123452,1,1
MP00005154,MP00005154,2023-09-07,13:58:27,PL001,MIL0236898,x@x.com,9999123456,9999123451,9999123452,1,1
MP00005155,MP00005155,2023-09-07,13:58:27,PL003,MIL0028446,x@x.com,9999123456,9999123451,9999123452,1,1
MP00005156,MP00005156,2023-09-07,13:58:27,PL004,MIL0041601,x@x.com,9999123456,9999123451,9999123452,1,1
MP00005157,MP00005157,2023-09-07,13:58:27,PL010,MIL0229688,x@x.com,9999123456,9999123451,9999123452,1,1
MP00005158,MP00005158,2023-09-07,13:58:27,PL003,MIL0096794,x@x.com,9999123456,9999123451,9999123452,1,1
MP00005159,MP00005159,2023-09-07,13:58:27,PL013,MIL0443796,x@x.com,9999123456,9999123451,9999123452,1,1
MP00005160,MP00005160,2023-09-07,13:58:27,PL008,MIL0501702,x@x.com,9999123456,9999123451,9999123452,1,1
MP00005161,MP00005161,2023-09-07,13:58:27,PL002,MIL0421417,x@x.com,9999123456,9999123451,9999123452,1,1
MP00005162,MP00005162,2023-09-07,13:58:27,PL007,MIL0546203,x@x.com,9999123456,9999123451,9999123452,1,1
MP00005163,MP00005163,2023-09-07,13:58:27,PL004,MIL0485844,x@x.com,9999123456,9999123451,9999123452,1,1
MP00005164,MP00005164,2023-09-07,13:58:27,PL005,MIL0195450,x@x.com,9999123456,9999123451,9999123452,1,1
MP00005165,MP00005165,2023-09-07,13:58:27,PL003,MIL0125275,x@x.com,9999123456,9999123451,9999123452,1,1
MP00005166,MP00005166,2023-09-07,13:58:27,PL004,MIL0307675,x@x.com,9999123456,9999123451,9999123452,1,1
MP00005167,MP00005167,2023-09-07,13:58:27,PL010,MIL0566087,x@x.com,9999123456,9999123451,9999123452,1,1
MP00005168,MP00005168,2023-09-07,13:58:27,PL009,MIL0198158,x@x.com,9999123456,9999123451,9999123452,1,1
MP00005169,MP00005169,2023-09-07,13:58:27,PL001,MIL0111640,x@x.com,9999123456,9999123451,9999123452,1,1
MP00005170,MP00005170,2023-09-07,13:58:27,PL012,MIL0319715,x@x.com,9999123456,9999123451,9999123452,1,1
MP00005171,MP00005171,2023-09-07,13:58:27,PL006,MIL0302055,x@x.com,9999123456,9999123451,9999123452,1,1
MP00005172,MP00005172,2023-09-07,13:58:27,PL006,MIL0102837,x@x.com,9999123456,9999123451,9999123452,1,1
MP00005173,MP00005173,2023-09-07,13:58:27,PL012,MIL0080505,x@x.com,9999123456,9999123451,9999123452,1,1
MP00005174,MP00005174,2023-09-07,13:58:27,PL013,MIL0278066,x@x.com,9999123456,9999123451,9999123452,1,1
MP00005175,MP00005175,2023-09-07,13:58:27,PL003,MIL0241473,x@x.com,9999123456,9999123451,9999123452,1,1
MP00005176,MP00005176,2023-09-07,13:58:27,PL005,MIL0507764,x@x.com,9999123456,9999123451,9999123452,1,1
MP00005177,MP00005177,2023-09-07,13:58:27,PL010,MIL0161268,x@x.com,9999123456,9999123451,9999123452,1,1
MP00005178,MP00005178,2023-09-07,13:58:27,PL006,MIL0171828,x@x.com,9999123456,9999123451,9999123452,1,1
MP00005179,MP00005179,2023-09-07,13:58:27,PL004,MIL0349046,x@x.com,9999123456,9999123451,9999123452,1,1
MP00005180,MP00005180,2023-09-07,13:58:27,PL003,MIL0189725,x@x.com,9999123456,9999123451,9999123452,1,1
MP00005181,MP00005181,2023-09-07,13:58:27,PL008,MIL0185103,x@x.com,9999123456,9999123451,9999123452,1,1
MP00005182,MP00005182,2023-09-07,13:58:27,PL007,MIL0275342,x@x.com,9999123456,9999123451,9999123452,1,1
MP00005183,MP00005183,2023-09-07,13:58:27,PL008,MIL0566677,x@x.com,9999123456,9999123451,9999123452,1,1
MP00005184,MP00005184,2023-09-07,13:58:27,PL005,MIL0090630,x@x.com,9999123456,9999123451,9999123452,1,1
MP00005185,MP00005185,2023-09-07,13:58:27,PL005,MIL0002591,x@x.com,9999123456,9999123451,9999123452,1,1
MP00005186,MP00005186,2023-09-07,13:58:27,PL005,MIL0382441,x@x.com,9999123456,9999123451,9999123452,1,1
MP00005187,MP00005187,2023-09-07,13:58:27,PL003,MIL0041007,x@x.com,9999123456,9999123451,9999123452,1,1
MP00005188,MP00005188,2023-09-07,13:58:27,PL007,MIL0537755,x@x.com,9999123456,9999123451,9999123452,1,1
MP00005189,MP00005189,2023-09-07,13:58:27,PL009,MIL0158381,x@x.com,9999123456,9999123451,9999123452,1,1
MP00005190,MP00005190,2023-09-07,13:58:27,PL006,MIL0263780,x@x.com,9999123456,9999123451,9999123452,1,1
MP00005191,MP00005191,2023-09-07,13:58:27,PL004,MIL0559166,x@x.com,9999123456,9999123451,9999123452,1,1
MP00005192,MP00005192,2023-09-07,13:58:27,PL007,MIL0202952,x@x.com,9999123456,9999123451,9999123452,1,1
MP00005193,MP00005193,2023-09-07,13:58:27,PL005,MIL0265169,x@x.com,9999123456,9999123451,9999123452,1,1
MP00005194,MP00005194,2023-09-07,13:58:27,PL007,MIL0046642,x@x.com,9999123456,9999123451,9999123452,1,1
MP00005195,MP00005195,2023-09-07,13:58:27,PL007,MIL0533014,x@x.com,9999123456,9999123451,9999123452,1,1
MP00005196,MP00005196,2023-09-07,13:58:27,PL008,MIL0499586,x@x.com,9999123456,9999123451,9999123452,1,1
MP00005197,MP00005197,2023-09-07,13:58:27,PL007,MIL0416953,x@x.com,9999123456,9999123451,9999123452,1,1
MP00005198,MP00005198,2023-09-07,13:58:27,PL010,MIL0369209,x@x.com,9999123456,9999123451,9999123452,1,1
MP00005199,MP00005199,2023-09-07,13:58:27,PL013,MIL0272286,x@x.com,9999123456,9999123451,9999123452,1,1
MP00005200,MP00005200,2023-09-07,13:58:27,PL010,MIL0072797,x@x.com,9999123456,9999123451,9999123452,1,1
MP00005201,MP00005201,2023-09-07,13:58:27,PL002,MIL0576248,x@x.com,9999123456,9999123451,9999123452,1,1
MP00005202,MP00005202,2023-09-07,13:58:27,PL001,MIL0453467,x@x.com,9999123456,9999123451,9999123452,1,1
MP00005203,MP00005203,2023-09-07,13:58:27,PL001,MIL0343921,x@x.com,9999123456,9999123451,9999123452,1,1
MP00005204,MP00005204,2023-09-07,13:58:27,PL005,MIL0311232,x@x.com,9999123456,9999123451,9999123452,1,1
MP00005205,MP00005205,2023-09-07,13:58:27,PL005,MIL0461506,x@x.com,9999123456,9999123451,9999123452,1,1
MP00005206,MP00005206,2023-09-07,13:58:27,PL007,MIL0295451,x@x.com,9999123456,9999123451,9999123452,1,1
MP00005207,MP00005207,2023-09-07,13:58:27,PL009,MIL0552380,x@x.com,9999123456,9999123451,9999123452,1,1
MP00005208,MP00005208,2023-09-07,13:58:27,PL001,MIL0520460,x@x.com,9999123456,9999123451,9999123452,1,1
MP00005209,MP00005209,2023-09-07,13:58:27,PL008,MIL0575906,x@x.com,9999123456,9999123451,9999123452,1,1
MP00005210,MP00005210,2023-09-07,13:58:27,PL010,MIL0373193,x@x.com,9999123456,9999123451,9999123452,1,1
MP00005211,MP00005211,2023-09-07,13:58:27,PL002,MIL0438917,x@x.com,9999123456,9999123451,9999123452,1,1
MP00005212,MP00005212,2023-09-07,13:58:27,PL013,MIL0431919,x@x.com,9999123456,9999123451,9999123452,1,1
MP00005213,MP00005213,2023-09-07,13:58:27,PL001,MIL0523044,x@x.com,9999123456,9999123451,9999123452,1,1
MP00005214,MP00005214,2023-09-07,13:58:27,PL012,MIL0193319,x@x.com,9999123456,9999123451,9999123452,1,1
MP00005215,MP00005215,2023-09-07,13:58:27,PL012,MIL0223455,x@x.com,9999123456,9999123451,9999123452,1,1
MP00005216,MP00005216,2023-09-07,13:58:27,PL009,MIL0195124,x@x.com,9999123456,9999123451,9999123452,1,1
MP00005217,MP00005217,2023-09-07,13:58:27,PL001,MIL0207978,x@x.com,9999123456,9999123451,9999123452,1,1
MP00005218,MP00005218,2023-09-07,13:58:27,PL003,MIL0454489,x@x.com,9999123456,9999123451,9999123452,1,1
MP00005219,MP00005219,2023-09-07,13:58:27,PL006,MIL0043655,x@x.com,9999123456,9999123451,9999123452,1,1
MP00005220,MP00005220,2023-09-07,13:58:27,PL009,MIL0530346,x@x.com,9999123456,9999123451,9999123452,1,1
MP00005221,MP00005221,2023-09-07,13:58:27,PL001,MIL0569560,x@x.com,9999123456,9999123451,9999123452,1,1
MP00005222,MP00005222,2023-09-07,13:58:27,PL007,MIL0338711,x@x.com,9999123456,9999123451,9999123452,1,1
MP00005223,MP00005223,2023-09-07,13:58:27,PL010,MIL0256370,x@x.com,9999123456,9999123451,9999123452,1,1
MP00005224,MP00005224,2023-09-07,13:58:27,PL008,MIL0334206,x@x.com,9999123456,9999123451,9999123452,1,1
MP00005225,MP00005225,2023-09-07,13:58:27,PL002,MIL0031924,x@x.com,9999123456,9999123451,9999123452,1,1
MP00005226,MP00005226,2023-09-07,13:58:27,PL006,MIL0472227,x@x.com,9999123456,9999123451,9999123452,1,1
MP00005227,MP00005227,2023-09-07,13:58:27,PL005,MIL0012041,x@x.com,9999123456,9999123451,9999123452,1,1
MP00005228,MP00005228,2023-09-07,13:58:27,PL012,MIL0423688,x@x.com,9999123456,9999123451,9999123452,1,1
MP00005229,MP00005229,2023-09-07,13:58:27,PL004,MIL0318274,x@x.com,9999123456,9999123451,9999123452,1,1
MP00005230,MP00005230,2023-09-07,13:58:27,PL003,MIL0321699,x@x.com,9999123456,9999123451,9999123452,1,1
MP00005231,MP00005231,2023-09-07,13:58:27,PL003,MIL0133814,x@x.com,9999123456,9999123451,9999123452,1,1
MP00005232,MP00005232,2023-09-07,13:58:27,PL006,MIL0311931,x@x.com,9999123456,9999123451,9999123452,1,1
MP00005233,MP00005233,2023-09-07,13:58:27,PL010,MIL0395268,x@x.com,9999123456,9999123451,9999123452,1,1
MP00005234,MP00005234,2023-09-07,13:58:27,PL012,MIL0176346,x@x.com,9999123456,9999123451,9999123452,1,1
MP00005235,MP00005235,2023-09-07,13:58:27,PL004,MIL0066282,x@x.com,9999123456,9999123451,9999123452,1,1
MP00005236,MP00005236,2023-09-07,13:58:27,PL006,MIL0238674,x@x.com,9999123456,9999123451,9999123452,1,1
MP00005237,MP00005237,2023-09-07,13:58:27,PL004,MIL0562103,x@x.com,9999123456,9999123451,9999123452,1,1
MP00005238,MP00005238,2023-09-07,13:58:27,PL009,MIL0520701,x@x.com,9999123456,9999123451,9999123452,1,1
MP00005239,MP00005239,2023-09-07,13:58:27,PL001,MIL0086696,x@x.com,9999123456,9999123451,9999123452,1,1
MP00005240,MP00005240,2023-09-07,13:58:27,PL011,MIL0409583,x@x.com,9999123456,9999123451,9999123452,1,1
MP00005241,MP00005241,2023-09-07,13:58:27,PL007,MIL0488580,x@x.com,9999123456,9999123451,9999123452,1,1
MP00005242,MP00005242,2023-09-07,13:58:27,PL006,MIL0103038,x@x.com,9999123456,9999123451,9999123452,1,1
MP00005243,MP00005243,2023-09-07,13:58:27,PL010,MIL0176908,x@x.com,9999123456,9999123451,9999123452,1,1
MP00005244,MP00005244,2023-09-07,13:58:27,PL013,MIL0188157,x@x.com,9999123456,9999123451,9999123452,1,1
MP00005245,MP00005245,2023-09-07,13:58:27,PL009,MIL0052452,x@x.com,9999123456,9999123451,9999123452,1,1
MP00005246,MP00005246,2023-09-07,13:58:27,PL001,MIL0137603,x@x.com,9999123456,9999123451,9999123452,1,1
MP00005247,MP00005247,2023-09-07,13:58:27,PL004,MIL0214618,x@x.com,9999123456,9999123451,9999123452,1,1
MP00005248,MP00005248,2023-09-07,13:58:27,PL005,MIL0331238,x@x.com,9999123456,9999123451,9999123452,1,1
MP00005249,MP00005249,2023-09-07,13:58:27,PL002,MIL0142219,x@x.com,9999123456,9999123451,9999123452,1,1
MP00005250,MP00005250,2023-09-07,13:58:27,PL002,MIL0524954,x@x.com,9999123456,9999123451,9999123452,1,1
MP00005251,MP00005251,2023-09-07,13:58:27,PL012,MIL0424020,x@x.com,9999123456,9999123451,9999123452,1,1
MP00005252,MP00005252,2023-09-07,13:58:27,PL011,MIL0501771,x@x.com,9999123456,9999123451,9999123452,1,1
MP00005253,MP00005253,2023-09-07,13:58:27,PL009,MIL0523191,x@x.com,9999123456,9999123451,9999123452,1,1
MP00005254,MP00005254,2023-09-07,13:58:27,PL001,MIL0089211,x@x.com,9999123456,9999123451,9999123452,1,1
MP00005255,MP00005255,2023-09-07,13:58:27,PL005,MIL0514170,x@x.com,9999123456,9999123451,9999123452,1,1
MP00005256,MP00005256,2023-09-07,13:58:27,PL009,MIL0401944,x@x.com,9999123456,9999123451,9999123452,1,1
MP00005257,MP00005257,2023-09-07,13:58:27,PL004,MIL0305990,x@x.com,9999123456,9999123451,9999123452,1,1
MP00005258,MP00005258,2023-09-07,13:58:27,PL008,MIL0394916,x@x.com,9999123456,9999123451,9999123452,1,1
MP00005259,MP00005259,2023-09-07,13:58:27,PL010,MIL0084380,x@x.com,9999123456,9999123451,9999123452,1,1
MP00005260,MP00005260,2023-09-07,13:58:27,PL006,MIL0084057,x@x.com,9999123456,9999123451,9999123452,1,1
MP00005261,MP00005261,2023-09-07,13:58:27,PL013,MIL0058382,x@x.com,9999123456,9999123451,9999123452,1,1
MP00005262,MP00005262,2023-09-07,13:58:27,PL003,MIL0211693,x@x.com,9999123456,9999123451,9999123452,1,1
MP00005263,MP00005263,2023-09-07,13:58:27,PL001,MIL0482304,x@x.com,9999123456,9999123451,9999123452,1,1
MP00005264,MP00005264,2023-09-07,13:58:27,PL001,MIL0213923,x@x.com,9999123456,9999123451,9999123452,1,1
MP00005265,MP00005265,2023-09-07,13:58:27,PL012,MIL0470624,x@x.com,9999123456,9999123451,9999123452,1,1
MP00005266,MP00005266,2023-09-07,13:58:27,PL003,MIL0034827,x@x.com,9999123456,9999123451,9999123452,1,1
MP00005267,MP00005267,2023-09-07,13:58:27,PL002,MIL0565826,x@x.com,9999123456,9999123451,9999123452,1,1
MP00005268,MP00005268,2023-09-07,13:58:27,PL011,MIL0000378,x@x.com,9999123456,9999123451,9999123452,1,1
MP00005269,MP00005269,2023-09-07,13:58:27,PL005,MIL0270632,x@x.com,9999123456,9999123451,9999123452,1,1
MP00005270,MP00005270,2023-09-07,13:58:27,PL008,MIL0019804,x@x.com,9999123456,9999123451,9999123452,1,1
MP00005271,MP00005271,2023-09-07,13:58:27,PL006,MIL0125788,x@x.com,9999123456,9999123451,9999123452,1,1
MP00005272,MP00005272,2023-09-07,13:58:27,PL002,MIL0265056,x@x.com,9999123456,9999123451,9999123452,1,1
MP00005273,MP00005273,2023-09-07,13:58:27,PL005,MIL0294460,x@x.com,9999123456,9999123451,9999123452,1,1
MP00005274,MP00005274,2023-09-07,13:58:27,PL012,MIL0329691,x@x.com,9999123456,9999123451,9999123452,1,1
MP00005275,MP00005275,2023-09-07,13:58:27,PL004,MIL0502866,x@x.com,9999123456,9999123451,9999123452,1,1
MP00005276,MP00005276,2023-09-07,13:58:27,PL012,MIL0571923,x@x.com,9999123456,9999123451,9999123452,1,1
MP00005277,MP00005277,2023-09-07,13:58:27,PL005,MIL0061488,x@x.com,9999123456,9999123451,9999123452,1,1
MP00005278,MP00005278,2023-09-07,13:58:27,PL012,MIL0324673,x@x.com,9999123456,9999123451,9999123452,1,1
MP00005279,MP00005279,2023-09-07,13:58:27,PL007,MIL0142985,x@x.com,9999123456,9999123451,9999123452,1,1
MP00005280,MP00005280,2023-09-07,13:58:27,PL010,MIL0256888,x@x.com,9999123456,9999123451,9999123452,1,1
MP00005281,MP00005281,2023-09-07,13:58:27,PL011,MIL0331640,x@x.com,9999123456,9999123451,9999123452,1,1
MP00005282,MP00005282,2023-09-07,13:58:27,PL010,MIL0340159,x@x.com,9999123456,9999123451,9999123452,1,1
MP00005283,MP00005283,2023-09-07,13:58:27,PL008,MIL0188381,x@x.com,9999123456,9999123451,9999123452,1,1
MP00005284,MP00005284,2023-09-07,13:58:27,PL011,MIL0120686,x@x.com,9999123456,9999123451,9999123452,1,1
MP00005285,MP00005285,2023-09-07,13:58:27,PL002,MIL0393531,x@x.com,9999123456,9999123451,9999123452,1,1
MP00005286,MP00005286,2023-09-07,13:58:27,PL002,MIL0575931,x@x.com,9999123456,9999123451,9999123452,1,1
MP00005287,MP00005287,2023-09-07,13:58:27,PL011,MIL0312386,x@x.com,9999123456,9999123451,9999123452,1,1
MP00005288,MP00005288,2023-09-07,13:58:27,PL006,MIL0468418,x@x.com,9999123456,9999123451,9999123452,1,1
MP00005289,MP00005289,2023-09-07,13:58:27,PL002,MIL0026669,x@x.com,9999123456,9999123451,9999123452,1,1
MP00005290,MP00005290,2023-09-07,13:58:27,PL006,MIL0294560,x@x.com,9999123456,9999123451,9999123452,1,1
MP00005291,MP00005291,2023-09-07,13:58:27,PL011,MIL0327679,x@x.com,9999123456,9999123451,9999123452,1,1
MP00005292,MP00005292,2023-09-07,13:58:27,PL013,MIL0035835,x@x.com,9999123456,9999123451,9999123452,1,1
MP00005293,MP00005293,2023-09-07,13:58:27,PL008,MIL0000626,x@x.com,9999123456,9999123451,9999123452,1,1
MP00005294,MP00005294,2023-09-07,13:58:27,PL004,MIL0076380,x@x.com,9999123456,9999123451,9999123452,1,1
MP00005295,MP00005295,2023-09-07,13:58:27,PL010,MIL0309618,x@x.com,9999123456,9999123451,9999123452,1,1
MP00005296,MP00005296,2023-09-07,13:58:27,PL003,MIL0063620,x@x.com,9999123456,9999123451,9999123452,1,1
MP00005297,MP00005297,2023-09-07,13:58:27,PL001,MIL0117247,x@x.com,9999123456,9999123451,9999123452,1,1
MP00005298,MP00005298,2023-09-07,13:58:27,PL005,MIL0524174,x@x.com,9999123456,9999123451,9999123452,1,1
MP00005299,MP00005299,2023-09-07,13:58:27,PL003,MIL0059728,x@x.com,9999123456,9999123451,9999123452,1,1
MP00005300,MP00005300,2023-09-07,13:58:27,PL007,MIL0541259,x@x.com,9999123456,9999123451,9999123452,1,1
MP00005301,MP00005301,2023-09-07,13:58:27,PL011,MIL0424766,x@x.com,9999123456,9999123451,9999123452,1,1
MP00005302,MP00005302,2023-09-07,13:58:27,PL001,MIL0511935,x@x.com,9999123456,9999123451,9999123452,1,1
MP00005303,MP00005303,2023-09-07,13:58:27,PL006,MIL0013743,x@x.com,9999123456,9999123451,9999123452,1,1
MP00005304,MP00005304,2023-09-07,13:58:27,PL005,MIL0312529,x@x.com,9999123456,9999123451,9999123452,1,1
MP00005305,MP00005305,2023-09-07,13:58:27,PL010,MIL0075994,x@x.com,9999123456,9999123451,9999123452,1,1
MP00005306,MP00005306,2023-09-07,13:58:27,PL007,MIL0161331,x@x.com,9999123456,9999123451,9999123452,1,1
MP00005307,MP00005307,2023-09-07,13:58:27,PL006,MIL0398783,x@x.com,9999123456,9999123451,9999123452,1,1
MP00005308,MP00005308,2023-09-07,13:58:27,PL011,MIL0358887,x@x.com,9999123456,9999123451,9999123452,1,1
MP00005309,MP00005309,2023-09-07,13:58:27,PL006,MIL0524081,x@x.com,9999123456,9999123451,9999123452,1,1
MP00005310,MP00005310,2023-09-07,13:58:27,PL008,MIL0399833,x@x.com,9999123456,9999123451,9999123452,1,1
MP00005311,MP00005311,2023-09-07,13:58:27,PL004,MIL0425182,x@x.com,9999123456,9999123451,9999123452,1,1
MP00005312,MP00005312,2023-09-07,13:58:27,PL007,MIL0061026,x@x.com,9999123456,9999123451,9999123452,1,1
MP00005313,MP00005313,2023-09-07,13:58:27,PL004,MIL0571707,x@x.com,9999123456,9999123451,9999123452,1,1
MP00005314,MP00005314,2023-09-07,13:58:27,PL004,MIL0145538,x@x.com,9999123456,9999123451,9999123452,1,1
MP00005315,MP00005315,2023-09-07,13:58:27,PL009,MIL0405081,x@x.com,9999123456,9999123451,9999123452,1,1
MP00005316,MP00005316,2023-09-07,13:58:27,PL003,MIL0332585,x@x.com,9999123456,9999123451,9999123452,1,1
MP00005317,MP00005317,2023-09-07,13:58:27,PL013,MIL0057068,x@x.com,9999123456,9999123451,9999123452,1,1
MP00005318,MP00005318,2023-09-07,13:58:27,PL011,MIL0202150,x@x.com,9999123456,9999123451,9999123452,1,1
MP00005319,MP00005319,2023-09-07,13:58:27,PL007,MIL0518101,x@x.com,9999123456,9999123451,9999123452,1,1
MP00005320,MP00005320,2023-09-07,13:58:27,PL012,MIL0417360,x@x.com,9999123456,9999123451,9999123452,1,1
MP00005321,MP00005321,2023-09-07,13:58:27,PL009,MIL0173250,x@x.com,9999123456,9999123451,9999123452,1,1
MP00005322,MP00005322,2023-09-07,13:58:27,PL003,MIL0451777,x@x.com,9999123456,9999123451,9999123452,1,1
MP00005323,MP00005323,2023-09-07,13:58:27,PL011,MIL0106865,x@x.com,9999123456,9999123451,9999123452,1,1
MP00005324,MP00005324,2023-09-07,13:58:27,PL004,MIL0309752,x@x.com,9999123456,9999123451,9999123452,1,1
MP00005325,MP00005325,2023-09-07,13:58:27,PL001,MIL0027116,x@x.com,9999123456,9999123451,9999123452,1,1
MP00005326,MP00005326,2023-09-07,13:58:27,PL001,MIL0109950,x@x.com,9999123456,9999123451,9999123452,1,1
MP00005327,MP00005327,2023-09-07,13:58:27,PL006,MIL0052594,x@x.com,9999123456,9999123451,9999123452,1,1
MP00005328,MP00005328,2023-09-07,13:58:27,PL013,MIL0258444,x@x.com,9999123456,9999123451,9999123452,1,1
MP00005329,MP00005329,2023-09-07,13:58:27,PL012,MIL0372444,x@x.com,9999123456,9999123451,9999123452,1,1
MP00005330,MP00005330,2023-09-07,13:58:27,PL013,MIL0029031,x@x.com,9999123456,9999123451,9999123452,1,1
MP00005331,MP00005331,2023-09-07,13:58:27,PL008,MIL0199886,x@x.com,9999123456,9999123451,9999123452,1,1
MP00005332,MP00005332,2023-09-07,13:58:27,PL003,MIL0565641,x@x.com,9999123456,9999123451,9999123452,1,1
MP00005333,MP00005333,2023-09-07,13:58:27,PL001,MIL0505308,x@x.com,9999123456,9999123451,9999123452,1,1
MP00005334,MP00005334,2023-09-07,13:58:27,PL001,MIL0139824,x@x.com,9999123456,9999123451,9999123452,1,1
MP00005335,MP00005335,2023-09-07,13:58:27,PL002,MIL0025531,x@x.com,9999123456,9999123451,9999123452,1,1
MP00005336,MP00005336,2023-09-07,13:58:27,PL008,MIL0030344,x@x.com,9999123456,9999123451,9999123452,1,1
MP00005337,MP00005337,2023-09-07,13:58:27,PL011,MIL0184044,x@x.com,9999123456,9999123451,9999123452,1,1
MP00005338,MP00005338,2023-09-07,13:58:27,PL007,MIL0219742,x@x.com,9999123456,9999123451,9999123452,1,1
MP00005339,MP00005339,2023-09-07,13:58:27,PL004,MIL0149909,x@x.com,9999123456,9999123451,9999123452,1,1
MP00005340,MP00005340,2023-09-07,13:58:27,PL006,MIL0110641,x@x.com,9999123456,9999123451,9999123452,1,1
MP00005341,MP00005341,2023-09-07,13:58:27,PL004,MIL0566641,x@x.com,9999123456,9999123451,9999123452,1,1
MP00005342,MP00005342,2023-09-07,13:58:27,PL010,MIL0182983,x@x.com,9999123456,9999123451,9999123452,1,1
MP00005343,MP00005343,2023-09-07,13:58:27,PL013,MIL0212888,x@x.com,9999123456,9999123451,9999123452,1,1
MP00005344,MP00005344,2023-09-07,13:58:27,PL011,MIL0421276,x@x.com,9999123456,9999123451,9999123452,1,1
MP00005345,MP00005345,2023-09-07,13:58:27,PL006,MIL0368332,x@x.com,9999123456,9999123451,9999123452,1,1
MP00005346,MP00005346,2023-09-07,13:58:27,PL005,MIL0253757,x@x.com,9999123456,9999123451,9999123452,1,1
MP00005347,MP00005347,2023-09-07,13:58:27,PL010,MIL0001184,x@x.com,9999123456,9999123451,9999123452,1,1
MP00005348,MP00005348,2023-09-07,13:58:27,PL009,MIL0298915,x@x.com,9999123456,9999123451,9999123452,1,1
MP00005349,MP00005349,2023-09-07,13:58:27,PL002,MIL0128468,x@x.com,9999123456,9999123451,9999123452,1,1
MP00005350,MP00005350,2023-09-07,13:58:27,PL008,MIL0217628,x@x.com,9999123456,9999123451,9999123452,1,1
MP00005351,MP00005351,2023-09-07,13:58:27,PL002,MIL0403598,x@x.com,9999123456,9999123451,9999123452,1,1
MP00005352,MP00005352,2023-09-07,13:58:27,PL002,MIL0233388,x@x.com,9999123456,9999123451,9999123452,1,1
MP00005353,MP00005353,2023-09-07,13:58:27,PL005,MIL0161056,x@x.com,9999123456,9999123451,9999123452,1,1
MP00005354,MP00005354,2023-09-07,13:58:27,PL012,MIL0223526,x@x.com,9999123456,9999123451,9999123452,1,1
MP00005355,MP00005355,2023-09-07,13:58:27,PL012,MIL0477274,x@x.com,9999123456,9999123451,9999123452,1,1
MP00005356,MP00005356,2023-09-07,13:58:27,PL004,MIL0346077,x@x.com,9999123456,9999123451,9999123452,1,1
MP00005357,MP00005357,2023-09-07,13:58:27,PL011,MIL0235718,x@x.com,9999123456,9999123451,9999123452,1,1
MP00005358,MP00005358,2023-09-07,13:58:27,PL010,MIL0114188,x@x.com,9999123456,9999123451,9999123452,1,1
MP00005359,MP00005359,2023-09-07,13:58:27,PL007,MIL0043702,x@x.com,9999123456,9999123451,9999123452,1,1
MP00005360,MP00005360,2023-09-07,13:58:27,PL001,MIL0037798,x@x.com,9999123456,9999123451,9999123452,1,1
MP00005361,MP00005361,2023-09-07,13:58:27,PL011,MIL0176138,x@x.com,9999123456,9999123451,9999123452,1,1
MP00005362,MP00005362,2023-09-07,13:58:27,PL001,MIL0385293,x@x.com,9999123456,9999123451,9999123452,1,1
MP00005363,MP00005363,2023-09-07,13:58:27,PL007,MIL0369054,x@x.com,9999123456,9999123451,9999123452,1,1
MP00005364,MP00005364,2023-09-07,13:58:27,PL004,MIL0274947,x@x.com,9999123456,9999123451,9999123452,1,1
MP00005365,MP00005365,2023-09-07,13:58:27,PL003,MIL0169228,x@x.com,9999123456,9999123451,9999123452,1,1
MP00005366,MP00005366,2023-09-07,13:58:27,PL012,MIL0401485,x@x.com,9999123456,9999123451,9999123452,1,1
MP00005367,MP00005367,2023-09-07,13:58:27,PL013,MIL0475622,x@x.com,9999123456,9999123451,9999123452,1,1
MP00005368,MP00005368,2023-09-07,13:58:27,PL007,MIL0399146,x@x.com,9999123456,9999123451,9999123452,1,1
MP00005369,MP00005369,2023-09-07,13:58:27,PL003,MIL0128663,x@x.com,9999123456,9999123451,9999123452,1,1
MP00005370,MP00005370,2023-09-07,13:58:27,PL004,MIL0478607,x@x.com,9999123456,9999123451,9999123452,1,1
MP00005371,MP00005371,2023-09-07,13:58:27,PL007,MIL0093742,x@x.com,9999123456,9999123451,9999123452,1,1
MP00005372,MP00005372,2023-09-07,13:58:27,PL013,MIL0198713,x@x.com,9999123456,9999123451,9999123452,1,1
MP00005373,MP00005373,2023-09-07,13:58:27,PL010,MIL0132232,x@x.com,9999123456,9999123451,9999123452,1,1
MP00005374,MP00005374,2023-09-07,13:58:27,PL003,MIL0369068,x@x.com,9999123456,9999123451,9999123452,1,1
MP00005375,MP00005375,2023-09-07,13:58:27,PL004,MIL0258157,x@x.com,9999123456,9999123451,9999123452,1,1
MP00005376,MP00005376,2023-09-07,13:58:27,PL002,MIL0256671,x@x.com,9999123456,9999123451,9999123452,1,1
MP00005377,MP00005377,2023-09-07,13:58:27,PL013,MIL0140234,x@x.com,9999123456,9999123451,9999123452,1,1
MP00005378,MP00005378,2023-09-07,13:58:27,PL007,MIL0085194,x@x.com,9999123456,9999123451,9999123452,1,1
MP00005379,MP00005379,2023-09-07,13:58:27,PL007,MIL0167167,x@x.com,9999123456,9999123451,9999123452,1,1
MP00005380,MP00005380,2023-09-07,13:58:27,PL008,MIL0185842,x@x.com,9999123456,9999123451,9999123452,1,1
MP00005381,MP00005381,2023-09-07,13:58:27,PL002,MIL0369357,x@x.com,9999123456,9999123451,9999123452,1,1
MP00005382,MP00005382,2023-09-07,13:58:27,PL010,MIL0155393,x@x.com,9999123456,9999123451,9999123452,1,1
MP00005383,MP00005383,2023-09-07,13:58:27,PL013,MIL0530329,x@x.com,9999123456,9999123451,9999123452,1,1
MP00005384,MP00005384,2023-09-07,13:58:27,PL011,MIL0081286,x@x.com,9999123456,9999123451,9999123452,1,1
MP00005385,MP00005385,2023-09-07,13:58:27,PL009,MIL0581296,x@x.com,9999123456,9999123451,9999123452,1,1
MP00005386,MP00005386,2023-09-07,13:58:27,PL006,MIL0153795,x@x.com,9999123456,9999123451,9999123452,1,1
MP00005387,MP00005387,2023-09-07,13:58:27,PL012,MIL0338445,x@x.com,9999123456,9999123451,9999123452,1,1
MP00005388,MP00005388,2023-09-07,13:58:27,PL007,MIL0237348,x@x.com,9999123456,9999123451,9999123452,1,1
MP00005389,MP00005389,2023-09-07,13:58:27,PL010,MIL0567370,x@x.com,9999123456,9999123451,9999123452,1,1
MP00005390,MP00005390,2023-09-07,13:58:27,PL004,MIL0468751,x@x.com,9999123456,9999123451,9999123452,1,1
MP00005391,MP00005391,2023-09-07,13:58:27,PL003,MIL0113176,x@x.com,9999123456,9999123451,9999123452,1,1
MP00005392,MP00005392,2023-09-07,13:58:27,PL006,MIL0472489,x@x.com,9999123456,9999123451,9999123452,1,1
MP00005393,MP00005393,2023-09-07,13:58:27,PL008,MIL0238625,x@x.com,9999123456,9999123451,9999123452,1,1
MP00005394,MP00005394,2023-09-07,13:58:27,PL005,MIL0518606,x@x.com,9999123456,9999123451,9999123452,1,1
MP00005395,MP00005395,2023-09-07,13:58:27,PL012,MIL0408500,x@x.com,9999123456,9999123451,9999123452,1,1
MP00005396,MP00005396,2023-09-07,13:58:27,PL005,MIL0558416,x@x.com,9999123456,9999123451,9999123452,1,1
MP00005397,MP00005397,2023-09-07,13:58:27,PL005,MIL0009112,x@x.com,9999123456,9999123451,9999123452,1,1
MP00005398,MP00005398,2023-09-07,13:58:27,PL008,MIL0574933,x@x.com,9999123456,9999123451,9999123452,1,1
MP00005399,MP00005399,2023-09-07,13:58:27,PL010,MIL0268838,x@x.com,9999123456,9999123451,9999123452,1,1
MP00005400,MP00005400,2023-09-07,13:58:27,PL012,MIL0518341,x@x.com,9999123456,9999123451,9999123452,1,1
MP00005401,MP00005401,2023-09-07,13:58:27,PL006,MIL0183693,x@x.com,9999123456,9999123451,9999123452,1,1
MP00005402,MP00005402,2023-09-07,13:58:27,PL012,MIL0088052,x@x.com,9999123456,9999123451,9999123452,1,1
MP00005403,MP00005403,2023-09-07,13:58:27,PL003,MIL0238177,x@x.com,9999123456,9999123451,9999123452,1,1
MP00005404,MP00005404,2023-09-07,13:58:27,PL006,MIL0216295,x@x.com,9999123456,9999123451,9999123452,1,1
MP00005405,MP00005405,2023-09-07,13:58:27,PL002,MIL0491408,x@x.com,9999123456,9999123451,9999123452,1,1
MP00005406,MP00005406,2023-09-07,13:58:27,PL010,MIL0405737,x@x.com,9999123456,9999123451,9999123452,1,1
MP00005407,MP00005407,2023-09-07,13:58:27,PL005,MIL0223555,x@x.com,9999123456,9999123451,9999123452,1,1
MP00005408,MP00005408,2023-09-07,13:58:27,PL002,MIL0523204,x@x.com,9999123456,9999123451,9999123452,1,1
MP00005409,MP00005409,2023-09-07,13:58:27,PL011,MIL0358357,x@x.com,9999123456,9999123451,9999123452,1,1
MP00005410,MP00005410,2023-09-07,13:58:27,PL006,MIL0133953,x@x.com,9999123456,9999123451,9999123452,1,1
MP00005411,MP00005411,2023-09-07,13:58:27,PL005,MIL0571364,x@x.com,9999123456,9999123451,9999123452,1,1
MP00005412,MP00005412,2023-09-07,13:58:27,PL012,MIL0267515,x@x.com,9999123456,9999123451,9999123452,1,1
MP00005413,MP00005413,2023-09-07,13:58:27,PL007,MIL0197033,x@x.com,9999123456,9999123451,9999123452,1,1
MP00005414,MP00005414,2023-09-07,13:58:27,PL004,MIL0375553,x@x.com,9999123456,9999123451,9999123452,1,1
MP00005415,MP00005415,2023-09-07,13:58:27,PL011,MIL0261847,x@x.com,9999123456,9999123451,9999123452,1,1
MP00005416,MP00005416,2023-09-07,13:58:27,PL012,MIL0065097,x@x.com,9999123456,9999123451,9999123452,1,1
MP00005417,MP00005417,2023-09-07,13:58:27,PL005,MIL0147827,x@x.com,9999123456,9999123451,9999123452,1,1
MP00005418,MP00005418,2023-09-07,13:58:27,PL001,MIL0337084,x@x.com,9999123456,9999123451,9999123452,1,1
MP00005419,MP00005419,2023-09-07,13:58:27,PL001,MIL0222159,x@x.com,9999123456,9999123451,9999123452,1,1
MP00005420,MP00005420,2023-09-07,13:58:27,PL002,MIL0579844,x@x.com,9999123456,9999123451,9999123452,1,1
MP00005421,MP00005421,2023-09-07,13:58:27,PL005,MIL0382626,x@x.com,9999123456,9999123451,9999123452,1,1
MP00005422,MP00005422,2023-09-07,13:58:27,PL001,MIL0579145,x@x.com,9999123456,9999123451,9999123452,1,1
MP00005423,MP00005423,2023-09-07,13:58:27,PL003,MIL0015518,x@x.com,9999123456,9999123451,9999123452,1,1
MP00005424,MP00005424,2023-09-07,13:58:27,PL006,MIL0278495,x@x.com,9999123456,9999123451,9999123452,1,1
MP00005425,MP00005425,2023-09-07,13:58:27,PL007,MIL0210765,x@x.com,9999123456,9999123451,9999123452,1,1
MP00005426,MP00005426,2023-09-07,13:58:27,PL008,MIL0066694,x@x.com,9999123456,9999123451,9999123452,1,1
MP00005427,MP00005427,2023-09-07,13:58:27,PL010,MIL0061697,x@x.com,9999123456,9999123451,9999123452,1,1
MP00005428,MP00005428,2023-09-07,13:58:27,PL005,MIL0057624,x@x.com,9999123456,9999123451,9999123452,1,1
MP00005429,MP00005429,2023-09-07,13:58:27,PL008,MIL0308527,x@x.com,9999123456,9999123451,9999123452,1,1
MP00005430,MP00005430,2023-09-07,13:58:27,PL008,MIL0281744,x@x.com,9999123456,9999123451,9999123452,1,1
MP00005431,MP00005431,2023-09-07,13:58:27,PL008,MIL0361191,x@x.com,9999123456,9999123451,9999123452,1,1
MP00005432,MP00005432,2023-09-07,13:58:27,PL003,MIL0195960,x@x.com,9999123456,9999123451,9999123452,1,1
MP00005433,MP00005433,2023-09-07,13:58:27,PL013,MIL0479291,x@x.com,9999123456,9999123451,9999123452,1,1
MP00005434,MP00005434,2023-09-07,13:58:27,PL002,MIL0530379,x@x.com,9999123456,9999123451,9999123452,1,1
MP00005435,MP00005435,2023-09-07,13:58:27,PL013,MIL0429942,x@x.com,9999123456,9999123451,9999123452,1,1
MP00005436,MP00005436,2023-09-07,13:58:27,PL013,MIL0203533,x@x.com,9999123456,9999123451,9999123452,1,1
MP00005437,MP00005437,2023-09-07,13:58:27,PL010,MIL0195782,x@x.com,9999123456,9999123451,9999123452,1,1
MP00005438,MP00005438,2023-09-07,13:58:27,PL010,MIL0370046,x@x.com,9999123456,9999123451,9999123452,1,1
MP00005439,MP00005439,2023-09-07,13:58:27,PL007,MIL0142499,x@x.com,9999123456,9999123451,9999123452,1,1
MP00005440,MP00005440,2023-09-07,13:58:27,PL011,MIL0178953,x@x.com,9999123456,9999123451,9999123452,1,1
MP00005441,MP00005441,2023-09-07,13:58:27,PL004,MIL0504893,x@x.com,9999123456,9999123451,9999123452,1,1
MP00005442,MP00005442,2023-09-07,13:58:27,PL010,MIL0104208,x@x.com,9999123456,9999123451,9999123452,1,1
MP00005443,MP00005443,2023-09-07,13:58:27,PL009,MIL0132692,x@x.com,9999123456,9999123451,9999123452,1,1
MP00005444,MP00005444,2023-09-07,13:58:27,PL009,MIL0414887,x@x.com,9999123456,9999123451,9999123452,1,1
MP00005445,MP00005445,2023-09-07,13:58:27,PL007,MIL0505253,x@x.com,9999123456,9999123451,9999123452,1,1
MP00005446,MP00005446,2023-09-07,13:58:27,PL004,MIL0244806,x@x.com,9999123456,9999123451,9999123452,1,1
MP00005447,MP00005447,2023-09-07,13:58:27,PL005,MIL0216015,x@x.com,9999123456,9999123451,9999123452,1,1
MP00005448,MP00005448,2023-09-07,13:58:27,PL013,MIL0257022,x@x.com,9999123456,9999123451,9999123452,1,1
MP00005449,MP00005449,2023-09-07,13:58:27,PL011,MIL0219877,x@x.com,9999123456,9999123451,9999123452,1,1
MP00005450,MP00005450,2023-09-07,13:58:27,PL006,MIL0542685,x@x.com,9999123456,9999123451,9999123452,1,1
MP00005451,MP00005451,2023-09-07,13:58:27,PL013,MIL0499847,x@x.com,9999123456,9999123451,9999123452,1,1
MP00005452,MP00005452,2023-09-07,13:58:27,PL011,MIL0088609,x@x.com,9999123456,9999123451,9999123452,1,1
MP00005453,MP00005453,2023-09-07,13:58:27,PL003,MIL0141160,x@x.com,9999123456,9999123451,9999123452,1,1
MP00005454,MP00005454,2023-09-07,13:58:27,PL003,MIL0330134,x@x.com,9999123456,9999123451,9999123452,1,1
MP00005455,MP00005455,2023-09-07,13:58:27,PL009,MIL0095900,x@x.com,9999123456,9999123451,9999123452,1,1
MP00005456,MP00005456,2023-09-07,13:58:27,PL004,MIL0411318,x@x.com,9999123456,9999123451,9999123452,1,1
MP00005457,MP00005457,2023-09-07,13:58:27,PL009,MIL0343614,x@x.com,9999123456,9999123451,9999123452,1,1
MP00005458,MP00005458,2023-09-07,13:58:27,PL011,MIL0234565,x@x.com,9999123456,9999123451,9999123452,1,1
MP00005459,MP00005459,2023-09-07,13:58:27,PL012,MIL0508864,x@x.com,9999123456,9999123451,9999123452,1,1
MP00005460,MP00005460,2023-09-07,13:58:27,PL004,MIL0492007,x@x.com,9999123456,9999123451,9999123452,1,1
MP00005461,MP00005461,2023-09-07,13:58:27,PL005,MIL0439232,x@x.com,9999123456,9999123451,9999123452,1,1
MP00005462,MP00005462,2023-09-07,13:58:27,PL004,MIL0523176,x@x.com,9999123456,9999123451,9999123452,1,1
MP00005463,MP00005463,2023-09-07,13:58:27,PL011,MIL0442423,x@x.com,9999123456,9999123451,9999123452,1,1
MP00005464,MP00005464,2023-09-07,13:58:27,PL003,MIL0391174,x@x.com,9999123456,9999123451,9999123452,1,1
MP00005465,MP00005465,2023-09-07,13:58:27,PL010,MIL0232647,x@x.com,9999123456,9999123451,9999123452,1,1
MP00005466,MP00005466,2023-09-07,13:58:27,PL002,MIL0433004,x@x.com,9999123456,9999123451,9999123452,1,1
MP00005467,MP00005467,2023-09-07,13:58:27,PL004,MIL0021951,x@x.com,9999123456,9999123451,9999123452,1,1
MP00005468,MP00005468,2023-09-07,13:58:27,PL005,MIL0134941,x@x.com,9999123456,9999123451,9999123452,1,1
MP00005469,MP00005469,2023-09-07,13:58:27,PL011,MIL0296780,x@x.com,9999123456,9999123451,9999123452,1,1
MP00005470,MP00005470,2023-09-07,13:58:27,PL008,MIL0030691,x@x.com,9999123456,9999123451,9999123452,1,1
MP00005471,MP00005471,2023-09-07,13:58:27,PL005,MIL0081211,x@x.com,9999123456,9999123451,9999123452,1,1
MP00005472,MP00005472,2023-09-07,13:58:27,PL010,MIL0108125,x@x.com,9999123456,9999123451,9999123452,1,1
MP00005473,MP00005473,2023-09-07,13:58:27,PL001,MIL0051363,x@x.com,9999123456,9999123451,9999123452,1,1
MP00005474,MP00005474,2023-09-07,13:58:27,PL003,MIL0472584,x@x.com,9999123456,9999123451,9999123452,1,1
MP00005475,MP00005475,2023-09-07,13:58:27,PL005,MIL0091455,x@x.com,9999123456,9999123451,9999123452,1,1
MP00005476,MP00005476,2023-09-07,13:58:27,PL002,MIL0048154,x@x.com,9999123456,9999123451,9999123452,1,1
MP00005477,MP00005477,2023-09-07,13:58:27,PL009,MIL0072326,x@x.com,9999123456,9999123451,9999123452,1,1
MP00005478,MP00005478,2023-09-07,13:58:27,PL010,MIL0098036,x@x.com,9999123456,9999123451,9999123452,1,1
MP00005479,MP00005479,2023-09-07,13:58:27,PL007,MIL0471386,x@x.com,9999123456,9999123451,9999123452,1,1
MP00005480,MP00005480,2023-09-07,13:58:27,PL006,MIL0580698,x@x.com,9999123456,9999123451,9999123452,1,1
MP00005481,MP00005481,2023-09-07,13:58:27,PL011,MIL0146358,x@x.com,9999123456,9999123451,9999123452,1,1
MP00005482,MP00005482,2023-09-07,13:58:27,PL004,MIL0491495,x@x.com,9999123456,9999123451,9999123452,1,1
MP00005483,MP00005483,2023-09-07,13:58:27,PL010,MIL0300256,x@x.com,9999123456,9999123451,9999123452,1,1
MP00005484,MP00005484,2023-09-07,13:58:27,PL011,MIL0402123,x@x.com,9999123456,9999123451,9999123452,1,1
MP00005485,MP00005485,2023-09-07,13:58:27,PL004,MIL0084877,x@x.com,9999123456,9999123451,9999123452,1,1
MP00005486,MP00005486,2023-09-07,13:58:27,PL013,MIL0452024,x@x.com,9999123456,9999123451,9999123452,1,1
MP00005487,MP00005487,2023-09-07,13:58:27,PL008,MIL0277233,x@x.com,9999123456,9999123451,9999123452,1,1
MP00005488,MP00005488,2023-09-07,13:58:27,PL003,MIL0137474,x@x.com,9999123456,9999123451,9999123452,1,1
MP00005489,MP00005489,2023-09-07,13:58:27,PL011,MIL0244994,x@x.com,9999123456,9999123451,9999123452,1,1
MP00005490,MP00005490,2023-09-07,13:58:27,PL004,MIL0084822,x@x.com,9999123456,9999123451,9999123452,1,1
MP00005491,MP00005491,2023-09-07,13:58:27,PL002,MIL0309781,x@x.com,9999123456,9999123451,9999123452,1,1
MP00005492,MP00005492,2023-09-07,13:58:27,PL005,MIL0365856,x@x.com,9999123456,9999123451,9999123452,1,1
MP00005493,MP00005493,2023-09-07,13:58:27,PL013,MIL0044157,x@x.com,9999123456,9999123451,9999123452,1,1
MP00005494,MP00005494,2023-09-07,13:58:27,PL011,MIL0200414,x@x.com,9999123456,9999123451,9999123452,1,1
MP00005495,MP00005495,2023-09-07,13:58:27,PL004,MIL0151549,x@x.com,9999123456,9999123451,9999123452,1,1
MP00005496,MP00005496,2023-09-07,13:58:27,PL010,MIL0332964,x@x.com,9999123456,9999123451,9999123452,1,1
MP00005497,MP00005497,2023-09-07,13:58:27,PL005,MIL0547107,x@x.com,9999123456,9999123451,9999123452,1,1
MP00005498,MP00005498,2023-09-07,13:58:27,PL003,MIL0379821,x@x.com,9999123456,9999123451,9999123452,1,1
MP00005499,MP00005499,2023-09-07,13:58:27,PL005,MIL0413590,x@x.com,9999123456,9999123451,9999123452,1,1
MP00005500,MP00005500,2023-09-07,13:58:27,PL004,MIL0000490,x@x.com,9999123456,9999123451,9999123452,1,1
MP00005501,MP00005501,2023-09-07,13:58:27,PL011,MIL0278626,x@x.com,9999123456,9999123451,9999123452,1,1
MP00005502,MP00005502,2023-09-07,13:58:27,PL011,MIL0043290,x@x.com,9999123456,9999123451,9999123452,1,1
MP00005503,MP00005503,2023-09-07,13:58:27,PL008,MIL0528609,x@x.com,9999123456,9999123451,9999123452,1,1
MP00005504,MP00005504,2023-09-07,13:58:27,PL002,MIL0001816,x@x.com,9999123456,9999123451,9999123452,1,1
MP00005505,MP00005505,2023-09-07,13:58:27,PL008,MIL0274579,x@x.com,9999123456,9999123451,9999123452,1,1
MP00005506,MP00005506,2023-09-07,13:58:27,PL013,MIL0421996,x@x.com,9999123456,9999123451,9999123452,1,1
MP00005507,MP00005507,2023-09-07,13:58:27,PL011,MIL0284941,x@x.com,9999123456,9999123451,9999123452,1,1
MP00005508,MP00005508,2023-09-07,13:58:27,PL005,MIL0014115,x@x.com,9999123456,9999123451,9999123452,1,1
MP00005509,MP00005509,2023-09-07,13:58:27,PL008,MIL0560153,x@x.com,9999123456,9999123451,9999123452,1,1
MP00005510,MP00005510,2023-09-07,13:58:27,PL003,MIL0041679,x@x.com,9999123456,9999123451,9999123452,1,1
MP00005511,MP00005511,2023-09-07,13:58:27,PL008,MIL0445325,x@x.com,9999123456,9999123451,9999123452,1,1
MP00005512,MP00005512,2023-09-07,13:58:27,PL001,MIL0105436,x@x.com,9999123456,9999123451,9999123452,1,1
MP00005513,MP00005513,2023-09-07,13:58:27,PL005,MIL0313638,x@x.com,9999123456,9999123451,9999123452,1,1
MP00005514,MP00005514,2023-09-07,13:58:27,PL002,MIL0543119,x@x.com,9999123456,9999123451,9999123452,1,1
MP00005515,MP00005515,2023-09-07,13:58:27,PL002,MIL0214015,x@x.com,9999123456,9999123451,9999123452,1,1
MP00005516,MP00005516,2023-09-07,13:58:27,PL005,MIL0475988,x@x.com,9999123456,9999123451,9999123452,1,1
MP00005517,MP00005517,2023-09-07,13:58:27,PL002,MIL0472109,x@x.com,9999123456,9999123451,9999123452,1,1
MP00005518,MP00005518,2023-09-07,13:58:27,PL003,MIL0323329,x@x.com,9999123456,9999123451,9999123452,1,1
MP00005519,MP00005519,2023-09-07,13:58:27,PL006,MIL0216830,x@x.com,9999123456,9999123451,9999123452,1,1
MP00005520,MP00005520,2023-09-07,13:58:27,PL005,MIL0030716,x@x.com,9999123456,9999123451,9999123452,1,1
MP00005521,MP00005521,2023-09-07,13:58:27,PL005,MIL0228843,x@x.com,9999123456,9999123451,9999123452,1,1
MP00005522,MP00005522,2023-09-07,13:58:27,PL001,MIL0378184,x@x.com,9999123456,9999123451,9999123452,1,1
MP00005523,MP00005523,2023-09-07,13:58:27,PL007,MIL0271924,x@x.com,9999123456,9999123451,9999123452,1,1
MP00005524,MP00005524,2023-09-07,13:58:27,PL003,MIL0031932,x@x.com,9999123456,9999123451,9999123452,1,1
MP00005525,MP00005525,2023-09-07,13:58:27,PL011,MIL0579132,x@x.com,9999123456,9999123451,9999123452,1,1
MP00005526,MP00005526,2023-09-07,13:58:27,PL011,MIL0217852,x@x.com,9999123456,9999123451,9999123452,1,1
MP00005527,MP00005527,2023-09-07,13:58:27,PL011,MIL0108138,x@x.com,9999123456,9999123451,9999123452,1,1
MP00005528,MP00005528,2023-09-07,13:58:27,PL008,MIL0255737,x@x.com,9999123456,9999123451,9999123452,1,1
MP00005529,MP00005529,2023-09-07,13:58:27,PL008,MIL0287142,x@x.com,9999123456,9999123451,9999123452,1,1
MP00005530,MP00005530,2023-09-07,13:58:27,PL007,MIL0381162,x@x.com,9999123456,9999123451,9999123452,1,1
MP00005531,MP00005531,2023-09-07,13:58:27,PL004,MIL0559314,x@x.com,9999123456,9999123451,9999123452,1,1
MP00005532,MP00005532,2023-09-07,13:58:27,PL007,MIL0136699,x@x.com,9999123456,9999123451,9999123452,1,1
MP00005533,MP00005533,2023-09-07,13:58:27,PL001,MIL0363260,x@x.com,9999123456,9999123451,9999123452,1,1
MP00005534,MP00005534,2023-09-07,13:58:27,PL007,MIL0538767,x@x.com,9999123456,9999123451,9999123452,1,1
MP00005535,MP00005535,2023-09-07,13:58:27,PL004,MIL0445462,x@x.com,9999123456,9999123451,9999123452,1,1
MP00005536,MP00005536,2023-09-07,13:58:27,PL012,MIL0560863,x@x.com,9999123456,9999123451,9999123452,1,1
MP00005537,MP00005537,2023-09-07,13:58:27,PL003,MIL0240829,x@x.com,9999123456,9999123451,9999123452,1,1
MP00005538,MP00005538,2023-09-07,13:58:27,PL008,MIL0371631,x@x.com,9999123456,9999123451,9999123452,1,1
MP00005539,MP00005539,2023-09-07,13:58:27,PL003,MIL0252059,x@x.com,9999123456,9999123451,9999123452,1,1
MP00005540,MP00005540,2023-09-07,13:58:27,PL009,MIL0053365,x@x.com,9999123456,9999123451,9999123452,1,1
MP00005541,MP00005541,2023-09-07,13:58:27,PL008,MIL0536452,x@x.com,9999123456,9999123451,9999123452,1,1
MP00005542,MP00005542,2023-09-07,13:58:27,PL002,MIL0015690,x@x.com,9999123456,9999123451,9999123452,1,1
MP00005543,MP00005543,2023-09-07,13:58:27,PL007,MIL0513561,x@x.com,9999123456,9999123451,9999123452,1,1
MP00005544,MP00005544,2023-09-07,13:58:27,PL009,MIL0171152,x@x.com,9999123456,9999123451,9999123452,1,1
MP00005545,MP00005545,2023-09-07,13:58:27,PL011,MIL0392388,x@x.com,9999123456,9999123451,9999123452,1,1
MP00005546,MP00005546,2023-09-07,13:58:27,PL003,MIL0013569,x@x.com,9999123456,9999123451,9999123452,1,1
MP00005547,MP00005547,2023-09-07,13:58:27,PL010,MIL0355714,x@x.com,9999123456,9999123451,9999123452,1,1
MP00005548,MP00005548,2023-09-07,13:58:27,PL009,MIL0557169,x@x.com,9999123456,9999123451,9999123452,1,1
MP00005549,MP00005549,2023-09-07,13:58:27,PL011,MIL0338335,x@x.com,9999123456,9999123451,9999123452,1,1
MP00005550,MP00005550,2023-09-07,13:58:27,PL012,MIL0429716,x@x.com,9999123456,9999123451,9999123452,1,1
MP00005551,MP00005551,2023-09-07,13:58:27,PL011,MIL0349836,x@x.com,9999123456,9999123451,9999123452,1,1
MP00005552,MP00005552,2023-09-07,13:58:27,PL004,MIL0466515,x@x.com,9999123456,9999123451,9999123452,1,1
MP00005553,MP00005553,2023-09-07,13:58:27,PL001,MIL0254467,x@x.com,9999123456,9999123451,9999123452,1,1
MP00005554,MP00005554,2023-09-07,13:58:27,PL011,MIL0237331,x@x.com,9999123456,9999123451,9999123452,1,1
MP00005555,MP00005555,2023-09-07,13:58:27,PL007,MIL0196070,x@x.com,9999123456,9999123451,9999123452,1,1
MP00005556,MP00005556,2023-09-07,13:58:27,PL011,MIL0261415,x@x.com,9999123456,9999123451,9999123452,1,1
MP00005557,MP00005557,2023-09-07,13:58:27,PL011,MIL0002675,x@x.com,9999123456,9999123451,9999123452,1,1
MP00005558,MP00005558,2023-09-07,13:58:27,PL002,MIL0036540,x@x.com,9999123456,9999123451,9999123452,1,1
MP00005559,MP00005559,2023-09-07,13:58:27,PL001,MIL0443962,x@x.com,9999123456,9999123451,9999123452,1,1
MP00005560,MP00005560,2023-09-07,13:58:27,PL010,MIL0518842,x@x.com,9999123456,9999123451,9999123452,1,1
MP00005561,MP00005561,2023-09-07,13:58:27,PL004,MIL0005295,x@x.com,9999123456,9999123451,9999123452,1,1
MP00005562,MP00005562,2023-09-07,13:58:27,PL009,MIL0511160,x@x.com,9999123456,9999123451,9999123452,1,1
MP00005563,MP00005563,2023-09-07,13:58:27,PL005,MIL0540916,x@x.com,9999123456,9999123451,9999123452,1,1
MP00005564,MP00005564,2023-09-07,13:58:27,PL003,MIL0176005,x@x.com,9999123456,9999123451,9999123452,1,1
MP00005565,MP00005565,2023-09-07,13:58:27,PL007,MIL0435043,x@x.com,9999123456,9999123451,9999123452,1,1
MP00005566,MP00005566,2023-09-07,13:58:27,PL006,MIL0121783,x@x.com,9999123456,9999123451,9999123452,1,1
MP00005567,MP00005567,2023-09-07,13:58:27,PL011,MIL0580848,x@x.com,9999123456,9999123451,9999123452,1,1
MP00005568,MP00005568,2023-09-07,13:58:27,PL011,MIL0189923,x@x.com,9999123456,9999123451,9999123452,1,1
MP00005569,MP00005569,2023-09-07,13:58:27,PL008,MIL0092817,x@x.com,9999123456,9999123451,9999123452,1,1
MP00005570,MP00005570,2023-09-07,13:58:27,PL007,MIL0533691,x@x.com,9999123456,9999123451,9999123452,1,1
MP00005571,MP00005571,2023-09-07,13:58:27,PL012,MIL0239739,x@x.com,9999123456,9999123451,9999123452,1,1
MP00005572,MP00005572,2023-09-07,13:58:27,PL011,MIL0277809,x@x.com,9999123456,9999123451,9999123452,1,1
MP00005573,MP00005573,2023-09-07,13:58:27,PL012,MIL0186641,x@x.com,9999123456,9999123451,9999123452,1,1
MP00005574,MP00005574,2023-09-07,13:58:27,PL005,MIL0403475,x@x.com,9999123456,9999123451,9999123452,1,1
MP00005575,MP00005575,2023-09-07,13:58:27,PL009,MIL0066619,x@x.com,9999123456,9999123451,9999123452,1,1
MP00005576,MP00005576,2023-09-07,13:58:27,PL012,MIL0173461,x@x.com,9999123456,9999123451,9999123452,1,1
MP00005577,MP00005577,2023-09-07,13:58:27,PL001,MIL0129592,x@x.com,9999123456,9999123451,9999123452,1,1
MP00005578,MP00005578,2023-09-07,13:58:27,PL004,MIL0454722,x@x.com,9999123456,9999123451,9999123452,1,1
MP00005579,MP00005579,2023-09-07,13:58:27,PL013,MIL0571739,x@x.com,9999123456,9999123451,9999123452,1,1
MP00005580,MP00005580,2023-09-07,13:58:27,PL002,MIL0004327,x@x.com,9999123456,9999123451,9999123452,1,1
MP00005581,MP00005581,2023-09-07,13:58:27,PL011,MIL0020839,x@x.com,9999123456,9999123451,9999123452,1,1
MP00005582,MP00005582,2023-09-07,13:58:27,PL008,MIL0469347,x@x.com,9999123456,9999123451,9999123452,1,1
MP00005583,MP00005583,2023-09-07,13:58:27,PL009,MIL0486692,x@x.com,9999123456,9999123451,9999123452,1,1
MP00005584,MP00005584,2023-09-07,13:58:27,PL001,MIL0339799,x@x.com,9999123456,9999123451,9999123452,1,1
MP00005585,MP00005585,2023-09-07,13:58:27,PL010,MIL0459165,x@x.com,9999123456,9999123451,9999123452,1,1
MP00005586,MP00005586,2023-09-07,13:58:27,PL012,MIL0150650,x@x.com,9999123456,9999123451,9999123452,1,1
MP00005587,MP00005587,2023-09-07,13:58:27,PL002,MIL0275063,x@x.com,9999123456,9999123451,9999123452,1,1
MP00005588,MP00005588,2023-09-07,13:58:27,PL006,MIL0527481,x@x.com,9999123456,9999123451,9999123452,1,1
MP00005589,MP00005589,2023-09-07,13:58:27,PL011,MIL0556826,x@x.com,9999123456,9999123451,9999123452,1,1
MP00005590,MP00005590,2023-09-07,13:58:27,PL008,MIL0060401,x@x.com,9999123456,9999123451,9999123452,1,1
MP00005591,MP00005591,2023-09-07,13:58:27,PL006,MIL0071151,x@x.com,9999123456,9999123451,9999123452,1,1
MP00005592,MP00005592,2023-09-07,13:58:27,PL009,MIL0288370,x@x.com,9999123456,9999123451,9999123452,1,1
MP00005593,MP00005593,2023-09-07,13:58:27,PL007,MIL0232343,x@x.com,9999123456,9999123451,9999123452,1,1
MP00005594,MP00005594,2023-09-07,13:58:27,PL001,MIL0230792,x@x.com,9999123456,9999123451,9999123452,1,1
MP00005595,MP00005595,2023-09-07,13:58:27,PL011,MIL0389942,x@x.com,9999123456,9999123451,9999123452,1,1
MP00005596,MP00005596,2023-09-07,13:58:27,PL010,MIL0365472,x@x.com,9999123456,9999123451,9999123452,1,1
MP00005597,MP00005597,2023-09-07,13:58:27,PL003,MIL0040325,x@x.com,9999123456,9999123451,9999123452,1,1
MP00005598,MP00005598,2023-09-07,13:58:27,PL013,MIL0246771,x@x.com,9999123456,9999123451,9999123452,1,1
MP00005599,MP00005599,2023-09-07,13:58:27,PL010,MIL0385545,x@x.com,9999123456,9999123451,9999123452,1,1
MP00005600,MP00005600,2023-09-07,13:58:27,PL009,MIL0254857,x@x.com,9999123456,9999123451,9999123452,1,1
MP00005601,MP00005601,2023-09-07,13:58:27,PL004,MIL0522378,x@x.com,9999123456,9999123451,9999123452,1,1
MP00005602,MP00005602,2023-09-07,13:58:27,PL006,MIL0579554,x@x.com,9999123456,9999123451,9999123452,1,1
MP00005603,MP00005603,2023-09-07,13:58:27,PL005,MIL0041491,x@x.com,9999123456,9999123451,9999123452,1,1
MP00005604,MP00005604,2023-09-07,13:58:27,PL007,MIL0243524,x@x.com,9999123456,9999123451,9999123452,1,1
MP00005605,MP00005605,2023-09-07,13:58:27,PL012,MIL0211392,x@x.com,9999123456,9999123451,9999123452,1,1
MP00005606,MP00005606,2023-09-07,13:58:27,PL011,MIL0406843,x@x.com,9999123456,9999123451,9999123452,1,1
MP00005607,MP00005607,2023-09-07,13:58:27,PL012,MIL0056556,x@x.com,9999123456,9999123451,9999123452,1,1
MP00005608,MP00005608,2023-09-07,13:58:27,PL011,MIL0395826,x@x.com,9999123456,9999123451,9999123452,1,1
MP00005609,MP00005609,2023-09-07,13:58:27,PL001,MIL0040475,x@x.com,9999123456,9999123451,9999123452,1,1
MP00005610,MP00005610,2023-09-07,13:58:27,PL005,MIL0150910,x@x.com,9999123456,9999123451,9999123452,1,1
MP00005611,MP00005611,2023-09-07,13:58:27,PL003,MIL0275496,x@x.com,9999123456,9999123451,9999123452,1,1
MP00005612,MP00005612,2023-09-07,13:58:27,PL009,MIL0166990,x@x.com,9999123456,9999123451,9999123452,1,1
MP00005613,MP00005613,2023-09-07,13:58:27,PL003,MIL0032532,x@x.com,9999123456,9999123451,9999123452,1,1
MP00005614,MP00005614,2023-09-07,13:58:27,PL013,MIL0335117,x@x.com,9999123456,9999123451,9999123452,1,1
MP00005615,MP00005615,2023-09-07,13:58:27,PL005,MIL0532629,x@x.com,9999123456,9999123451,9999123452,1,1
MP00005616,MP00005616,2023-09-07,13:58:27,PL009,MIL0447401,x@x.com,9999123456,9999123451,9999123452,1,1
MP00005617,MP00005617,2023-09-07,13:58:27,PL012,MIL0479811,x@x.com,9999123456,9999123451,9999123452,1,1
MP00005618,MP00005618,2023-09-07,13:58:27,PL006,MIL0138227,x@x.com,9999123456,9999123451,9999123452,1,1
MP00005619,MP00005619,2023-09-07,13:58:27,PL008,MIL0532193,x@x.com,9999123456,9999123451,9999123452,1,1
MP00005620,MP00005620,2023-09-07,13:58:27,PL003,MIL0328764,x@x.com,9999123456,9999123451,9999123452,1,1
MP00005621,MP00005621,2023-09-07,13:58:27,PL002,MIL0039253,x@x.com,9999123456,9999123451,9999123452,1,1
MP00005622,MP00005622,2023-09-07,13:58:27,PL002,MIL0314404,x@x.com,9999123456,9999123451,9999123452,1,1
MP00005623,MP00005623,2023-09-07,13:58:27,PL004,MIL0496993,x@x.com,9999123456,9999123451,9999123452,1,1
MP00005624,MP00005624,2023-09-07,13:58:27,PL004,MIL0167113,x@x.com,9999123456,9999123451,9999123452,1,1
MP00005625,MP00005625,2023-09-07,13:58:27,PL008,MIL0072728,x@x.com,9999123456,9999123451,9999123452,1,1
MP00005626,MP00005626,2023-09-07,13:58:27,PL010,MIL0114009,x@x.com,9999123456,9999123451,9999123452,1,1
MP00005627,MP00005627,2023-09-07,13:58:27,PL005,MIL0291719,x@x.com,9999123456,9999123451,9999123452,1,1
MP00005628,MP00005628,2023-09-07,13:58:27,PL006,MIL0316137,x@x.com,9999123456,9999123451,9999123452,1,1
MP00005629,MP00005629,2023-09-07,13:58:27,PL010,MIL0521423,x@x.com,9999123456,9999123451,9999123452,1,1
MP00005630,MP00005630,2023-09-07,13:58:27,PL002,MIL0139654,x@x.com,9999123456,9999123451,9999123452,1,1
MP00005631,MP00005631,2023-09-07,13:58:27,PL002,MIL0352774,x@x.com,9999123456,9999123451,9999123452,1,1
MP00005632,MP00005632,2023-09-07,13:58:27,PL002,MIL0402369,x@x.com,9999123456,9999123451,9999123452,1,1
MP00005633,MP00005633,2023-09-07,13:58:27,PL010,MIL0357448,x@x.com,9999123456,9999123451,9999123452,1,1
MP00005634,MP00005634,2023-09-07,13:58:27,PL007,MIL0115675,x@x.com,9999123456,9999123451,9999123452,1,1
MP00005635,MP00005635,2023-09-07,13:58:27,PL013,MIL0093610,x@x.com,9999123456,9999123451,9999123452,1,1
MP00005636,MP00005636,2023-09-07,13:58:27,PL007,MIL0481607,x@x.com,9999123456,9999123451,9999123452,1,1
MP00005637,MP00005637,2023-09-07,13:58:27,PL012,MIL0004528,x@x.com,9999123456,9999123451,9999123452,1,1
MP00005638,MP00005638,2023-09-07,13:58:27,PL006,MIL0350820,x@x.com,9999123456,9999123451,9999123452,1,1
MP00005639,MP00005639,2023-09-07,13:58:27,PL007,MIL0359998,x@x.com,9999123456,9999123451,9999123452,1,1
MP00005640,MP00005640,2023-09-07,13:58:27,PL011,MIL0173628,x@x.com,9999123456,9999123451,9999123452,1,1
MP00005641,MP00005641,2023-09-07,13:58:27,PL001,MIL0403963,x@x.com,9999123456,9999123451,9999123452,1,1
MP00005642,MP00005642,2023-09-07,13:58:27,PL013,MIL0177789,x@x.com,9999123456,9999123451,9999123452,1,1
MP00005643,MP00005643,2023-09-07,13:58:27,PL011,MIL0002233,x@x.com,9999123456,9999123451,9999123452,1,1
MP00005644,MP00005644,2023-09-07,13:58:27,PL006,MIL0092848,x@x.com,9999123456,9999123451,9999123452,1,1
MP00005645,MP00005645,2023-09-07,13:58:27,PL009,MIL0446276,x@x.com,9999123456,9999123451,9999123452,1,1
MP00005646,MP00005646,2023-09-07,13:58:27,PL008,MIL0434562,x@x.com,9999123456,9999123451,9999123452,1,1
MP00005647,MP00005647,2023-09-07,13:58:27,PL001,MIL0166056,x@x.com,9999123456,9999123451,9999123452,1,1
MP00005648,MP00005648,2023-09-07,13:58:27,PL013,MIL0054594,x@x.com,9999123456,9999123451,9999123452,1,1
MP00005649,MP00005649,2023-09-07,13:58:27,PL010,MIL0379331,x@x.com,9999123456,9999123451,9999123452,1,1
MP00005650,MP00005650,2023-09-07,13:58:27,PL009,MIL0571623,x@x.com,9999123456,9999123451,9999123452,1,1
MP00005651,MP00005651,2023-09-07,13:58:27,PL009,MIL0245700,x@x.com,9999123456,9999123451,9999123452,1,1
MP00005652,MP00005652,2023-09-07,13:58:27,PL001,MIL0261988,x@x.com,9999123456,9999123451,9999123452,1,1
MP00005653,MP00005653,2023-09-07,13:58:27,PL003,MIL0110434,x@x.com,9999123456,9999123451,9999123452,1,1
MP00005654,MP00005654,2023-09-07,13:58:27,PL002,MIL0267851,x@x.com,9999123456,9999123451,9999123452,1,1
MP00005655,MP00005655,2023-09-07,13:58:27,PL009,MIL0544875,x@x.com,9999123456,9999123451,9999123452,1,1
MP00005656,MP00005656,2023-09-07,13:58:27,PL012,MIL0002223,x@x.com,9999123456,9999123451,9999123452,1,1
MP00005657,MP00005657,2023-09-07,13:58:27,PL011,MIL0213647,x@x.com,9999123456,9999123451,9999123452,1,1
MP00005658,MP00005658,2023-09-07,13:58:27,PL009,MIL0079145,x@x.com,9999123456,9999123451,9999123452,1,1
MP00005659,MP00005659,2023-09-07,13:58:27,PL001,MIL0089399,x@x.com,9999123456,9999123451,9999123452,1,1
MP00005660,MP00005660,2023-09-07,13:58:27,PL005,MIL0108755,x@x.com,9999123456,9999123451,9999123452,1,1
MP00005661,MP00005661,2023-09-07,13:58:27,PL003,MIL0457091,x@x.com,9999123456,9999123451,9999123452,1,1
MP00005662,MP00005662,2023-09-07,13:58:27,PL006,MIL0563396,x@x.com,9999123456,9999123451,9999123452,1,1
MP00005663,MP00005663,2023-09-07,13:58:27,PL009,MIL0497815,x@x.com,9999123456,9999123451,9999123452,1,1
MP00005664,MP00005664,2023-09-07,13:58:27,PL008,MIL0206457,x@x.com,9999123456,9999123451,9999123452,1,1
MP00005665,MP00005665,2023-09-07,13:58:27,PL012,MIL0320582,x@x.com,9999123456,9999123451,9999123452,1,1
MP00005666,MP00005666,2023-09-07,13:58:27,PL004,MIL0159304,x@x.com,9999123456,9999123451,9999123452,1,1
MP00005667,MP00005667,2023-09-07,13:58:27,PL004,MIL0025392,x@x.com,9999123456,9999123451,9999123452,1,1
MP00005668,MP00005668,2023-09-07,13:58:27,PL007,MIL0304572,x@x.com,9999123456,9999123451,9999123452,1,1
MP00005669,MP00005669,2023-09-07,13:58:27,PL003,MIL0057895,x@x.com,9999123456,9999123451,9999123452,1,1
MP00005670,MP00005670,2023-09-07,13:58:27,PL001,MIL0038317,x@x.com,9999123456,9999123451,9999123452,1,1
MP00005671,MP00005671,2023-09-07,13:58:27,PL007,MIL0274853,x@x.com,9999123456,9999123451,9999123452,1,1
MP00005672,MP00005672,2023-09-07,13:58:27,PL008,MIL0416348,x@x.com,9999123456,9999123451,9999123452,1,1
MP00005673,MP00005673,2023-09-07,13:58:27,PL012,MIL0085130,x@x.com,9999123456,9999123451,9999123452,1,1
MP00005674,MP00005674,2023-09-07,13:58:27,PL005,MIL0270685,x@x.com,9999123456,9999123451,9999123452,1,1
MP00005675,MP00005675,2023-09-07,13:58:27,PL009,MIL0533912,x@x.com,9999123456,9999123451,9999123452,1,1
MP00005676,MP00005676,2023-09-07,13:58:27,PL004,MIL0336581,x@x.com,9999123456,9999123451,9999123452,1,1
MP00005677,MP00005677,2023-09-07,13:58:27,PL005,MIL0466596,x@x.com,9999123456,9999123451,9999123452,1,1
MP00005678,MP00005678,2023-09-07,13:58:27,PL013,MIL0364416,x@x.com,9999123456,9999123451,9999123452,1,1
MP00005679,MP00005679,2023-09-07,13:58:27,PL007,MIL0126701,x@x.com,9999123456,9999123451,9999123452,1,1
MP00005680,MP00005680,2023-09-07,13:58:27,PL012,MIL0154631,x@x.com,9999123456,9999123451,9999123452,1,1
MP00005681,MP00005681,2023-09-07,13:58:27,PL012,MIL0079260,x@x.com,9999123456,9999123451,9999123452,1,1
MP00005682,MP00005682,2023-09-07,13:58:27,PL006,MIL0549824,x@x.com,9999123456,9999123451,9999123452,1,1
MP00005683,MP00005683,2023-09-07,13:58:27,PL010,MIL0325899,x@x.com,9999123456,9999123451,9999123452,1,1
MP00005684,MP00005684,2023-09-07,13:58:27,PL006,MIL0189017,x@x.com,9999123456,9999123451,9999123452,1,1
MP00005685,MP00005685,2023-09-07,13:58:27,PL008,MIL0420358,x@x.com,9999123456,9999123451,9999123452,1,1
MP00005686,MP00005686,2023-09-07,13:58:27,PL002,MIL0507232,x@x.com,9999123456,9999123451,9999123452,1,1
MP00005687,MP00005687,2023-09-07,13:58:27,PL011,MIL0365246,x@x.com,9999123456,9999123451,9999123452,1,1
MP00005688,MP00005688,2023-09-07,13:58:27,PL006,MIL0345550,x@x.com,9999123456,9999123451,9999123452,1,1
MP00005689,MP00005689,2023-09-07,13:58:27,PL013,MIL0446301,x@x.com,9999123456,9999123451,9999123452,1,1
MP00005690,MP00005690,2023-09-07,13:58:27,PL012,MIL0441588,x@x.com,9999123456,9999123451,9999123452,1,1
MP00005691,MP00005691,2023-09-07,13:58:27,PL008,MIL0258144,x@x.com,9999123456,9999123451,9999123452,1,1
MP00005692,MP00005692,2023-09-07,13:58:27,PL009,MIL0247463,x@x.com,9999123456,9999123451,9999123452,1,1
MP00005693,MP00005693,2023-09-07,13:58:27,PL005,MIL0577604,x@x.com,9999123456,9999123451,9999123452,1,1
MP00005694,MP00005694,2023-09-07,13:58:27,PL003,MIL0304096,x@x.com,9999123456,9999123451,9999123452,1,1
MP00005695,MP00005695,2023-09-07,13:58:27,PL008,MIL0283178,x@x.com,9999123456,9999123451,9999123452,1,1
MP00005696,MP00005696,2023-09-07,13:58:27,PL003,MIL0032935,x@x.com,9999123456,9999123451,9999123452,1,1
MP00005697,MP00005697,2023-09-07,13:58:27,PL002,MIL0580287,x@x.com,9999123456,9999123451,9999123452,1,1
MP00005698,MP00005698,2023-09-07,13:58:27,PL002,MIL0044566,x@x.com,9999123456,9999123451,9999123452,1,1
MP00005699,MP00005699,2023-09-07,13:58:27,PL007,MIL0040386,x@x.com,9999123456,9999123451,9999123452,1,1
MP00005700,MP00005700,2023-09-07,13:58:27,PL006,MIL0465566,x@x.com,9999123456,9999123451,9999123452,1,1
MP00005701,MP00005701,2023-09-07,13:58:27,PL009,MIL0275255,x@x.com,9999123456,9999123451,9999123452,1,1
MP00005702,MP00005702,2023-09-07,13:58:27,PL003,MIL0085432,x@x.com,9999123456,9999123451,9999123452,1,1
MP00005703,MP00005703,2023-09-07,13:58:27,PL003,MIL0493205,x@x.com,9999123456,9999123451,9999123452,1,1
MP00005704,MP00005704,2023-09-07,13:58:27,PL012,MIL0031877,x@x.com,9999123456,9999123451,9999123452,1,1
MP00005705,MP00005705,2023-09-07,13:58:27,PL003,MIL0139349,x@x.com,9999123456,9999123451,9999123452,1,1
MP00005706,MP00005706,2023-09-07,13:58:27,PL002,MIL0359411,x@x.com,9999123456,9999123451,9999123452,1,1
MP00005707,MP00005707,2023-09-07,13:58:27,PL009,MIL0525948,x@x.com,9999123456,9999123451,9999123452,1,1
MP00005708,MP00005708,2023-09-07,13:58:27,PL008,MIL0391309,x@x.com,9999123456,9999123451,9999123452,1,1
MP00005709,MP00005709,2023-09-07,13:58:27,PL008,MIL0297287,x@x.com,9999123456,9999123451,9999123452,1,1
MP00005710,MP00005710,2023-09-07,13:58:27,PL011,MIL0534650,x@x.com,9999123456,9999123451,9999123452,1,1
MP00005711,MP00005711,2023-09-07,13:58:27,PL012,MIL0558958,x@x.com,9999123456,9999123451,9999123452,1,1
MP00005712,MP00005712,2023-09-07,13:58:27,PL005,MIL0196629,x@x.com,9999123456,9999123451,9999123452,1,1
MP00005713,MP00005713,2023-09-07,13:58:27,PL001,MIL0188400,x@x.com,9999123456,9999123451,9999123452,1,1
MP00005714,MP00005714,2023-09-07,13:58:27,PL007,MIL0457926,x@x.com,9999123456,9999123451,9999123452,1,1
MP00005715,MP00005715,2023-09-07,13:58:27,PL008,MIL0107054,x@x.com,9999123456,9999123451,9999123452,1,1
MP00005716,MP00005716,2023-09-07,13:58:27,PL012,MIL0349420,x@x.com,9999123456,9999123451,9999123452,1,1
MP00005717,MP00005717,2023-09-07,13:58:27,PL013,MIL0321579,x@x.com,9999123456,9999123451,9999123452,1,1
MP00005718,MP00005718,2023-09-07,13:58:27,PL004,MIL0080360,x@x.com,9999123456,9999123451,9999123452,1,1
MP00005719,MP00005719,2023-09-07,13:58:27,PL004,MIL0163005,x@x.com,9999123456,9999123451,9999123452,1,1
MP00005720,MP00005720,2023-09-07,13:58:27,PL005,MIL0297663,x@x.com,9999123456,9999123451,9999123452,1,1
MP00005721,MP00005721,2023-09-07,13:58:27,PL007,MIL0507717,x@x.com,9999123456,9999123451,9999123452,1,1
MP00005722,MP00005722,2023-09-07,13:58:27,PL002,MIL0529352,x@x.com,9999123456,9999123451,9999123452,1,1
MP00005723,MP00005723,2023-09-07,13:58:27,PL009,MIL0025502,x@x.com,9999123456,9999123451,9999123452,1,1
MP00005724,MP00005724,2023-09-07,13:58:27,PL012,MIL0201605,x@x.com,9999123456,9999123451,9999123452,1,1
MP00005725,MP00005725,2023-09-07,13:58:27,PL004,MIL0388243,x@x.com,9999123456,9999123451,9999123452,1,1
MP00005726,MP00005726,2023-09-07,13:58:27,PL009,MIL0036392,x@x.com,9999123456,9999123451,9999123452,1,1
MP00005727,MP00005727,2023-09-07,13:58:27,PL002,MIL0381277,x@x.com,9999123456,9999123451,9999123452,1,1
MP00005728,MP00005728,2023-09-07,13:58:27,PL001,MIL0454237,x@x.com,9999123456,9999123451,9999123452,1,1
MP00005729,MP00005729,2023-09-07,13:58:27,PL007,MIL0444913,x@x.com,9999123456,9999123451,9999123452,1,1
MP00005730,MP00005730,2023-09-07,13:58:27,PL002,MIL0046661,x@x.com,9999123456,9999123451,9999123452,1,1
MP00005731,MP00005731,2023-09-07,13:58:27,PL013,MIL0406686,x@x.com,9999123456,9999123451,9999123452,1,1
MP00005732,MP00005732,2023-09-07,13:58:27,PL002,MIL0254367,x@x.com,9999123456,9999123451,9999123452,1,1
MP00005733,MP00005733,2023-09-07,13:58:27,PL010,MIL0489686,x@x.com,9999123456,9999123451,9999123452,1,1
MP00005734,MP00005734,2023-09-07,13:58:27,PL003,MIL0309935,x@x.com,9999123456,9999123451,9999123452,1,1
MP00005735,MP00005735,2023-09-07,13:58:27,PL010,MIL0277330,x@x.com,9999123456,9999123451,9999123452,1,1
MP00005736,MP00005736,2023-09-07,13:58:27,PL007,MIL0221950,x@x.com,9999123456,9999123451,9999123452,1,1
MP00005737,MP00005737,2023-09-07,13:58:27,PL002,MIL0575085,x@x.com,9999123456,9999123451,9999123452,1,1
MP00005738,MP00005738,2023-09-07,13:58:27,PL002,MIL0467934,x@x.com,9999123456,9999123451,9999123452,1,1
MP00005739,MP00005739,2023-09-07,13:58:27,PL013,MIL0468746,x@x.com,9999123456,9999123451,9999123452,1,1
MP00005740,MP00005740,2023-09-07,13:58:27,PL008,MIL0031789,x@x.com,9999123456,9999123451,9999123452,1,1
MP00005741,MP00005741,2023-09-07,13:58:27,PL008,MIL0533455,x@x.com,9999123456,9999123451,9999123452,1,1
MP00005742,MP00005742,2023-09-07,13:58:27,PL006,MIL0244180,x@x.com,9999123456,9999123451,9999123452,1,1
MP00005743,MP00005743,2023-09-07,13:58:27,PL001,MIL0313984,x@x.com,9999123456,9999123451,9999123452,1,1
MP00005744,MP00005744,2023-09-07,13:58:27,PL002,MIL0092015,x@x.com,9999123456,9999123451,9999123452,1,1
MP00005745,MP00005745,2023-09-07,13:58:27,PL002,MIL0221565,x@x.com,9999123456,9999123451,9999123452,1,1
MP00005746,MP00005746,2023-09-07,13:58:27,PL003,MIL0258120,x@x.com,9999123456,9999123451,9999123452,1,1
MP00005747,MP00005747,2023-09-07,13:58:27,PL013,MIL0215116,x@x.com,9999123456,9999123451,9999123452,1,1
MP00005748,MP00005748,2023-09-07,13:58:27,PL003,MIL0107936,x@x.com,9999123456,9999123451,9999123452,1,1
MP00005749,MP00005749,2023-09-07,13:58:27,PL013,MIL0332710,x@x.com,9999123456,9999123451,9999123452,1,1
MP00005750,MP00005750,2023-09-07,13:58:27,PL012,MIL0021533,x@x.com,9999123456,9999123451,9999123452,1,1
MP00005751,MP00005751,2023-09-07,13:58:27,PL001,MIL0260752,x@x.com,9999123456,9999123451,9999123452,1,1
MP00005752,MP00005752,2023-09-07,13:58:27,PL010,MIL0175996,x@x.com,9999123456,9999123451,9999123452,1,1
MP00005753,MP00005753,2023-09-07,13:58:27,PL012,MIL0004616,x@x.com,9999123456,9999123451,9999123452,1,1
MP00005754,MP00005754,2023-09-07,13:58:27,PL010,MIL0293300,x@x.com,9999123456,9999123451,9999123452,1,1
MP00005755,MP00005755,2023-09-07,13:58:27,PL011,MIL0022437,x@x.com,9999123456,9999123451,9999123452,1,1
MP00005756,MP00005756,2023-09-07,13:58:27,PL011,MIL0348180,x@x.com,9999123456,9999123451,9999123452,1,1
MP00005757,MP00005757,2023-09-07,13:58:27,PL008,MIL0101021,x@x.com,9999123456,9999123451,9999123452,1,1
MP00005758,MP00005758,2023-09-07,13:58:27,PL002,MIL0030094,x@x.com,9999123456,9999123451,9999123452,1,1
MP00005759,MP00005759,2023-09-07,13:58:27,PL013,MIL0433086,x@x.com,9999123456,9999123451,9999123452,1,1
MP00005760,MP00005760,2023-09-07,13:58:27,PL007,MIL0135297,x@x.com,9999123456,9999123451,9999123452,1,1
MP00005761,MP00005761,2023-09-07,13:58:27,PL001,MIL0211473,x@x.com,9999123456,9999123451,9999123452,1,1
MP00005762,MP00005762,2023-09-07,13:58:27,PL002,MIL0384729,x@x.com,9999123456,9999123451,9999123452,1,1
MP00005763,MP00005763,2023-09-07,13:58:27,PL010,MIL0379314,x@x.com,9999123456,9999123451,9999123452,1,1
MP00005764,MP00005764,2023-09-07,13:58:27,PL013,MIL0072826,x@x.com,9999123456,9999123451,9999123452,1,1
MP00005765,MP00005765,2023-09-07,13:58:27,PL008,MIL0390684,x@x.com,9999123456,9999123451,9999123452,1,1
MP00005766,MP00005766,2023-09-07,13:58:27,PL007,MIL0152188,x@x.com,9999123456,9999123451,9999123452,1,1
MP00005767,MP00005767,2023-09-07,13:58:27,PL013,MIL0355585,x@x.com,9999123456,9999123451,9999123452,1,1
MP00005768,MP00005768,2023-09-07,13:58:27,PL012,MIL0067804,x@x.com,9999123456,9999123451,9999123452,1,1
MP00005769,MP00005769,2023-09-07,13:58:27,PL007,MIL0516742,x@x.com,9999123456,9999123451,9999123452,1,1
MP00005770,MP00005770,2023-09-07,13:58:27,PL005,MIL0236338,x@x.com,9999123456,9999123451,9999123452,1,1
MP00005771,MP00005771,2023-09-07,13:58:27,PL001,MIL0336595,x@x.com,9999123456,9999123451,9999123452,1,1
MP00005772,MP00005772,2023-09-07,13:58:27,PL004,MIL0036536,x@x.com,9999123456,9999123451,9999123452,1,1
MP00005773,MP00005773,2023-09-07,13:58:27,PL002,MIL0106801,x@x.com,9999123456,9999123451,9999123452,1,1
MP00005774,MP00005774,2023-09-07,13:58:27,PL006,MIL0034443,x@x.com,9999123456,9999123451,9999123452,1,1
MP00005775,MP00005775,2023-09-07,13:58:27,PL001,MIL0381285,x@x.com,9999123456,9999123451,9999123452,1,1
MP00005776,MP00005776,2023-09-07,13:58:27,PL005,MIL0453280,x@x.com,9999123456,9999123451,9999123452,1,1
MP00005777,MP00005777,2023-09-07,13:58:27,PL009,MIL0353192,x@x.com,9999123456,9999123451,9999123452,1,1
MP00005778,MP00005778,2023-09-07,13:58:27,PL004,MIL0395371,x@x.com,9999123456,9999123451,9999123452,1,1
MP00005779,MP00005779,2023-09-07,13:58:27,PL010,MIL0358387,x@x.com,9999123456,9999123451,9999123452,1,1
MP00005780,MP00005780,2023-09-07,13:58:27,PL012,MIL0193575,x@x.com,9999123456,9999123451,9999123452,1,1
MP00005781,MP00005781,2023-09-07,13:58:27,PL012,MIL0503527,x@x.com,9999123456,9999123451,9999123452,1,1
MP00005782,MP00005782,2023-09-07,13:58:27,PL005,MIL0354326,x@x.com,9999123456,9999123451,9999123452,1,1
MP00005783,MP00005783,2023-09-07,13:58:27,PL010,MIL0390338,x@x.com,9999123456,9999123451,9999123452,1,1
MP00005784,MP00005784,2023-09-07,13:58:27,PL002,MIL0050693,x@x.com,9999123456,9999123451,9999123452,1,1
MP00005785,MP00005785,2023-09-07,13:58:27,PL009,MIL0057410,x@x.com,9999123456,9999123451,9999123452,1,1
MP00005786,MP00005786,2023-09-07,13:58:27,PL009,MIL0256059,x@x.com,9999123456,9999123451,9999123452,1,1
MP00005787,MP00005787,2023-09-07,13:58:27,PL009,MIL0224972,x@x.com,9999123456,9999123451,9999123452,1,1
MP00005788,MP00005788,2023-09-07,13:58:27,PL013,MIL0320469,x@x.com,9999123456,9999123451,9999123452,1,1
MP00005789,MP00005789,2023-09-07,13:58:27,PL011,MIL0389674,x@x.com,9999123456,9999123451,9999123452,1,1
MP00005790,MP00005790,2023-09-07,13:58:27,PL009,MIL0048667,x@x.com,9999123456,9999123451,9999123452,1,1
MP00005791,MP00005791,2023-09-07,13:58:27,PL002,MIL0476439,x@x.com,9999123456,9999123451,9999123452,1,1
MP00005792,MP00005792,2023-09-07,13:58:27,PL005,MIL0368100,x@x.com,9999123456,9999123451,9999123452,1,1
MP00005793,MP00005793,2023-09-07,13:58:27,PL005,MIL0035510,x@x.com,9999123456,9999123451,9999123452,1,1
MP00005794,MP00005794,2023-09-07,13:58:27,PL002,MIL0065560,x@x.com,9999123456,9999123451,9999123452,1,1
MP00005795,MP00005795,2023-09-07,13:58:27,PL010,MIL0104551,x@x.com,9999123456,9999123451,9999123452,1,1
MP00005796,MP00005796,2023-09-07,13:58:27,PL006,MIL0024628,x@x.com,9999123456,9999123451,9999123452,1,1
MP00005797,MP00005797,2023-09-07,13:58:27,PL013,MIL0571828,x@x.com,9999123456,9999123451,9999123452,1,1
MP00005798,MP00005798,2023-09-07,13:58:27,PL001,MIL0478372,x@x.com,9999123456,9999123451,9999123452,1,1
MP00005799,MP00005799,2023-09-07,13:58:27,PL009,MIL0540547,x@x.com,9999123456,9999123451,9999123452,1,1
MP00005800,MP00005800,2023-09-07,13:58:27,PL011,MIL0118443,x@x.com,9999123456,9999123451,9999123452,1,1
MP00005801,MP00005801,2023-09-07,13:58:27,PL009,MIL0030285,x@x.com,9999123456,9999123451,9999123452,1,1
MP00005802,MP00005802,2023-09-07,13:58:27,PL011,MIL0532097,x@x.com,9999123456,9999123451,9999123452,1,1
MP00005803,MP00005803,2023-09-07,13:58:27,PL007,MIL0497801,x@x.com,9999123456,9999123451,9999123452,1,1
MP00005804,MP00005804,2023-09-07,13:58:27,PL002,MIL0419699,x@x.com,9999123456,9999123451,9999123452,1,1
MP00005805,MP00005805,2023-09-07,13:58:27,PL005,MIL0122814,x@x.com,9999123456,9999123451,9999123452,1,1
MP00005806,MP00005806,2023-09-07,13:58:27,PL011,MIL0312049,x@x.com,9999123456,9999123451,9999123452,1,1
MP00005807,MP00005807,2023-09-07,13:58:27,PL001,MIL0339957,x@x.com,9999123456,9999123451,9999123452,1,1
MP00005808,MP00005808,2023-09-07,13:58:27,PL010,MIL0461756,x@x.com,9999123456,9999123451,9999123452,1,1
MP00005809,MP00005809,2023-09-07,13:58:27,PL003,MIL0355951,x@x.com,9999123456,9999123451,9999123452,1,1
MP00005810,MP00005810,2023-09-07,13:58:27,PL013,MIL0510588,x@x.com,9999123456,9999123451,9999123452,1,1
MP00005811,MP00005811,2023-09-07,13:58:27,PL010,MIL0566722,x@x.com,9999123456,9999123451,9999123452,1,1
MP00005812,MP00005812,2023-09-07,13:58:27,PL004,MIL0014652,x@x.com,9999123456,9999123451,9999123452,1,1
MP00005813,MP00005813,2023-09-07,13:58:27,PL002,MIL0159617,x@x.com,9999123456,9999123451,9999123452,1,1
MP00005814,MP00005814,2023-09-07,13:58:27,PL013,MIL0353944,x@x.com,9999123456,9999123451,9999123452,1,1
MP00005815,MP00005815,2023-09-07,13:58:27,PL011,MIL0315298,x@x.com,9999123456,9999123451,9999123452,1,1
MP00005816,MP00005816,2023-09-07,13:58:27,PL004,MIL0089880,x@x.com,9999123456,9999123451,9999123452,1,1
MP00005817,MP00005817,2023-09-07,13:58:27,PL011,MIL0313768,x@x.com,9999123456,9999123451,9999123452,1,1
MP00005818,MP00005818,2023-09-07,13:58:27,PL012,MIL0047225,x@x.com,9999123456,9999123451,9999123452,1,1
MP00005819,MP00005819,2023-09-07,13:58:27,PL001,MIL0333598,x@x.com,9999123456,9999123451,9999123452,1,1
MP00005820,MP00005820,2023-09-07,13:58:27,PL012,MIL0333176,x@x.com,9999123456,9999123451,9999123452,1,1
MP00005821,MP00005821,2023-09-07,13:58:27,PL003,MIL0147091,x@x.com,9999123456,9999123451,9999123452,1,1
MP00005822,MP00005822,2023-09-07,13:58:27,PL013,MIL0035122,x@x.com,9999123456,9999123451,9999123452,1,1
MP00005823,MP00005823,2023-09-07,13:58:27,PL002,MIL0014156,x@x.com,9999123456,9999123451,9999123452,1,1
MP00005824,MP00005824,2023-09-07,13:58:27,PL007,MIL0553153,x@x.com,9999123456,9999123451,9999123452,1,1
MP00005825,MP00005825,2023-09-07,13:58:27,PL002,MIL0072933,x@x.com,9999123456,9999123451,9999123452,1,1
MP00005826,MP00005826,2023-09-07,13:58:27,PL008,MIL0140329,x@x.com,9999123456,9999123451,9999123452,1,1
MP00005827,MP00005827,2023-09-07,13:58:27,PL006,MIL0553006,x@x.com,9999123456,9999123451,9999123452,1,1
MP00005828,MP00005828,2023-09-07,13:58:27,PL011,MIL0288681,x@x.com,9999123456,9999123451,9999123452,1,1
MP00005829,MP00005829,2023-09-07,13:58:27,PL002,MIL0424033,x@x.com,9999123456,9999123451,9999123452,1,1
MP00005830,MP00005830,2023-09-07,13:58:27,PL005,MIL0577785,x@x.com,9999123456,9999123451,9999123452,1,1
MP00005831,MP00005831,2023-09-07,13:58:27,PL005,MIL0448990,x@x.com,9999123456,9999123451,9999123452,1,1
MP00005832,MP00005832,2023-09-07,13:58:27,PL003,MIL0390500,x@x.com,9999123456,9999123451,9999123452,1,1
MP00005833,MP00005833,2023-09-07,13:58:27,PL010,MIL0149791,x@x.com,9999123456,9999123451,9999123452,1,1
MP00005834,MP00005834,2023-09-07,13:58:27,PL008,MIL0355395,x@x.com,9999123456,9999123451,9999123452,1,1
MP00005835,MP00005835,2023-09-07,13:58:27,PL005,MIL0286255,x@x.com,9999123456,9999123451,9999123452,1,1
MP00005836,MP00005836,2023-09-07,13:58:27,PL011,MIL0487783,x@x.com,9999123456,9999123451,9999123452,1,1
MP00005837,MP00005837,2023-09-07,13:58:27,PL003,MIL0163166,x@x.com,9999123456,9999123451,9999123452,1,1
MP00005838,MP00005838,2023-09-07,13:58:27,PL004,MIL0299975,x@x.com,9999123456,9999123451,9999123452,1,1
MP00005839,MP00005839,2023-09-07,13:58:27,PL013,MIL0462358,x@x.com,9999123456,9999123451,9999123452,1,1
MP00005840,MP00005840,2023-09-07,13:58:27,PL010,MIL0461610,x@x.com,9999123456,9999123451,9999123452,1,1
MP00005841,MP00005841,2023-09-07,13:58:27,PL003,MIL0168850,x@x.com,9999123456,9999123451,9999123452,1,1
MP00005842,MP00005842,2023-09-07,13:58:27,PL005,MIL0040217,x@x.com,9999123456,9999123451,9999123452,1,1
MP00005843,MP00005843,2023-09-07,13:58:27,PL011,MIL0448478,x@x.com,9999123456,9999123451,9999123452,1,1
MP00005844,MP00005844,2023-09-07,13:58:27,PL004,MIL0348691,x@x.com,9999123456,9999123451,9999123452,1,1
MP00005845,MP00005845,2023-09-07,13:58:27,PL011,MIL0028189,x@x.com,9999123456,9999123451,9999123452,1,1
MP00005846,MP00005846,2023-09-07,13:58:27,PL009,MIL0328037,x@x.com,9999123456,9999123451,9999123452,1,1
MP00005847,MP00005847,2023-09-07,13:58:27,PL010,MIL0225024,x@x.com,9999123456,9999123451,9999123452,1,1
MP00005848,MP00005848,2023-09-07,13:58:27,PL009,MIL0009279,x@x.com,9999123456,9999123451,9999123452,1,1
MP00005849,MP00005849,2023-09-07,13:58:27,PL007,MIL0183117,x@x.com,9999123456,9999123451,9999123452,1,1
MP00005850,MP00005850,2023-09-07,13:58:27,PL013,MIL0283025,x@x.com,9999123456,9999123451,9999123452,1,1
MP00005851,MP00005851,2023-09-07,13:58:27,PL006,MIL0085733,x@x.com,9999123456,9999123451,9999123452,1,1
MP00005852,MP00005852,2023-09-07,13:58:27,PL011,MIL0060937,x@x.com,9999123456,9999123451,9999123452,1,1
MP00005853,MP00005853,2023-09-07,13:58:27,PL008,MIL0165184,x@x.com,9999123456,9999123451,9999123452,1,1
MP00005854,MP00005854,2023-09-07,13:58:27,PL011,MIL0004794,x@x.com,9999123456,9999123451,9999123452,1,1
MP00005855,MP00005855,2023-09-07,13:58:27,PL010,MIL0484164,x@x.com,9999123456,9999123451,9999123452,1,1
MP00005856,MP00005856,2023-09-07,13:58:27,PL011,MIL0327217,x@x.com,9999123456,9999123451,9999123452,1,1
MP00005857,MP00005857,2023-09-07,13:58:27,PL007,MIL0360174,x@x.com,9999123456,9999123451,9999123452,1,1
MP00005858,MP00005858,2023-09-07,13:58:27,PL008,MIL0200592,x@x.com,9999123456,9999123451,9999123452,1,1
MP00005859,MP00005859,2023-09-07,13:58:27,PL001,MIL0176156,x@x.com,9999123456,9999123451,9999123452,1,1
MP00005860,MP00005860,2023-09-07,13:58:27,PL001,MIL0478398,x@x.com,9999123456,9999123451,9999123452,1,1
MP00005861,MP00005861,2023-09-07,13:58:27,PL006,MIL0040565,x@x.com,9999123456,9999123451,9999123452,1,1
MP00005862,MP00005862,2023-09-07,13:58:27,PL010,MIL0170933,x@x.com,9999123456,9999123451,9999123452,1,1
MP00005863,MP00005863,2023-09-07,13:58:27,PL005,MIL0515260,x@x.com,9999123456,9999123451,9999123452,1,1
MP00005864,MP00005864,2023-09-07,13:58:27,PL006,MIL0523238,x@x.com,9999123456,9999123451,9999123452,1,1
MP00005865,MP00005865,2023-09-07,13:58:27,PL003,MIL0555424,x@x.com,9999123456,9999123451,9999123452,1,1
MP00005866,MP00005866,2023-09-07,13:58:27,PL006,MIL0077905,x@x.com,9999123456,9999123451,9999123452,1,1
MP00005867,MP00005867,2023-09-07,13:58:27,PL009,MIL0465436,x@x.com,9999123456,9999123451,9999123452,1,1
MP00005868,MP00005868,2023-09-07,13:58:27,PL012,MIL0073862,x@x.com,9999123456,9999123451,9999123452,1,1
MP00005869,MP00005869,2023-09-07,13:58:27,PL004,MIL0058257,x@x.com,9999123456,9999123451,9999123452,1,1
MP00005870,MP00005870,2023-09-07,13:58:27,PL007,MIL0475233,x@x.com,9999123456,9999123451,9999123452,1,1
MP00005871,MP00005871,2023-09-07,13:58:27,PL007,MIL0282340,x@x.com,9999123456,9999123451,9999123452,1,1
MP00005872,MP00005872,2023-09-07,13:58:27,PL005,MIL0198645,x@x.com,9999123456,9999123451,9999123452,1,1
MP00005873,MP00005873,2023-09-07,13:58:27,PL002,MIL0369804,x@x.com,9999123456,9999123451,9999123452,1,1
MP00005874,MP00005874,2023-09-07,13:58:27,PL007,MIL0177880,x@x.com,9999123456,9999123451,9999123452,1,1
MP00005875,MP00005875,2023-09-07,13:58:27,PL003,MIL0363700,x@x.com,9999123456,9999123451,9999123452,1,1
MP00005876,MP00005876,2023-09-07,13:58:27,PL003,MIL0537460,x@x.com,9999123456,9999123451,9999123452,1,1
MP00005877,MP00005877,2023-09-07,13:58:27,PL011,MIL0465465,x@x.com,9999123456,9999123451,9999123452,1,1
MP00005878,MP00005878,2023-09-07,13:58:27,PL010,MIL0116233,x@x.com,9999123456,9999123451,9999123452,1,1
MP00005879,MP00005879,2023-09-07,13:58:27,PL003,MIL0025294,x@x.com,9999123456,9999123451,9999123452,1,1
MP00005880,MP00005880,2023-09-07,13:58:27,PL008,MIL0159359,x@x.com,9999123456,9999123451,9999123452,1,1
MP00005881,MP00005881,2023-09-07,13:58:27,PL008,MIL0522486,x@x.com,9999123456,9999123451,9999123452,1,1
MP00005882,MP00005882,2023-09-07,13:58:27,PL006,MIL0122401,x@x.com,9999123456,9999123451,9999123452,1,1
MP00005883,MP00005883,2023-09-07,13:58:27,PL012,MIL0363295,x@x.com,9999123456,9999123451,9999123452,1,1
MP00005884,MP00005884,2023-09-07,13:58:27,PL013,MIL0330836,x@x.com,9999123456,9999123451,9999123452,1,1
MP00005885,MP00005885,2023-09-07,13:58:27,PL005,MIL0026483,x@x.com,9999123456,9999123451,9999123452,1,1
MP00005886,MP00005886,2023-09-07,13:58:27,PL008,MIL0274986,x@x.com,9999123456,9999123451,9999123452,1,1
MP00005887,MP00005887,2023-09-07,13:58:27,PL009,MIL0378602,x@x.com,9999123456,9999123451,9999123452,1,1
MP00005888,MP00005888,2023-09-07,13:58:27,PL012,MIL0437534,x@x.com,9999123456,9999123451,9999123452,1,1
MP00005889,MP00005889,2023-09-07,13:58:27,PL008,MIL0460120,x@x.com,9999123456,9999123451,9999123452,1,1
MP00005890,MP00005890,2023-09-07,13:58:27,PL002,MIL0057580,x@x.com,9999123456,9999123451,9999123452,1,1
MP00005891,MP00005891,2023-09-07,13:58:27,PL011,MIL0314426,x@x.com,9999123456,9999123451,9999123452,1,1
MP00005892,MP00005892,2023-09-07,13:58:27,PL009,MIL0281275,x@x.com,9999123456,9999123451,9999123452,1,1
MP00005893,MP00005893,2023-09-07,13:58:27,PL005,MIL0024155,x@x.com,9999123456,9999123451,9999123452,1,1
MP00005894,MP00005894,2023-09-07,13:58:27,PL008,MIL0499733,x@x.com,9999123456,9999123451,9999123452,1,1
MP00005895,MP00005895,2023-09-07,13:58:27,PL001,MIL0468352,x@x.com,9999123456,9999123451,9999123452,1,1
MP00005896,MP00005896,2023-09-07,13:58:27,PL010,MIL0467219,x@x.com,9999123456,9999123451,9999123452,1,1
MP00005897,MP00005897,2023-09-07,13:58:27,PL001,MIL0035759,x@x.com,9999123456,9999123451,9999123452,1,1
MP00005898,MP00005898,2023-09-07,13:58:27,PL009,MIL0298218,x@x.com,9999123456,9999123451,9999123452,1,1
MP00005899,MP00005899,2023-09-07,13:58:27,PL004,MIL0435017,x@x.com,9999123456,9999123451,9999123452,1,1
MP00005900,MP00005900,2023-09-07,13:58:27,PL001,MIL0568157,x@x.com,9999123456,9999123451,9999123452,1,1
MP00005901,MP00005901,2023-09-07,13:58:27,PL001,MIL0168659,x@x.com,9999123456,9999123451,9999123452,1,1
MP00005902,MP00005902,2023-09-07,13:58:27,PL003,MIL0040592,x@x.com,9999123456,9999123451,9999123452,1,1
MP00005903,MP00005903,2023-09-07,13:58:27,PL006,MIL0215018,x@x.com,9999123456,9999123451,9999123452,1,1
MP00005904,MP00005904,2023-09-07,13:58:27,PL007,MIL0396674,x@x.com,9999123456,9999123451,9999123452,1,1
MP00005905,MP00005905,2023-09-07,13:58:27,PL005,MIL0118304,x@x.com,9999123456,9999123451,9999123452,1,1
MP00005906,MP00005906,2023-09-07,13:58:27,PL005,MIL0101457,x@x.com,9999123456,9999123451,9999123452,1,1
MP00005907,MP00005907,2023-09-07,13:58:27,PL011,MIL0486004,x@x.com,9999123456,9999123451,9999123452,1,1
MP00005908,MP00005908,2023-09-07,13:58:27,PL003,MIL0003178,x@x.com,9999123456,9999123451,9999123452,1,1
MP00005909,MP00005909,2023-09-07,13:58:27,PL012,MIL0221724,x@x.com,9999123456,9999123451,9999123452,1,1
MP00005910,MP00005910,2023-09-07,13:58:27,PL011,MIL0172319,x@x.com,9999123456,9999123451,9999123452,1,1
MP00005911,MP00005911,2023-09-07,13:58:27,PL004,MIL0239939,x@x.com,9999123456,9999123451,9999123452,1,1
MP00005912,MP00005912,2023-09-07,13:58:27,PL004,MIL0407388,x@x.com,9999123456,9999123451,9999123452,1,1
MP00005913,MP00005913,2023-09-07,13:58:27,PL008,MIL0203107,x@x.com,9999123456,9999123451,9999123452,1,1
MP00005914,MP00005914,2023-09-07,13:58:27,PL013,MIL0266447,x@x.com,9999123456,9999123451,9999123452,1,1
MP00005915,MP00005915,2023-09-07,13:58:27,PL012,MIL0568726,x@x.com,9999123456,9999123451,9999123452,1,1
MP00005916,MP00005916,2023-09-07,13:58:27,PL005,MIL0025231,x@x.com,9999123456,9999123451,9999123452,1,1
MP00005917,MP00005917,2023-09-07,13:58:27,PL012,MIL0211420,x@x.com,9999123456,9999123451,9999123452,1,1
MP00005918,MP00005918,2023-09-07,13:58:27,PL009,MIL0338140,x@x.com,9999123456,9999123451,9999123452,1,1
MP00005919,MP00005919,2023-09-07,13:58:27,PL012,MIL0273609,x@x.com,9999123456,9999123451,9999123452,1,1
MP00005920,MP00005920,2023-09-07,13:58:27,PL009,MIL0409032,x@x.com,9999123456,9999123451,9999123452,1,1
MP00005921,MP00005921,2023-09-07,13:58:27,PL009,MIL0246183,x@x.com,9999123456,9999123451,9999123452,1,1
MP00005922,MP00005922,2023-09-07,13:58:27,PL009,MIL0134973,x@x.com,9999123456,9999123451,9999123452,1,1
MP00005923,MP00005923,2023-09-07,13:58:27,PL002,MIL0171992,x@x.com,9999123456,9999123451,9999123452,1,1
MP00005924,MP00005924,2023-09-07,13:58:27,PL011,MIL0071225,x@x.com,9999123456,9999123451,9999123452,1,1
MP00005925,MP00005925,2023-09-07,13:58:27,PL007,MIL0219485,x@x.com,9999123456,9999123451,9999123452,1,1
MP00005926,MP00005926,2023-09-07,13:58:27,PL003,MIL0433022,x@x.com,9999123456,9999123451,9999123452,1,1
MP00005927,MP00005927,2023-09-07,13:58:27,PL012,MIL0492958,x@x.com,9999123456,9999123451,9999123452,1,1
MP00005928,MP00005928,2023-09-07,13:58:27,PL006,MIL0014320,x@x.com,9999123456,9999123451,9999123452,1,1
MP00005929,MP00005929,2023-09-07,13:58:27,PL001,MIL0300192,x@x.com,9999123456,9999123451,9999123452,1,1
MP00005930,MP00005930,2023-09-07,13:58:27,PL009,MIL0297982,x@x.com,9999123456,9999123451,9999123452,1,1
MP00005931,MP00005931,2023-09-07,13:58:27,PL003,MIL0138032,x@x.com,9999123456,9999123451,9999123452,1,1
MP00005932,MP00005932,2023-09-07,13:58:27,PL007,MIL0432926,x@x.com,9999123456,9999123451,9999123452,1,1
MP00005933,MP00005933,2023-09-07,13:58:27,PL013,MIL0109285,x@x.com,9999123456,9999123451,9999123452,1,1
MP00005934,MP00005934,2023-09-07,13:58:27,PL013,MIL0526684,x@x.com,9999123456,9999123451,9999123452,1,1
MP00005935,MP00005935,2023-09-07,13:58:27,PL004,MIL0003322,x@x.com,9999123456,9999123451,9999123452,1,1
MP00005936,MP00005936,2023-09-07,13:58:27,PL010,MIL0405047,x@x.com,9999123456,9999123451,9999123452,1,1
MP00005937,MP00005937,2023-09-07,13:58:27,PL004,MIL0558592,x@x.com,9999123456,9999123451,9999123452,1,1
MP00005938,MP00005938,2023-09-07,13:58:27,PL010,MIL0489379,x@x.com,9999123456,9999123451,9999123452,1,1
MP00005939,MP00005939,2023-09-07,13:58:27,PL013,MIL0158437,x@x.com,9999123456,9999123451,9999123452,1,1
MP00005940,MP00005940,2023-09-07,13:58:27,PL007,MIL0231217,x@x.com,9999123456,9999123451,9999123452,1,1
MP00005941,MP00005941,2023-09-07,13:58:27,PL006,MIL0505781,x@x.com,9999123456,9999123451,9999123452,1,1
MP00005942,MP00005942,2023-09-07,13:58:27,PL001,MIL0311047,x@x.com,9999123456,9999123451,9999123452,1,1
MP00005943,MP00005943,2023-09-07,13:58:27,PL006,MIL0548165,x@x.com,9999123456,9999123451,9999123452,1,1
MP00005944,MP00005944,2023-09-07,13:58:27,PL006,MIL0497578,x@x.com,9999123456,9999123451,9999123452,1,1
MP00005945,MP00005945,2023-09-07,13:58:27,PL004,MIL0029012,x@x.com,9999123456,9999123451,9999123452,1,1
MP00005946,MP00005946,2023-09-07,13:58:27,PL007,MIL0506809,x@x.com,9999123456,9999123451,9999123452,1,1
MP00005947,MP00005947,2023-09-07,13:58:27,PL006,MIL0440468,x@x.com,9999123456,9999123451,9999123452,1,1
MP00005948,MP00005948,2023-09-07,13:58:27,PL008,MIL0485649,x@x.com,9999123456,9999123451,9999123452,1,1
MP00005949,MP00005949,2023-09-07,13:58:27,PL009,MIL0063520,x@x.com,9999123456,9999123451,9999123452,1,1
MP00005950,MP00005950,2023-09-07,13:58:27,PL012,MIL0045850,x@x.com,9999123456,9999123451,9999123452,1,1
MP00005951,MP00005951,2023-09-07,13:58:27,PL008,MIL0504661,x@x.com,9999123456,9999123451,9999123452,1,1
MP00005952,MP00005952,2023-09-07,13:58:27,PL012,MIL0289548,x@x.com,9999123456,9999123451,9999123452,1,1
MP00005953,MP00005953,2023-09-07,13:58:27,PL003,MIL0570547,x@x.com,9999123456,9999123451,9999123452,1,1
MP00005954,MP00005954,2023-09-07,13:58:27,PL003,MIL0384530,x@x.com,9999123456,9999123451,9999123452,1,1
MP00005955,MP00005955,2023-09-07,13:58:27,PL001,MIL0488252,x@x.com,9999123456,9999123451,9999123452,1,1
MP00005956,MP00005956,2023-09-07,13:58:27,PL013,MIL0357323,x@x.com,9999123456,9999123451,9999123452,1,1
MP00005957,MP00005957,2023-09-07,13:58:27,PL006,MIL0528474,x@x.com,9999123456,9999123451,9999123452,1,1
MP00005958,MP00005958,2023-09-07,13:58:27,PL012,MIL0433261,x@x.com,9999123456,9999123451,9999123452,1,1
MP00005959,MP00005959,2023-09-07,13:58:27,PL005,MIL0451813,x@x.com,9999123456,9999123451,9999123452,1,1
MP00005960,MP00005960,2023-09-07,13:58:27,PL002,MIL0263462,x@x.com,9999123456,9999123451,9999123452,1,1
MP00005961,MP00005961,2023-09-07,13:58:27,PL009,MIL0116576,x@x.com,9999123456,9999123451,9999123452,1,1
MP00005962,MP00005962,2023-09-07,13:58:27,PL012,MIL0439595,x@x.com,9999123456,9999123451,9999123452,1,1
MP00005963,MP00005963,2023-09-07,13:58:27,PL003,MIL0218545,x@x.com,9999123456,9999123451,9999123452,1,1
MP00005964,MP00005964,2023-09-07,13:58:27,PL002,MIL0096030,x@x.com,9999123456,9999123451,9999123452,1,1
MP00005965,MP00005965,2023-09-07,13:58:27,PL009,MIL0190533,x@x.com,9999123456,9999123451,9999123452,1,1
MP00005966,MP00005966,2023-09-07,13:58:27,PL011,MIL0544282,x@x.com,9999123456,9999123451,9999123452,1,1
MP00005967,MP00005967,2023-09-07,13:58:27,PL004,MIL0056108,x@x.com,9999123456,9999123451,9999123452,1,1
MP00005968,MP00005968,2023-09-07,13:58:27,PL007,MIL0304424,x@x.com,9999123456,9999123451,9999123452,1,1
MP00005969,MP00005969,2023-09-07,13:58:27,PL006,MIL0518366,x@x.com,9999123456,9999123451,9999123452,1,1
MP00005970,MP00005970,2023-09-07,13:58:27,PL003,MIL0182465,x@x.com,9999123456,9999123451,9999123452,1,1
MP00005971,MP00005971,2023-09-07,13:58:27,PL012,MIL0106925,x@x.com,9999123456,9999123451,9999123452,1,1
MP00005972,MP00005972,2023-09-07,13:58:27,PL011,MIL0292596,x@x.com,9999123456,9999123451,9999123452,1,1
MP00005973,MP00005973,2023-09-07,13:58:27,PL006,MIL0348021,x@x.com,9999123456,9999123451,9999123452,1,1
MP00005974,MP00005974,2023-09-07,13:58:27,PL006,MIL0372501,x@x.com,9999123456,9999123451,9999123452,1,1
MP00005975,MP00005975,2023-09-07,13:58:27,PL009,MIL0478595,x@x.com,9999123456,9999123451,9999123452,1,1
MP00005976,MP00005976,2023-09-07,13:58:27,PL009,MIL0348763,x@x.com,9999123456,9999123451,9999123452,1,1
MP00005977,MP00005977,2023-09-07,13:58:27,PL009,MIL0183027,x@x.com,9999123456,9999123451,9999123452,1,1
MP00005978,MP00005978,2023-09-07,13:58:27,PL010,MIL0562069,x@x.com,9999123456,9999123451,9999123452,1,1
MP00005979,MP00005979,2023-09-07,13:58:27,PL001,MIL0201235,x@x.com,9999123456,9999123451,9999123452,1,1
MP00005980,MP00005980,2023-09-07,13:58:27,PL001,MIL0071822,x@x.com,9999123456,9999123451,9999123452,1,1
MP00005981,MP00005981,2023-09-07,13:58:27,PL011,MIL0029312,x@x.com,9999123456,9999123451,9999123452,1,1
MP00005982,MP00005982,2023-09-07,13:58:27,PL001,MIL0513031,x@x.com,9999123456,9999123451,9999123452,1,1
MP00005983,MP00005983,2023-09-07,13:58:27,PL010,MIL0148990,x@x.com,9999123456,9999123451,9999123452,1,1
MP00005984,MP00005984,2023-09-07,13:58:27,PL006,MIL0158729,x@x.com,9999123456,9999123451,9999123452,1,1
MP00005985,MP00005985,2023-09-07,13:58:27,PL001,MIL0177759,x@x.com,9999123456,9999123451,9999123452,1,1
MP00005986,MP00005986,2023-09-07,13:58:27,PL012,MIL0004258,x@x.com,9999123456,9999123451,9999123452,1,1
MP00005987,MP00005987,2023-09-07,13:58:27,PL010,MIL0329340,x@x.com,9999123456,9999123451,9999123452,1,1
MP00005988,MP00005988,2023-09-07,13:58:27,PL013,MIL0190907,x@x.com,9999123456,9999123451,9999123452,1,1
MP00005989,MP00005989,2023-09-07,13:58:27,PL006,MIL0068283,x@x.com,9999123456,9999123451,9999123452,1,1
MP00005990,MP00005990,2023-09-07,13:58:27,PL008,MIL0433308,x@x.com,9999123456,9999123451,9999123452,1,1
MP00005991,MP00005991,2023-09-07,13:58:27,PL013,MIL0191086,x@x.com,9999123456,9999123451,9999123452,1,1
MP00005992,MP00005992,2023-09-07,13:58:27,PL002,MIL0575118,x@x.com,9999123456,9999123451,9999123452,1,1
MP00005993,MP00005993,2023-09-07,13:58:27,PL001,MIL0443377,x@x.com,9999123456,9999123451,9999123452,1,1
MP00005994,MP00005994,2023-09-07,13:58:27,PL010,MIL0066223,x@x.com,9999123456,9999123451,9999123452,1,1
