clave,folio,fecha,hora,clave_partido_legado,clave_ciudadano,correo_electronico,whatsapp,telefono,celular,obseravaciones,status
clave,folio,fecha,hora,clave_partido_legado,clave_ciudadano,correo_electronico,whatsapp,telefono,celular,obseravaciones,status
MP00013987,MP00013987,2023-09-07,13:58:27,PL002,MIL0194103,x@x.com,9999123456,9999123451,9999123452,1,1
MP00013988,MP00013988,2023-09-07,13:58:27,PL005,MIL0180645,x@x.com,9999123456,9999123451,9999123452,1,1
MP00013989,MP00013989,2023-09-07,13:58:27,PL008,MIL0553079,x@x.com,9999123456,9999123451,9999123452,1,1
MP00013990,MP00013990,2023-09-07,13:58:27,PL002,MIL0048718,x@x.com,9999123456,9999123451,9999123452,1,1
MP00013991,MP00013991,2023-09-07,13:58:27,PL011,MIL0448346,x@x.com,9999123456,9999123451,9999123452,1,1
MP00013992,MP00013992,2023-09-07,13:58:27,PL009,MIL0028596,x@x.com,9999123456,9999123451,9999123452,1,1
MP00013993,MP00013993,2023-09-07,13:58:27,PL008,MIL0547926,x@x.com,9999123456,9999123451,9999123452,1,1
MP00013994,MP00013994,2023-09-07,13:58:27,PL001,MIL0277061,x@x.com,9999123456,9999123451,9999123452,1,1
MP00013995,MP00013995,2023-09-07,13:58:27,PL003,MIL0351041,x@x.com,9999123456,9999123451,9999123452,1,1
MP00013996,MP00013996,2023-09-07,13:58:27,PL008,MIL0280056,x@x.com,9999123456,9999123451,9999123452,1,1
MP00013997,MP00013997,2023-09-07,13:58:27,PL011,MIL0301064,x@x.com,9999123456,9999123451,9999123452,1,1
MP00013998,MP00013998,2023-09-07,13:58:27,PL002,MIL0454266,x@x.com,9999123456,9999123451,9999123452,1,1
MP00013999,MP00013999,2023-09-07,13:58:27,PL007,MIL0201069,x@x.com,9999123456,9999123451,9999123452,1,1
MP00014000,MP00014000,2023-09-07,13:58:27,PL012,MIL0281237,x@x.com,9999123456,9999123451,9999123452,1,1
MP00014001,MP00014001,2023-09-07,13:58:27,PL001,MIL0341971,x@x.com,9999123456,9999123451,9999123452,1,1
MP00014002,MP00014002,2023-09-07,13:58:27,PL005,MIL0358859,x@x.com,9999123456,9999123451,9999123452,1,1
MP00014003,MP00014003,2023-09-07,13:58:27,PL011,MIL0269536,x@x.com,9999123456,9999123451,9999123452,1,1
MP00014004,MP00014004,2023-09-07,13:58:27,PL011,MIL0326370,x@x.com,9999123456,9999123451,9999123452,1,1
MP00014005,MP00014005,2023-09-07,13:58:27,PL013,MIL0366725,x@x.com,9999123456,9999123451,9999123452,1,1
MP00014006,MP00014006,2023-09-07,13:58:27,PL009,MIL0178519,x@x.com,9999123456,9999123451,9999123452,1,1
MP00014007,MP00014007,2023-09-07,13:58:27,PL005,MIL0460555,x@x.com,9999123456,9999123451,9999123452,1,1
MP00014008,MP00014008,2023-09-07,13:58:27,PL006,MIL0387640,x@x.com,9999123456,9999123451,9999123452,1,1
MP00014009,MP00014009,2023-09-07,13:58:27,PL011,MIL0111314,x@x.com,9999123456,9999123451,9999123452,1,1
MP00014010,MP00014010,2023-09-07,13:58:27,PL006,MIL0297617,x@x.com,9999123456,9999123451,9999123452,1,1
MP00014011,MP00014011,2023-09-07,13:58:27,PL011,MIL0417662,x@x.com,9999123456,9999123451,9999123452,1,1
MP00014012,MP00014012,2023-09-07,13:58:27,PL008,MIL0368340,x@x.com,9999123456,9999123451,9999123452,1,1
MP00014013,MP00014013,2023-09-07,13:58:27,PL001,MIL0061615,x@x.com,9999123456,9999123451,9999123452,1,1
MP00014014,MP00014014,2023-09-07,13:58:27,PL011,MIL0035685,x@x.com,9999123456,9999123451,9999123452,1,1
MP00014015,MP00014015,2023-09-07,13:58:27,PL007,MIL0324897,x@x.com,9999123456,9999123451,9999123452,1,1
MP00014016,MP00014016,2023-09-07,13:58:27,PL003,MIL0403481,x@x.com,9999123456,9999123451,9999123452,1,1
MP00014017,MP00014017,2023-09-07,13:58:27,PL009,MIL0025791,x@x.com,9999123456,9999123451,9999123452,1,1
MP00014018,MP00014018,2023-09-07,13:58:27,PL006,MIL0398626,x@x.com,9999123456,9999123451,9999123452,1,1
MP00014019,MP00014019,2023-09-07,13:58:27,PL012,MIL0164195,x@x.com,9999123456,9999123451,9999123452,1,1
MP00014020,MP00014020,2023-09-07,13:58:27,PL005,MIL0110884,x@x.com,9999123456,9999123451,9999123452,1,1
MP00014021,MP00014021,2023-09-07,13:58:27,PL006,MIL0510661,x@x.com,9999123456,9999123451,9999123452,1,1
MP00014022,MP00014022,2023-09-07,13:58:27,PL011,MIL0140946,x@x.com,9999123456,9999123451,9999123452,1,1
MP00014023,MP00014023,2023-09-07,13:58:27,PL005,MIL0493856,x@x.com,9999123456,9999123451,9999123452,1,1
MP00014024,MP00014024,2023-09-07,13:58:27,PL003,MIL0453496,x@x.com,9999123456,9999123451,9999123452,1,1
MP00014025,MP00014025,2023-09-07,13:58:27,PL001,MIL0218654,x@x.com,9999123456,9999123451,9999123452,1,1
MP00014026,MP00014026,2023-09-07,13:58:27,PL007,MIL0383524,x@x.com,9999123456,9999123451,9999123452,1,1
MP00014027,MP00014027,2023-09-07,13:58:27,PL007,MIL0044238,x@x.com,9999123456,9999123451,9999123452,1,1
MP00014028,MP00014028,2023-09-07,13:58:27,PL001,MIL0321934,x@x.com,9999123456,9999123451,9999123452,1,1
MP00014029,MP00014029,2023-09-07,13:58:27,PL012,MIL0540587,x@x.com,9999123456,9999123451,9999123452,1,1
MP00014030,MP00014030,2023-09-07,13:58:27,PL013,MIL0542423,x@x.com,9999123456,9999123451,9999123452,1,1
MP00014031,MP00014031,2023-09-07,13:58:27,PL002,MIL0499409,x@x.com,9999123456,9999123451,9999123452,1,1
MP00014032,MP00014032,2023-09-07,13:58:27,PL007,MIL0331762,x@x.com,9999123456,9999123451,9999123452,1,1
MP00014033,MP00014033,2023-09-07,13:58:27,PL006,MIL0259233,x@x.com,9999123456,9999123451,9999123452,1,1
MP00014034,MP00014034,2023-09-07,13:58:27,PL010,MIL0532833,x@x.com,9999123456,9999123451,9999123452,1,1
MP00014035,MP00014035,2023-09-07,13:58:27,PL012,MIL0429662,x@x.com,9999123456,9999123451,9999123452,1,1
MP00014036,MP00014036,2023-09-07,13:58:27,PL008,MIL0519572,x@x.com,9999123456,9999123451,9999123452,1,1
MP00014037,MP00014037,2023-09-07,13:58:27,PL006,MIL0217529,x@x.com,9999123456,9999123451,9999123452,1,1
MP00014038,MP00014038,2023-09-07,13:58:27,PL001,MIL0012879,x@x.com,9999123456,9999123451,9999123452,1,1
MP00014039,MP00014039,2023-09-07,13:58:27,PL002,MIL0413189,x@x.com,9999123456,9999123451,9999123452,1,1
MP00014040,MP00014040,2023-09-07,13:58:27,PL009,MIL0459035,x@x.com,9999123456,9999123451,9999123452,1,1
MP00014041,MP00014041,2023-09-07,13:58:27,PL008,MIL0455305,x@x.com,9999123456,9999123451,9999123452,1,1
MP00014042,MP00014042,2023-09-07,13:58:27,PL006,MIL0500197,x@x.com,9999123456,9999123451,9999123452,1,1
MP00014043,MP00014043,2023-09-07,13:58:27,PL007,MIL0481290,x@x.com,9999123456,9999123451,9999123452,1,1
MP00014044,MP00014044,2023-09-07,13:58:27,PL007,MIL0342696,x@x.com,9999123456,9999123451,9999123452,1,1
MP00014045,MP00014045,2023-09-07,13:58:27,PL005,MIL0288729,x@x.com,9999123456,9999123451,9999123452,1,1
MP00014046,MP00014046,2023-09-07,13:58:27,PL003,MIL0551612,x@x.com,9999123456,9999123451,9999123452,1,1
MP00014047,MP00014047,2023-09-07,13:58:27,PL001,MIL0357452,x@x.com,9999123456,9999123451,9999123452,1,1
MP00014048,MP00014048,2023-09-07,13:58:27,PL003,MIL0314892,x@x.com,9999123456,9999123451,9999123452,1,1
MP00014049,MP00014049,2023-09-07,13:58:27,PL010,MIL0154664,x@x.com,9999123456,9999123451,9999123452,1,1
MP00014050,MP00014050,2023-09-07,13:58:27,PL009,MIL0081693,x@x.com,9999123456,9999123451,9999123452,1,1
MP00014051,MP00014051,2023-09-07,13:58:27,PL009,MIL0043184,x@x.com,9999123456,9999123451,9999123452,1,1
MP00014052,MP00014052,2023-09-07,13:58:27,PL008,MIL0057252,x@x.com,9999123456,9999123451,9999123452,1,1
MP00014053,MP00014053,2023-09-07,13:58:27,PL004,MIL0257033,x@x.com,9999123456,9999123451,9999123452,1,1
MP00014054,MP00014054,2023-09-07,13:58:27,PL013,MIL0030247,x@x.com,9999123456,9999123451,9999123452,1,1
MP00014055,MP00014055,2023-09-07,13:58:27,PL008,MIL0011447,x@x.com,9999123456,9999123451,9999123452,1,1
MP00014056,MP00014056,2023-09-07,13:58:27,PL009,MIL0303925,x@x.com,9999123456,9999123451,9999123452,1,1
MP00014057,MP00014057,2023-09-07,13:58:27,PL006,MIL0418425,x@x.com,9999123456,9999123451,9999123452,1,1
MP00014058,MP00014058,2023-09-07,13:58:27,PL013,MIL0102788,x@x.com,9999123456,9999123451,9999123452,1,1
MP00014059,MP00014059,2023-09-07,13:58:27,PL005,MIL0561077,x@x.com,9999123456,9999123451,9999123452,1,1
MP00014060,MP00014060,2023-09-07,13:58:27,PL013,MIL0274232,x@x.com,9999123456,9999123451,9999123452,1,1
MP00014061,MP00014061,2023-09-07,13:58:27,PL003,MIL0365529,x@x.com,9999123456,9999123451,9999123452,1,1
MP00014062,MP00014062,2023-09-07,13:58:27,PL009,MIL0367477,x@x.com,9999123456,9999123451,9999123452,1,1
MP00014063,MP00014063,2023-09-07,13:58:27,PL006,MIL0030027,x@x.com,9999123456,9999123451,9999123452,1,1
MP00014064,MP00014064,2023-09-07,13:58:27,PL012,MIL0575212,x@x.com,9999123456,9999123451,9999123452,1,1
MP00014065,MP00014065,2023-09-07,13:58:27,PL009,MIL0565629,x@x.com,9999123456,9999123451,9999123452,1,1
MP00014066,MP00014066,2023-09-07,13:58:27,PL008,MIL0424967,x@x.com,9999123456,9999123451,9999123452,1,1
MP00014067,MP00014067,2023-09-07,13:58:27,PL012,MIL0264694,x@x.com,9999123456,9999123451,9999123452,1,1
MP00014068,MP00014068,2023-09-07,13:58:27,PL013,MIL0529438,x@x.com,9999123456,9999123451,9999123452,1,1
MP00014069,MP00014069,2023-09-07,13:58:27,PL010,MIL0083576,x@x.com,9999123456,9999123451,9999123452,1,1
MP00014070,MP00014070,2023-09-07,13:58:27,PL003,MIL0074161,x@x.com,9999123456,9999123451,9999123452,1,1
MP00014071,MP00014071,2023-09-07,13:58:27,PL007,MIL0565454,x@x.com,9999123456,9999123451,9999123452,1,1
MP00014072,MP00014072,2023-09-07,13:58:27,PL004,MIL0040979,x@x.com,9999123456,9999123451,9999123452,1,1
MP00014073,MP00014073,2023-09-07,13:58:27,PL008,MIL0210242,x@x.com,9999123456,9999123451,9999123452,1,1
MP00014074,MP00014074,2023-09-07,13:58:27,PL004,MIL0072818,x@x.com,9999123456,9999123451,9999123452,1,1
MP00014075,MP00014075,2023-09-07,13:58:27,PL011,MIL0411416,x@x.com,9999123456,9999123451,9999123452,1,1
MP00014076,MP00014076,2023-09-07,13:58:27,PL004,MIL0083130,x@x.com,9999123456,9999123451,9999123452,1,1
MP00014077,MP00014077,2023-09-07,13:58:27,PL001,MIL0561826,x@x.com,9999123456,9999123451,9999123452,1,1
MP00014078,MP00014078,2023-09-07,13:58:27,PL001,MIL0274474,x@x.com,9999123456,9999123451,9999123452,1,1
MP00014079,MP00014079,2023-09-07,13:58:27,PL009,MIL0272760,x@x.com,9999123456,9999123451,9999123452,1,1
MP00014080,MP00014080,2023-09-07,13:58:27,PL011,MIL0069402,x@x.com,9999123456,9999123451,9999123452,1,1
MP00014081,MP00014081,2023-09-07,13:58:27,PL007,MIL0452604,x@x.com,9999123456,9999123451,9999123452,1,1
MP00014082,MP00014082,2023-09-07,13:58:27,PL011,MIL0321691,x@x.com,9999123456,9999123451,9999123452,1,1
MP00014083,MP00014083,2023-09-07,13:58:27,PL009,MIL0258367,x@x.com,9999123456,9999123451,9999123452,1,1
MP00014084,MP00014084,2023-09-07,13:58:27,PL013,MIL0398702,x@x.com,9999123456,9999123451,9999123452,1,1
MP00014085,MP00014085,2023-09-07,13:58:27,PL008,MIL0541234,x@x.com,9999123456,9999123451,9999123452,1,1
MP00014086,MP00014086,2023-09-07,13:58:27,PL007,MIL0295772,x@x.com,9999123456,9999123451,9999123452,1,1
MP00014087,MP00014087,2023-09-07,13:58:27,PL010,MIL0473645,x@x.com,9999123456,9999123451,9999123452,1,1
MP00014088,MP00014088,2023-09-07,13:58:27,PL007,MIL0293775,x@x.com,9999123456,9999123451,9999123452,1,1
MP00014089,MP00014089,2023-09-07,13:58:27,PL008,MIL0254623,x@x.com,9999123456,9999123451,9999123452,1,1
MP00014090,MP00014090,2023-09-07,13:58:27,PL006,MIL0318005,x@x.com,9999123456,9999123451,9999123452,1,1
MP00014091,MP00014091,2023-09-07,13:58:27,PL002,MIL0356989,x@x.com,9999123456,9999123451,9999123452,1,1
MP00014092,MP00014092,2023-09-07,13:58:27,PL008,MIL0221494,x@x.com,9999123456,9999123451,9999123452,1,1
MP00014093,MP00014093,2023-09-07,13:58:27,PL001,MIL0540214,x@x.com,9999123456,9999123451,9999123452,1,1
MP00014094,MP00014094,2023-09-07,13:58:27,PL002,MIL0127949,x@x.com,9999123456,9999123451,9999123452,1,1
MP00014095,MP00014095,2023-09-07,13:58:27,PL004,MIL0075896,x@x.com,9999123456,9999123451,9999123452,1,1
MP00014096,MP00014096,2023-09-07,13:58:27,PL011,MIL0500582,x@x.com,9999123456,9999123451,9999123452,1,1
MP00014097,MP00014097,2023-09-07,13:58:27,PL002,MIL0556395,x@x.com,9999123456,9999123451,9999123452,1,1
MP00014098,MP00014098,2023-09-07,13:58:27,PL010,MIL0249237,x@x.com,9999123456,9999123451,9999123452,1,1
MP00014099,MP00014099,2023-09-07,13:58:27,PL013,MIL0348465,x@x.com,9999123456,9999123451,9999123452,1,1
MP00014100,MP00014100,2023-09-07,13:58:27,PL006,MIL0394265,x@x.com,9999123456,9999123451,9999123452,1,1
MP00014101,MP00014101,2023-09-07,13:58:27,PL007,MIL0381337,x@x.com,9999123456,9999123451,9999123452,1,1
MP00014102,MP00014102,2023-09-07,13:58:27,PL005,MIL0005235,x@x.com,9999123456,9999123451,9999123452,1,1
MP00014103,MP00014103,2023-09-07,13:58:27,PL005,MIL0058821,x@x.com,9999123456,9999123451,9999123452,1,1
MP00014104,MP00014104,2023-09-07,13:58:27,PL011,MIL0575521,x@x.com,9999123456,9999123451,9999123452,1,1
MP00014105,MP00014105,2023-09-07,13:58:27,PL006,MIL0495016,x@x.com,9999123456,9999123451,9999123452,1,1
MP00014106,MP00014106,2023-09-07,13:58:27,PL010,MIL0278410,x@x.com,9999123456,9999123451,9999123452,1,1
MP00014107,MP00014107,2023-09-07,13:58:27,PL010,MIL0107689,x@x.com,9999123456,9999123451,9999123452,1,1
MP00014108,MP00014108,2023-09-07,13:58:27,PL013,MIL0534046,x@x.com,9999123456,9999123451,9999123452,1,1
MP00014109,MP00014109,2023-09-07,13:58:27,PL001,MIL0030299,x@x.com,9999123456,9999123451,9999123452,1,1
MP00014110,MP00014110,2023-09-07,13:58:27,PL004,MIL0264468,x@x.com,9999123456,9999123451,9999123452,1,1
MP00014111,MP00014111,2023-09-07,13:58:27,PL004,MIL0497856,x@x.com,9999123456,9999123451,9999123452,1,1
MP00014112,MP00014112,2023-09-07,13:58:27,PL005,MIL0550820,x@x.com,9999123456,9999123451,9999123452,1,1
MP00014113,MP00014113,2023-09-07,13:58:27,PL006,MIL0216370,x@x.com,9999123456,9999123451,9999123452,1,1
MP00014114,MP00014114,2023-09-07,13:58:27,PL008,MIL0321623,x@x.com,9999123456,9999123451,9999123452,1,1
MP00014115,MP00014115,2023-09-07,13:58:27,PL004,MIL0554247,x@x.com,9999123456,9999123451,9999123452,1,1
MP00014116,MP00014116,2023-09-07,13:58:27,PL008,MIL0000666,x@x.com,9999123456,9999123451,9999123452,1,1
MP00014117,MP00014117,2023-09-07,13:58:27,PL006,MIL0465684,x@x.com,9999123456,9999123451,9999123452,1,1
MP00014118,MP00014118,2023-09-07,13:58:27,PL003,MIL0470152,x@x.com,9999123456,9999123451,9999123452,1,1
MP00014119,MP00014119,2023-09-07,13:58:27,PL010,MIL0483333,x@x.com,9999123456,9999123451,9999123452,1,1
MP00014120,MP00014120,2023-09-07,13:58:27,PL002,MIL0311711,x@x.com,9999123456,9999123451,9999123452,1,1
MP00014121,MP00014121,2023-09-07,13:58:27,PL004,MIL0179795,x@x.com,9999123456,9999123451,9999123452,1,1
MP00014122,MP00014122,2023-09-07,13:58:27,PL002,MIL0156722,x@x.com,9999123456,9999123451,9999123452,1,1
MP00014123,MP00014123,2023-09-07,13:58:27,PL002,MIL0530950,x@x.com,9999123456,9999123451,9999123452,1,1
MP00014124,MP00014124,2023-09-07,13:58:27,PL006,MIL0022460,x@x.com,9999123456,9999123451,9999123452,1,1
MP00014125,MP00014125,2023-09-07,13:58:27,PL009,MIL0400061,x@x.com,9999123456,9999123451,9999123452,1,1
MP00014126,MP00014126,2023-09-07,13:58:27,PL006,MIL0173209,x@x.com,9999123456,9999123451,9999123452,1,1
MP00014127,MP00014127,2023-09-07,13:58:27,PL004,MIL0129996,x@x.com,9999123456,9999123451,9999123452,1,1
MP00014128,MP00014128,2023-09-07,13:58:27,PL009,MIL0476361,x@x.com,9999123456,9999123451,9999123452,1,1
MP00014129,MP00014129,2023-09-07,13:58:27,PL008,MIL0450424,x@x.com,9999123456,9999123451,9999123452,1,1
MP00014130,MP00014130,2023-09-07,13:58:27,PL010,MIL0233217,x@x.com,9999123456,9999123451,9999123452,1,1
MP00014131,MP00014131,2023-09-07,13:58:27,PL008,MIL0117510,x@x.com,9999123456,9999123451,9999123452,1,1
MP00014132,MP00014132,2023-09-07,13:58:27,PL005,MIL0574410,x@x.com,9999123456,9999123451,9999123452,1,1
MP00014133,MP00014133,2023-09-07,13:58:27,PL005,MIL0193118,x@x.com,9999123456,9999123451,9999123452,1,1
MP00014134,MP00014134,2023-09-07,13:58:27,PL004,MIL0497939,x@x.com,9999123456,9999123451,9999123452,1,1
MP00014135,MP00014135,2023-09-07,13:58:27,PL009,MIL0289848,x@x.com,9999123456,9999123451,9999123452,1,1
MP00014136,MP00014136,2023-09-07,13:58:27,PL010,MIL0267138,x@x.com,9999123456,9999123451,9999123452,1,1
MP00014137,MP00014137,2023-09-07,13:58:27,PL004,MIL0272668,x@x.com,9999123456,9999123451,9999123452,1,1
MP00014138,MP00014138,2023-09-07,13:58:27,PL013,MIL0178036,x@x.com,9999123456,9999123451,9999123452,1,1
MP00014139,MP00014139,2023-09-07,13:58:27,PL006,MIL0378924,x@x.com,9999123456,9999123451,9999123452,1,1
MP00014140,MP00014140,2023-09-07,13:58:27,PL001,MIL0288554,x@x.com,9999123456,9999123451,9999123452,1,1
MP00014141,MP00014141,2023-09-07,13:58:27,PL002,MIL0083136,x@x.com,9999123456,9999123451,9999123452,1,1
MP00014142,MP00014142,2023-09-07,13:58:27,PL005,MIL0451020,x@x.com,9999123456,9999123451,9999123452,1,1
MP00014143,MP00014143,2023-09-07,13:58:27,PL001,MIL0490054,x@x.com,9999123456,9999123451,9999123452,1,1
MP00014144,MP00014144,2023-09-07,13:58:27,PL003,MIL0533685,x@x.com,9999123456,9999123451,9999123452,1,1
MP00014145,MP00014145,2023-09-07,13:58:27,PL005,MIL0542427,x@x.com,9999123456,9999123451,9999123452,1,1
MP00014146,MP00014146,2023-09-07,13:58:27,PL006,MIL0098022,x@x.com,9999123456,9999123451,9999123452,1,1
MP00014147,MP00014147,2023-09-07,13:58:27,PL013,MIL0284204,x@x.com,9999123456,9999123451,9999123452,1,1
MP00014148,MP00014148,2023-09-07,13:58:27,PL006,MIL0234515,x@x.com,9999123456,9999123451,9999123452,1,1
MP00014149,MP00014149,2023-09-07,13:58:27,PL013,MIL0350860,x@x.com,9999123456,9999123451,9999123452,1,1
MP00014150,MP00014150,2023-09-07,13:58:27,PL003,MIL0037633,x@x.com,9999123456,9999123451,9999123452,1,1
MP00014151,MP00014151,2023-09-07,13:58:27,PL011,MIL0104058,x@x.com,9999123456,9999123451,9999123452,1,1
MP00014152,MP00014152,2023-09-07,13:58:27,PL004,MIL0353700,x@x.com,9999123456,9999123451,9999123452,1,1
MP00014153,MP00014153,2023-09-07,13:58:27,PL012,MIL0077489,x@x.com,9999123456,9999123451,9999123452,1,1
MP00014154,MP00014154,2023-09-07,13:58:27,PL001,MIL0169654,x@x.com,9999123456,9999123451,9999123452,1,1
MP00014155,MP00014155,2023-09-07,13:58:27,PL005,MIL0403037,x@x.com,9999123456,9999123451,9999123452,1,1
MP00014156,MP00014156,2023-09-07,13:58:27,PL006,MIL0052356,x@x.com,9999123456,9999123451,9999123452,1,1
MP00014157,MP00014157,2023-09-07,13:58:27,PL001,MIL0362417,x@x.com,9999123456,9999123451,9999123452,1,1
MP00014158,MP00014158,2023-09-07,13:58:27,PL002,MIL0524452,x@x.com,9999123456,9999123451,9999123452,1,1
MP00014159,MP00014159,2023-09-07,13:58:27,PL003,MIL0220211,x@x.com,9999123456,9999123451,9999123452,1,1
MP00014160,MP00014160,2023-09-07,13:58:27,PL007,MIL0208751,x@x.com,9999123456,9999123451,9999123452,1,1
MP00014161,MP00014161,2023-09-07,13:58:27,PL008,MIL0284180,x@x.com,9999123456,9999123451,9999123452,1,1
MP00014162,MP00014162,2023-09-07,13:58:27,PL007,MIL0039021,x@x.com,9999123456,9999123451,9999123452,1,1
MP00014163,MP00014163,2023-09-07,13:58:27,PL011,MIL0038325,x@x.com,9999123456,9999123451,9999123452,1,1
MP00014164,MP00014164,2023-09-07,13:58:27,PL004,MIL0218195,x@x.com,9999123456,9999123451,9999123452,1,1
MP00014165,MP00014165,2023-09-07,13:58:27,PL008,MIL0408460,x@x.com,9999123456,9999123451,9999123452,1,1
MP00014166,MP00014166,2023-09-07,13:58:27,PL002,MIL0353889,x@x.com,9999123456,9999123451,9999123452,1,1
MP00014167,MP00014167,2023-09-07,13:58:27,PL001,MIL0415189,x@x.com,9999123456,9999123451,9999123452,1,1
MP00014168,MP00014168,2023-09-07,13:58:27,PL001,MIL0090338,x@x.com,9999123456,9999123451,9999123452,1,1
MP00014169,MP00014169,2023-09-07,13:58:27,PL005,MIL0117901,x@x.com,9999123456,9999123451,9999123452,1,1
MP00014170,MP00014170,2023-09-07,13:58:27,PL005,MIL0304457,x@x.com,9999123456,9999123451,9999123452,1,1
MP00014171,MP00014171,2023-09-07,13:58:27,PL004,MIL0254086,x@x.com,9999123456,9999123451,9999123452,1,1
MP00014172,MP00014172,2023-09-07,13:58:27,PL009,MIL0328759,x@x.com,9999123456,9999123451,9999123452,1,1
MP00014173,MP00014173,2023-09-07,13:58:27,PL005,MIL0239261,x@x.com,9999123456,9999123451,9999123452,1,1
MP00014174,MP00014174,2023-09-07,13:58:27,PL005,MIL0424096,x@x.com,9999123456,9999123451,9999123452,1,1
MP00014175,MP00014175,2023-09-07,13:58:27,PL012,MIL0056092,x@x.com,9999123456,9999123451,9999123452,1,1
MP00014176,MP00014176,2023-09-07,13:58:27,PL006,MIL0350061,x@x.com,9999123456,9999123451,9999123452,1,1
MP00014177,MP00014177,2023-09-07,13:58:27,PL010,MIL0082006,x@x.com,9999123456,9999123451,9999123452,1,1
MP00014178,MP00014178,2023-09-07,13:58:27,PL002,MIL0300793,x@x.com,9999123456,9999123451,9999123452,1,1
MP00014179,MP00014179,2023-09-07,13:58:27,PL009,MIL0519274,x@x.com,9999123456,9999123451,9999123452,1,1
MP00014180,MP00014180,2023-09-07,13:58:27,PL011,MIL0254429,x@x.com,9999123456,9999123451,9999123452,1,1
MP00014181,MP00014181,2023-09-07,13:58:27,PL008,MIL0469912,x@x.com,9999123456,9999123451,9999123452,1,1
MP00014182,MP00014182,2023-09-07,13:58:27,PL005,MIL0054037,x@x.com,9999123456,9999123451,9999123452,1,1
MP00014183,MP00014183,2023-09-07,13:58:27,PL007,MIL0337989,x@x.com,9999123456,9999123451,9999123452,1,1
MP00014184,MP00014184,2023-09-07,13:58:27,PL002,MIL0328246,x@x.com,9999123456,9999123451,9999123452,1,1
MP00014185,MP00014185,2023-09-07,13:58:27,PL002,MIL0208958,x@x.com,9999123456,9999123451,9999123452,1,1
MP00014186,MP00014186,2023-09-07,13:58:27,PL003,MIL0471715,x@x.com,9999123456,9999123451,9999123452,1,1
MP00014187,MP00014187,2023-09-07,13:58:27,PL006,MIL0188090,x@x.com,9999123456,9999123451,9999123452,1,1
MP00014188,MP00014188,2023-09-07,13:58:27,PL007,MIL0112607,x@x.com,9999123456,9999123451,9999123452,1,1
MP00014189,MP00014189,2023-09-07,13:58:27,PL002,MIL0263125,x@x.com,9999123456,9999123451,9999123452,1,1
MP00014190,MP00014190,2023-09-07,13:58:27,PL005,MIL0409433,x@x.com,9999123456,9999123451,9999123452,1,1
MP00014191,MP00014191,2023-09-07,13:58:27,PL003,MIL0457877,x@x.com,9999123456,9999123451,9999123452,1,1
MP00014192,MP00014192,2023-09-07,13:58:27,PL003,MIL0349566,x@x.com,9999123456,9999123451,9999123452,1,1
MP00014193,MP00014193,2023-09-07,13:58:27,PL002,MIL0021565,x@x.com,9999123456,9999123451,9999123452,1,1
MP00014194,MP00014194,2023-09-07,13:58:27,PL011,MIL0303821,x@x.com,9999123456,9999123451,9999123452,1,1
MP00014195,MP00014195,2023-09-07,13:58:27,PL013,MIL0036742,x@x.com,9999123456,9999123451,9999123452,1,1
MP00014196,MP00014196,2023-09-07,13:58:27,PL001,MIL0008980,x@x.com,9999123456,9999123451,9999123452,1,1
MP00014197,MP00014197,2023-09-07,13:58:27,PL013,MIL0112596,x@x.com,9999123456,9999123451,9999123452,1,1
MP00014198,MP00014198,2023-09-07,13:58:27,PL012,MIL0580017,x@x.com,9999123456,9999123451,9999123452,1,1
MP00014199,MP00014199,2023-09-07,13:58:27,PL006,MIL0324942,x@x.com,9999123456,9999123451,9999123452,1,1
MP00014200,MP00014200,2023-09-07,13:58:27,PL006,MIL0307572,x@x.com,9999123456,9999123451,9999123452,1,1
MP00014201,MP00014201,2023-09-07,13:58:27,PL002,MIL0476362,x@x.com,9999123456,9999123451,9999123452,1,1
MP00014202,MP00014202,2023-09-07,13:58:27,PL013,MIL0311656,x@x.com,9999123456,9999123451,9999123452,1,1
MP00014203,MP00014203,2023-09-07,13:58:27,PL006,MIL0064280,x@x.com,9999123456,9999123451,9999123452,1,1
MP00014204,MP00014204,2023-09-07,13:58:27,PL012,MIL0183741,x@x.com,9999123456,9999123451,9999123452,1,1
MP00014205,MP00014205,2023-09-07,13:58:27,PL001,MIL0342877,x@x.com,9999123456,9999123451,9999123452,1,1
MP00014206,MP00014206,2023-09-07,13:58:27,PL013,MIL0076327,x@x.com,9999123456,9999123451,9999123452,1,1
MP00014207,MP00014207,2023-09-07,13:58:27,PL001,MIL0177899,x@x.com,9999123456,9999123451,9999123452,1,1
MP00014208,MP00014208,2023-09-07,13:58:27,PL002,MIL0147426,x@x.com,9999123456,9999123451,9999123452,1,1
MP00014209,MP00014209,2023-09-07,13:58:27,PL005,MIL0552680,x@x.com,9999123456,9999123451,9999123452,1,1
MP00014210,MP00014210,2023-09-07,13:58:27,PL009,MIL0109267,x@x.com,9999123456,9999123451,9999123452,1,1
MP00014211,MP00014211,2023-09-07,13:58:27,PL006,MIL0384824,x@x.com,9999123456,9999123451,9999123452,1,1
MP00014212,MP00014212,2023-09-07,13:58:27,PL013,MIL0028348,x@x.com,9999123456,9999123451,9999123452,1,1
MP00014213,MP00014213,2023-09-07,13:58:27,PL012,MIL0219261,x@x.com,9999123456,9999123451,9999123452,1,1
MP00014214,MP00014214,2023-09-07,13:58:27,PL008,MIL0124460,x@x.com,9999123456,9999123451,9999123452,1,1
MP00014215,MP00014215,2023-09-07,13:58:27,PL002,MIL0142643,x@x.com,9999123456,9999123451,9999123452,1,1
MP00014216,MP00014216,2023-09-07,13:58:27,PL005,MIL0025860,x@x.com,9999123456,9999123451,9999123452,1,1
MP00014217,MP00014217,2023-09-07,13:58:27,PL013,MIL0174737,x@x.com,9999123456,9999123451,9999123452,1,1
MP00014218,MP00014218,2023-09-07,13:58:27,PL012,MIL0312702,x@x.com,9999123456,9999123451,9999123452,1,1
MP00014219,MP00014219,2023-09-07,13:58:27,PL008,MIL0147521,x@x.com,9999123456,9999123451,9999123452,1,1
MP00014220,MP00014220,2023-09-07,13:58:27,PL013,MIL0051821,x@x.com,9999123456,9999123451,9999123452,1,1
MP00014221,MP00014221,2023-09-07,13:58:27,PL006,MIL0143021,x@x.com,9999123456,9999123451,9999123452,1,1
MP00014222,MP00014222,2023-09-07,13:58:27,PL012,MIL0327845,x@x.com,9999123456,9999123451,9999123452,1,1
MP00014223,MP00014223,2023-09-07,13:58:27,PL010,MIL0306917,x@x.com,9999123456,9999123451,9999123452,1,1
MP00014224,MP00014224,2023-09-07,13:58:27,PL006,MIL0384431,x@x.com,9999123456,9999123451,9999123452,1,1
MP00014225,MP00014225,2023-09-07,13:58:27,PL007,MIL0006903,x@x.com,9999123456,9999123451,9999123452,1,1
MP00014226,MP00014226,2023-09-07,13:58:27,PL008,MIL0452754,x@x.com,9999123456,9999123451,9999123452,1,1
MP00014227,MP00014227,2023-09-07,13:58:27,PL013,MIL0271709,x@x.com,9999123456,9999123451,9999123452,1,1
MP00014228,MP00014228,2023-09-07,13:58:27,PL004,MIL0465615,x@x.com,9999123456,9999123451,9999123452,1,1
MP00014229,MP00014229,2023-09-07,13:58:27,PL011,MIL0359178,x@x.com,9999123456,9999123451,9999123452,1,1
MP00014230,MP00014230,2023-09-07,13:58:27,PL004,MIL0297699,x@x.com,9999123456,9999123451,9999123452,1,1
MP00014231,MP00014231,2023-09-07,13:58:27,PL010,MIL0387690,x@x.com,9999123456,9999123451,9999123452,1,1
MP00014232,MP00014232,2023-09-07,13:58:27,PL004,MIL0507721,x@x.com,9999123456,9999123451,9999123452,1,1
MP00014233,MP00014233,2023-09-07,13:58:27,PL011,MIL0078032,x@x.com,9999123456,9999123451,9999123452,1,1
MP00014234,MP00014234,2023-09-07,13:58:27,PL006,MIL0279019,x@x.com,9999123456,9999123451,9999123452,1,1
MP00014235,MP00014235,2023-09-07,13:58:27,PL007,MIL0082114,x@x.com,9999123456,9999123451,9999123452,1,1
MP00014236,MP00014236,2023-09-07,13:58:27,PL002,MIL0041068,x@x.com,9999123456,9999123451,9999123452,1,1
MP00014237,MP00014237,2023-09-07,13:58:27,PL006,MIL0334120,x@x.com,9999123456,9999123451,9999123452,1,1
MP00014238,MP00014238,2023-09-07,13:58:27,PL006,MIL0208738,x@x.com,9999123456,9999123451,9999123452,1,1
MP00014239,MP00014239,2023-09-07,13:58:27,PL011,MIL0237054,x@x.com,9999123456,9999123451,9999123452,1,1
MP00014240,MP00014240,2023-09-07,13:58:27,PL005,MIL0458000,x@x.com,9999123456,9999123451,9999123452,1,1
MP00014241,MP00014241,2023-09-07,13:58:27,PL001,MIL0382538,x@x.com,9999123456,9999123451,9999123452,1,1
MP00014242,MP00014242,2023-09-07,13:58:27,PL011,MIL0368176,x@x.com,9999123456,9999123451,9999123452,1,1
MP00014243,MP00014243,2023-09-07,13:58:27,PL011,MIL0386741,x@x.com,9999123456,9999123451,9999123452,1,1
MP00014244,MP00014244,2023-09-07,13:58:27,PL001,MIL0562035,x@x.com,9999123456,9999123451,9999123452,1,1
MP00014245,MP00014245,2023-09-07,13:58:27,PL005,MIL0127595,x@x.com,9999123456,9999123451,9999123452,1,1
MP00014246,MP00014246,2023-09-07,13:58:27,PL005,MIL0002678,x@x.com,9999123456,9999123451,9999123452,1,1
MP00014247,MP00014247,2023-09-07,13:58:27,PL010,MIL0542905,x@x.com,9999123456,9999123451,9999123452,1,1
MP00014248,MP00014248,2023-09-07,13:58:27,PL002,MIL0504664,x@x.com,9999123456,9999123451,9999123452,1,1
MP00014249,MP00014249,2023-09-07,13:58:27,PL002,MIL0339741,x@x.com,9999123456,9999123451,9999123452,1,1
MP00014250,MP00014250,2023-09-07,13:58:27,PL008,MIL0476861,x@x.com,9999123456,9999123451,9999123452,1,1
MP00014251,MP00014251,2023-09-07,13:58:27,PL004,MIL0120887,x@x.com,9999123456,9999123451,9999123452,1,1
MP00014252,MP00014252,2023-09-07,13:58:27,PL005,MIL0187080,x@x.com,9999123456,9999123451,9999123452,1,1
MP00014253,MP00014253,2023-09-07,13:58:27,PL007,MIL0371300,x@x.com,9999123456,9999123451,9999123452,1,1
MP00014254,MP00014254,2023-09-07,13:58:27,PL008,MIL0319328,x@x.com,9999123456,9999123451,9999123452,1,1
MP00014255,MP00014255,2023-09-07,13:58:27,PL009,MIL0369009,x@x.com,9999123456,9999123451,9999123452,1,1
MP00014256,MP00014256,2023-09-07,13:58:27,PL003,MIL0482228,x@x.com,9999123456,9999123451,9999123452,1,1
MP00014257,MP00014257,2023-09-07,13:58:27,PL006,MIL0465355,x@x.com,9999123456,9999123451,9999123452,1,1
MP00014258,MP00014258,2023-09-07,13:58:27,PL008,MIL0578781,x@x.com,9999123456,9999123451,9999123452,1,1
MP00014259,MP00014259,2023-09-07,13:58:27,PL002,MIL0459105,x@x.com,9999123456,9999123451,9999123452,1,1
MP00014260,MP00014260,2023-09-07,13:58:27,PL001,MIL0301476,x@x.com,9999123456,9999123451,9999123452,1,1
MP00014261,MP00014261,2023-09-07,13:58:27,PL013,MIL0186727,x@x.com,9999123456,9999123451,9999123452,1,1
MP00014262,MP00014262,2023-09-07,13:58:27,PL007,MIL0511684,x@x.com,9999123456,9999123451,9999123452,1,1
MP00014263,MP00014263,2023-09-07,13:58:27,PL012,MIL0031186,x@x.com,9999123456,9999123451,9999123452,1,1
MP00014264,MP00014264,2023-09-07,13:58:27,PL007,MIL0330238,x@x.com,9999123456,9999123451,9999123452,1,1
MP00014265,MP00014265,2023-09-07,13:58:27,PL012,MIL0427373,x@x.com,9999123456,9999123451,9999123452,1,1
MP00014266,MP00014266,2023-09-07,13:58:27,PL005,MIL0221637,x@x.com,9999123456,9999123451,9999123452,1,1
MP00014267,MP00014267,2023-09-07,13:58:27,PL005,MIL0363717,x@x.com,9999123456,9999123451,9999123452,1,1
MP00014268,MP00014268,2023-09-07,13:58:27,PL001,MIL0372588,x@x.com,9999123456,9999123451,9999123452,1,1
MP00014269,MP00014269,2023-09-07,13:58:27,PL009,MIL0004096,x@x.com,9999123456,9999123451,9999123452,1,1
MP00014270,MP00014270,2023-09-07,13:58:27,PL002,MIL0533787,x@x.com,9999123456,9999123451,9999123452,1,1
MP00014271,MP00014271,2023-09-07,13:58:27,PL013,MIL0044372,x@x.com,9999123456,9999123451,9999123452,1,1
MP00014272,MP00014272,2023-09-07,13:58:27,PL008,MIL0424250,x@x.com,9999123456,9999123451,9999123452,1,1
MP00014273,MP00014273,2023-09-07,13:58:27,PL006,MIL0494775,x@x.com,9999123456,9999123451,9999123452,1,1
MP00014274,MP00014274,2023-09-07,13:58:27,PL008,MIL0430944,x@x.com,9999123456,9999123451,9999123452,1,1
MP00014275,MP00014275,2023-09-07,13:58:27,PL010,MIL0237930,x@x.com,9999123456,9999123451,9999123452,1,1
MP00014276,MP00014276,2023-09-07,13:58:27,PL009,MIL0103147,x@x.com,9999123456,9999123451,9999123452,1,1
MP00014277,MP00014277,2023-09-07,13:58:27,PL007,MIL0425787,x@x.com,9999123456,9999123451,9999123452,1,1
MP00014278,MP00014278,2023-09-07,13:58:27,PL001,MIL0504384,x@x.com,9999123456,9999123451,9999123452,1,1
MP00014279,MP00014279,2023-09-07,13:58:27,PL006,MIL0289095,x@x.com,9999123456,9999123451,9999123452,1,1
MP00014280,MP00014280,2023-09-07,13:58:27,PL006,MIL0557154,x@x.com,9999123456,9999123451,9999123452,1,1
MP00014281,MP00014281,2023-09-07,13:58:27,PL003,MIL0294166,x@x.com,9999123456,9999123451,9999123452,1,1
MP00014282,MP00014282,2023-09-07,13:58:27,PL009,MIL0535988,x@x.com,9999123456,9999123451,9999123452,1,1
MP00014283,MP00014283,2023-09-07,13:58:27,PL001,MIL0085472,x@x.com,9999123456,9999123451,9999123452,1,1
MP00014284,MP00014284,2023-09-07,13:58:27,PL004,MIL0284125,x@x.com,9999123456,9999123451,9999123452,1,1
MP00014285,MP00014285,2023-09-07,13:58:27,PL006,MIL0508853,x@x.com,9999123456,9999123451,9999123452,1,1
MP00014286,MP00014286,2023-09-07,13:58:27,PL012,MIL0076849,x@x.com,9999123456,9999123451,9999123452,1,1
MP00014287,MP00014287,2023-09-07,13:58:27,PL010,MIL0062302,x@x.com,9999123456,9999123451,9999123452,1,1
MP00014288,MP00014288,2023-09-07,13:58:27,PL009,MIL0501022,x@x.com,9999123456,9999123451,9999123452,1,1
MP00014289,MP00014289,2023-09-07,13:58:27,PL004,MIL0280261,x@x.com,9999123456,9999123451,9999123452,1,1
MP00014290,MP00014290,2023-09-07,13:58:27,PL006,MIL0259953,x@x.com,9999123456,9999123451,9999123452,1,1
MP00014291,MP00014291,2023-09-07,13:58:27,PL010,MIL0009794,x@x.com,9999123456,9999123451,9999123452,1,1
MP00014292,MP00014292,2023-09-07,13:58:27,PL006,MIL0115434,x@x.com,9999123456,9999123451,9999123452,1,1
MP00014293,MP00014293,2023-09-07,13:58:27,PL001,MIL0215375,x@x.com,9999123456,9999123451,9999123452,1,1
MP00014294,MP00014294,2023-09-07,13:58:27,PL005,MIL0206552,x@x.com,9999123456,9999123451,9999123452,1,1
MP00014295,MP00014295,2023-09-07,13:58:27,PL012,MIL0034879,x@x.com,9999123456,9999123451,9999123452,1,1
MP00014296,MP00014296,2023-09-07,13:58:27,PL006,MIL0020004,x@x.com,9999123456,9999123451,9999123452,1,1
MP00014297,MP00014297,2023-09-07,13:58:27,PL005,MIL0212022,x@x.com,9999123456,9999123451,9999123452,1,1
MP00014298,MP00014298,2023-09-07,13:58:27,PL008,MIL0403879,x@x.com,9999123456,9999123451,9999123452,1,1
MP00014299,MP00014299,2023-09-07,13:58:27,PL002,MIL0051109,x@x.com,9999123456,9999123451,9999123452,1,1
MP00014300,MP00014300,2023-09-07,13:58:27,PL011,MIL0548579,x@x.com,9999123456,9999123451,9999123452,1,1
MP00014301,MP00014301,2023-09-07,13:58:27,PL006,MIL0178537,x@x.com,9999123456,9999123451,9999123452,1,1
MP00014302,MP00014302,2023-09-07,13:58:27,PL002,MIL0161524,x@x.com,9999123456,9999123451,9999123452,1,1
MP00014303,MP00014303,2023-09-07,13:58:27,PL009,MIL0165042,x@x.com,9999123456,9999123451,9999123452,1,1
MP00014304,MP00014304,2023-09-07,13:58:27,PL002,MIL0421620,x@x.com,9999123456,9999123451,9999123452,1,1
MP00014305,MP00014305,2023-09-07,13:58:27,PL010,MIL0145435,x@x.com,9999123456,9999123451,9999123452,1,1
MP00014306,MP00014306,2023-09-07,13:58:27,PL012,MIL0215202,x@x.com,9999123456,9999123451,9999123452,1,1
MP00014307,MP00014307,2023-09-07,13:58:27,PL013,MIL0264707,x@x.com,9999123456,9999123451,9999123452,1,1
MP00014308,MP00014308,2023-09-07,13:58:27,PL011,MIL0311149,x@x.com,9999123456,9999123451,9999123452,1,1
MP00014309,MP00014309,2023-09-07,13:58:27,PL013,MIL0530540,x@x.com,9999123456,9999123451,9999123452,1,1
MP00014310,MP00014310,2023-09-07,13:58:27,PL005,MIL0164326,x@x.com,9999123456,9999123451,9999123452,1,1
MP00014311,MP00014311,2023-09-07,13:58:27,PL007,MIL0112002,x@x.com,9999123456,9999123451,9999123452,1,1
MP00014312,MP00014312,2023-09-07,13:58:27,PL012,MIL0049662,x@x.com,9999123456,9999123451,9999123452,1,1
MP00014313,MP00014313,2023-09-07,13:58:27,PL010,MIL0053240,x@x.com,9999123456,9999123451,9999123452,1,1
MP00014314,MP00014314,2023-09-07,13:58:27,PL002,MIL0208756,x@x.com,9999123456,9999123451,9999123452,1,1
MP00014315,MP00014315,2023-09-07,13:58:27,PL002,MIL0471335,x@x.com,9999123456,9999123451,9999123452,1,1
MP00014316,MP00014316,2023-09-07,13:58:27,PL012,MIL0429624,x@x.com,9999123456,9999123451,9999123452,1,1
MP00014317,MP00014317,2023-09-07,13:58:27,PL007,MIL0210794,x@x.com,9999123456,9999123451,9999123452,1,1
MP00014318,MP00014318,2023-09-07,13:58:27,PL004,MIL0296581,x@x.com,9999123456,9999123451,9999123452,1,1
MP00014319,MP00014319,2023-09-07,13:58:27,PL005,MIL0401060,x@x.com,9999123456,9999123451,9999123452,1,1
MP00014320,MP00014320,2023-09-07,13:58:27,PL004,MIL0458180,x@x.com,9999123456,9999123451,9999123452,1,1
MP00014321,MP00014321,2023-09-07,13:58:27,PL009,MIL0241106,x@x.com,9999123456,9999123451,9999123452,1,1
MP00014322,MP00014322,2023-09-07,13:58:27,PL008,MIL0490186,x@x.com,9999123456,9999123451,9999123452,1,1
MP00014323,MP00014323,2023-09-07,13:58:27,PL002,MIL0048082,x@x.com,9999123456,9999123451,9999123452,1,1
MP00014324,MP00014324,2023-09-07,13:58:27,PL004,MIL0465747,x@x.com,9999123456,9999123451,9999123452,1,1
MP00014325,MP00014325,2023-09-07,13:58:27,PL010,MIL0229314,x@x.com,9999123456,9999123451,9999123452,1,1
MP00014326,MP00014326,2023-09-07,13:58:27,PL011,MIL0389864,x@x.com,9999123456,9999123451,9999123452,1,1
MP00014327,MP00014327,2023-09-07,13:58:27,PL005,MIL0145563,x@x.com,9999123456,9999123451,9999123452,1,1
MP00014328,MP00014328,2023-09-07,13:58:27,PL009,MIL0453543,x@x.com,9999123456,9999123451,9999123452,1,1
MP00014329,MP00014329,2023-09-07,13:58:27,PL009,MIL0102461,x@x.com,9999123456,9999123451,9999123452,1,1
MP00014330,MP00014330,2023-09-07,13:58:27,PL001,MIL0209758,x@x.com,9999123456,9999123451,9999123452,1,1
MP00014331,MP00014331,2023-09-07,13:58:27,PL013,MIL0221838,x@x.com,9999123456,9999123451,9999123452,1,1
MP00014332,MP00014332,2023-09-07,13:58:27,PL008,MIL0201299,x@x.com,9999123456,9999123451,9999123452,1,1
MP00014333,MP00014333,2023-09-07,13:58:27,PL011,MIL0094198,x@x.com,9999123456,9999123451,9999123452,1,1
MP00014334,MP00014334,2023-09-07,13:58:27,PL001,MIL0129248,x@x.com,9999123456,9999123451,9999123452,1,1
MP00014335,MP00014335,2023-09-07,13:58:27,PL011,MIL0157976,x@x.com,9999123456,9999123451,9999123452,1,1
MP00014336,MP00014336,2023-09-07,13:58:27,PL008,MIL0326801,x@x.com,9999123456,9999123451,9999123452,1,1
MP00014337,MP00014337,2023-09-07,13:58:27,PL007,MIL0184078,x@x.com,9999123456,9999123451,9999123452,1,1
MP00014338,MP00014338,2023-09-07,13:58:27,PL002,MIL0377799,x@x.com,9999123456,9999123451,9999123452,1,1
MP00014339,MP00014339,2023-09-07,13:58:27,PL004,MIL0518997,x@x.com,9999123456,9999123451,9999123452,1,1
MP00014340,MP00014340,2023-09-07,13:58:27,PL006,MIL0324267,x@x.com,9999123456,9999123451,9999123452,1,1
MP00014341,MP00014341,2023-09-07,13:58:27,PL006,MIL0467446,x@x.com,9999123456,9999123451,9999123452,1,1
MP00014342,MP00014342,2023-09-07,13:58:27,PL002,MIL0287528,x@x.com,9999123456,9999123451,9999123452,1,1
MP00014343,MP00014343,2023-09-07,13:58:27,PL010,MIL0511272,x@x.com,9999123456,9999123451,9999123452,1,1
MP00014344,MP00014344,2023-09-07,13:58:27,PL013,MIL0478699,x@x.com,9999123456,9999123451,9999123452,1,1
MP00014345,MP00014345,2023-09-07,13:58:27,PL012,MIL0111457,x@x.com,9999123456,9999123451,9999123452,1,1
MP00014346,MP00014346,2023-09-07,13:58:27,PL007,MIL0384203,x@x.com,9999123456,9999123451,9999123452,1,1
MP00014347,MP00014347,2023-09-07,13:58:27,PL009,MIL0149165,x@x.com,9999123456,9999123451,9999123452,1,1
MP00014348,MP00014348,2023-09-07,13:58:27,PL011,MIL0233091,x@x.com,9999123456,9999123451,9999123452,1,1
MP00014349,MP00014349,2023-09-07,13:58:27,PL003,MIL0178949,x@x.com,9999123456,9999123451,9999123452,1,1
MP00014350,MP00014350,2023-09-07,13:58:27,PL002,MIL0276311,x@x.com,9999123456,9999123451,9999123452,1,1
MP00014351,MP00014351,2023-09-07,13:58:27,PL005,MIL0469879,x@x.com,9999123456,9999123451,9999123452,1,1
MP00014352,MP00014352,2023-09-07,13:58:27,PL002,MIL0056493,x@x.com,9999123456,9999123451,9999123452,1,1
MP00014353,MP00014353,2023-09-07,13:58:27,PL013,MIL0416983,x@x.com,9999123456,9999123451,9999123452,1,1
MP00014354,MP00014354,2023-09-07,13:58:27,PL013,MIL0361435,x@x.com,9999123456,9999123451,9999123452,1,1
MP00014355,MP00014355,2023-09-07,13:58:27,PL011,MIL0176300,x@x.com,9999123456,9999123451,9999123452,1,1
MP00014356,MP00014356,2023-09-07,13:58:27,PL004,MIL0078490,x@x.com,9999123456,9999123451,9999123452,1,1
MP00014357,MP00014357,2023-09-07,13:58:27,PL011,MIL0288944,x@x.com,9999123456,9999123451,9999123452,1,1
MP00014358,MP00014358,2023-09-07,13:58:27,PL010,MIL0225755,x@x.com,9999123456,9999123451,9999123452,1,1
MP00014359,MP00014359,2023-09-07,13:58:27,PL005,MIL0382750,x@x.com,9999123456,9999123451,9999123452,1,1
MP00014360,MP00014360,2023-09-07,13:58:27,PL012,MIL0430024,x@x.com,9999123456,9999123451,9999123452,1,1
MP00014361,MP00014361,2023-09-07,13:58:27,PL002,MIL0426822,x@x.com,9999123456,9999123451,9999123452,1,1
MP00014362,MP00014362,2023-09-07,13:58:27,PL001,MIL0111132,x@x.com,9999123456,9999123451,9999123452,1,1
MP00014363,MP00014363,2023-09-07,13:58:27,PL010,MIL0060935,x@x.com,9999123456,9999123451,9999123452,1,1
MP00014364,MP00014364,2023-09-07,13:58:27,PL009,MIL0331971,x@x.com,9999123456,9999123451,9999123452,1,1
MP00014365,MP00014365,2023-09-07,13:58:27,PL004,MIL0181479,x@x.com,9999123456,9999123451,9999123452,1,1
MP00014366,MP00014366,2023-09-07,13:58:27,PL005,MIL0512196,x@x.com,9999123456,9999123451,9999123452,1,1
MP00014367,MP00014367,2023-09-07,13:58:27,PL010,MIL0068062,x@x.com,9999123456,9999123451,9999123452,1,1
MP00014368,MP00014368,2023-09-07,13:58:27,PL004,MIL0374648,x@x.com,9999123456,9999123451,9999123452,1,1
MP00014369,MP00014369,2023-09-07,13:58:27,PL003,MIL0397595,x@x.com,9999123456,9999123451,9999123452,1,1
MP00014370,MP00014370,2023-09-07,13:58:27,PL011,MIL0547790,x@x.com,9999123456,9999123451,9999123452,1,1
MP00014371,MP00014371,2023-09-07,13:58:27,PL012,MIL0139358,x@x.com,9999123456,9999123451,9999123452,1,1
MP00014372,MP00014372,2023-09-07,13:58:27,PL007,MIL0335337,x@x.com,9999123456,9999123451,9999123452,1,1
MP00014373,MP00014373,2023-09-07,13:58:27,PL002,MIL0433666,x@x.com,9999123456,9999123451,9999123452,1,1
MP00014374,MP00014374,2023-09-07,13:58:27,PL008,MIL0039920,x@x.com,9999123456,9999123451,9999123452,1,1
MP00014375,MP00014375,2023-09-07,13:58:27,PL001,MIL0045890,x@x.com,9999123456,9999123451,9999123452,1,1
MP00014376,MP00014376,2023-09-07,13:58:27,PL001,MIL0051009,x@x.com,9999123456,9999123451,9999123452,1,1
MP00014377,MP00014377,2023-09-07,13:58:27,PL010,MIL0213012,x@x.com,9999123456,9999123451,9999123452,1,1
MP00014378,MP00014378,2023-09-07,13:58:27,PL013,MIL0486730,x@x.com,9999123456,9999123451,9999123452,1,1
MP00014379,MP00014379,2023-09-07,13:58:27,PL008,MIL0437978,x@x.com,9999123456,9999123451,9999123452,1,1
MP00014380,MP00014380,2023-09-07,13:58:27,PL006,MIL0072518,x@x.com,9999123456,9999123451,9999123452,1,1
MP00014381,MP00014381,2023-09-07,13:58:27,PL012,MIL0402232,x@x.com,9999123456,9999123451,9999123452,1,1
MP00014382,MP00014382,2023-09-07,13:58:27,PL007,MIL0407086,x@x.com,9999123456,9999123451,9999123452,1,1
MP00014383,MP00014383,2023-09-07,13:58:27,PL002,MIL0481443,x@x.com,9999123456,9999123451,9999123452,1,1
MP00014384,MP00014384,2023-09-07,13:58:27,PL013,MIL0266197,x@x.com,9999123456,9999123451,9999123452,1,1
MP00014385,MP00014385,2023-09-07,13:58:27,PL006,MIL0226852,x@x.com,9999123456,9999123451,9999123452,1,1
MP00014386,MP00014386,2023-09-07,13:58:27,PL007,MIL0000021,x@x.com,9999123456,9999123451,9999123452,1,1
MP00014387,MP00014387,2023-09-07,13:58:27,PL004,MIL0348318,x@x.com,9999123456,9999123451,9999123452,1,1
MP00014388,MP00014388,2023-09-07,13:58:27,PL012,MIL0028333,x@x.com,9999123456,9999123451,9999123452,1,1
MP00014389,MP00014389,2023-09-07,13:58:27,PL012,MIL0472648,x@x.com,9999123456,9999123451,9999123452,1,1
MP00014390,MP00014390,2023-09-07,13:58:27,PL013,MIL0063401,x@x.com,9999123456,9999123451,9999123452,1,1
MP00014391,MP00014391,2023-09-07,13:58:27,PL013,MIL0532617,x@x.com,9999123456,9999123451,9999123452,1,1
MP00014392,MP00014392,2023-09-07,13:58:27,PL010,MIL0132347,x@x.com,9999123456,9999123451,9999123452,1,1
MP00014393,MP00014393,2023-09-07,13:58:27,PL008,MIL0575341,x@x.com,9999123456,9999123451,9999123452,1,1
MP00014394,MP00014394,2023-09-07,13:58:27,PL006,MIL0053320,x@x.com,9999123456,9999123451,9999123452,1,1
MP00014395,MP00014395,2023-09-07,13:58:27,PL001,MIL0390774,x@x.com,9999123456,9999123451,9999123452,1,1
MP00014396,MP00014396,2023-09-07,13:58:27,PL004,MIL0356997,x@x.com,9999123456,9999123451,9999123452,1,1
MP00014397,MP00014397,2023-09-07,13:58:27,PL008,MIL0041957,x@x.com,9999123456,9999123451,9999123452,1,1
MP00014398,MP00014398,2023-09-07,13:58:27,PL003,MIL0349968,x@x.com,9999123456,9999123451,9999123452,1,1
MP00014399,MP00014399,2023-09-07,13:58:27,PL013,MIL0542834,x@x.com,9999123456,9999123451,9999123452,1,1
MP00014400,MP00014400,2023-09-07,13:58:27,PL007,MIL0457439,x@x.com,9999123456,9999123451,9999123452,1,1
MP00014401,MP00014401,2023-09-07,13:58:27,PL001,MIL0139961,x@x.com,9999123456,9999123451,9999123452,1,1
MP00014402,MP00014402,2023-09-07,13:58:27,PL002,MIL0255342,x@x.com,9999123456,9999123451,9999123452,1,1
MP00014403,MP00014403,2023-09-07,13:58:27,PL002,MIL0303711,x@x.com,9999123456,9999123451,9999123452,1,1
MP00014404,MP00014404,2023-09-07,13:58:27,PL006,MIL0368836,x@x.com,9999123456,9999123451,9999123452,1,1
MP00014405,MP00014405,2023-09-07,13:58:27,PL007,MIL0269725,x@x.com,9999123456,9999123451,9999123452,1,1
MP00014406,MP00014406,2023-09-07,13:58:27,PL005,MIL0161418,x@x.com,9999123456,9999123451,9999123452,1,1
MP00014407,MP00014407,2023-09-07,13:58:27,PL003,MIL0123748,x@x.com,9999123456,9999123451,9999123452,1,1
MP00014408,MP00014408,2023-09-07,13:58:27,PL002,MIL0325716,x@x.com,9999123456,9999123451,9999123452,1,1
MP00014409,MP00014409,2023-09-07,13:58:27,PL013,MIL0284677,x@x.com,9999123456,9999123451,9999123452,1,1
MP00014410,MP00014410,2023-09-07,13:58:27,PL005,MIL0580194,x@x.com,9999123456,9999123451,9999123452,1,1
MP00014411,MP00014411,2023-09-07,13:58:27,PL004,MIL0527159,x@x.com,9999123456,9999123451,9999123452,1,1
MP00014412,MP00014412,2023-09-07,13:58:27,PL001,MIL0540281,x@x.com,9999123456,9999123451,9999123452,1,1
MP00014413,MP00014413,2023-09-07,13:58:27,PL005,MIL0239511,x@x.com,9999123456,9999123451,9999123452,1,1
MP00014414,MP00014414,2023-09-07,13:58:27,PL009,MIL0219310,x@x.com,9999123456,9999123451,9999123452,1,1
MP00014415,MP00014415,2023-09-07,13:58:27,PL013,MIL0408039,x@x.com,9999123456,9999123451,9999123452,1,1
MP00014416,MP00014416,2023-09-07,13:58:27,PL005,MIL0090046,x@x.com,9999123456,9999123451,9999123452,1,1
MP00014417,MP00014417,2023-09-07,13:58:27,PL008,MIL0153928,x@x.com,9999123456,9999123451,9999123452,1,1
MP00014418,MP00014418,2023-09-07,13:58:27,PL006,MIL0219617,x@x.com,9999123456,9999123451,9999123452,1,1
MP00014419,MP00014419,2023-09-07,13:58:27,PL010,MIL0029225,x@x.com,9999123456,9999123451,9999123452,1,1
MP00014420,MP00014420,2023-09-07,13:58:27,PL007,MIL0020252,x@x.com,9999123456,9999123451,9999123452,1,1
MP00014421,MP00014421,2023-09-07,13:58:27,PL006,MIL0009560,x@x.com,9999123456,9999123451,9999123452,1,1
MP00014422,MP00014422,2023-09-07,13:58:27,PL012,MIL0127955,x@x.com,9999123456,9999123451,9999123452,1,1
MP00014423,MP00014423,2023-09-07,13:58:27,PL003,MIL0012631,x@x.com,9999123456,9999123451,9999123452,1,1
MP00014424,MP00014424,2023-09-07,13:58:27,PL011,MIL0398190,x@x.com,9999123456,9999123451,9999123452,1,1
MP00014425,MP00014425,2023-09-07,13:58:27,PL005,MIL0073757,x@x.com,9999123456,9999123451,9999123452,1,1
MP00014426,MP00014426,2023-09-07,13:58:27,PL007,MIL0006699,x@x.com,9999123456,9999123451,9999123452,1,1
MP00014427,MP00014427,2023-09-07,13:58:27,PL011,MIL0199573,x@x.com,9999123456,9999123451,9999123452,1,1
MP00014428,MP00014428,2023-09-07,13:58:27,PL005,MIL0203688,x@x.com,9999123456,9999123451,9999123452,1,1
MP00014429,MP00014429,2023-09-07,13:58:27,PL006,MIL0495198,x@x.com,9999123456,9999123451,9999123452,1,1
MP00014430,MP00014430,2023-09-07,13:58:27,PL005,MIL0253808,x@x.com,9999123456,9999123451,9999123452,1,1
MP00014431,MP00014431,2023-09-07,13:58:27,PL002,MIL0578058,x@x.com,9999123456,9999123451,9999123452,1,1
MP00014432,MP00014432,2023-09-07,13:58:27,PL001,MIL0072705,x@x.com,9999123456,9999123451,9999123452,1,1
MP00014433,MP00014433,2023-09-07,13:58:27,PL004,MIL0571141,x@x.com,9999123456,9999123451,9999123452,1,1
MP00014434,MP00014434,2023-09-07,13:58:27,PL005,MIL0464677,x@x.com,9999123456,9999123451,9999123452,1,1
MP00014435,MP00014435,2023-09-07,13:58:27,PL008,MIL0048897,x@x.com,9999123456,9999123451,9999123452,1,1
MP00014436,MP00014436,2023-09-07,13:58:27,PL011,MIL0199317,x@x.com,9999123456,9999123451,9999123452,1,1
MP00014437,MP00014437,2023-09-07,13:58:27,PL011,MIL0138254,x@x.com,9999123456,9999123451,9999123452,1,1
MP00014438,MP00014438,2023-09-07,13:58:27,PL002,MIL0374733,x@x.com,9999123456,9999123451,9999123452,1,1
MP00014439,MP00014439,2023-09-07,13:58:27,PL013,MIL0355142,x@x.com,9999123456,9999123451,9999123452,1,1
MP00014440,MP00014440,2023-09-07,13:58:27,PL003,MIL0305462,x@x.com,9999123456,9999123451,9999123452,1,1
MP00014441,MP00014441,2023-09-07,13:58:27,PL013,MIL0324131,x@x.com,9999123456,9999123451,9999123452,1,1
MP00014442,MP00014442,2023-09-07,13:58:27,PL002,MIL0533875,x@x.com,9999123456,9999123451,9999123452,1,1
MP00014443,MP00014443,2023-09-07,13:58:27,PL010,MIL0447154,x@x.com,9999123456,9999123451,9999123452,1,1
MP00014444,MP00014444,2023-09-07,13:58:27,PL004,MIL0127965,x@x.com,9999123456,9999123451,9999123452,1,1
MP00014445,MP00014445,2023-09-07,13:58:27,PL009,MIL0252706,x@x.com,9999123456,9999123451,9999123452,1,1
MP00014446,MP00014446,2023-09-07,13:58:27,PL006,MIL0173401,x@x.com,9999123456,9999123451,9999123452,1,1
MP00014447,MP00014447,2023-09-07,13:58:27,PL009,MIL0152526,x@x.com,9999123456,9999123451,9999123452,1,1
MP00014448,MP00014448,2023-09-07,13:58:27,PL009,MIL0232950,x@x.com,9999123456,9999123451,9999123452,1,1
MP00014449,MP00014449,2023-09-07,13:58:27,PL007,MIL0311984,x@x.com,9999123456,9999123451,9999123452,1,1
MP00014450,MP00014450,2023-09-07,13:58:27,PL005,MIL0159591,x@x.com,9999123456,9999123451,9999123452,1,1
MP00014451,MP00014451,2023-09-07,13:58:27,PL006,MIL0165270,x@x.com,9999123456,9999123451,9999123452,1,1
MP00014452,MP00014452,2023-09-07,13:58:27,PL006,MIL0458322,x@x.com,9999123456,9999123451,9999123452,1,1
MP00014453,MP00014453,2023-09-07,13:58:27,PL001,MIL0574301,x@x.com,9999123456,9999123451,9999123452,1,1
MP00014454,MP00014454,2023-09-07,13:58:27,PL010,MIL0328478,x@x.com,9999123456,9999123451,9999123452,1,1
MP00014455,MP00014455,2023-09-07,13:58:27,PL007,MIL0512043,x@x.com,9999123456,9999123451,9999123452,1,1
MP00014456,MP00014456,2023-09-07,13:58:27,PL002,MIL0105083,x@x.com,9999123456,9999123451,9999123452,1,1
MP00014457,MP00014457,2023-09-07,13:58:27,PL002,MIL0062694,x@x.com,9999123456,9999123451,9999123452,1,1
MP00014458,MP00014458,2023-09-07,13:58:27,PL013,MIL0558043,x@x.com,9999123456,9999123451,9999123452,1,1
MP00014459,MP00014459,2023-09-07,13:58:27,PL012,MIL0501672,x@x.com,9999123456,9999123451,9999123452,1,1
MP00014460,MP00014460,2023-09-07,13:58:27,PL001,MIL0426442,x@x.com,9999123456,9999123451,9999123452,1,1
MP00014461,MP00014461,2023-09-07,13:58:27,PL009,MIL0398892,x@x.com,9999123456,9999123451,9999123452,1,1
MP00014462,MP00014462,2023-09-07,13:58:27,PL012,MIL0440511,x@x.com,9999123456,9999123451,9999123452,1,1
MP00014463,MP00014463,2023-09-07,13:58:27,PL013,MIL0114640,x@x.com,9999123456,9999123451,9999123452,1,1
MP00014464,MP00014464,2023-09-07,13:58:27,PL003,MIL0189487,x@x.com,9999123456,9999123451,9999123452,1,1
MP00014465,MP00014465,2023-09-07,13:58:27,PL007,MIL0400693,x@x.com,9999123456,9999123451,9999123452,1,1
MP00014466,MP00014466,2023-09-07,13:58:27,PL012,MIL0048467,x@x.com,9999123456,9999123451,9999123452,1,1
MP00014467,MP00014467,2023-09-07,13:58:27,PL011,MIL0018797,x@x.com,9999123456,9999123451,9999123452,1,1
MP00014468,MP00014468,2023-09-07,13:58:27,PL012,MIL0576358,x@x.com,9999123456,9999123451,9999123452,1,1
MP00014469,MP00014469,2023-09-07,13:58:27,PL006,MIL0360597,x@x.com,9999123456,9999123451,9999123452,1,1
MP00014470,MP00014470,2023-09-07,13:58:27,PL001,MIL0362169,x@x.com,9999123456,9999123451,9999123452,1,1
MP00014471,MP00014471,2023-09-07,13:58:27,PL003,MIL0312942,x@x.com,9999123456,9999123451,9999123452,1,1
MP00014472,MP00014472,2023-09-07,13:58:27,PL011,MIL0039256,x@x.com,9999123456,9999123451,9999123452,1,1
MP00014473,MP00014473,2023-09-07,13:58:27,PL004,MIL0327817,x@x.com,9999123456,9999123451,9999123452,1,1
MP00014474,MP00014474,2023-09-07,13:58:27,PL001,MIL0322395,x@x.com,9999123456,9999123451,9999123452,1,1
MP00014475,MP00014475,2023-09-07,13:58:27,PL013,MIL0567972,x@x.com,9999123456,9999123451,9999123452,1,1
MP00014476,MP00014476,2023-09-07,13:58:27,PL011,MIL0360520,x@x.com,9999123456,9999123451,9999123452,1,1
MP00014477,MP00014477,2023-09-07,13:58:27,PL004,MIL0534255,x@x.com,9999123456,9999123451,9999123452,1,1
MP00014478,MP00014478,2023-09-07,13:58:27,PL012,MIL0207799,x@x.com,9999123456,9999123451,9999123452,1,1
MP00014479,MP00014479,2023-09-07,13:58:27,PL004,MIL0516352,x@x.com,9999123456,9999123451,9999123452,1,1
MP00014480,MP00014480,2023-09-07,13:58:27,PL004,MIL0273808,x@x.com,9999123456,9999123451,9999123452,1,1
MP00014481,MP00014481,2023-09-07,13:58:27,PL010,MIL0063730,x@x.com,9999123456,9999123451,9999123452,1,1
MP00014482,MP00014482,2023-09-07,13:58:27,PL012,MIL0340914,x@x.com,9999123456,9999123451,9999123452,1,1
MP00014483,MP00014483,2023-09-07,13:58:27,PL004,MIL0342933,x@x.com,9999123456,9999123451,9999123452,1,1
MP00014484,MP00014484,2023-09-07,13:58:27,PL011,MIL0112077,x@x.com,9999123456,9999123451,9999123452,1,1
MP00014485,MP00014485,2023-09-07,13:58:27,PL003,MIL0238086,x@x.com,9999123456,9999123451,9999123452,1,1
MP00014486,MP00014486,2023-09-07,13:58:27,PL012,MIL0256204,x@x.com,9999123456,9999123451,9999123452,1,1
MP00014487,MP00014487,2023-09-07,13:58:27,PL005,MIL0333876,x@x.com,9999123456,9999123451,9999123452,1,1
MP00014488,MP00014488,2023-09-07,13:58:27,PL003,MIL0270198,x@x.com,9999123456,9999123451,9999123452,1,1
MP00014489,MP00014489,2023-09-07,13:58:27,PL005,MIL0120003,x@x.com,9999123456,9999123451,9999123452,1,1
MP00014490,MP00014490,2023-09-07,13:58:27,PL004,MIL0189991,x@x.com,9999123456,9999123451,9999123452,1,1
MP00014491,MP00014491,2023-09-07,13:58:27,PL007,MIL0469518,x@x.com,9999123456,9999123451,9999123452,1,1
MP00014492,MP00014492,2023-09-07,13:58:27,PL009,MIL0486493,x@x.com,9999123456,9999123451,9999123452,1,1
MP00014493,MP00014493,2023-09-07,13:58:27,PL006,MIL0361332,x@x.com,9999123456,9999123451,9999123452,1,1
MP00014494,MP00014494,2023-09-07,13:58:27,PL004,MIL0516108,x@x.com,9999123456,9999123451,9999123452,1,1
MP00014495,MP00014495,2023-09-07,13:58:27,PL003,MIL0002522,x@x.com,9999123456,9999123451,9999123452,1,1
MP00014496,MP00014496,2023-09-07,13:58:27,PL006,MIL0397759,x@x.com,9999123456,9999123451,9999123452,1,1
MP00014497,MP00014497,2023-09-07,13:58:27,PL005,MIL0363953,x@x.com,9999123456,9999123451,9999123452,1,1
MP00014498,MP00014498,2023-09-07,13:58:27,PL010,MIL0011138,x@x.com,9999123456,9999123451,9999123452,1,1
MP00014499,MP00014499,2023-09-07,13:58:27,PL010,MIL0166329,x@x.com,9999123456,9999123451,9999123452,1,1
MP00014500,MP00014500,2023-09-07,13:58:27,PL010,MIL0133282,x@x.com,9999123456,9999123451,9999123452,1,1
MP00014501,MP00014501,2023-09-07,13:58:27,PL006,MIL0378956,x@x.com,9999123456,9999123451,9999123452,1,1
MP00014502,MP00014502,2023-09-07,13:58:27,PL008,MIL0138022,x@x.com,9999123456,9999123451,9999123452,1,1
MP00014503,MP00014503,2023-09-07,13:58:27,PL005,MIL0427186,x@x.com,9999123456,9999123451,9999123452,1,1
MP00014504,MP00014504,2023-09-07,13:58:27,PL006,MIL0557740,x@x.com,9999123456,9999123451,9999123452,1,1
MP00014505,MP00014505,2023-09-07,13:58:27,PL012,MIL0217195,x@x.com,9999123456,9999123451,9999123452,1,1
MP00014506,MP00014506,2023-09-07,13:58:27,PL008,MIL0160287,x@x.com,9999123456,9999123451,9999123452,1,1
MP00014507,MP00014507,2023-09-07,13:58:27,PL004,MIL0185528,x@x.com,9999123456,9999123451,9999123452,1,1
MP00014508,MP00014508,2023-09-07,13:58:27,PL011,MIL0049133,x@x.com,9999123456,9999123451,9999123452,1,1
MP00014509,MP00014509,2023-09-07,13:58:27,PL005,MIL0282683,x@x.com,9999123456,9999123451,9999123452,1,1
MP00014510,MP00014510,2023-09-07,13:58:27,PL001,MIL0005288,x@x.com,9999123456,9999123451,9999123452,1,1
MP00014511,MP00014511,2023-09-07,13:58:27,PL008,MIL0025695,x@x.com,9999123456,9999123451,9999123452,1,1
MP00014512,MP00014512,2023-09-07,13:58:27,PL011,MIL0537857,x@x.com,9999123456,9999123451,9999123452,1,1
MP00014513,MP00014513,2023-09-07,13:58:27,PL013,MIL0481193,x@x.com,9999123456,9999123451,9999123452,1,1
MP00014514,MP00014514,2023-09-07,13:58:27,PL004,MIL0254825,x@x.com,9999123456,9999123451,9999123452,1,1
MP00014515,MP00014515,2023-09-07,13:58:27,PL003,MIL0183618,x@x.com,9999123456,9999123451,9999123452,1,1
MP00014516,MP00014516,2023-09-07,13:58:27,PL003,MIL0404979,x@x.com,9999123456,9999123451,9999123452,1,1
MP00014517,MP00014517,2023-09-07,13:58:27,PL006,MIL0303481,x@x.com,9999123456,9999123451,9999123452,1,1
MP00014518,MP00014518,2023-09-07,13:58:27,PL004,MIL0442440,x@x.com,9999123456,9999123451,9999123452,1,1
MP00014519,MP00014519,2023-09-07,13:58:27,PL013,MIL0326219,x@x.com,9999123456,9999123451,9999123452,1,1
MP00014520,MP00014520,2023-09-07,13:58:27,PL006,MIL0092504,x@x.com,9999123456,9999123451,9999123452,1,1
MP00014521,MP00014521,2023-09-07,13:58:27,PL006,MIL0357023,x@x.com,9999123456,9999123451,9999123452,1,1
MP00014522,MP00014522,2023-09-07,13:58:27,PL002,MIL0420912,x@x.com,9999123456,9999123451,9999123452,1,1
MP00014523,MP00014523,2023-09-07,13:58:27,PL002,MIL0097301,x@x.com,9999123456,9999123451,9999123452,1,1
MP00014524,MP00014524,2023-09-07,13:58:27,PL001,MIL0139319,x@x.com,9999123456,9999123451,9999123452,1,1
MP00014525,MP00014525,2023-09-07,13:58:27,PL001,MIL0424513,x@x.com,9999123456,9999123451,9999123452,1,1
MP00014526,MP00014526,2023-09-07,13:58:27,PL009,MIL0003310,x@x.com,9999123456,9999123451,9999123452,1,1
MP00014527,MP00014527,2023-09-07,13:58:27,PL011,MIL0122622,x@x.com,9999123456,9999123451,9999123452,1,1
MP00014528,MP00014528,2023-09-07,13:58:27,PL008,MIL0072538,x@x.com,9999123456,9999123451,9999123452,1,1
MP00014529,MP00014529,2023-09-07,13:58:27,PL013,MIL0401895,x@x.com,9999123456,9999123451,9999123452,1,1
MP00014530,MP00014530,2023-09-07,13:58:27,PL008,MIL0538746,x@x.com,9999123456,9999123451,9999123452,1,1
MP00014531,MP00014531,2023-09-07,13:58:27,PL006,MIL0449627,x@x.com,9999123456,9999123451,9999123452,1,1
MP00014532,MP00014532,2023-09-07,13:58:27,PL004,MIL0253237,x@x.com,9999123456,9999123451,9999123452,1,1
MP00014533,MP00014533,2023-09-07,13:58:27,PL009,MIL0198697,x@x.com,9999123456,9999123451,9999123452,1,1
MP00014534,MP00014534,2023-09-07,13:58:27,PL013,MIL0351736,x@x.com,9999123456,9999123451,9999123452,1,1
MP00014535,MP00014535,2023-09-07,13:58:27,PL004,MIL0182359,x@x.com,9999123456,9999123451,9999123452,1,1
MP00014536,MP00014536,2023-09-07,13:58:27,PL004,MIL0436028,x@x.com,9999123456,9999123451,9999123452,1,1
MP00014537,MP00014537,2023-09-07,13:58:27,PL011,MIL0300954,x@x.com,9999123456,9999123451,9999123452,1,1
MP00014538,MP00014538,2023-09-07,13:58:27,PL011,MIL0465990,x@x.com,9999123456,9999123451,9999123452,1,1
MP00014539,MP00014539,2023-09-07,13:58:27,PL008,MIL0355778,x@x.com,9999123456,9999123451,9999123452,1,1
MP00014540,MP00014540,2023-09-07,13:58:27,PL009,MIL0379430,x@x.com,9999123456,9999123451,9999123452,1,1
MP00014541,MP00014541,2023-09-07,13:58:27,PL007,MIL0408657,x@x.com,9999123456,9999123451,9999123452,1,1
MP00014542,MP00014542,2023-09-07,13:58:27,PL001,MIL0322017,x@x.com,9999123456,9999123451,9999123452,1,1
MP00014543,MP00014543,2023-09-07,13:58:27,PL003,MIL0481576,x@x.com,9999123456,9999123451,9999123452,1,1
MP00014544,MP00014544,2023-09-07,13:58:27,PL004,MIL0379227,x@x.com,9999123456,9999123451,9999123452,1,1
MP00014545,MP00014545,2023-09-07,13:58:27,PL003,MIL0519527,x@x.com,9999123456,9999123451,9999123452,1,1
MP00014546,MP00014546,2023-09-07,13:58:27,PL013,MIL0149911,x@x.com,9999123456,9999123451,9999123452,1,1
MP00014547,MP00014547,2023-09-07,13:58:27,PL013,MIL0560447,x@x.com,9999123456,9999123451,9999123452,1,1
MP00014548,MP00014548,2023-09-07,13:58:27,PL010,MIL0419526,x@x.com,9999123456,9999123451,9999123452,1,1
MP00014549,MP00014549,2023-09-07,13:58:27,PL001,MIL0261964,x@x.com,9999123456,9999123451,9999123452,1,1
MP00014550,MP00014550,2023-09-07,13:58:27,PL010,MIL0120318,x@x.com,9999123456,9999123451,9999123452,1,1
MP00014551,MP00014551,2023-09-07,13:58:27,PL010,MIL0002075,x@x.com,9999123456,9999123451,9999123452,1,1
MP00014552,MP00014552,2023-09-07,13:58:27,PL008,MIL0270814,x@x.com,9999123456,9999123451,9999123452,1,1
MP00014553,MP00014553,2023-09-07,13:58:27,PL002,MIL0374265,x@x.com,9999123456,9999123451,9999123452,1,1
MP00014554,MP00014554,2023-09-07,13:58:27,PL001,MIL0135180,x@x.com,9999123456,9999123451,9999123452,1,1
MP00014555,MP00014555,2023-09-07,13:58:27,PL013,MIL0212381,x@x.com,9999123456,9999123451,9999123452,1,1
MP00014556,MP00014556,2023-09-07,13:58:27,PL005,MIL0485721,x@x.com,9999123456,9999123451,9999123452,1,1
MP00014557,MP00014557,2023-09-07,13:58:27,PL005,MIL0016019,x@x.com,9999123456,9999123451,9999123452,1,1
MP00014558,MP00014558,2023-09-07,13:58:27,PL003,MIL0320319,x@x.com,9999123456,9999123451,9999123452,1,1
MP00014559,MP00014559,2023-09-07,13:58:27,PL003,MIL0108430,x@x.com,9999123456,9999123451,9999123452,1,1
MP00014560,MP00014560,2023-09-07,13:58:27,PL003,MIL0259379,x@x.com,9999123456,9999123451,9999123452,1,1
MP00014561,MP00014561,2023-09-07,13:58:27,PL008,MIL0201135,x@x.com,9999123456,9999123451,9999123452,1,1
MP00014562,MP00014562,2023-09-07,13:58:27,PL007,MIL0321112,x@x.com,9999123456,9999123451,9999123452,1,1
MP00014563,MP00014563,2023-09-07,13:58:27,PL004,MIL0058254,x@x.com,9999123456,9999123451,9999123452,1,1
MP00014564,MP00014564,2023-09-07,13:58:27,PL002,MIL0130583,x@x.com,9999123456,9999123451,9999123452,1,1
MP00014565,MP00014565,2023-09-07,13:58:27,PL012,MIL0463658,x@x.com,9999123456,9999123451,9999123452,1,1
MP00014566,MP00014566,2023-09-07,13:58:27,PL006,MIL0004983,x@x.com,9999123456,9999123451,9999123452,1,1
MP00014567,MP00014567,2023-09-07,13:58:27,PL004,MIL0008995,x@x.com,9999123456,9999123451,9999123452,1,1
MP00014568,MP00014568,2023-09-07,13:58:27,PL010,MIL0070322,x@x.com,9999123456,9999123451,9999123452,1,1
MP00014569,MP00014569,2023-09-07,13:58:27,PL007,MIL0014783,x@x.com,9999123456,9999123451,9999123452,1,1
MP00014570,MP00014570,2023-09-07,13:58:27,PL013,MIL0244301,x@x.com,9999123456,9999123451,9999123452,1,1
MP00014571,MP00014571,2023-09-07,13:58:27,PL004,MIL0224862,x@x.com,9999123456,9999123451,9999123452,1,1
MP00014572,MP00014572,2023-09-07,13:58:27,PL011,MIL0541739,x@x.com,9999123456,9999123451,9999123452,1,1
MP00014573,MP00014573,2023-09-07,13:58:27,PL002,MIL0056213,x@x.com,9999123456,9999123451,9999123452,1,1
MP00014574,MP00014574,2023-09-07,13:58:27,PL008,MIL0390474,x@x.com,9999123456,9999123451,9999123452,1,1
MP00014575,MP00014575,2023-09-07,13:58:27,PL005,MIL0066884,x@x.com,9999123456,9999123451,9999123452,1,1
MP00014576,MP00014576,2023-09-07,13:58:27,PL013,MIL0389478,x@x.com,9999123456,9999123451,9999123452,1,1
MP00014577,MP00014577,2023-09-07,13:58:27,PL008,MIL0525217,x@x.com,9999123456,9999123451,9999123452,1,1
MP00014578,MP00014578,2023-09-07,13:58:27,PL001,MIL0198721,x@x.com,9999123456,9999123451,9999123452,1,1
MP00014579,MP00014579,2023-09-07,13:58:27,PL006,MIL0505921,x@x.com,9999123456,9999123451,9999123452,1,1
MP00014580,MP00014580,2023-09-07,13:58:27,PL012,MIL0237838,x@x.com,9999123456,9999123451,9999123452,1,1
MP00014581,MP00014581,2023-09-07,13:58:27,PL011,MIL0113783,x@x.com,9999123456,9999123451,9999123452,1,1
MP00014582,MP00014582,2023-09-07,13:58:27,PL010,MIL0356790,x@x.com,9999123456,9999123451,9999123452,1,1
MP00014583,MP00014583,2023-09-07,13:58:27,PL002,MIL0259121,x@x.com,9999123456,9999123451,9999123452,1,1
MP00014584,MP00014584,2023-09-07,13:58:27,PL013,MIL0242295,x@x.com,9999123456,9999123451,9999123452,1,1
MP00014585,MP00014585,2023-09-07,13:58:27,PL006,MIL0014021,x@x.com,9999123456,9999123451,9999123452,1,1
MP00014586,MP00014586,2023-09-07,13:58:27,PL008,MIL0009067,x@x.com,9999123456,9999123451,9999123452,1,1
MP00014587,MP00014587,2023-09-07,13:58:27,PL007,MIL0153146,x@x.com,9999123456,9999123451,9999123452,1,1
MP00014588,MP00014588,2023-09-07,13:58:27,PL001,MIL0513042,x@x.com,9999123456,9999123451,9999123452,1,1
MP00014589,MP00014589,2023-09-07,13:58:27,PL001,MIL0052357,x@x.com,9999123456,9999123451,9999123452,1,1
MP00014590,MP00014590,2023-09-07,13:58:27,PL008,MIL0227482,x@x.com,9999123456,9999123451,9999123452,1,1
MP00014591,MP00014591,2023-09-07,13:58:27,PL012,MIL0315100,x@x.com,9999123456,9999123451,9999123452,1,1
MP00014592,MP00014592,2023-09-07,13:58:27,PL003,MIL0476378,x@x.com,9999123456,9999123451,9999123452,1,1
MP00014593,MP00014593,2023-09-07,13:58:27,PL011,MIL0025205,x@x.com,9999123456,9999123451,9999123452,1,1
MP00014594,MP00014594,2023-09-07,13:58:27,PL012,MIL0443882,x@x.com,9999123456,9999123451,9999123452,1,1
MP00014595,MP00014595,2023-09-07,13:58:27,PL010,MIL0130531,x@x.com,9999123456,9999123451,9999123452,1,1
MP00014596,MP00014596,2023-09-07,13:58:27,PL012,MIL0068064,x@x.com,9999123456,9999123451,9999123452,1,1
MP00014597,MP00014597,2023-09-07,13:58:27,PL005,MIL0386582,x@x.com,9999123456,9999123451,9999123452,1,1
MP00014598,MP00014598,2023-09-07,13:58:27,PL004,MIL0018880,x@x.com,9999123456,9999123451,9999123452,1,1
MP00014599,MP00014599,2023-09-07,13:58:27,PL012,MIL0468189,x@x.com,9999123456,9999123451,9999123452,1,1
MP00014600,MP00014600,2023-09-07,13:58:27,PL009,MIL0267469,x@x.com,9999123456,9999123451,9999123452,1,1
MP00014601,MP00014601,2023-09-07,13:58:27,PL006,MIL0155758,x@x.com,9999123456,9999123451,9999123452,1,1
MP00014602,MP00014602,2023-09-07,13:58:27,PL006,MIL0575795,x@x.com,9999123456,9999123451,9999123452,1,1
MP00014603,MP00014603,2023-09-07,13:58:27,PL010,MIL0298377,x@x.com,9999123456,9999123451,9999123452,1,1
MP00014604,MP00014604,2023-09-07,13:58:27,PL007,MIL0048948,x@x.com,9999123456,9999123451,9999123452,1,1
MP00014605,MP00014605,2023-09-07,13:58:27,PL001,MIL0021439,x@x.com,9999123456,9999123451,9999123452,1,1
MP00014606,MP00014606,2023-09-07,13:58:27,PL007,MIL0005822,x@x.com,9999123456,9999123451,9999123452,1,1
MP00014607,MP00014607,2023-09-07,13:58:27,PL003,MIL0071224,x@x.com,9999123456,9999123451,9999123452,1,1
MP00014608,MP00014608,2023-09-07,13:58:27,PL012,MIL0088656,x@x.com,9999123456,9999123451,9999123452,1,1
MP00014609,MP00014609,2023-09-07,13:58:27,PL001,MIL0021081,x@x.com,9999123456,9999123451,9999123452,1,1
MP00014610,MP00014610,2023-09-07,13:58:27,PL008,MIL0336842,x@x.com,9999123456,9999123451,9999123452,1,1
MP00014611,MP00014611,2023-09-07,13:58:27,PL002,MIL0323952,x@x.com,9999123456,9999123451,9999123452,1,1
MP00014612,MP00014612,2023-09-07,13:58:27,PL012,MIL0336175,x@x.com,9999123456,9999123451,9999123452,1,1
MP00014613,MP00014613,2023-09-07,13:58:27,PL005,MIL0019285,x@x.com,9999123456,9999123451,9999123452,1,1
MP00014614,MP00014614,2023-09-07,13:58:27,PL010,MIL0110485,x@x.com,9999123456,9999123451,9999123452,1,1
MP00014615,MP00014615,2023-09-07,13:58:27,PL012,MIL0500823,x@x.com,9999123456,9999123451,9999123452,1,1
MP00014616,MP00014616,2023-09-07,13:58:27,PL012,MIL0533322,x@x.com,9999123456,9999123451,9999123452,1,1
MP00014617,MP00014617,2023-09-07,13:58:27,PL012,MIL0192351,x@x.com,9999123456,9999123451,9999123452,1,1
MP00014618,MP00014618,2023-09-07,13:58:27,PL011,MIL0425718,x@x.com,9999123456,9999123451,9999123452,1,1
MP00014619,MP00014619,2023-09-07,13:58:27,PL005,MIL0192170,x@x.com,9999123456,9999123451,9999123452,1,1
MP00014620,MP00014620,2023-09-07,13:58:27,PL009,MIL0458308,x@x.com,9999123456,9999123451,9999123452,1,1
MP00014621,MP00014621,2023-09-07,13:58:27,PL009,MIL0309443,x@x.com,9999123456,9999123451,9999123452,1,1
MP00014622,MP00014622,2023-09-07,13:58:27,PL011,MIL0513178,x@x.com,9999123456,9999123451,9999123452,1,1
MP00014623,MP00014623,2023-09-07,13:58:27,PL007,MIL0224163,x@x.com,9999123456,9999123451,9999123452,1,1
MP00014624,MP00014624,2023-09-07,13:58:27,PL012,MIL0269410,x@x.com,9999123456,9999123451,9999123452,1,1
MP00014625,MP00014625,2023-09-07,13:58:27,PL003,MIL0405415,x@x.com,9999123456,9999123451,9999123452,1,1
MP00014626,MP00014626,2023-09-07,13:58:27,PL004,MIL0032108,x@x.com,9999123456,9999123451,9999123452,1,1
MP00014627,MP00014627,2023-09-07,13:58:27,PL010,MIL0518685,x@x.com,9999123456,9999123451,9999123452,1,1
MP00014628,MP00014628,2023-09-07,13:58:27,PL011,MIL0424360,x@x.com,9999123456,9999123451,9999123452,1,1
MP00014629,MP00014629,2023-09-07,13:58:27,PL009,MIL0133135,x@x.com,9999123456,9999123451,9999123452,1,1
MP00014630,MP00014630,2023-09-07,13:58:27,PL006,MIL0440461,x@x.com,9999123456,9999123451,9999123452,1,1
MP00014631,MP00014631,2023-09-07,13:58:27,PL012,MIL0464042,x@x.com,9999123456,9999123451,9999123452,1,1
MP00014632,MP00014632,2023-09-07,13:58:27,PL010,MIL0195019,x@x.com,9999123456,9999123451,9999123452,1,1
MP00014633,MP00014633,2023-09-07,13:58:27,PL002,MIL0059392,x@x.com,9999123456,9999123451,9999123452,1,1
MP00014634,MP00014634,2023-09-07,13:58:27,PL011,MIL0083693,x@x.com,9999123456,9999123451,9999123452,1,1
MP00014635,MP00014635,2023-09-07,13:58:27,PL011,MIL0174893,x@x.com,9999123456,9999123451,9999123452,1,1
MP00014636,MP00014636,2023-09-07,13:58:27,PL002,MIL0044432,x@x.com,9999123456,9999123451,9999123452,1,1
MP00014637,MP00014637,2023-09-07,13:58:27,PL012,MIL0215970,x@x.com,9999123456,9999123451,9999123452,1,1
MP00014638,MP00014638,2023-09-07,13:58:27,PL011,MIL0555333,x@x.com,9999123456,9999123451,9999123452,1,1
MP00014639,MP00014639,2023-09-07,13:58:27,PL002,MIL0305693,x@x.com,9999123456,9999123451,9999123452,1,1
MP00014640,MP00014640,2023-09-07,13:58:27,PL003,MIL0370945,x@x.com,9999123456,9999123451,9999123452,1,1
MP00014641,MP00014641,2023-09-07,13:58:27,PL011,MIL0087720,x@x.com,9999123456,9999123451,9999123452,1,1
MP00014642,MP00014642,2023-09-07,13:58:27,PL005,MIL0494874,x@x.com,9999123456,9999123451,9999123452,1,1
MP00014643,MP00014643,2023-09-07,13:58:27,PL004,MIL0500634,x@x.com,9999123456,9999123451,9999123452,1,1
MP00014644,MP00014644,2023-09-07,13:58:27,PL008,MIL0437357,x@x.com,9999123456,9999123451,9999123452,1,1
MP00014645,MP00014645,2023-09-07,13:58:27,PL012,MIL0212593,x@x.com,9999123456,9999123451,9999123452,1,1
MP00014646,MP00014646,2023-09-07,13:58:27,PL008,MIL0484515,x@x.com,9999123456,9999123451,9999123452,1,1
MP00014647,MP00014647,2023-09-07,13:58:27,PL013,MIL0319761,x@x.com,9999123456,9999123451,9999123452,1,1
MP00014648,MP00014648,2023-09-07,13:58:27,PL007,MIL0053297,x@x.com,9999123456,9999123451,9999123452,1,1
MP00014649,MP00014649,2023-09-07,13:58:27,PL003,MIL0250226,x@x.com,9999123456,9999123451,9999123452,1,1
MP00014650,MP00014650,2023-09-07,13:58:27,PL005,MIL0494641,x@x.com,9999123456,9999123451,9999123452,1,1
MP00014651,MP00014651,2023-09-07,13:58:27,PL011,MIL0348476,x@x.com,9999123456,9999123451,9999123452,1,1
MP00014652,MP00014652,2023-09-07,13:58:27,PL004,MIL0110608,x@x.com,9999123456,9999123451,9999123452,1,1
MP00014653,MP00014653,2023-09-07,13:58:27,PL012,MIL0497461,x@x.com,9999123456,9999123451,9999123452,1,1
MP00014654,MP00014654,2023-09-07,13:58:27,PL012,MIL0205473,x@x.com,9999123456,9999123451,9999123452,1,1
MP00014655,MP00014655,2023-09-07,13:58:27,PL010,MIL0351547,x@x.com,9999123456,9999123451,9999123452,1,1
MP00014656,MP00014656,2023-09-07,13:58:27,PL005,MIL0354447,x@x.com,9999123456,9999123451,9999123452,1,1
MP00014657,MP00014657,2023-09-07,13:58:27,PL004,MIL0512151,x@x.com,9999123456,9999123451,9999123452,1,1
MP00014658,MP00014658,2023-09-07,13:58:27,PL012,MIL0486050,x@x.com,9999123456,9999123451,9999123452,1,1
MP00014659,MP00014659,2023-09-07,13:58:27,PL012,MIL0530390,x@x.com,9999123456,9999123451,9999123452,1,1
MP00014660,MP00014660,2023-09-07,13:58:27,PL008,MIL0093001,x@x.com,9999123456,9999123451,9999123452,1,1
MP00014661,MP00014661,2023-09-07,13:58:27,PL007,MIL0032494,x@x.com,9999123456,9999123451,9999123452,1,1
MP00014662,MP00014662,2023-09-07,13:58:27,PL011,MIL0276002,x@x.com,9999123456,9999123451,9999123452,1,1
MP00014663,MP00014663,2023-09-07,13:58:27,PL008,MIL0173012,x@x.com,9999123456,9999123451,9999123452,1,1
MP00014664,MP00014664,2023-09-07,13:58:27,PL001,MIL0521476,x@x.com,9999123456,9999123451,9999123452,1,1
MP00014665,MP00014665,2023-09-07,13:58:27,PL009,MIL0414234,x@x.com,9999123456,9999123451,9999123452,1,1
MP00014666,MP00014666,2023-09-07,13:58:27,PL003,MIL0330374,x@x.com,9999123456,9999123451,9999123452,1,1
MP00014667,MP00014667,2023-09-07,13:58:27,PL012,MIL0260898,x@x.com,9999123456,9999123451,9999123452,1,1
MP00014668,MP00014668,2023-09-07,13:58:27,PL009,MIL0361313,x@x.com,9999123456,9999123451,9999123452,1,1
MP00014669,MP00014669,2023-09-07,13:58:27,PL001,MIL0224264,x@x.com,9999123456,9999123451,9999123452,1,1
MP00014670,MP00014670,2023-09-07,13:58:27,PL004,MIL0454699,x@x.com,9999123456,9999123451,9999123452,1,1
MP00014671,MP00014671,2023-09-07,13:58:27,PL003,MIL0164052,x@x.com,9999123456,9999123451,9999123452,1,1
MP00014672,MP00014672,2023-09-07,13:58:27,PL010,MIL0163829,x@x.com,9999123456,9999123451,9999123452,1,1
MP00014673,MP00014673,2023-09-07,13:58:27,PL002,MIL0015370,x@x.com,9999123456,9999123451,9999123452,1,1
MP00014674,MP00014674,2023-09-07,13:58:27,PL001,MIL0314305,x@x.com,9999123456,9999123451,9999123452,1,1
MP00014675,MP00014675,2023-09-07,13:58:27,PL008,MIL0316236,x@x.com,9999123456,9999123451,9999123452,1,1
MP00014676,MP00014676,2023-09-07,13:58:27,PL010,MIL0435160,x@x.com,9999123456,9999123451,9999123452,1,1
MP00014677,MP00014677,2023-09-07,13:58:27,PL010,MIL0487108,x@x.com,9999123456,9999123451,9999123452,1,1
MP00014678,MP00014678,2023-09-07,13:58:27,PL010,MIL0097197,x@x.com,9999123456,9999123451,9999123452,1,1
MP00014679,MP00014679,2023-09-07,13:58:27,PL006,MIL0541108,x@x.com,9999123456,9999123451,9999123452,1,1
MP00014680,MP00014680,2023-09-07,13:58:27,PL010,MIL0555494,x@x.com,9999123456,9999123451,9999123452,1,1
MP00014681,MP00014681,2023-09-07,13:58:27,PL003,MIL0156525,x@x.com,9999123456,9999123451,9999123452,1,1
MP00014682,MP00014682,2023-09-07,13:58:27,PL012,MIL0538222,x@x.com,9999123456,9999123451,9999123452,1,1
MP00014683,MP00014683,2023-09-07,13:58:27,PL004,MIL0325697,x@x.com,9999123456,9999123451,9999123452,1,1
MP00014684,MP00014684,2023-09-07,13:58:27,PL009,MIL0146367,x@x.com,9999123456,9999123451,9999123452,1,1
MP00014685,MP00014685,2023-09-07,13:58:27,PL002,MIL0230860,x@x.com,9999123456,9999123451,9999123452,1,1
MP00014686,MP00014686,2023-09-07,13:58:27,PL004,MIL0225529,x@x.com,9999123456,9999123451,9999123452,1,1
MP00014687,MP00014687,2023-09-07,13:58:27,PL013,MIL0129910,x@x.com,9999123456,9999123451,9999123452,1,1
MP00014688,MP00014688,2023-09-07,13:58:27,PL001,MIL0399368,x@x.com,9999123456,9999123451,9999123452,1,1
MP00014689,MP00014689,2023-09-07,13:58:27,PL013,MIL0212548,x@x.com,9999123456,9999123451,9999123452,1,1
MP00014690,MP00014690,2023-09-07,13:58:27,PL008,MIL0044196,x@x.com,9999123456,9999123451,9999123452,1,1
MP00014691,MP00014691,2023-09-07,13:58:27,PL007,MIL0136982,x@x.com,9999123456,9999123451,9999123452,1,1
MP00014692,MP00014692,2023-09-07,13:58:27,PL005,MIL0193664,x@x.com,9999123456,9999123451,9999123452,1,1
MP00014693,MP00014693,2023-09-07,13:58:27,PL010,MIL0193023,x@x.com,9999123456,9999123451,9999123452,1,1
MP00014694,MP00014694,2023-09-07,13:58:27,PL013,MIL0552679,x@x.com,9999123456,9999123451,9999123452,1,1
MP00014695,MP00014695,2023-09-07,13:58:27,PL012,MIL0155894,x@x.com,9999123456,9999123451,9999123452,1,1
MP00014696,MP00014696,2023-09-07,13:58:27,PL001,MIL0036668,x@x.com,9999123456,9999123451,9999123452,1,1
MP00014697,MP00014697,2023-09-07,13:58:27,PL007,MIL0044563,x@x.com,9999123456,9999123451,9999123452,1,1
MP00014698,MP00014698,2023-09-07,13:58:27,PL012,MIL0475493,x@x.com,9999123456,9999123451,9999123452,1,1
MP00014699,MP00014699,2023-09-07,13:58:27,PL008,MIL0391886,x@x.com,9999123456,9999123451,9999123452,1,1
MP00014700,MP00014700,2023-09-07,13:58:27,PL007,MIL0461432,x@x.com,9999123456,9999123451,9999123452,1,1
MP00014701,MP00014701,2023-09-07,13:58:27,PL007,MIL0101728,x@x.com,9999123456,9999123451,9999123452,1,1
MP00014702,MP00014702,2023-09-07,13:58:27,PL008,MIL0407978,x@x.com,9999123456,9999123451,9999123452,1,1
MP00014703,MP00014703,2023-09-07,13:58:27,PL001,MIL0572938,x@x.com,9999123456,9999123451,9999123452,1,1
MP00014704,MP00014704,2023-09-07,13:58:27,PL002,MIL0396955,x@x.com,9999123456,9999123451,9999123452,1,1
MP00014705,MP00014705,2023-09-07,13:58:27,PL005,MIL0078939,x@x.com,9999123456,9999123451,9999123452,1,1
MP00014706,MP00014706,2023-09-07,13:58:27,PL007,MIL0122167,x@x.com,9999123456,9999123451,9999123452,1,1
MP00014707,MP00014707,2023-09-07,13:58:27,PL007,MIL0158249,x@x.com,9999123456,9999123451,9999123452,1,1
MP00014708,MP00014708,2023-09-07,13:58:27,PL010,MIL0027349,x@x.com,9999123456,9999123451,9999123452,1,1
MP00014709,MP00014709,2023-09-07,13:58:27,PL004,MIL0037719,x@x.com,9999123456,9999123451,9999123452,1,1
MP00014710,MP00014710,2023-09-07,13:58:27,PL011,MIL0323975,x@x.com,9999123456,9999123451,9999123452,1,1
MP00014711,MP00014711,2023-09-07,13:58:27,PL006,MIL0526212,x@x.com,9999123456,9999123451,9999123452,1,1
MP00014712,MP00014712,2023-09-07,13:58:27,PL004,MIL0087843,x@x.com,9999123456,9999123451,9999123452,1,1
MP00014713,MP00014713,2023-09-07,13:58:27,PL002,MIL0500425,x@x.com,9999123456,9999123451,9999123452,1,1
MP00014714,MP00014714,2023-09-07,13:58:27,PL008,MIL0205770,x@x.com,9999123456,9999123451,9999123452,1,1
MP00014715,MP00014715,2023-09-07,13:58:27,PL013,MIL0565983,x@x.com,9999123456,9999123451,9999123452,1,1
MP00014716,MP00014716,2023-09-07,13:58:27,PL003,MIL0004162,x@x.com,9999123456,9999123451,9999123452,1,1
MP00014717,MP00014717,2023-09-07,13:58:27,PL011,MIL0024640,x@x.com,9999123456,9999123451,9999123452,1,1
MP00014718,MP00014718,2023-09-07,13:58:27,PL012,MIL0184940,x@x.com,9999123456,9999123451,9999123452,1,1
MP00014719,MP00014719,2023-09-07,13:58:27,PL012,MIL0419760,x@x.com,9999123456,9999123451,9999123452,1,1
MP00014720,MP00014720,2023-09-07,13:58:27,PL008,MIL0296408,x@x.com,9999123456,9999123451,9999123452,1,1
MP00014721,MP00014721,2023-09-07,13:58:27,PL006,MIL0311295,x@x.com,9999123456,9999123451,9999123452,1,1
MP00014722,MP00014722,2023-09-07,13:58:27,PL001,MIL0046032,x@x.com,9999123456,9999123451,9999123452,1,1
MP00014723,MP00014723,2023-09-07,13:58:27,PL008,MIL0337851,x@x.com,9999123456,9999123451,9999123452,1,1
MP00014724,MP00014724,2023-09-07,13:58:27,PL008,MIL0251889,x@x.com,9999123456,9999123451,9999123452,1,1
MP00014725,MP00014725,2023-09-07,13:58:27,PL004,MIL0217794,x@x.com,9999123456,9999123451,9999123452,1,1
MP00014726,MP00014726,2023-09-07,13:58:27,PL013,MIL0376780,x@x.com,9999123456,9999123451,9999123452,1,1
MP00014727,MP00014727,2023-09-07,13:58:27,PL005,MIL0466941,x@x.com,9999123456,9999123451,9999123452,1,1
MP00014728,MP00014728,2023-09-07,13:58:27,PL011,MIL0555761,x@x.com,9999123456,9999123451,9999123452,1,1
MP00014729,MP00014729,2023-09-07,13:58:27,PL001,MIL0467895,x@x.com,9999123456,9999123451,9999123452,1,1
MP00014730,MP00014730,2023-09-07,13:58:27,PL009,MIL0126840,x@x.com,9999123456,9999123451,9999123452,1,1
MP00014731,MP00014731,2023-09-07,13:58:27,PL003,MIL0403167,x@x.com,9999123456,9999123451,9999123452,1,1
MP00014732,MP00014732,2023-09-07,13:58:27,PL010,MIL0001467,x@x.com,9999123456,9999123451,9999123452,1,1
MP00014733,MP00014733,2023-09-07,13:58:27,PL002,MIL0381710,x@x.com,9999123456,9999123451,9999123452,1,1
MP00014734,MP00014734,2023-09-07,13:58:27,PL006,MIL0275022,x@x.com,9999123456,9999123451,9999123452,1,1
MP00014735,MP00014735,2023-09-07,13:58:27,PL008,MIL0072199,x@x.com,9999123456,9999123451,9999123452,1,1
MP00014736,MP00014736,2023-09-07,13:58:27,PL008,MIL0337595,x@x.com,9999123456,9999123451,9999123452,1,1
MP00014737,MP00014737,2023-09-07,13:58:27,PL006,MIL0246146,x@x.com,9999123456,9999123451,9999123452,1,1
MP00014738,MP00014738,2023-09-07,13:58:27,PL006,MIL0450609,x@x.com,9999123456,9999123451,9999123452,1,1
MP00014739,MP00014739,2023-09-07,13:58:27,PL007,MIL0340268,x@x.com,9999123456,9999123451,9999123452,1,1
MP00014740,MP00014740,2023-09-07,13:58:27,PL002,MIL0150160,x@x.com,9999123456,9999123451,9999123452,1,1
MP00014741,MP00014741,2023-09-07,13:58:27,PL008,MIL0134864,x@x.com,9999123456,9999123451,9999123452,1,1
MP00014742,MP00014742,2023-09-07,13:58:27,PL004,MIL0391135,x@x.com,9999123456,9999123451,9999123452,1,1
MP00014743,MP00014743,2023-09-07,13:58:27,PL011,MIL0540486,x@x.com,9999123456,9999123451,9999123452,1,1
MP00014744,MP00014744,2023-09-07,13:58:27,PL005,MIL0569980,x@x.com,9999123456,9999123451,9999123452,1,1
MP00014745,MP00014745,2023-09-07,13:58:27,PL011,MIL0494463,x@x.com,9999123456,9999123451,9999123452,1,1
MP00014746,MP00014746,2023-09-07,13:58:27,PL013,MIL0401609,x@x.com,9999123456,9999123451,9999123452,1,1
MP00014747,MP00014747,2023-09-07,13:58:27,PL005,MIL0340414,x@x.com,9999123456,9999123451,9999123452,1,1
MP00014748,MP00014748,2023-09-07,13:58:27,PL007,MIL0371266,x@x.com,9999123456,9999123451,9999123452,1,1
MP00014749,MP00014749,2023-09-07,13:58:27,PL012,MIL0046175,x@x.com,9999123456,9999123451,9999123452,1,1
MP00014750,MP00014750,2023-09-07,13:58:27,PL005,MIL0242969,x@x.com,9999123456,9999123451,9999123452,1,1
MP00014751,MP00014751,2023-09-07,13:58:27,PL004,MIL0391795,x@x.com,9999123456,9999123451,9999123452,1,1
MP00014752,MP00014752,2023-09-07,13:58:27,PL001,MIL0008273,x@x.com,9999123456,9999123451,9999123452,1,1
MP00014753,MP00014753,2023-09-07,13:58:27,PL002,MIL0319408,x@x.com,9999123456,9999123451,9999123452,1,1
MP00014754,MP00014754,2023-09-07,13:58:27,PL002,MIL0160700,x@x.com,9999123456,9999123451,9999123452,1,1
MP00014755,MP00014755,2023-09-07,13:58:27,PL007,MIL0156394,x@x.com,9999123456,9999123451,9999123452,1,1
MP00014756,MP00014756,2023-09-07,13:58:27,PL001,MIL0255389,x@x.com,9999123456,9999123451,9999123452,1,1
MP00014757,MP00014757,2023-09-07,13:58:27,PL004,MIL0554375,x@x.com,9999123456,9999123451,9999123452,1,1
MP00014758,MP00014758,2023-09-07,13:58:27,PL008,MIL0579316,x@x.com,9999123456,9999123451,9999123452,1,1
MP00014759,MP00014759,2023-09-07,13:58:27,PL012,MIL0043716,x@x.com,9999123456,9999123451,9999123452,1,1
MP00014760,MP00014760,2023-09-07,13:58:27,PL012,MIL0318994,x@x.com,9999123456,9999123451,9999123452,1,1
MP00014761,MP00014761,2023-09-07,13:58:27,PL009,MIL0119083,x@x.com,9999123456,9999123451,9999123452,1,1
MP00014762,MP00014762,2023-09-07,13:58:27,PL008,MIL0356413,x@x.com,9999123456,9999123451,9999123452,1,1
MP00014763,MP00014763,2023-09-07,13:58:27,PL003,MIL0418583,x@x.com,9999123456,9999123451,9999123452,1,1
MP00014764,MP00014764,2023-09-07,13:58:27,PL007,MIL0481134,x@x.com,9999123456,9999123451,9999123452,1,1
MP00014765,MP00014765,2023-09-07,13:58:27,PL012,MIL0573264,x@x.com,9999123456,9999123451,9999123452,1,1
MP00014766,MP00014766,2023-09-07,13:58:27,PL006,MIL0223799,x@x.com,9999123456,9999123451,9999123452,1,1
MP00014767,MP00014767,2023-09-07,13:58:27,PL006,MIL0100756,x@x.com,9999123456,9999123451,9999123452,1,1
MP00014768,MP00014768,2023-09-07,13:58:27,PL003,MIL0430010,x@x.com,9999123456,9999123451,9999123452,1,1
MP00014769,MP00014769,2023-09-07,13:58:27,PL007,MIL0502631,x@x.com,9999123456,9999123451,9999123452,1,1
MP00014770,MP00014770,2023-09-07,13:58:27,PL004,MIL0260575,x@x.com,9999123456,9999123451,9999123452,1,1
MP00014771,MP00014771,2023-09-07,13:58:27,PL007,MIL0174567,x@x.com,9999123456,9999123451,9999123452,1,1
MP00014772,MP00014772,2023-09-07,13:58:27,PL008,MIL0335024,x@x.com,9999123456,9999123451,9999123452,1,1
MP00014773,MP00014773,2023-09-07,13:58:27,PL008,MIL0107990,x@x.com,9999123456,9999123451,9999123452,1,1
MP00014774,MP00014774,2023-09-07,13:58:27,PL006,MIL0347422,x@x.com,9999123456,9999123451,9999123452,1,1
MP00014775,MP00014775,2023-09-07,13:58:27,PL006,MIL0260666,x@x.com,9999123456,9999123451,9999123452,1,1
MP00014776,MP00014776,2023-09-07,13:58:27,PL013,MIL0462542,x@x.com,9999123456,9999123451,9999123452,1,1
MP00014777,MP00014777,2023-09-07,13:58:27,PL002,MIL0415693,x@x.com,9999123456,9999123451,9999123452,1,1
MP00014778,MP00014778,2023-09-07,13:58:27,PL006,MIL0506893,x@x.com,9999123456,9999123451,9999123452,1,1
MP00014779,MP00014779,2023-09-07,13:58:27,PL002,MIL0472552,x@x.com,9999123456,9999123451,9999123452,1,1
MP00014780,MP00014780,2023-09-07,13:58:27,PL001,MIL0134229,x@x.com,9999123456,9999123451,9999123452,1,1
MP00014781,MP00014781,2023-09-07,13:58:27,PL007,MIL0120207,x@x.com,9999123456,9999123451,9999123452,1,1
MP00014782,MP00014782,2023-09-07,13:58:27,PL010,MIL0135488,x@x.com,9999123456,9999123451,9999123452,1,1
MP00014783,MP00014783,2023-09-07,13:58:27,PL001,MIL0066828,x@x.com,9999123456,9999123451,9999123452,1,1
MP00014784,MP00014784,2023-09-07,13:58:27,PL008,MIL0049051,x@x.com,9999123456,9999123451,9999123452,1,1
MP00014785,MP00014785,2023-09-07,13:58:27,PL006,MIL0163994,x@x.com,9999123456,9999123451,9999123452,1,1
MP00014786,MP00014786,2023-09-07,13:58:27,PL003,MIL0559051,x@x.com,9999123456,9999123451,9999123452,1,1
MP00014787,MP00014787,2023-09-07,13:58:27,PL009,MIL0333698,x@x.com,9999123456,9999123451,9999123452,1,1
MP00014788,MP00014788,2023-09-07,13:58:27,PL003,MIL0344197,x@x.com,9999123456,9999123451,9999123452,1,1
MP00014789,MP00014789,2023-09-07,13:58:27,PL013,MIL0195412,x@x.com,9999123456,9999123451,9999123452,1,1
MP00014790,MP00014790,2023-09-07,13:58:27,PL008,MIL0377920,x@x.com,9999123456,9999123451,9999123452,1,1
MP00014791,MP00014791,2023-09-07,13:58:27,PL012,MIL0539626,x@x.com,9999123456,9999123451,9999123452,1,1
MP00014792,MP00014792,2023-09-07,13:58:27,PL007,MIL0016404,x@x.com,9999123456,9999123451,9999123452,1,1
MP00014793,MP00014793,2023-09-07,13:58:27,PL003,MIL0119743,x@x.com,9999123456,9999123451,9999123452,1,1
MP00014794,MP00014794,2023-09-07,13:58:27,PL002,MIL0229576,x@x.com,9999123456,9999123451,9999123452,1,1
MP00014795,MP00014795,2023-09-07,13:58:27,PL009,MIL0539278,x@x.com,9999123456,9999123451,9999123452,1,1
MP00014796,MP00014796,2023-09-07,13:58:27,PL013,MIL0532528,x@x.com,9999123456,9999123451,9999123452,1,1
MP00014797,MP00014797,2023-09-07,13:58:27,PL011,MIL0283623,x@x.com,9999123456,9999123451,9999123452,1,1
MP00014798,MP00014798,2023-09-07,13:58:27,PL010,MIL0009554,x@x.com,9999123456,9999123451,9999123452,1,1
MP00014799,MP00014799,2023-09-07,13:58:27,PL003,MIL0416515,x@x.com,9999123456,9999123451,9999123452,1,1
MP00014800,MP00014800,2023-09-07,13:58:27,PL007,MIL0091630,x@x.com,9999123456,9999123451,9999123452,1,1
MP00014801,MP00014801,2023-09-07,13:58:27,PL004,MIL0176837,x@x.com,9999123456,9999123451,9999123452,1,1
MP00014802,MP00014802,2023-09-07,13:58:27,PL011,MIL0578014,x@x.com,9999123456,9999123451,9999123452,1,1
MP00014803,MP00014803,2023-09-07,13:58:27,PL007,MIL0237710,x@x.com,9999123456,9999123451,9999123452,1,1
MP00014804,MP00014804,2023-09-07,13:58:27,PL010,MIL0395952,x@x.com,9999123456,9999123451,9999123452,1,1
MP00014805,MP00014805,2023-09-07,13:58:27,PL006,MIL0191659,x@x.com,9999123456,9999123451,9999123452,1,1
MP00014806,MP00014806,2023-09-07,13:58:27,PL008,MIL0388793,x@x.com,9999123456,9999123451,9999123452,1,1
MP00014807,MP00014807,2023-09-07,13:58:27,PL007,MIL0026259,x@x.com,9999123456,9999123451,9999123452,1,1
MP00014808,MP00014808,2023-09-07,13:58:27,PL006,MIL0076953,x@x.com,9999123456,9999123451,9999123452,1,1
MP00014809,MP00014809,2023-09-07,13:58:27,PL013,MIL0397658,x@x.com,9999123456,9999123451,9999123452,1,1
MP00014810,MP00014810,2023-09-07,13:58:27,PL011,MIL0063313,x@x.com,9999123456,9999123451,9999123452,1,1
MP00014811,MP00014811,2023-09-07,13:58:27,PL006,MIL0044330,x@x.com,9999123456,9999123451,9999123452,1,1
MP00014812,MP00014812,2023-09-07,13:58:27,PL001,MIL0346599,x@x.com,9999123456,9999123451,9999123452,1,1
MP00014813,MP00014813,2023-09-07,13:58:27,PL004,MIL0275581,x@x.com,9999123456,9999123451,9999123452,1,1
MP00014814,MP00014814,2023-09-07,13:58:27,PL013,MIL0328611,x@x.com,9999123456,9999123451,9999123452,1,1
MP00014815,MP00014815,2023-09-07,13:58:27,PL009,MIL0200779,x@x.com,9999123456,9999123451,9999123452,1,1
MP00014816,MP00014816,2023-09-07,13:58:27,PL011,MIL0193237,x@x.com,9999123456,9999123451,9999123452,1,1
MP00014817,MP00014817,2023-09-07,13:58:27,PL009,MIL0558037,x@x.com,9999123456,9999123451,9999123452,1,1
MP00014818,MP00014818,2023-09-07,13:58:27,PL002,MIL0397172,x@x.com,9999123456,9999123451,9999123452,1,1
MP00014819,MP00014819,2023-09-07,13:58:27,PL005,MIL0222970,x@x.com,9999123456,9999123451,9999123452,1,1
MP00014820,MP00014820,2023-09-07,13:58:27,PL005,MIL0280279,x@x.com,9999123456,9999123451,9999123452,1,1
MP00014821,MP00014821,2023-09-07,13:58:27,PL003,MIL0206818,x@x.com,9999123456,9999123451,9999123452,1,1
MP00014822,MP00014822,2023-09-07,13:58:27,PL003,MIL0049952,x@x.com,9999123456,9999123451,9999123452,1,1
MP00014823,MP00014823,2023-09-07,13:58:27,PL004,MIL0363342,x@x.com,9999123456,9999123451,9999123452,1,1
MP00014824,MP00014824,2023-09-07,13:58:27,PL004,MIL0311815,x@x.com,9999123456,9999123451,9999123452,1,1
MP00014825,MP00014825,2023-09-07,13:58:27,PL006,MIL0103280,x@x.com,9999123456,9999123451,9999123452,1,1
MP00014826,MP00014826,2023-09-07,13:58:27,PL003,MIL0100461,x@x.com,9999123456,9999123451,9999123452,1,1
MP00014827,MP00014827,2023-09-07,13:58:27,PL012,MIL0322172,x@x.com,9999123456,9999123451,9999123452,1,1
MP00014828,MP00014828,2023-09-07,13:58:27,PL009,MIL0233522,x@x.com,9999123456,9999123451,9999123452,1,1
MP00014829,MP00014829,2023-09-07,13:58:27,PL007,MIL0278864,x@x.com,9999123456,9999123451,9999123452,1,1
MP00014830,MP00014830,2023-09-07,13:58:27,PL008,MIL0495235,x@x.com,9999123456,9999123451,9999123452,1,1
MP00014831,MP00014831,2023-09-07,13:58:27,PL011,MIL0372132,x@x.com,9999123456,9999123451,9999123452,1,1
MP00014832,MP00014832,2023-09-07,13:58:27,PL012,MIL0139422,x@x.com,9999123456,9999123451,9999123452,1,1
MP00014833,MP00014833,2023-09-07,13:58:27,PL011,MIL0434782,x@x.com,9999123456,9999123451,9999123452,1,1
MP00014834,MP00014834,2023-09-07,13:58:27,PL005,MIL0118509,x@x.com,9999123456,9999123451,9999123452,1,1
MP00014835,MP00014835,2023-09-07,13:58:27,PL006,MIL0141510,x@x.com,9999123456,9999123451,9999123452,1,1
MP00014836,MP00014836,2023-09-07,13:58:27,PL007,MIL0086744,x@x.com,9999123456,9999123451,9999123452,1,1
MP00014837,MP00014837,2023-09-07,13:58:27,PL006,MIL0175313,x@x.com,9999123456,9999123451,9999123452,1,1
MP00014838,MP00014838,2023-09-07,13:58:27,PL002,MIL0113368,x@x.com,9999123456,9999123451,9999123452,1,1
MP00014839,MP00014839,2023-09-07,13:58:27,PL003,MIL0204409,x@x.com,9999123456,9999123451,9999123452,1,1
MP00014840,MP00014840,2023-09-07,13:58:27,PL001,MIL0389200,x@x.com,9999123456,9999123451,9999123452,1,1
MP00014841,MP00014841,2023-09-07,13:58:27,PL001,MIL0200375,x@x.com,9999123456,9999123451,9999123452,1,1
MP00014842,MP00014842,2023-09-07,13:58:27,PL005,MIL0056045,x@x.com,9999123456,9999123451,9999123452,1,1
MP00014843,MP00014843,2023-09-07,13:58:27,PL001,MIL0051253,x@x.com,9999123456,9999123451,9999123452,1,1
MP00014844,MP00014844,2023-09-07,13:58:27,PL001,MIL0395765,x@x.com,9999123456,9999123451,9999123452,1,1
MP00014845,MP00014845,2023-09-07,13:58:27,PL003,MIL0514026,x@x.com,9999123456,9999123451,9999123452,1,1
MP00014846,MP00014846,2023-09-07,13:58:27,PL008,MIL0309725,x@x.com,9999123456,9999123451,9999123452,1,1
MP00014847,MP00014847,2023-09-07,13:58:27,PL005,MIL0455462,x@x.com,9999123456,9999123451,9999123452,1,1
MP00014848,MP00014848,2023-09-07,13:58:27,PL008,MIL0252013,x@x.com,9999123456,9999123451,9999123452,1,1
MP00014849,MP00014849,2023-09-07,13:58:27,PL002,MIL0190009,x@x.com,9999123456,9999123451,9999123452,1,1
MP00014850,MP00014850,2023-09-07,13:58:27,PL009,MIL0005507,x@x.com,9999123456,9999123451,9999123452,1,1
MP00014851,MP00014851,2023-09-07,13:58:27,PL011,MIL0306807,x@x.com,9999123456,9999123451,9999123452,1,1
MP00014852,MP00014852,2023-09-07,13:58:27,PL005,MIL0059228,x@x.com,9999123456,9999123451,9999123452,1,1
MP00014853,MP00014853,2023-09-07,13:58:27,PL001,MIL0290587,x@x.com,9999123456,9999123451,9999123452,1,1
MP00014854,MP00014854,2023-09-07,13:58:27,PL007,MIL0112740,x@x.com,9999123456,9999123451,9999123452,1,1
MP00014855,MP00014855,2023-09-07,13:58:27,PL012,MIL0496927,x@x.com,9999123456,9999123451,9999123452,1,1
MP00014856,MP00014856,2023-09-07,13:58:27,PL001,MIL0415536,x@x.com,9999123456,9999123451,9999123452,1,1
MP00014857,MP00014857,2023-09-07,13:58:27,PL007,MIL0313400,x@x.com,9999123456,9999123451,9999123452,1,1
MP00014858,MP00014858,2023-09-07,13:58:27,PL003,MIL0062674,x@x.com,9999123456,9999123451,9999123452,1,1
MP00014859,MP00014859,2023-09-07,13:58:27,PL011,MIL0280179,x@x.com,9999123456,9999123451,9999123452,1,1
MP00014860,MP00014860,2023-09-07,13:58:27,PL005,MIL0570513,x@x.com,9999123456,9999123451,9999123452,1,1
MP00014861,MP00014861,2023-09-07,13:58:27,PL002,MIL0362251,x@x.com,9999123456,9999123451,9999123452,1,1
MP00014862,MP00014862,2023-09-07,13:58:27,PL006,MIL0384239,x@x.com,9999123456,9999123451,9999123452,1,1
MP00014863,MP00014863,2023-09-07,13:58:27,PL007,MIL0215622,x@x.com,9999123456,9999123451,9999123452,1,1
MP00014864,MP00014864,2023-09-07,13:58:27,PL010,MIL0290317,x@x.com,9999123456,9999123451,9999123452,1,1
MP00014865,MP00014865,2023-09-07,13:58:27,PL002,MIL0140335,x@x.com,9999123456,9999123451,9999123452,1,1
MP00014866,MP00014866,2023-09-07,13:58:27,PL011,MIL0565874,x@x.com,9999123456,9999123451,9999123452,1,1
MP00014867,MP00014867,2023-09-07,13:58:27,PL003,MIL0034064,x@x.com,9999123456,9999123451,9999123452,1,1
MP00014868,MP00014868,2023-09-07,13:58:27,PL011,MIL0132162,x@x.com,9999123456,9999123451,9999123452,1,1
MP00014869,MP00014869,2023-09-07,13:58:27,PL010,MIL0107717,x@x.com,9999123456,9999123451,9999123452,1,1
MP00014870,MP00014870,2023-09-07,13:58:27,PL009,MIL0048540,x@x.com,9999123456,9999123451,9999123452,1,1
MP00014871,MP00014871,2023-09-07,13:58:27,PL010,MIL0199012,x@x.com,9999123456,9999123451,9999123452,1,1
MP00014872,MP00014872,2023-09-07,13:58:27,PL003,MIL0392851,x@x.com,9999123456,9999123451,9999123452,1,1
MP00014873,MP00014873,2023-09-07,13:58:27,PL007,MIL0524891,x@x.com,9999123456,9999123451,9999123452,1,1
MP00014874,MP00014874,2023-09-07,13:58:27,PL004,MIL0140204,x@x.com,9999123456,9999123451,9999123452,1,1
MP00014875,MP00014875,2023-09-07,13:58:27,PL003,MIL0511118,x@x.com,9999123456,9999123451,9999123452,1,1
MP00014876,MP00014876,2023-09-07,13:58:27,PL002,MIL0186010,x@x.com,9999123456,9999123451,9999123452,1,1
MP00014877,MP00014877,2023-09-07,13:58:27,PL007,MIL0387360,x@x.com,9999123456,9999123451,9999123452,1,1
MP00014878,MP00014878,2023-09-07,13:58:27,PL008,MIL0563159,x@x.com,9999123456,9999123451,9999123452,1,1
MP00014879,MP00014879,2023-09-07,13:58:27,PL013,MIL0235591,x@x.com,9999123456,9999123451,9999123452,1,1
MP00014880,MP00014880,2023-09-07,13:58:27,PL011,MIL0006020,x@x.com,9999123456,9999123451,9999123452,1,1
MP00014881,MP00014881,2023-09-07,13:58:27,PL002,MIL0266762,x@x.com,9999123456,9999123451,9999123452,1,1
MP00014882,MP00014882,2023-09-07,13:58:27,PL013,MIL0522064,x@x.com,9999123456,9999123451,9999123452,1,1
MP00014883,MP00014883,2023-09-07,13:58:27,PL007,MIL0256313,x@x.com,9999123456,9999123451,9999123452,1,1
MP00014884,MP00014884,2023-09-07,13:58:27,PL013,MIL0565378,x@x.com,9999123456,9999123451,9999123452,1,1
MP00014885,MP00014885,2023-09-07,13:58:27,PL012,MIL0551200,x@x.com,9999123456,9999123451,9999123452,1,1
MP00014886,MP00014886,2023-09-07,13:58:27,PL004,MIL0447837,x@x.com,9999123456,9999123451,9999123452,1,1
MP00014887,MP00014887,2023-09-07,13:58:27,PL006,MIL0000379,x@x.com,9999123456,9999123451,9999123452,1,1
MP00014888,MP00014888,2023-09-07,13:58:27,PL004,MIL0269731,x@x.com,9999123456,9999123451,9999123452,1,1
MP00014889,MP00014889,2023-09-07,13:58:27,PL010,MIL0118762,x@x.com,9999123456,9999123451,9999123452,1,1
MP00014890,MP00014890,2023-09-07,13:58:27,PL001,MIL0458388,x@x.com,9999123456,9999123451,9999123452,1,1
MP00014891,MP00014891,2023-09-07,13:58:27,PL005,MIL0456284,x@x.com,9999123456,9999123451,9999123452,1,1
MP00014892,MP00014892,2023-09-07,13:58:27,PL006,MIL0079357,x@x.com,9999123456,9999123451,9999123452,1,1
MP00014893,MP00014893,2023-09-07,13:58:27,PL012,MIL0575595,x@x.com,9999123456,9999123451,9999123452,1,1
MP00014894,MP00014894,2023-09-07,13:58:27,PL007,MIL0163461,x@x.com,9999123456,9999123451,9999123452,1,1
MP00014895,MP00014895,2023-09-07,13:58:27,PL007,MIL0287554,x@x.com,9999123456,9999123451,9999123452,1,1
MP00014896,MP00014896,2023-09-07,13:58:27,PL004,MIL0271770,x@x.com,9999123456,9999123451,9999123452,1,1
MP00014897,MP00014897,2023-09-07,13:58:27,PL008,MIL0233783,x@x.com,9999123456,9999123451,9999123452,1,1
MP00014898,MP00014898,2023-09-07,13:58:27,PL012,MIL0488130,x@x.com,9999123456,9999123451,9999123452,1,1
MP00014899,MP00014899,2023-09-07,13:58:27,PL002,MIL0580817,x@x.com,9999123456,9999123451,9999123452,1,1
MP00014900,MP00014900,2023-09-07,13:58:27,PL003,MIL0325260,x@x.com,9999123456,9999123451,9999123452,1,1
MP00014901,MP00014901,2023-09-07,13:58:27,PL013,MIL0478353,x@x.com,9999123456,9999123451,9999123452,1,1
MP00014902,MP00014902,2023-09-07,13:58:27,PL010,MIL0020956,x@x.com,9999123456,9999123451,9999123452,1,1
MP00014903,MP00014903,2023-09-07,13:58:27,PL006,MIL0194882,x@x.com,9999123456,9999123451,9999123452,1,1
MP00014904,MP00014904,2023-09-07,13:58:27,PL005,MIL0209613,x@x.com,9999123456,9999123451,9999123452,1,1
MP00014905,MP00014905,2023-09-07,13:58:27,PL011,MIL0236443,x@x.com,9999123456,9999123451,9999123452,1,1
MP00014906,MP00014906,2023-09-07,13:58:27,PL011,MIL0092026,x@x.com,9999123456,9999123451,9999123452,1,1
MP00014907,MP00014907,2023-09-07,13:58:27,PL009,MIL0538431,x@x.com,9999123456,9999123451,9999123452,1,1
MP00014908,MP00014908,2023-09-07,13:58:27,PL002,MIL0368496,x@x.com,9999123456,9999123451,9999123452,1,1
MP00014909,MP00014909,2023-09-07,13:58:27,PL009,MIL0143388,x@x.com,9999123456,9999123451,9999123452,1,1
MP00014910,MP00014910,2023-09-07,13:58:27,PL002,MIL0037398,x@x.com,9999123456,9999123451,9999123452,1,1
MP00014911,MP00014911,2023-09-07,13:58:27,PL008,MIL0123725,x@x.com,9999123456,9999123451,9999123452,1,1
MP00014912,MP00014912,2023-09-07,13:58:27,PL004,MIL0182187,x@x.com,9999123456,9999123451,9999123452,1,1
MP00014913,MP00014913,2023-09-07,13:58:27,PL012,MIL0311861,x@x.com,9999123456,9999123451,9999123452,1,1
MP00014914,MP00014914,2023-09-07,13:58:27,PL009,MIL0404692,x@x.com,9999123456,9999123451,9999123452,1,1
MP00014915,MP00014915,2023-09-07,13:58:27,PL004,MIL0187131,x@x.com,9999123456,9999123451,9999123452,1,1
MP00014916,MP00014916,2023-09-07,13:58:27,PL004,MIL0578839,x@x.com,9999123456,9999123451,9999123452,1,1
MP00014917,MP00014917,2023-09-07,13:58:27,PL010,MIL0080866,x@x.com,9999123456,9999123451,9999123452,1,1
MP00014918,MP00014918,2023-09-07,13:58:27,PL011,MIL0087445,x@x.com,9999123456,9999123451,9999123452,1,1
MP00014919,MP00014919,2023-09-07,13:58:27,PL003,MIL0175161,x@x.com,9999123456,9999123451,9999123452,1,1
MP00014920,MP00014920,2023-09-07,13:58:27,PL012,MIL0407196,x@x.com,9999123456,9999123451,9999123452,1,1
MP00014921,MP00014921,2023-09-07,13:58:27,PL010,MIL0329749,x@x.com,9999123456,9999123451,9999123452,1,1
MP00014922,MP00014922,2023-09-07,13:58:27,PL013,MIL0323485,x@x.com,9999123456,9999123451,9999123452,1,1
MP00014923,MP00014923,2023-09-07,13:58:27,PL010,MIL0287393,x@x.com,9999123456,9999123451,9999123452,1,1
MP00014924,MP00014924,2023-09-07,13:58:27,PL008,MIL0361706,x@x.com,9999123456,9999123451,9999123452,1,1
MP00014925,MP00014925,2023-09-07,13:58:27,PL001,MIL0073137,x@x.com,9999123456,9999123451,9999123452,1,1
MP00014926,MP00014926,2023-09-07,13:58:27,PL006,MIL0341391,x@x.com,9999123456,9999123451,9999123452,1,1
MP00014927,MP00014927,2023-09-07,13:58:27,PL011,MIL0539847,x@x.com,9999123456,9999123451,9999123452,1,1
MP00014928,MP00014928,2023-09-07,13:58:27,PL005,MIL0543330,x@x.com,9999123456,9999123451,9999123452,1,1
MP00014929,MP00014929,2023-09-07,13:58:27,PL008,MIL0192611,x@x.com,9999123456,9999123451,9999123452,1,1
MP00014930,MP00014930,2023-09-07,13:58:27,PL007,MIL0497280,x@x.com,9999123456,9999123451,9999123452,1,1
MP00014931,MP00014931,2023-09-07,13:58:27,PL013,MIL0537582,x@x.com,9999123456,9999123451,9999123452,1,1
MP00014932,MP00014932,2023-09-07,13:58:27,PL006,MIL0188631,x@x.com,9999123456,9999123451,9999123452,1,1
MP00014933,MP00014933,2023-09-07,13:58:27,PL002,MIL0503587,x@x.com,9999123456,9999123451,9999123452,1,1
MP00014934,MP00014934,2023-09-07,13:58:27,PL010,MIL0254954,x@x.com,9999123456,9999123451,9999123452,1,1
MP00014935,MP00014935,2023-09-07,13:58:27,PL011,MIL0108190,x@x.com,9999123456,9999123451,9999123452,1,1
MP00014936,MP00014936,2023-09-07,13:58:27,PL008,MIL0035518,x@x.com,9999123456,9999123451,9999123452,1,1
MP00014937,MP00014937,2023-09-07,13:58:27,PL011,MIL0203737,x@x.com,9999123456,9999123451,9999123452,1,1
MP00014938,MP00014938,2023-09-07,13:58:27,PL011,MIL0509103,x@x.com,9999123456,9999123451,9999123452,1,1
MP00014939,MP00014939,2023-09-07,13:58:27,PL004,MIL0297522,x@x.com,9999123456,9999123451,9999123452,1,1
MP00014940,MP00014940,2023-09-07,13:58:27,PL005,MIL0524321,x@x.com,9999123456,9999123451,9999123452,1,1
MP00014941,MP00014941,2023-09-07,13:58:27,PL013,MIL0436254,x@x.com,9999123456,9999123451,9999123452,1,1
MP00014942,MP00014942,2023-09-07,13:58:27,PL003,MIL0357595,x@x.com,9999123456,9999123451,9999123452,1,1
MP00014943,MP00014943,2023-09-07,13:58:27,PL005,MIL0478220,x@x.com,9999123456,9999123451,9999123452,1,1
MP00014944,MP00014944,2023-09-07,13:58:27,PL012,MIL0043009,x@x.com,9999123456,9999123451,9999123452,1,1
MP00014945,MP00014945,2023-09-07,13:58:27,PL006,MIL0553518,x@x.com,9999123456,9999123451,9999123452,1,1
MP00014946,MP00014946,2023-09-07,13:58:27,PL005,MIL0104452,x@x.com,9999123456,9999123451,9999123452,1,1
MP00014947,MP00014947,2023-09-07,13:58:27,PL004,MIL0070765,x@x.com,9999123456,9999123451,9999123452,1,1
MP00014948,MP00014948,2023-09-07,13:58:27,PL001,MIL0504993,x@x.com,9999123456,9999123451,9999123452,1,1
MP00014949,MP00014949,2023-09-07,13:58:27,PL001,MIL0506367,x@x.com,9999123456,9999123451,9999123452,1,1
MP00014950,MP00014950,2023-09-07,13:58:27,PL006,MIL0351255,x@x.com,9999123456,9999123451,9999123452,1,1
MP00014951,MP00014951,2023-09-07,13:58:27,PL003,MIL0551589,x@x.com,9999123456,9999123451,9999123452,1,1
MP00014952,MP00014952,2023-09-07,13:58:27,PL008,MIL0553884,x@x.com,9999123456,9999123451,9999123452,1,1
MP00014953,MP00014953,2023-09-07,13:58:27,PL004,MIL0104080,x@x.com,9999123456,9999123451,9999123452,1,1
MP00014954,MP00014954,2023-09-07,13:58:27,PL012,MIL0388397,x@x.com,9999123456,9999123451,9999123452,1,1
MP00014955,MP00014955,2023-09-07,13:58:27,PL011,MIL0534095,x@x.com,9999123456,9999123451,9999123452,1,1
MP00014956,MP00014956,2023-09-07,13:58:27,PL008,MIL0320574,x@x.com,9999123456,9999123451,9999123452,1,1
MP00014957,MP00014957,2023-09-07,13:58:27,PL012,MIL0079545,x@x.com,9999123456,9999123451,9999123452,1,1
MP00014958,MP00014958,2023-09-07,13:58:27,PL012,MIL0106439,x@x.com,9999123456,9999123451,9999123452,1,1
MP00014959,MP00014959,2023-09-07,13:58:27,PL009,MIL0156562,x@x.com,9999123456,9999123451,9999123452,1,1
MP00014960,MP00014960,2023-09-07,13:58:27,PL011,MIL0236351,x@x.com,9999123456,9999123451,9999123452,1,1
MP00014961,MP00014961,2023-09-07,13:58:27,PL004,MIL0311154,x@x.com,9999123456,9999123451,9999123452,1,1
MP00014962,MP00014962,2023-09-07,13:58:27,PL013,MIL0427387,x@x.com,9999123456,9999123451,9999123452,1,1
MP00014963,MP00014963,2023-09-07,13:58:27,PL012,MIL0322327,x@x.com,9999123456,9999123451,9999123452,1,1
MP00014964,MP00014964,2023-09-07,13:58:27,PL011,MIL0333383,x@x.com,9999123456,9999123451,9999123452,1,1
MP00014965,MP00014965,2023-09-07,13:58:27,PL007,MIL0412128,x@x.com,9999123456,9999123451,9999123452,1,1
MP00014966,MP00014966,2023-09-07,13:58:27,PL009,MIL0307724,x@x.com,9999123456,9999123451,9999123452,1,1
MP00014967,MP00014967,2023-09-07,13:58:27,PL005,MIL0531329,x@x.com,9999123456,9999123451,9999123452,1,1
MP00014968,MP00014968,2023-09-07,13:58:27,PL012,MIL0125645,x@x.com,9999123456,9999123451,9999123452,1,1
MP00014969,MP00014969,2023-09-07,13:58:27,PL013,MIL0261613,x@x.com,9999123456,9999123451,9999123452,1,1
MP00014970,MP00014970,2023-09-07,13:58:27,PL013,MIL0274043,x@x.com,9999123456,9999123451,9999123452,1,1
MP00014971,MP00014971,2023-09-07,13:58:27,PL008,MIL0088617,x@x.com,9999123456,9999123451,9999123452,1,1
MP00014972,MP00014972,2023-09-07,13:58:27,PL010,MIL0408020,x@x.com,9999123456,9999123451,9999123452,1,1
MP00014973,MP00014973,2023-09-07,13:58:27,PL007,MIL0443620,x@x.com,9999123456,9999123451,9999123452,1,1
MP00014974,MP00014974,2023-09-07,13:58:27,PL002,MIL0284116,x@x.com,9999123456,9999123451,9999123452,1,1
MP00014975,MP00014975,2023-09-07,13:58:27,PL007,MIL0337203,x@x.com,9999123456,9999123451,9999123452,1,1
MP00014976,MP00014976,2023-09-07,13:58:27,PL001,MIL0031070,x@x.com,9999123456,9999123451,9999123452,1,1
MP00014977,MP00014977,2023-09-07,13:58:27,PL011,MIL0215120,x@x.com,9999123456,9999123451,9999123452,1,1
MP00014978,MP00014978,2023-09-07,13:58:27,PL011,MIL0188841,x@x.com,9999123456,9999123451,9999123452,1,1
MP00014979,MP00014979,2023-09-07,13:58:27,PL003,MIL0203969,x@x.com,9999123456,9999123451,9999123452,1,1
MP00014980,MP00014980,2023-09-07,13:58:27,PL005,MIL0091062,x@x.com,9999123456,9999123451,9999123452,1,1
MP00014981,MP00014981,2023-09-07,13:58:27,PL007,MIL0195953,x@x.com,9999123456,9999123451,9999123452,1,1
MP00014982,MP00014982,2023-09-07,13:58:27,PL008,MIL0063792,x@x.com,9999123456,9999123451,9999123452,1,1
MP00014983,MP00014983,2023-09-07,13:58:27,PL012,MIL0294670,x@x.com,9999123456,9999123451,9999123452,1,1
MP00014984,MP00014984,2023-09-07,13:58:27,PL005,MIL0158225,x@x.com,9999123456,9999123451,9999123452,1,1
MP00014985,MP00014985,2023-09-07,13:58:27,PL003,MIL0215917,x@x.com,9999123456,9999123451,9999123452,1,1
