clave,folio,fecha,hora,clave_partido_legado,clave_ciudadano,correo_electronico,whatsapp,telefono,celular,obseravaciones,status
clave,folio,fecha,hora,clave_partido_legado,clave_ciudadano,correo_electronico,whatsapp,telefono,celular,obseravaciones,status
MP00014986,MP00014986,2023-09-07,13:58:27,PL009,MIL0419552,x@x.com,9999123456,9999123451,9999123452,1,1
MP00014987,MP00014987,2023-09-07,13:58:27,PL001,MIL0412457,x@x.com,9999123456,9999123451,9999123452,1,1
MP00014988,MP00014988,2023-09-07,13:58:27,PL010,MIL0277036,x@x.com,9999123456,9999123451,9999123452,1,1
MP00014989,MP00014989,2023-09-07,13:58:27,PL013,MIL0364156,x@x.com,9999123456,9999123451,9999123452,1,1
MP00014990,MP00014990,2023-09-07,13:58:27,PL004,MIL0391036,x@x.com,9999123456,9999123451,9999123452,1,1
MP00014991,MP00014991,2023-09-07,13:58:27,PL006,MIL0051482,x@x.com,9999123456,9999123451,9999123452,1,1
MP00014992,MP00014992,2023-09-07,13:58:27,PL008,MIL0058453,x@x.com,9999123456,9999123451,9999123452,1,1
MP00014993,MP00014993,2023-09-07,13:58:27,PL005,MIL0152690,x@x.com,9999123456,9999123451,9999123452,1,1
MP00014994,MP00014994,2023-09-07,13:58:27,PL006,MIL0235168,x@x.com,9999123456,9999123451,9999123452,1,1
MP00014995,MP00014995,2023-09-07,13:58:27,PL011,MIL0136805,x@x.com,9999123456,9999123451,9999123452,1,1
MP00014996,MP00014996,2023-09-07,13:58:27,PL002,MIL0460491,x@x.com,9999123456,9999123451,9999123452,1,1
MP00014997,MP00014997,2023-09-07,13:58:27,PL011,MIL0406809,x@x.com,9999123456,9999123451,9999123452,1,1
MP00014998,MP00014998,2023-09-07,13:58:27,PL001,MIL0416912,x@x.com,9999123456,9999123451,9999123452,1,1
MP00014999,MP00014999,2023-09-07,13:58:27,PL010,MIL0150964,x@x.com,9999123456,9999123451,9999123452,1,1
MP00015000,MP00015000,2023-09-07,13:58:27,PL007,MIL0447320,x@x.com,9999123456,9999123451,9999123452,1,1
MP00015001,MP00015001,2023-09-07,13:58:27,PL011,MIL0370980,x@x.com,9999123456,9999123451,9999123452,1,1
MP00015002,MP00015002,2023-09-07,13:58:27,PL006,MIL0453622,x@x.com,9999123456,9999123451,9999123452,1,1
MP00015003,MP00015003,2023-09-07,13:58:27,PL003,MIL0487315,x@x.com,9999123456,9999123451,9999123452,1,1
MP00015004,MP00015004,2023-09-07,13:58:27,PL001,MIL0217182,x@x.com,9999123456,9999123451,9999123452,1,1
MP00015005,MP00015005,2023-09-07,13:58:27,PL002,MIL0028387,x@x.com,9999123456,9999123451,9999123452,1,1
MP00015006,MP00015006,2023-09-07,13:58:27,PL010,MIL0085027,x@x.com,9999123456,9999123451,9999123452,1,1
MP00015007,MP00015007,2023-09-07,13:58:27,PL001,MIL0401682,x@x.com,9999123456,9999123451,9999123452,1,1
MP00015008,MP00015008,2023-09-07,13:58:27,PL013,MIL0481389,x@x.com,9999123456,9999123451,9999123452,1,1
MP00015009,MP00015009,2023-09-07,13:58:27,PL013,MIL0345412,x@x.com,9999123456,9999123451,9999123452,1,1
MP00015010,MP00015010,2023-09-07,13:58:27,PL010,MIL0517252,x@x.com,9999123456,9999123451,9999123452,1,1
MP00015011,MP00015011,2023-09-07,13:58:27,PL008,MIL0373456,x@x.com,9999123456,9999123451,9999123452,1,1
MP00015012,MP00015012,2023-09-07,13:58:27,PL006,MIL0244183,x@x.com,9999123456,9999123451,9999123452,1,1
MP00015013,MP00015013,2023-09-07,13:58:27,PL001,MIL0236260,x@x.com,9999123456,9999123451,9999123452,1,1
MP00015014,MP00015014,2023-09-07,13:58:27,PL002,MIL0452740,x@x.com,9999123456,9999123451,9999123452,1,1
MP00015015,MP00015015,2023-09-07,13:58:27,PL001,MIL0535474,x@x.com,9999123456,9999123451,9999123452,1,1
MP00015016,MP00015016,2023-09-07,13:58:27,PL012,MIL0318235,x@x.com,9999123456,9999123451,9999123452,1,1
MP00015017,MP00015017,2023-09-07,13:58:27,PL010,MIL0257331,x@x.com,9999123456,9999123451,9999123452,1,1
MP00015018,MP00015018,2023-09-07,13:58:27,PL011,MIL0199140,x@x.com,9999123456,9999123451,9999123452,1,1
MP00015019,MP00015019,2023-09-07,13:58:27,PL011,MIL0172009,x@x.com,9999123456,9999123451,9999123452,1,1
MP00015020,MP00015020,2023-09-07,13:58:27,PL002,MIL0003123,x@x.com,9999123456,9999123451,9999123452,1,1
MP00015021,MP00015021,2023-09-07,13:58:27,PL013,MIL0326872,x@x.com,9999123456,9999123451,9999123452,1,1
MP00015022,MP00015022,2023-09-07,13:58:27,PL001,MIL0112492,x@x.com,9999123456,9999123451,9999123452,1,1
MP00015023,MP00015023,2023-09-07,13:58:27,PL004,MIL0034826,x@x.com,9999123456,9999123451,9999123452,1,1
MP00015024,MP00015024,2023-09-07,13:58:27,PL010,MIL0434769,x@x.com,9999123456,9999123451,9999123452,1,1
MP00015025,MP00015025,2023-09-07,13:58:27,PL010,MIL0170955,x@x.com,9999123456,9999123451,9999123452,1,1
MP00015026,MP00015026,2023-09-07,13:58:27,PL010,MIL0142342,x@x.com,9999123456,9999123451,9999123452,1,1
MP00015027,MP00015027,2023-09-07,13:58:27,PL013,MIL0576935,x@x.com,9999123456,9999123451,9999123452,1,1
MP00015028,MP00015028,2023-09-07,13:58:27,PL005,MIL0368069,x@x.com,9999123456,9999123451,9999123452,1,1
MP00015029,MP00015029,2023-09-07,13:58:27,PL008,MIL0201835,x@x.com,9999123456,9999123451,9999123452,1,1
MP00015030,MP00015030,2023-09-07,13:58:27,PL004,MIL0141241,x@x.com,9999123456,9999123451,9999123452,1,1
MP00015031,MP00015031,2023-09-07,13:58:27,PL011,MIL0001519,x@x.com,9999123456,9999123451,9999123452,1,1
MP00015032,MP00015032,2023-09-07,13:58:27,PL004,MIL0539237,x@x.com,9999123456,9999123451,9999123452,1,1
MP00015033,MP00015033,2023-09-07,13:58:27,PL001,MIL0221139,x@x.com,9999123456,9999123451,9999123452,1,1
MP00015034,MP00015034,2023-09-07,13:58:27,PL011,MIL0194772,x@x.com,9999123456,9999123451,9999123452,1,1
MP00015035,MP00015035,2023-09-07,13:58:27,PL011,MIL0246389,x@x.com,9999123456,9999123451,9999123452,1,1
MP00015036,MP00015036,2023-09-07,13:58:27,PL003,MIL0430844,x@x.com,9999123456,9999123451,9999123452,1,1
MP00015037,MP00015037,2023-09-07,13:58:27,PL009,MIL0089125,x@x.com,9999123456,9999123451,9999123452,1,1
MP00015038,MP00015038,2023-09-07,13:58:27,PL005,MIL0371420,x@x.com,9999123456,9999123451,9999123452,1,1
MP00015039,MP00015039,2023-09-07,13:58:27,PL001,MIL0070285,x@x.com,9999123456,9999123451,9999123452,1,1
MP00015040,MP00015040,2023-09-07,13:58:27,PL005,MIL0464382,x@x.com,9999123456,9999123451,9999123452,1,1
MP00015041,MP00015041,2023-09-07,13:58:27,PL005,MIL0462365,x@x.com,9999123456,9999123451,9999123452,1,1
MP00015042,MP00015042,2023-09-07,13:58:27,PL011,MIL0133126,x@x.com,9999123456,9999123451,9999123452,1,1
MP00015043,MP00015043,2023-09-07,13:58:27,PL004,MIL0577846,x@x.com,9999123456,9999123451,9999123452,1,1
MP00015044,MP00015044,2023-09-07,13:58:27,PL008,MIL0023803,x@x.com,9999123456,9999123451,9999123452,1,1
MP00015045,MP00015045,2023-09-07,13:58:27,PL013,MIL0052107,x@x.com,9999123456,9999123451,9999123452,1,1
MP00015046,MP00015046,2023-09-07,13:58:27,PL011,MIL0523992,x@x.com,9999123456,9999123451,9999123452,1,1
MP00015047,MP00015047,2023-09-07,13:58:27,PL004,MIL0394569,x@x.com,9999123456,9999123451,9999123452,1,1
MP00015048,MP00015048,2023-09-07,13:58:27,PL005,MIL0300840,x@x.com,9999123456,9999123451,9999123452,1,1
MP00015049,MP00015049,2023-09-07,13:58:27,PL003,MIL0363536,x@x.com,9999123456,9999123451,9999123452,1,1
MP00015050,MP00015050,2023-09-07,13:58:27,PL009,MIL0422715,x@x.com,9999123456,9999123451,9999123452,1,1
MP00015051,MP00015051,2023-09-07,13:58:27,PL003,MIL0524653,x@x.com,9999123456,9999123451,9999123452,1,1
MP00015052,MP00015052,2023-09-07,13:58:27,PL009,MIL0296785,x@x.com,9999123456,9999123451,9999123452,1,1
MP00015053,MP00015053,2023-09-07,13:58:27,PL008,MIL0353078,x@x.com,9999123456,9999123451,9999123452,1,1
MP00015054,MP00015054,2023-09-07,13:58:27,PL001,MIL0212740,x@x.com,9999123456,9999123451,9999123452,1,1
MP00015055,MP00015055,2023-09-07,13:58:27,PL012,MIL0293247,x@x.com,9999123456,9999123451,9999123452,1,1
MP00015056,MP00015056,2023-09-07,13:58:27,PL012,MIL0481180,x@x.com,9999123456,9999123451,9999123452,1,1
MP00015057,MP00015057,2023-09-07,13:58:27,PL009,MIL0226947,x@x.com,9999123456,9999123451,9999123452,1,1
MP00015058,MP00015058,2023-09-07,13:58:27,PL013,MIL0186706,x@x.com,9999123456,9999123451,9999123452,1,1
MP00015059,MP00015059,2023-09-07,13:58:27,PL004,MIL0091377,x@x.com,9999123456,9999123451,9999123452,1,1
MP00015060,MP00015060,2023-09-07,13:58:27,PL011,MIL0403087,x@x.com,9999123456,9999123451,9999123452,1,1
MP00015061,MP00015061,2023-09-07,13:58:27,PL008,MIL0033782,x@x.com,9999123456,9999123451,9999123452,1,1
MP00015062,MP00015062,2023-09-07,13:58:27,PL010,MIL0550718,x@x.com,9999123456,9999123451,9999123452,1,1
MP00015063,MP00015063,2023-09-07,13:58:27,PL002,MIL0001164,x@x.com,9999123456,9999123451,9999123452,1,1
MP00015064,MP00015064,2023-09-07,13:58:27,PL002,MIL0578828,x@x.com,9999123456,9999123451,9999123452,1,1
MP00015065,MP00015065,2023-09-07,13:58:27,PL011,MIL0132794,x@x.com,9999123456,9999123451,9999123452,1,1
MP00015066,MP00015066,2023-09-07,13:58:27,PL002,MIL0074224,x@x.com,9999123456,9999123451,9999123452,1,1
MP00015067,MP00015067,2023-09-07,13:58:27,PL011,MIL0215344,x@x.com,9999123456,9999123451,9999123452,1,1
MP00015068,MP00015068,2023-09-07,13:58:27,PL009,MIL0521925,x@x.com,9999123456,9999123451,9999123452,1,1
MP00015069,MP00015069,2023-09-07,13:58:27,PL010,MIL0121790,x@x.com,9999123456,9999123451,9999123452,1,1
MP00015070,MP00015070,2023-09-07,13:58:27,PL010,MIL0452664,x@x.com,9999123456,9999123451,9999123452,1,1
MP00015071,MP00015071,2023-09-07,13:58:27,PL004,MIL0382740,x@x.com,9999123456,9999123451,9999123452,1,1
MP00015072,MP00015072,2023-09-07,13:58:27,PL009,MIL0259595,x@x.com,9999123456,9999123451,9999123452,1,1
MP00015073,MP00015073,2023-09-07,13:58:27,PL002,MIL0131237,x@x.com,9999123456,9999123451,9999123452,1,1
MP00015074,MP00015074,2023-09-07,13:58:27,PL006,MIL0358838,x@x.com,9999123456,9999123451,9999123452,1,1
MP00015075,MP00015075,2023-09-07,13:58:27,PL005,MIL0467295,x@x.com,9999123456,9999123451,9999123452,1,1
MP00015076,MP00015076,2023-09-07,13:58:27,PL007,MIL0330449,x@x.com,9999123456,9999123451,9999123452,1,1
MP00015077,MP00015077,2023-09-07,13:58:27,PL003,MIL0138722,x@x.com,9999123456,9999123451,9999123452,1,1
MP00015078,MP00015078,2023-09-07,13:58:27,PL001,MIL0575408,x@x.com,9999123456,9999123451,9999123452,1,1
MP00015079,MP00015079,2023-09-07,13:58:27,PL007,MIL0434100,x@x.com,9999123456,9999123451,9999123452,1,1
MP00015080,MP00015080,2023-09-07,13:58:27,PL012,MIL0063649,x@x.com,9999123456,9999123451,9999123452,1,1
MP00015081,MP00015081,2023-09-07,13:58:27,PL003,MIL0153025,x@x.com,9999123456,9999123451,9999123452,1,1
MP00015082,MP00015082,2023-09-07,13:58:27,PL007,MIL0398918,x@x.com,9999123456,9999123451,9999123452,1,1
MP00015083,MP00015083,2023-09-07,13:58:27,PL004,MIL0003421,x@x.com,9999123456,9999123451,9999123452,1,1
MP00015084,MP00015084,2023-09-07,13:58:27,PL001,MIL0355664,x@x.com,9999123456,9999123451,9999123452,1,1
MP00015085,MP00015085,2023-09-07,13:58:27,PL008,MIL0089186,x@x.com,9999123456,9999123451,9999123452,1,1
MP00015086,MP00015086,2023-09-07,13:58:27,PL010,MIL0039517,x@x.com,9999123456,9999123451,9999123452,1,1
MP00015087,MP00015087,2023-09-07,13:58:27,PL005,MIL0005226,x@x.com,9999123456,9999123451,9999123452,1,1
MP00015088,MP00015088,2023-09-07,13:58:27,PL011,MIL0461470,x@x.com,9999123456,9999123451,9999123452,1,1
MP00015089,MP00015089,2023-09-07,13:58:27,PL004,MIL0477512,x@x.com,9999123456,9999123451,9999123452,1,1
MP00015090,MP00015090,2023-09-07,13:58:27,PL013,MIL0134307,x@x.com,9999123456,9999123451,9999123452,1,1
MP00015091,MP00015091,2023-09-07,13:58:27,PL005,MIL0110936,x@x.com,9999123456,9999123451,9999123452,1,1
MP00015092,MP00015092,2023-09-07,13:58:27,PL001,MIL0105005,x@x.com,9999123456,9999123451,9999123452,1,1
MP00015093,MP00015093,2023-09-07,13:58:27,PL001,MIL0291335,x@x.com,9999123456,9999123451,9999123452,1,1
MP00015094,MP00015094,2023-09-07,13:58:27,PL004,MIL0221295,x@x.com,9999123456,9999123451,9999123452,1,1
MP00015095,MP00015095,2023-09-07,13:58:27,PL007,MIL0059066,x@x.com,9999123456,9999123451,9999123452,1,1
MP00015096,MP00015096,2023-09-07,13:58:27,PL012,MIL0466894,x@x.com,9999123456,9999123451,9999123452,1,1
MP00015097,MP00015097,2023-09-07,13:58:27,PL005,MIL0358352,x@x.com,9999123456,9999123451,9999123452,1,1
MP00015098,MP00015098,2023-09-07,13:58:27,PL009,MIL0007889,x@x.com,9999123456,9999123451,9999123452,1,1
MP00015099,MP00015099,2023-09-07,13:58:27,PL008,MIL0352717,x@x.com,9999123456,9999123451,9999123452,1,1
MP00015100,MP00015100,2023-09-07,13:58:27,PL002,MIL0576699,x@x.com,9999123456,9999123451,9999123452,1,1
MP00015101,MP00015101,2023-09-07,13:58:27,PL005,MIL0178017,x@x.com,9999123456,9999123451,9999123452,1,1
MP00015102,MP00015102,2023-09-07,13:58:27,PL004,MIL0053517,x@x.com,9999123456,9999123451,9999123452,1,1
MP00015103,MP00015103,2023-09-07,13:58:27,PL004,MIL0108071,x@x.com,9999123456,9999123451,9999123452,1,1
MP00015104,MP00015104,2023-09-07,13:58:27,PL007,MIL0529479,x@x.com,9999123456,9999123451,9999123452,1,1
MP00015105,MP00015105,2023-09-07,13:58:27,PL009,MIL0208966,x@x.com,9999123456,9999123451,9999123452,1,1
MP00015106,MP00015106,2023-09-07,13:58:27,PL008,MIL0323785,x@x.com,9999123456,9999123451,9999123452,1,1
MP00015107,MP00015107,2023-09-07,13:58:27,PL001,MIL0043774,x@x.com,9999123456,9999123451,9999123452,1,1
MP00015108,MP00015108,2023-09-07,13:58:27,PL012,MIL0399632,x@x.com,9999123456,9999123451,9999123452,1,1
MP00015109,MP00015109,2023-09-07,13:58:27,PL009,MIL0485874,x@x.com,9999123456,9999123451,9999123452,1,1
MP00015110,MP00015110,2023-09-07,13:58:27,PL008,MIL0510038,x@x.com,9999123456,9999123451,9999123452,1,1
MP00015111,MP00015111,2023-09-07,13:58:27,PL012,MIL0467365,x@x.com,9999123456,9999123451,9999123452,1,1
MP00015112,MP00015112,2023-09-07,13:58:27,PL012,MIL0365493,x@x.com,9999123456,9999123451,9999123452,1,1
MP00015113,MP00015113,2023-09-07,13:58:27,PL005,MIL0371594,x@x.com,9999123456,9999123451,9999123452,1,1
MP00015114,MP00015114,2023-09-07,13:58:27,PL009,MIL0436957,x@x.com,9999123456,9999123451,9999123452,1,1
MP00015115,MP00015115,2023-09-07,13:58:27,PL004,MIL0152180,x@x.com,9999123456,9999123451,9999123452,1,1
MP00015116,MP00015116,2023-09-07,13:58:27,PL008,MIL0138455,x@x.com,9999123456,9999123451,9999123452,1,1
MP00015117,MP00015117,2023-09-07,13:58:27,PL011,MIL0369118,x@x.com,9999123456,9999123451,9999123452,1,1
MP00015118,MP00015118,2023-09-07,13:58:27,PL009,MIL0446608,x@x.com,9999123456,9999123451,9999123452,1,1
MP00015119,MP00015119,2023-09-07,13:58:27,PL005,MIL0518886,x@x.com,9999123456,9999123451,9999123452,1,1
MP00015120,MP00015120,2023-09-07,13:58:27,PL008,MIL0532331,x@x.com,9999123456,9999123451,9999123452,1,1
MP00015121,MP00015121,2023-09-07,13:58:27,PL009,MIL0065386,x@x.com,9999123456,9999123451,9999123452,1,1
MP00015122,MP00015122,2023-09-07,13:58:27,PL005,MIL0087593,x@x.com,9999123456,9999123451,9999123452,1,1
MP00015123,MP00015123,2023-09-07,13:58:27,PL009,MIL0294509,x@x.com,9999123456,9999123451,9999123452,1,1
MP00015124,MP00015124,2023-09-07,13:58:27,PL013,MIL0230510,x@x.com,9999123456,9999123451,9999123452,1,1
MP00015125,MP00015125,2023-09-07,13:58:27,PL003,MIL0062935,x@x.com,9999123456,9999123451,9999123452,1,1
MP00015126,MP00015126,2023-09-07,13:58:27,PL010,MIL0317080,x@x.com,9999123456,9999123451,9999123452,1,1
MP00015127,MP00015127,2023-09-07,13:58:27,PL001,MIL0210824,x@x.com,9999123456,9999123451,9999123452,1,1
MP00015128,MP00015128,2023-09-07,13:58:27,PL001,MIL0011976,x@x.com,9999123456,9999123451,9999123452,1,1
MP00015129,MP00015129,2023-09-07,13:58:27,PL010,MIL0390264,x@x.com,9999123456,9999123451,9999123452,1,1
MP00015130,MP00015130,2023-09-07,13:58:27,PL011,MIL0059043,x@x.com,9999123456,9999123451,9999123452,1,1
MP00015131,MP00015131,2023-09-07,13:58:27,PL011,MIL0547499,x@x.com,9999123456,9999123451,9999123452,1,1
MP00015132,MP00015132,2023-09-07,13:58:27,PL013,MIL0359890,x@x.com,9999123456,9999123451,9999123452,1,1
MP00015133,MP00015133,2023-09-07,13:58:27,PL010,MIL0260582,x@x.com,9999123456,9999123451,9999123452,1,1
MP00015134,MP00015134,2023-09-07,13:58:27,PL012,MIL0232650,x@x.com,9999123456,9999123451,9999123452,1,1
MP00015135,MP00015135,2023-09-07,13:58:27,PL001,MIL0551502,x@x.com,9999123456,9999123451,9999123452,1,1
MP00015136,MP00015136,2023-09-07,13:58:27,PL002,MIL0479819,x@x.com,9999123456,9999123451,9999123452,1,1
MP00015137,MP00015137,2023-09-07,13:58:27,PL011,MIL0142864,x@x.com,9999123456,9999123451,9999123452,1,1
MP00015138,MP00015138,2023-09-07,13:58:27,PL007,MIL0329230,x@x.com,9999123456,9999123451,9999123452,1,1
MP00015139,MP00015139,2023-09-07,13:58:27,PL005,MIL0399043,x@x.com,9999123456,9999123451,9999123452,1,1
MP00015140,MP00015140,2023-09-07,13:58:27,PL008,MIL0173075,x@x.com,9999123456,9999123451,9999123452,1,1
MP00015141,MP00015141,2023-09-07,13:58:27,PL010,MIL0218705,x@x.com,9999123456,9999123451,9999123452,1,1
MP00015142,MP00015142,2023-09-07,13:58:27,PL008,MIL0224802,x@x.com,9999123456,9999123451,9999123452,1,1
MP00015143,MP00015143,2023-09-07,13:58:27,PL012,MIL0559135,x@x.com,9999123456,9999123451,9999123452,1,1
MP00015144,MP00015144,2023-09-07,13:58:27,PL001,MIL0316705,x@x.com,9999123456,9999123451,9999123452,1,1
MP00015145,MP00015145,2023-09-07,13:58:27,PL002,MIL0431361,x@x.com,9999123456,9999123451,9999123452,1,1
MP00015146,MP00015146,2023-09-07,13:58:27,PL002,MIL0353624,x@x.com,9999123456,9999123451,9999123452,1,1
MP00015147,MP00015147,2023-09-07,13:58:27,PL007,MIL0360228,x@x.com,9999123456,9999123451,9999123452,1,1
MP00015148,MP00015148,2023-09-07,13:58:27,PL013,MIL0507416,x@x.com,9999123456,9999123451,9999123452,1,1
MP00015149,MP00015149,2023-09-07,13:58:27,PL011,MIL0538385,x@x.com,9999123456,9999123451,9999123452,1,1
MP00015150,MP00015150,2023-09-07,13:58:27,PL005,MIL0321819,x@x.com,9999123456,9999123451,9999123452,1,1
MP00015151,MP00015151,2023-09-07,13:58:27,PL012,MIL0504219,x@x.com,9999123456,9999123451,9999123452,1,1
MP00015152,MP00015152,2023-09-07,13:58:27,PL007,MIL0488825,x@x.com,9999123456,9999123451,9999123452,1,1
MP00015153,MP00015153,2023-09-07,13:58:27,PL004,MIL0235644,x@x.com,9999123456,9999123451,9999123452,1,1
MP00015154,MP00015154,2023-09-07,13:58:27,PL007,MIL0479820,x@x.com,9999123456,9999123451,9999123452,1,1
MP00015155,MP00015155,2023-09-07,13:58:27,PL007,MIL0042823,x@x.com,9999123456,9999123451,9999123452,1,1
MP00015156,MP00015156,2023-09-07,13:58:27,PL005,MIL0018411,x@x.com,9999123456,9999123451,9999123452,1,1
MP00015157,MP00015157,2023-09-07,13:58:27,PL002,MIL0262326,x@x.com,9999123456,9999123451,9999123452,1,1
MP00015158,MP00015158,2023-09-07,13:58:27,PL010,MIL0282800,x@x.com,9999123456,9999123451,9999123452,1,1
MP00015159,MP00015159,2023-09-07,13:58:27,PL010,MIL0072481,x@x.com,9999123456,9999123451,9999123452,1,1
MP00015160,MP00015160,2023-09-07,13:58:27,PL003,MIL0080352,x@x.com,9999123456,9999123451,9999123452,1,1
MP00015161,MP00015161,2023-09-07,13:58:27,PL009,MIL0213740,x@x.com,9999123456,9999123451,9999123452,1,1
MP00015162,MP00015162,2023-09-07,13:58:27,PL002,MIL0132845,x@x.com,9999123456,9999123451,9999123452,1,1
MP00015163,MP00015163,2023-09-07,13:58:27,PL002,MIL0026486,x@x.com,9999123456,9999123451,9999123452,1,1
MP00015164,MP00015164,2023-09-07,13:58:27,PL003,MIL0009668,x@x.com,9999123456,9999123451,9999123452,1,1
MP00015165,MP00015165,2023-09-07,13:58:27,PL006,MIL0233604,x@x.com,9999123456,9999123451,9999123452,1,1
MP00015166,MP00015166,2023-09-07,13:58:27,PL007,MIL0378106,x@x.com,9999123456,9999123451,9999123452,1,1
MP00015167,MP00015167,2023-09-07,13:58:27,PL004,MIL0322235,x@x.com,9999123456,9999123451,9999123452,1,1
MP00015168,MP00015168,2023-09-07,13:58:27,PL004,MIL0254634,x@x.com,9999123456,9999123451,9999123452,1,1
MP00015169,MP00015169,2023-09-07,13:58:27,PL011,MIL0260418,x@x.com,9999123456,9999123451,9999123452,1,1
MP00015170,MP00015170,2023-09-07,13:58:27,PL010,MIL0566679,x@x.com,9999123456,9999123451,9999123452,1,1
MP00015171,MP00015171,2023-09-07,13:58:27,PL005,MIL0002387,x@x.com,9999123456,9999123451,9999123452,1,1
MP00015172,MP00015172,2023-09-07,13:58:27,PL007,MIL0533357,x@x.com,9999123456,9999123451,9999123452,1,1
MP00015173,MP00015173,2023-09-07,13:58:27,PL001,MIL0024865,x@x.com,9999123456,9999123451,9999123452,1,1
MP00015174,MP00015174,2023-09-07,13:58:27,PL004,MIL0060801,x@x.com,9999123456,9999123451,9999123452,1,1
MP00015175,MP00015175,2023-09-07,13:58:27,PL004,MIL0390375,x@x.com,9999123456,9999123451,9999123452,1,1
MP00015176,MP00015176,2023-09-07,13:58:27,PL002,MIL0401330,x@x.com,9999123456,9999123451,9999123452,1,1
MP00015177,MP00015177,2023-09-07,13:58:27,PL010,MIL0419477,x@x.com,9999123456,9999123451,9999123452,1,1
MP00015178,MP00015178,2023-09-07,13:58:27,PL009,MIL0272317,x@x.com,9999123456,9999123451,9999123452,1,1
MP00015179,MP00015179,2023-09-07,13:58:27,PL004,MIL0137765,x@x.com,9999123456,9999123451,9999123452,1,1
MP00015180,MP00015180,2023-09-07,13:58:27,PL008,MIL0474470,x@x.com,9999123456,9999123451,9999123452,1,1
MP00015181,MP00015181,2023-09-07,13:58:27,PL006,MIL0175201,x@x.com,9999123456,9999123451,9999123452,1,1
MP00015182,MP00015182,2023-09-07,13:58:27,PL003,MIL0450204,x@x.com,9999123456,9999123451,9999123452,1,1
MP00015183,MP00015183,2023-09-07,13:58:27,PL007,MIL0397544,x@x.com,9999123456,9999123451,9999123452,1,1
MP00015184,MP00015184,2023-09-07,13:58:27,PL011,MIL0495618,x@x.com,9999123456,9999123451,9999123452,1,1
MP00015185,MP00015185,2023-09-07,13:58:27,PL006,MIL0332074,x@x.com,9999123456,9999123451,9999123452,1,1
MP00015186,MP00015186,2023-09-07,13:58:27,PL008,MIL0387851,x@x.com,9999123456,9999123451,9999123452,1,1
MP00015187,MP00015187,2023-09-07,13:58:27,PL002,MIL0035735,x@x.com,9999123456,9999123451,9999123452,1,1
MP00015188,MP00015188,2023-09-07,13:58:27,PL006,MIL0340949,x@x.com,9999123456,9999123451,9999123452,1,1
MP00015189,MP00015189,2023-09-07,13:58:27,PL010,MIL0214905,x@x.com,9999123456,9999123451,9999123452,1,1
MP00015190,MP00015190,2023-09-07,13:58:27,PL007,MIL0561405,x@x.com,9999123456,9999123451,9999123452,1,1
MP00015191,MP00015191,2023-09-07,13:58:27,PL006,MIL0307473,x@x.com,9999123456,9999123451,9999123452,1,1
MP00015192,MP00015192,2023-09-07,13:58:27,PL007,MIL0295656,x@x.com,9999123456,9999123451,9999123452,1,1
MP00015193,MP00015193,2023-09-07,13:58:27,PL010,MIL0087532,x@x.com,9999123456,9999123451,9999123452,1,1
MP00015194,MP00015194,2023-09-07,13:58:27,PL001,MIL0557318,x@x.com,9999123456,9999123451,9999123452,1,1
MP00015195,MP00015195,2023-09-07,13:58:27,PL003,MIL0485367,x@x.com,9999123456,9999123451,9999123452,1,1
MP00015196,MP00015196,2023-09-07,13:58:27,PL012,MIL0043260,x@x.com,9999123456,9999123451,9999123452,1,1
MP00015197,MP00015197,2023-09-07,13:58:27,PL010,MIL0165701,x@x.com,9999123456,9999123451,9999123452,1,1
MP00015198,MP00015198,2023-09-07,13:58:27,PL007,MIL0325769,x@x.com,9999123456,9999123451,9999123452,1,1
MP00015199,MP00015199,2023-09-07,13:58:27,PL001,MIL0290900,x@x.com,9999123456,9999123451,9999123452,1,1
MP00015200,MP00015200,2023-09-07,13:58:27,PL010,MIL0255469,x@x.com,9999123456,9999123451,9999123452,1,1
MP00015201,MP00015201,2023-09-07,13:58:27,PL010,MIL0523863,x@x.com,9999123456,9999123451,9999123452,1,1
MP00015202,MP00015202,2023-09-07,13:58:27,PL013,MIL0149227,x@x.com,9999123456,9999123451,9999123452,1,1
MP00015203,MP00015203,2023-09-07,13:58:27,PL012,MIL0369686,x@x.com,9999123456,9999123451,9999123452,1,1
MP00015204,MP00015204,2023-09-07,13:58:27,PL011,MIL0108006,x@x.com,9999123456,9999123451,9999123452,1,1
MP00015205,MP00015205,2023-09-07,13:58:27,PL004,MIL0270088,x@x.com,9999123456,9999123451,9999123452,1,1
MP00015206,MP00015206,2023-09-07,13:58:27,PL004,MIL0211578,x@x.com,9999123456,9999123451,9999123452,1,1
MP00015207,MP00015207,2023-09-07,13:58:27,PL003,MIL0407200,x@x.com,9999123456,9999123451,9999123452,1,1
MP00015208,MP00015208,2023-09-07,13:58:27,PL004,MIL0054939,x@x.com,9999123456,9999123451,9999123452,1,1
MP00015209,MP00015209,2023-09-07,13:58:27,PL012,MIL0167280,x@x.com,9999123456,9999123451,9999123452,1,1
MP00015210,MP00015210,2023-09-07,13:58:27,PL011,MIL0073873,x@x.com,9999123456,9999123451,9999123452,1,1
MP00015211,MP00015211,2023-09-07,13:58:27,PL012,MIL0334228,x@x.com,9999123456,9999123451,9999123452,1,1
MP00015212,MP00015212,2023-09-07,13:58:27,PL006,MIL0493597,x@x.com,9999123456,9999123451,9999123452,1,1
MP00015213,MP00015213,2023-09-07,13:58:27,PL012,MIL0073016,x@x.com,9999123456,9999123451,9999123452,1,1
MP00015214,MP00015214,2023-09-07,13:58:27,PL008,MIL0277686,x@x.com,9999123456,9999123451,9999123452,1,1
MP00015215,MP00015215,2023-09-07,13:58:27,PL002,MIL0286297,x@x.com,9999123456,9999123451,9999123452,1,1
MP00015216,MP00015216,2023-09-07,13:58:27,PL010,MIL0223606,x@x.com,9999123456,9999123451,9999123452,1,1
MP00015217,MP00015217,2023-09-07,13:58:27,PL002,MIL0244112,x@x.com,9999123456,9999123451,9999123452,1,1
MP00015218,MP00015218,2023-09-07,13:58:27,PL010,MIL0555747,x@x.com,9999123456,9999123451,9999123452,1,1
MP00015219,MP00015219,2023-09-07,13:58:27,PL007,MIL0112958,x@x.com,9999123456,9999123451,9999123452,1,1
MP00015220,MP00015220,2023-09-07,13:58:27,PL010,MIL0408102,x@x.com,9999123456,9999123451,9999123452,1,1
MP00015221,MP00015221,2023-09-07,13:58:27,PL011,MIL0460245,x@x.com,9999123456,9999123451,9999123452,1,1
MP00015222,MP00015222,2023-09-07,13:58:27,PL003,MIL0578715,x@x.com,9999123456,9999123451,9999123452,1,1
MP00015223,MP00015223,2023-09-07,13:58:27,PL010,MIL0472846,x@x.com,9999123456,9999123451,9999123452,1,1
MP00015224,MP00015224,2023-09-07,13:58:27,PL003,MIL0140894,x@x.com,9999123456,9999123451,9999123452,1,1
MP00015225,MP00015225,2023-09-07,13:58:27,PL009,MIL0421474,x@x.com,9999123456,9999123451,9999123452,1,1
MP00015226,MP00015226,2023-09-07,13:58:27,PL001,MIL0567354,x@x.com,9999123456,9999123451,9999123452,1,1
MP00015227,MP00015227,2023-09-07,13:58:27,PL012,MIL0581237,x@x.com,9999123456,9999123451,9999123452,1,1
MP00015228,MP00015228,2023-09-07,13:58:27,PL004,MIL0571044,x@x.com,9999123456,9999123451,9999123452,1,1
MP00015229,MP00015229,2023-09-07,13:58:27,PL003,MIL0162728,x@x.com,9999123456,9999123451,9999123452,1,1
MP00015230,MP00015230,2023-09-07,13:58:27,PL006,MIL0570442,x@x.com,9999123456,9999123451,9999123452,1,1
MP00015231,MP00015231,2023-09-07,13:58:27,PL009,MIL0005034,x@x.com,9999123456,9999123451,9999123452,1,1
MP00015232,MP00015232,2023-09-07,13:58:27,PL009,MIL0408296,x@x.com,9999123456,9999123451,9999123452,1,1
MP00015233,MP00015233,2023-09-07,13:58:27,PL002,MIL0294333,x@x.com,9999123456,9999123451,9999123452,1,1
MP00015234,MP00015234,2023-09-07,13:58:27,PL004,MIL0051805,x@x.com,9999123456,9999123451,9999123452,1,1
MP00015235,MP00015235,2023-09-07,13:58:27,PL002,MIL0416605,x@x.com,9999123456,9999123451,9999123452,1,1
MP00015236,MP00015236,2023-09-07,13:58:27,PL002,MIL0121161,x@x.com,9999123456,9999123451,9999123452,1,1
MP00015237,MP00015237,2023-09-07,13:58:27,PL010,MIL0466040,x@x.com,9999123456,9999123451,9999123452,1,1
MP00015238,MP00015238,2023-09-07,13:58:27,PL003,MIL0533188,x@x.com,9999123456,9999123451,9999123452,1,1
MP00015239,MP00015239,2023-09-07,13:58:27,PL011,MIL0578777,x@x.com,9999123456,9999123451,9999123452,1,1
MP00015240,MP00015240,2023-09-07,13:58:27,PL011,MIL0489596,x@x.com,9999123456,9999123451,9999123452,1,1
MP00015241,MP00015241,2023-09-07,13:58:27,PL009,MIL0213703,x@x.com,9999123456,9999123451,9999123452,1,1
MP00015242,MP00015242,2023-09-07,13:58:27,PL009,MIL0137148,x@x.com,9999123456,9999123451,9999123452,1,1
MP00015243,MP00015243,2023-09-07,13:58:27,PL008,MIL0579284,x@x.com,9999123456,9999123451,9999123452,1,1
MP00015244,MP00015244,2023-09-07,13:58:27,PL010,MIL0328066,x@x.com,9999123456,9999123451,9999123452,1,1
MP00015245,MP00015245,2023-09-07,13:58:27,PL013,MIL0533382,x@x.com,9999123456,9999123451,9999123452,1,1
MP00015246,MP00015246,2023-09-07,13:58:27,PL008,MIL0399040,x@x.com,9999123456,9999123451,9999123452,1,1
MP00015247,MP00015247,2023-09-07,13:58:27,PL008,MIL0366438,x@x.com,9999123456,9999123451,9999123452,1,1
MP00015248,MP00015248,2023-09-07,13:58:27,PL010,MIL0041654,x@x.com,9999123456,9999123451,9999123452,1,1
MP00015249,MP00015249,2023-09-07,13:58:27,PL011,MIL0377621,x@x.com,9999123456,9999123451,9999123452,1,1
MP00015250,MP00015250,2023-09-07,13:58:27,PL002,MIL0295803,x@x.com,9999123456,9999123451,9999123452,1,1
MP00015251,MP00015251,2023-09-07,13:58:27,PL001,MIL0212862,x@x.com,9999123456,9999123451,9999123452,1,1
MP00015252,MP00015252,2023-09-07,13:58:27,PL006,MIL0580537,x@x.com,9999123456,9999123451,9999123452,1,1
MP00015253,MP00015253,2023-09-07,13:58:27,PL008,MIL0242835,x@x.com,9999123456,9999123451,9999123452,1,1
MP00015254,MP00015254,2023-09-07,13:58:27,PL005,MIL0519486,x@x.com,9999123456,9999123451,9999123452,1,1
MP00015255,MP00015255,2023-09-07,13:58:27,PL009,MIL0005584,x@x.com,9999123456,9999123451,9999123452,1,1
MP00015256,MP00015256,2023-09-07,13:58:27,PL005,MIL0408018,x@x.com,9999123456,9999123451,9999123452,1,1
MP00015257,MP00015257,2023-09-07,13:58:27,PL012,MIL0560732,x@x.com,9999123456,9999123451,9999123452,1,1
MP00015258,MP00015258,2023-09-07,13:58:27,PL010,MIL0390387,x@x.com,9999123456,9999123451,9999123452,1,1
MP00015259,MP00015259,2023-09-07,13:58:27,PL011,MIL0573847,x@x.com,9999123456,9999123451,9999123452,1,1
MP00015260,MP00015260,2023-09-07,13:58:27,PL003,MIL0080141,x@x.com,9999123456,9999123451,9999123452,1,1
MP00015261,MP00015261,2023-09-07,13:58:27,PL009,MIL0100789,x@x.com,9999123456,9999123451,9999123452,1,1
MP00015262,MP00015262,2023-09-07,13:58:27,PL009,MIL0324086,x@x.com,9999123456,9999123451,9999123452,1,1
MP00015263,MP00015263,2023-09-07,13:58:27,PL008,MIL0058840,x@x.com,9999123456,9999123451,9999123452,1,1
MP00015264,MP00015264,2023-09-07,13:58:27,PL005,MIL0353595,x@x.com,9999123456,9999123451,9999123452,1,1
MP00015265,MP00015265,2023-09-07,13:58:27,PL011,MIL0032490,x@x.com,9999123456,9999123451,9999123452,1,1
MP00015266,MP00015266,2023-09-07,13:58:27,PL011,MIL0175736,x@x.com,9999123456,9999123451,9999123452,1,1
MP00015267,MP00015267,2023-09-07,13:58:27,PL004,MIL0317625,x@x.com,9999123456,9999123451,9999123452,1,1
MP00015268,MP00015268,2023-09-07,13:58:27,PL004,MIL0369895,x@x.com,9999123456,9999123451,9999123452,1,1
MP00015269,MP00015269,2023-09-07,13:58:27,PL009,MIL0188499,x@x.com,9999123456,9999123451,9999123452,1,1
MP00015270,MP00015270,2023-09-07,13:58:27,PL005,MIL0051942,x@x.com,9999123456,9999123451,9999123452,1,1
MP00015271,MP00015271,2023-09-07,13:58:27,PL011,MIL0187098,x@x.com,9999123456,9999123451,9999123452,1,1
MP00015272,MP00015272,2023-09-07,13:58:27,PL011,MIL0478530,x@x.com,9999123456,9999123451,9999123452,1,1
MP00015273,MP00015273,2023-09-07,13:58:27,PL009,MIL0339478,x@x.com,9999123456,9999123451,9999123452,1,1
MP00015274,MP00015274,2023-09-07,13:58:27,PL004,MIL0024743,x@x.com,9999123456,9999123451,9999123452,1,1
MP00015275,MP00015275,2023-09-07,13:58:27,PL010,MIL0546879,x@x.com,9999123456,9999123451,9999123452,1,1
MP00015276,MP00015276,2023-09-07,13:58:27,PL006,MIL0026553,x@x.com,9999123456,9999123451,9999123452,1,1
MP00015277,MP00015277,2023-09-07,13:58:27,PL010,MIL0080592,x@x.com,9999123456,9999123451,9999123452,1,1
MP00015278,MP00015278,2023-09-07,13:58:27,PL005,MIL0313913,x@x.com,9999123456,9999123451,9999123452,1,1
MP00015279,MP00015279,2023-09-07,13:58:27,PL011,MIL0176155,x@x.com,9999123456,9999123451,9999123452,1,1
MP00015280,MP00015280,2023-09-07,13:58:27,PL007,MIL0251560,x@x.com,9999123456,9999123451,9999123452,1,1
MP00015281,MP00015281,2023-09-07,13:58:27,PL004,MIL0131432,x@x.com,9999123456,9999123451,9999123452,1,1
MP00015282,MP00015282,2023-09-07,13:58:27,PL003,MIL0292196,x@x.com,9999123456,9999123451,9999123452,1,1
MP00015283,MP00015283,2023-09-07,13:58:27,PL011,MIL0093925,x@x.com,9999123456,9999123451,9999123452,1,1
MP00015284,MP00015284,2023-09-07,13:58:27,PL002,MIL0436542,x@x.com,9999123456,9999123451,9999123452,1,1
MP00015285,MP00015285,2023-09-07,13:58:27,PL009,MIL0074728,x@x.com,9999123456,9999123451,9999123452,1,1
MP00015286,MP00015286,2023-09-07,13:58:27,PL013,MIL0457759,x@x.com,9999123456,9999123451,9999123452,1,1
MP00015287,MP00015287,2023-09-07,13:58:27,PL012,MIL0523456,x@x.com,9999123456,9999123451,9999123452,1,1
MP00015288,MP00015288,2023-09-07,13:58:27,PL010,MIL0343049,x@x.com,9999123456,9999123451,9999123452,1,1
MP00015289,MP00015289,2023-09-07,13:58:27,PL006,MIL0567077,x@x.com,9999123456,9999123451,9999123452,1,1
MP00015290,MP00015290,2023-09-07,13:58:27,PL005,MIL0189344,x@x.com,9999123456,9999123451,9999123452,1,1
MP00015291,MP00015291,2023-09-07,13:58:27,PL012,MIL0426175,x@x.com,9999123456,9999123451,9999123452,1,1
MP00015292,MP00015292,2023-09-07,13:58:27,PL012,MIL0526849,x@x.com,9999123456,9999123451,9999123452,1,1
MP00015293,MP00015293,2023-09-07,13:58:27,PL005,MIL0184366,x@x.com,9999123456,9999123451,9999123452,1,1
MP00015294,MP00015294,2023-09-07,13:58:27,PL006,MIL0408389,x@x.com,9999123456,9999123451,9999123452,1,1
MP00015295,MP00015295,2023-09-07,13:58:27,PL007,MIL0499589,x@x.com,9999123456,9999123451,9999123452,1,1
MP00015296,MP00015296,2023-09-07,13:58:27,PL004,MIL0100356,x@x.com,9999123456,9999123451,9999123452,1,1
MP00015297,MP00015297,2023-09-07,13:58:27,PL003,MIL0507542,x@x.com,9999123456,9999123451,9999123452,1,1
MP00015298,MP00015298,2023-09-07,13:58:27,PL010,MIL0156459,x@x.com,9999123456,9999123451,9999123452,1,1
MP00015299,MP00015299,2023-09-07,13:58:27,PL011,MIL0085064,x@x.com,9999123456,9999123451,9999123452,1,1
MP00015300,MP00015300,2023-09-07,13:58:27,PL001,MIL0007679,x@x.com,9999123456,9999123451,9999123452,1,1
MP00015301,MP00015301,2023-09-07,13:58:27,PL007,MIL0542358,x@x.com,9999123456,9999123451,9999123452,1,1
MP00015302,MP00015302,2023-09-07,13:58:27,PL003,MIL0259054,x@x.com,9999123456,9999123451,9999123452,1,1
MP00015303,MP00015303,2023-09-07,13:58:27,PL006,MIL0203823,x@x.com,9999123456,9999123451,9999123452,1,1
MP00015304,MP00015304,2023-09-07,13:58:27,PL012,MIL0499692,x@x.com,9999123456,9999123451,9999123452,1,1
MP00015305,MP00015305,2023-09-07,13:58:27,PL001,MIL0545930,x@x.com,9999123456,9999123451,9999123452,1,1
MP00015306,MP00015306,2023-09-07,13:58:27,PL013,MIL0071921,x@x.com,9999123456,9999123451,9999123452,1,1
MP00015307,MP00015307,2023-09-07,13:58:27,PL004,MIL0171233,x@x.com,9999123456,9999123451,9999123452,1,1
MP00015308,MP00015308,2023-09-07,13:58:27,PL010,MIL0073090,x@x.com,9999123456,9999123451,9999123452,1,1
MP00015309,MP00015309,2023-09-07,13:58:27,PL012,MIL0256343,x@x.com,9999123456,9999123451,9999123452,1,1
MP00015310,MP00015310,2023-09-07,13:58:27,PL009,MIL0486469,x@x.com,9999123456,9999123451,9999123452,1,1
MP00015311,MP00015311,2023-09-07,13:58:27,PL006,MIL0534103,x@x.com,9999123456,9999123451,9999123452,1,1
MP00015312,MP00015312,2023-09-07,13:58:27,PL004,MIL0005106,x@x.com,9999123456,9999123451,9999123452,1,1
MP00015313,MP00015313,2023-09-07,13:58:27,PL011,MIL0554080,x@x.com,9999123456,9999123451,9999123452,1,1
MP00015314,MP00015314,2023-09-07,13:58:27,PL008,MIL0066186,x@x.com,9999123456,9999123451,9999123452,1,1
MP00015315,MP00015315,2023-09-07,13:58:27,PL006,MIL0382046,x@x.com,9999123456,9999123451,9999123452,1,1
MP00015316,MP00015316,2023-09-07,13:58:27,PL002,MIL0537090,x@x.com,9999123456,9999123451,9999123452,1,1
MP00015317,MP00015317,2023-09-07,13:58:27,PL001,MIL0316464,x@x.com,9999123456,9999123451,9999123452,1,1
MP00015318,MP00015318,2023-09-07,13:58:27,PL003,MIL0019765,x@x.com,9999123456,9999123451,9999123452,1,1
MP00015319,MP00015319,2023-09-07,13:58:27,PL010,MIL0276622,x@x.com,9999123456,9999123451,9999123452,1,1
MP00015320,MP00015320,2023-09-07,13:58:27,PL006,MIL0489729,x@x.com,9999123456,9999123451,9999123452,1,1
MP00015321,MP00015321,2023-09-07,13:58:27,PL002,MIL0580929,x@x.com,9999123456,9999123451,9999123452,1,1
MP00015322,MP00015322,2023-09-07,13:58:27,PL004,MIL0176352,x@x.com,9999123456,9999123451,9999123452,1,1
MP00015323,MP00015323,2023-09-07,13:58:27,PL007,MIL0145496,x@x.com,9999123456,9999123451,9999123452,1,1
MP00015324,MP00015324,2023-09-07,13:58:27,PL002,MIL0017898,x@x.com,9999123456,9999123451,9999123452,1,1
MP00015325,MP00015325,2023-09-07,13:58:27,PL010,MIL0098469,x@x.com,9999123456,9999123451,9999123452,1,1
MP00015326,MP00015326,2023-09-07,13:58:27,PL010,MIL0184595,x@x.com,9999123456,9999123451,9999123452,1,1
MP00015327,MP00015327,2023-09-07,13:58:27,PL003,MIL0260269,x@x.com,9999123456,9999123451,9999123452,1,1
MP00015328,MP00015328,2023-09-07,13:58:27,PL004,MIL0463178,x@x.com,9999123456,9999123451,9999123452,1,1
MP00015329,MP00015329,2023-09-07,13:58:27,PL011,MIL0544370,x@x.com,9999123456,9999123451,9999123452,1,1
MP00015330,MP00015330,2023-09-07,13:58:27,PL002,MIL0510696,x@x.com,9999123456,9999123451,9999123452,1,1
MP00015331,MP00015331,2023-09-07,13:58:27,PL012,MIL0550791,x@x.com,9999123456,9999123451,9999123452,1,1
MP00015332,MP00015332,2023-09-07,13:58:27,PL011,MIL0108688,x@x.com,9999123456,9999123451,9999123452,1,1
MP00015333,MP00015333,2023-09-07,13:58:27,PL003,MIL0416506,x@x.com,9999123456,9999123451,9999123452,1,1
MP00015334,MP00015334,2023-09-07,13:58:27,PL005,MIL0444344,x@x.com,9999123456,9999123451,9999123452,1,1
MP00015335,MP00015335,2023-09-07,13:58:27,PL002,MIL0347087,x@x.com,9999123456,9999123451,9999123452,1,1
MP00015336,MP00015336,2023-09-07,13:58:27,PL006,MIL0560203,x@x.com,9999123456,9999123451,9999123452,1,1
MP00015337,MP00015337,2023-09-07,13:58:27,PL002,MIL0232412,x@x.com,9999123456,9999123451,9999123452,1,1
MP00015338,MP00015338,2023-09-07,13:58:27,PL008,MIL0574812,x@x.com,9999123456,9999123451,9999123452,1,1
MP00015339,MP00015339,2023-09-07,13:58:27,PL002,MIL0351647,x@x.com,9999123456,9999123451,9999123452,1,1
MP00015340,MP00015340,2023-09-07,13:58:27,PL002,MIL0415750,x@x.com,9999123456,9999123451,9999123452,1,1
MP00015341,MP00015341,2023-09-07,13:58:27,PL005,MIL0449703,x@x.com,9999123456,9999123451,9999123452,1,1
MP00015342,MP00015342,2023-09-07,13:58:27,PL002,MIL0168734,x@x.com,9999123456,9999123451,9999123452,1,1
MP00015343,MP00015343,2023-09-07,13:58:27,PL008,MIL0003718,x@x.com,9999123456,9999123451,9999123452,1,1
MP00015344,MP00015344,2023-09-07,13:58:27,PL009,MIL0011904,x@x.com,9999123456,9999123451,9999123452,1,1
MP00015345,MP00015345,2023-09-07,13:58:27,PL001,MIL0026443,x@x.com,9999123456,9999123451,9999123452,1,1
MP00015346,MP00015346,2023-09-07,13:58:27,PL003,MIL0089573,x@x.com,9999123456,9999123451,9999123452,1,1
MP00015347,MP00015347,2023-09-07,13:58:27,PL008,MIL0489553,x@x.com,9999123456,9999123451,9999123452,1,1
MP00015348,MP00015348,2023-09-07,13:58:27,PL011,MIL0537247,x@x.com,9999123456,9999123451,9999123452,1,1
MP00015349,MP00015349,2023-09-07,13:58:27,PL012,MIL0215095,x@x.com,9999123456,9999123451,9999123452,1,1
MP00015350,MP00015350,2023-09-07,13:58:27,PL006,MIL0139189,x@x.com,9999123456,9999123451,9999123452,1,1
MP00015351,MP00015351,2023-09-07,13:58:27,PL011,MIL0367286,x@x.com,9999123456,9999123451,9999123452,1,1
MP00015352,MP00015352,2023-09-07,13:58:27,PL007,MIL0125027,x@x.com,9999123456,9999123451,9999123452,1,1
MP00015353,MP00015353,2023-09-07,13:58:27,PL012,MIL0534365,x@x.com,9999123456,9999123451,9999123452,1,1
MP00015354,MP00015354,2023-09-07,13:58:27,PL004,MIL0078107,x@x.com,9999123456,9999123451,9999123452,1,1
MP00015355,MP00015355,2023-09-07,13:58:27,PL002,MIL0360763,x@x.com,9999123456,9999123451,9999123452,1,1
MP00015356,MP00015356,2023-09-07,13:58:27,PL012,MIL0268272,x@x.com,9999123456,9999123451,9999123452,1,1
MP00015357,MP00015357,2023-09-07,13:58:27,PL012,MIL0249026,x@x.com,9999123456,9999123451,9999123452,1,1
MP00015358,MP00015358,2023-09-07,13:58:27,PL004,MIL0030658,x@x.com,9999123456,9999123451,9999123452,1,1
MP00015359,MP00015359,2023-09-07,13:58:27,PL006,MIL0247009,x@x.com,9999123456,9999123451,9999123452,1,1
MP00015360,MP00015360,2023-09-07,13:58:27,PL011,MIL0040385,x@x.com,9999123456,9999123451,9999123452,1,1
MP00015361,MP00015361,2023-09-07,13:58:27,PL008,MIL0126183,x@x.com,9999123456,9999123451,9999123452,1,1
MP00015362,MP00015362,2023-09-07,13:58:27,PL013,MIL0328165,x@x.com,9999123456,9999123451,9999123452,1,1
MP00015363,MP00015363,2023-09-07,13:58:27,PL001,MIL0020423,x@x.com,9999123456,9999123451,9999123452,1,1
MP00015364,MP00015364,2023-09-07,13:58:27,PL006,MIL0166119,x@x.com,9999123456,9999123451,9999123452,1,1
MP00015365,MP00015365,2023-09-07,13:58:27,PL004,MIL0032620,x@x.com,9999123456,9999123451,9999123452,1,1
MP00015366,MP00015366,2023-09-07,13:58:27,PL012,MIL0179922,x@x.com,9999123456,9999123451,9999123452,1,1
MP00015367,MP00015367,2023-09-07,13:58:27,PL013,MIL0263498,x@x.com,9999123456,9999123451,9999123452,1,1
MP00015368,MP00015368,2023-09-07,13:58:27,PL011,MIL0047126,x@x.com,9999123456,9999123451,9999123452,1,1
MP00015369,MP00015369,2023-09-07,13:58:27,PL007,MIL0043097,x@x.com,9999123456,9999123451,9999123452,1,1
MP00015370,MP00015370,2023-09-07,13:58:27,PL002,MIL0333134,x@x.com,9999123456,9999123451,9999123452,1,1
MP00015371,MP00015371,2023-09-07,13:58:27,PL008,MIL0391212,x@x.com,9999123456,9999123451,9999123452,1,1
MP00015372,MP00015372,2023-09-07,13:58:27,PL002,MIL0308642,x@x.com,9999123456,9999123451,9999123452,1,1
MP00015373,MP00015373,2023-09-07,13:58:27,PL006,MIL0512907,x@x.com,9999123456,9999123451,9999123452,1,1
MP00015374,MP00015374,2023-09-07,13:58:27,PL011,MIL0303742,x@x.com,9999123456,9999123451,9999123452,1,1
MP00015375,MP00015375,2023-09-07,13:58:27,PL008,MIL0390138,x@x.com,9999123456,9999123451,9999123452,1,1
MP00015376,MP00015376,2023-09-07,13:58:27,PL011,MIL0554000,x@x.com,9999123456,9999123451,9999123452,1,1
MP00015377,MP00015377,2023-09-07,13:58:27,PL006,MIL0163474,x@x.com,9999123456,9999123451,9999123452,1,1
MP00015378,MP00015378,2023-09-07,13:58:27,PL005,MIL0316814,x@x.com,9999123456,9999123451,9999123452,1,1
MP00015379,MP00015379,2023-09-07,13:58:27,PL009,MIL0088511,x@x.com,9999123456,9999123451,9999123452,1,1
MP00015380,MP00015380,2023-09-07,13:58:27,PL006,MIL0232928,x@x.com,9999123456,9999123451,9999123452,1,1
MP00015381,MP00015381,2023-09-07,13:58:27,PL009,MIL0199544,x@x.com,9999123456,9999123451,9999123452,1,1
MP00015382,MP00015382,2023-09-07,13:58:27,PL005,MIL0391473,x@x.com,9999123456,9999123451,9999123452,1,1
MP00015383,MP00015383,2023-09-07,13:58:27,PL003,MIL0305082,x@x.com,9999123456,9999123451,9999123452,1,1
MP00015384,MP00015384,2023-09-07,13:58:27,PL009,MIL0227121,x@x.com,9999123456,9999123451,9999123452,1,1
MP00015385,MP00015385,2023-09-07,13:58:27,PL005,MIL0456425,x@x.com,9999123456,9999123451,9999123452,1,1
MP00015386,MP00015386,2023-09-07,13:58:27,PL001,MIL0428349,x@x.com,9999123456,9999123451,9999123452,1,1
MP00015387,MP00015387,2023-09-07,13:58:27,PL001,MIL0210867,x@x.com,9999123456,9999123451,9999123452,1,1
MP00015388,MP00015388,2023-09-07,13:58:27,PL002,MIL0561104,x@x.com,9999123456,9999123451,9999123452,1,1
MP00015389,MP00015389,2023-09-07,13:58:27,PL003,MIL0195318,x@x.com,9999123456,9999123451,9999123452,1,1
MP00015390,MP00015390,2023-09-07,13:58:27,PL010,MIL0415158,x@x.com,9999123456,9999123451,9999123452,1,1
MP00015391,MP00015391,2023-09-07,13:58:27,PL009,MIL0195876,x@x.com,9999123456,9999123451,9999123452,1,1
MP00015392,MP00015392,2023-09-07,13:58:27,PL005,MIL0156511,x@x.com,9999123456,9999123451,9999123452,1,1
MP00015393,MP00015393,2023-09-07,13:58:27,PL011,MIL0394375,x@x.com,9999123456,9999123451,9999123452,1,1
MP00015394,MP00015394,2023-09-07,13:58:27,PL006,MIL0201682,x@x.com,9999123456,9999123451,9999123452,1,1
MP00015395,MP00015395,2023-09-07,13:58:27,PL006,MIL0483768,x@x.com,9999123456,9999123451,9999123452,1,1
MP00015396,MP00015396,2023-09-07,13:58:27,PL008,MIL0188186,x@x.com,9999123456,9999123451,9999123452,1,1
MP00015397,MP00015397,2023-09-07,13:58:27,PL011,MIL0113947,x@x.com,9999123456,9999123451,9999123452,1,1
MP00015398,MP00015398,2023-09-07,13:58:27,PL007,MIL0541155,x@x.com,9999123456,9999123451,9999123452,1,1
MP00015399,MP00015399,2023-09-07,13:58:27,PL013,MIL0141822,x@x.com,9999123456,9999123451,9999123452,1,1
MP00015400,MP00015400,2023-09-07,13:58:27,PL012,MIL0406695,x@x.com,9999123456,9999123451,9999123452,1,1
MP00015401,MP00015401,2023-09-07,13:58:27,PL003,MIL0524946,x@x.com,9999123456,9999123451,9999123452,1,1
MP00015402,MP00015402,2023-09-07,13:58:27,PL010,MIL0482534,x@x.com,9999123456,9999123451,9999123452,1,1
MP00015403,MP00015403,2023-09-07,13:58:27,PL009,MIL0092359,x@x.com,9999123456,9999123451,9999123452,1,1
MP00015404,MP00015404,2023-09-07,13:58:27,PL001,MIL0459372,x@x.com,9999123456,9999123451,9999123452,1,1
MP00015405,MP00015405,2023-09-07,13:58:27,PL011,MIL0411810,x@x.com,9999123456,9999123451,9999123452,1,1
MP00015406,MP00015406,2023-09-07,13:58:27,PL010,MIL0562872,x@x.com,9999123456,9999123451,9999123452,1,1
MP00015407,MP00015407,2023-09-07,13:58:27,PL010,MIL0508953,x@x.com,9999123456,9999123451,9999123452,1,1
MP00015408,MP00015408,2023-09-07,13:58:27,PL002,MIL0376329,x@x.com,9999123456,9999123451,9999123452,1,1
MP00015409,MP00015409,2023-09-07,13:58:27,PL012,MIL0557678,x@x.com,9999123456,9999123451,9999123452,1,1
MP00015410,MP00015410,2023-09-07,13:58:27,PL001,MIL0125482,x@x.com,9999123456,9999123451,9999123452,1,1
MP00015411,MP00015411,2023-09-07,13:58:27,PL008,MIL0491873,x@x.com,9999123456,9999123451,9999123452,1,1
MP00015412,MP00015412,2023-09-07,13:58:27,PL009,MIL0478734,x@x.com,9999123456,9999123451,9999123452,1,1
MP00015413,MP00015413,2023-09-07,13:58:27,PL002,MIL0558466,x@x.com,9999123456,9999123451,9999123452,1,1
MP00015414,MP00015414,2023-09-07,13:58:27,PL002,MIL0022275,x@x.com,9999123456,9999123451,9999123452,1,1
MP00015415,MP00015415,2023-09-07,13:58:27,PL006,MIL0527687,x@x.com,9999123456,9999123451,9999123452,1,1
MP00015416,MP00015416,2023-09-07,13:58:27,PL005,MIL0226405,x@x.com,9999123456,9999123451,9999123452,1,1
MP00015417,MP00015417,2023-09-07,13:58:27,PL003,MIL0069994,x@x.com,9999123456,9999123451,9999123452,1,1
MP00015418,MP00015418,2023-09-07,13:58:27,PL004,MIL0511276,x@x.com,9999123456,9999123451,9999123452,1,1
MP00015419,MP00015419,2023-09-07,13:58:27,PL004,MIL0127246,x@x.com,9999123456,9999123451,9999123452,1,1
MP00015420,MP00015420,2023-09-07,13:58:27,PL006,MIL0344963,x@x.com,9999123456,9999123451,9999123452,1,1
MP00015421,MP00015421,2023-09-07,13:58:27,PL013,MIL0023450,x@x.com,9999123456,9999123451,9999123452,1,1
MP00015422,MP00015422,2023-09-07,13:58:27,PL001,MIL0501227,x@x.com,9999123456,9999123451,9999123452,1,1
MP00015423,MP00015423,2023-09-07,13:58:27,PL006,MIL0366663,x@x.com,9999123456,9999123451,9999123452,1,1
MP00015424,MP00015424,2023-09-07,13:58:27,PL002,MIL0043387,x@x.com,9999123456,9999123451,9999123452,1,1
MP00015425,MP00015425,2023-09-07,13:58:27,PL013,MIL0004801,x@x.com,9999123456,9999123451,9999123452,1,1
MP00015426,MP00015426,2023-09-07,13:58:27,PL012,MIL0501192,x@x.com,9999123456,9999123451,9999123452,1,1
MP00015427,MP00015427,2023-09-07,13:58:27,PL009,MIL0215789,x@x.com,9999123456,9999123451,9999123452,1,1
MP00015428,MP00015428,2023-09-07,13:58:27,PL008,MIL0430763,x@x.com,9999123456,9999123451,9999123452,1,1
MP00015429,MP00015429,2023-09-07,13:58:27,PL013,MIL0201636,x@x.com,9999123456,9999123451,9999123452,1,1
MP00015430,MP00015430,2023-09-07,13:58:27,PL007,MIL0532337,x@x.com,9999123456,9999123451,9999123452,1,1
MP00015431,MP00015431,2023-09-07,13:58:27,PL011,MIL0307635,x@x.com,9999123456,9999123451,9999123452,1,1
MP00015432,MP00015432,2023-09-07,13:58:27,PL013,MIL0121489,x@x.com,9999123456,9999123451,9999123452,1,1
MP00015433,MP00015433,2023-09-07,13:58:27,PL012,MIL0138402,x@x.com,9999123456,9999123451,9999123452,1,1
MP00015434,MP00015434,2023-09-07,13:58:27,PL004,MIL0148933,x@x.com,9999123456,9999123451,9999123452,1,1
MP00015435,MP00015435,2023-09-07,13:58:27,PL012,MIL0448390,x@x.com,9999123456,9999123451,9999123452,1,1
MP00015436,MP00015436,2023-09-07,13:58:27,PL006,MIL0299905,x@x.com,9999123456,9999123451,9999123452,1,1
MP00015437,MP00015437,2023-09-07,13:58:27,PL005,MIL0307674,x@x.com,9999123456,9999123451,9999123452,1,1
MP00015438,MP00015438,2023-09-07,13:58:27,PL005,MIL0079147,x@x.com,9999123456,9999123451,9999123452,1,1
MP00015439,MP00015439,2023-09-07,13:58:27,PL009,MIL0169641,x@x.com,9999123456,9999123451,9999123452,1,1
MP00015440,MP00015440,2023-09-07,13:58:27,PL001,MIL0478397,x@x.com,9999123456,9999123451,9999123452,1,1
MP00015441,MP00015441,2023-09-07,13:58:27,PL012,MIL0100292,x@x.com,9999123456,9999123451,9999123452,1,1
MP00015442,MP00015442,2023-09-07,13:58:27,PL008,MIL0460167,x@x.com,9999123456,9999123451,9999123452,1,1
MP00015443,MP00015443,2023-09-07,13:58:27,PL005,MIL0356190,x@x.com,9999123456,9999123451,9999123452,1,1
MP00015444,MP00015444,2023-09-07,13:58:27,PL013,MIL0254786,x@x.com,9999123456,9999123451,9999123452,1,1
MP00015445,MP00015445,2023-09-07,13:58:27,PL005,MIL0318630,x@x.com,9999123456,9999123451,9999123452,1,1
MP00015446,MP00015446,2023-09-07,13:58:27,PL013,MIL0135738,x@x.com,9999123456,9999123451,9999123452,1,1
MP00015447,MP00015447,2023-09-07,13:58:27,PL004,MIL0137442,x@x.com,9999123456,9999123451,9999123452,1,1
MP00015448,MP00015448,2023-09-07,13:58:27,PL003,MIL0336101,x@x.com,9999123456,9999123451,9999123452,1,1
MP00015449,MP00015449,2023-09-07,13:58:27,PL003,MIL0118940,x@x.com,9999123456,9999123451,9999123452,1,1
MP00015450,MP00015450,2023-09-07,13:58:27,PL002,MIL0374331,x@x.com,9999123456,9999123451,9999123452,1,1
MP00015451,MP00015451,2023-09-07,13:58:27,PL008,MIL0522473,x@x.com,9999123456,9999123451,9999123452,1,1
MP00015452,MP00015452,2023-09-07,13:58:27,PL001,MIL0579450,x@x.com,9999123456,9999123451,9999123452,1,1
MP00015453,MP00015453,2023-09-07,13:58:27,PL009,MIL0185855,x@x.com,9999123456,9999123451,9999123452,1,1
MP00015454,MP00015454,2023-09-07,13:58:27,PL007,MIL0378249,x@x.com,9999123456,9999123451,9999123452,1,1
MP00015455,MP00015455,2023-09-07,13:58:27,PL006,MIL0378269,x@x.com,9999123456,9999123451,9999123452,1,1
MP00015456,MP00015456,2023-09-07,13:58:27,PL002,MIL0330682,x@x.com,9999123456,9999123451,9999123452,1,1
MP00015457,MP00015457,2023-09-07,13:58:27,PL001,MIL0486854,x@x.com,9999123456,9999123451,9999123452,1,1
MP00015458,MP00015458,2023-09-07,13:58:27,PL013,MIL0491528,x@x.com,9999123456,9999123451,9999123452,1,1
MP00015459,MP00015459,2023-09-07,13:58:27,PL003,MIL0336539,x@x.com,9999123456,9999123451,9999123452,1,1
MP00015460,MP00015460,2023-09-07,13:58:27,PL009,MIL0019194,x@x.com,9999123456,9999123451,9999123452,1,1
MP00015461,MP00015461,2023-09-07,13:58:27,PL001,MIL0517794,x@x.com,9999123456,9999123451,9999123452,1,1
MP00015462,MP00015462,2023-09-07,13:58:27,PL002,MIL0556716,x@x.com,9999123456,9999123451,9999123452,1,1
MP00015463,MP00015463,2023-09-07,13:58:27,PL010,MIL0059753,x@x.com,9999123456,9999123451,9999123452,1,1
MP00015464,MP00015464,2023-09-07,13:58:27,PL009,MIL0493738,x@x.com,9999123456,9999123451,9999123452,1,1
MP00015465,MP00015465,2023-09-07,13:58:27,PL002,MIL0258328,x@x.com,9999123456,9999123451,9999123452,1,1
MP00015466,MP00015466,2023-09-07,13:58:27,PL009,MIL0085576,x@x.com,9999123456,9999123451,9999123452,1,1
MP00015467,MP00015467,2023-09-07,13:58:27,PL007,MIL0113740,x@x.com,9999123456,9999123451,9999123452,1,1
MP00015468,MP00015468,2023-09-07,13:58:27,PL009,MIL0034456,x@x.com,9999123456,9999123451,9999123452,1,1
MP00015469,MP00015469,2023-09-07,13:58:27,PL008,MIL0103376,x@x.com,9999123456,9999123451,9999123452,1,1
MP00015470,MP00015470,2023-09-07,13:58:27,PL004,MIL0329315,x@x.com,9999123456,9999123451,9999123452,1,1
MP00015471,MP00015471,2023-09-07,13:58:27,PL013,MIL0398844,x@x.com,9999123456,9999123451,9999123452,1,1
MP00015472,MP00015472,2023-09-07,13:58:27,PL012,MIL0048971,x@x.com,9999123456,9999123451,9999123452,1,1
MP00015473,MP00015473,2023-09-07,13:58:27,PL007,MIL0413798,x@x.com,9999123456,9999123451,9999123452,1,1
MP00015474,MP00015474,2023-09-07,13:58:27,PL010,MIL0279619,x@x.com,9999123456,9999123451,9999123452,1,1
MP00015475,MP00015475,2023-09-07,13:58:27,PL010,MIL0241131,x@x.com,9999123456,9999123451,9999123452,1,1
MP00015476,MP00015476,2023-09-07,13:58:27,PL007,MIL0432177,x@x.com,9999123456,9999123451,9999123452,1,1
MP00015477,MP00015477,2023-09-07,13:58:27,PL010,MIL0073570,x@x.com,9999123456,9999123451,9999123452,1,1
MP00015478,MP00015478,2023-09-07,13:58:27,PL012,MIL0558950,x@x.com,9999123456,9999123451,9999123452,1,1
MP00015479,MP00015479,2023-09-07,13:58:27,PL010,MIL0086117,x@x.com,9999123456,9999123451,9999123452,1,1
MP00015480,MP00015480,2023-09-07,13:58:27,PL010,MIL0445186,x@x.com,9999123456,9999123451,9999123452,1,1
MP00015481,MP00015481,2023-09-07,13:58:27,PL011,MIL0462901,x@x.com,9999123456,9999123451,9999123452,1,1
MP00015482,MP00015482,2023-09-07,13:58:27,PL005,MIL0534283,x@x.com,9999123456,9999123451,9999123452,1,1
MP00015483,MP00015483,2023-09-07,13:58:27,PL004,MIL0050178,x@x.com,9999123456,9999123451,9999123452,1,1
MP00015484,MP00015484,2023-09-07,13:58:27,PL011,MIL0497653,x@x.com,9999123456,9999123451,9999123452,1,1
MP00015485,MP00015485,2023-09-07,13:58:27,PL010,MIL0234036,x@x.com,9999123456,9999123451,9999123452,1,1
MP00015486,MP00015486,2023-09-07,13:58:27,PL004,MIL0178881,x@x.com,9999123456,9999123451,9999123452,1,1
MP00015487,MP00015487,2023-09-07,13:58:27,PL003,MIL0110447,x@x.com,9999123456,9999123451,9999123452,1,1
MP00015488,MP00015488,2023-09-07,13:58:27,PL013,MIL0278887,x@x.com,9999123456,9999123451,9999123452,1,1
MP00015489,MP00015489,2023-09-07,13:58:27,PL009,MIL0186509,x@x.com,9999123456,9999123451,9999123452,1,1
MP00015490,MP00015490,2023-09-07,13:58:27,PL001,MIL0315540,x@x.com,9999123456,9999123451,9999123452,1,1
MP00015491,MP00015491,2023-09-07,13:58:27,PL010,MIL0393821,x@x.com,9999123456,9999123451,9999123452,1,1
MP00015492,MP00015492,2023-09-07,13:58:27,PL011,MIL0038399,x@x.com,9999123456,9999123451,9999123452,1,1
MP00015493,MP00015493,2023-09-07,13:58:27,PL012,MIL0431033,x@x.com,9999123456,9999123451,9999123452,1,1
MP00015494,MP00015494,2023-09-07,13:58:27,PL013,MIL0326069,x@x.com,9999123456,9999123451,9999123452,1,1
MP00015495,MP00015495,2023-09-07,13:58:27,PL010,MIL0443163,x@x.com,9999123456,9999123451,9999123452,1,1
MP00015496,MP00015496,2023-09-07,13:58:27,PL002,MIL0256160,x@x.com,9999123456,9999123451,9999123452,1,1
MP00015497,MP00015497,2023-09-07,13:58:27,PL009,MIL0525587,x@x.com,9999123456,9999123451,9999123452,1,1
MP00015498,MP00015498,2023-09-07,13:58:27,PL005,MIL0359867,x@x.com,9999123456,9999123451,9999123452,1,1
MP00015499,MP00015499,2023-09-07,13:58:27,PL004,MIL0206361,x@x.com,9999123456,9999123451,9999123452,1,1
MP00015500,MP00015500,2023-09-07,13:58:27,PL006,MIL0276843,x@x.com,9999123456,9999123451,9999123452,1,1
MP00015501,MP00015501,2023-09-07,13:58:27,PL008,MIL0243638,x@x.com,9999123456,9999123451,9999123452,1,1
MP00015502,MP00015502,2023-09-07,13:58:27,PL007,MIL0537018,x@x.com,9999123456,9999123451,9999123452,1,1
MP00015503,MP00015503,2023-09-07,13:58:27,PL011,MIL0402681,x@x.com,9999123456,9999123451,9999123452,1,1
MP00015504,MP00015504,2023-09-07,13:58:27,PL010,MIL0060378,x@x.com,9999123456,9999123451,9999123452,1,1
MP00015505,MP00015505,2023-09-07,13:58:27,PL003,MIL0248692,x@x.com,9999123456,9999123451,9999123452,1,1
MP00015506,MP00015506,2023-09-07,13:58:27,PL007,MIL0310931,x@x.com,9999123456,9999123451,9999123452,1,1
MP00015507,MP00015507,2023-09-07,13:58:27,PL012,MIL0057508,x@x.com,9999123456,9999123451,9999123452,1,1
MP00015508,MP00015508,2023-09-07,13:58:27,PL006,MIL0351988,x@x.com,9999123456,9999123451,9999123452,1,1
MP00015509,MP00015509,2023-09-07,13:58:27,PL010,MIL0252574,x@x.com,9999123456,9999123451,9999123452,1,1
MP00015510,MP00015510,2023-09-07,13:58:27,PL006,MIL0213001,x@x.com,9999123456,9999123451,9999123452,1,1
MP00015511,MP00015511,2023-09-07,13:58:27,PL007,MIL0159887,x@x.com,9999123456,9999123451,9999123452,1,1
MP00015512,MP00015512,2023-09-07,13:58:27,PL013,MIL0239756,x@x.com,9999123456,9999123451,9999123452,1,1
MP00015513,MP00015513,2023-09-07,13:58:27,PL013,MIL0343241,x@x.com,9999123456,9999123451,9999123452,1,1
MP00015514,MP00015514,2023-09-07,13:58:27,PL003,MIL0193441,x@x.com,9999123456,9999123451,9999123452,1,1
MP00015515,MP00015515,2023-09-07,13:58:27,PL004,MIL0405580,x@x.com,9999123456,9999123451,9999123452,1,1
MP00015516,MP00015516,2023-09-07,13:58:27,PL012,MIL0454707,x@x.com,9999123456,9999123451,9999123452,1,1
MP00015517,MP00015517,2023-09-07,13:58:27,PL010,MIL0140250,x@x.com,9999123456,9999123451,9999123452,1,1
MP00015518,MP00015518,2023-09-07,13:58:27,PL003,MIL0171306,x@x.com,9999123456,9999123451,9999123452,1,1
MP00015519,MP00015519,2023-09-07,13:58:27,PL009,MIL0231335,x@x.com,9999123456,9999123451,9999123452,1,1
MP00015520,MP00015520,2023-09-07,13:58:27,PL001,MIL0259549,x@x.com,9999123456,9999123451,9999123452,1,1
MP00015521,MP00015521,2023-09-07,13:58:27,PL005,MIL0087993,x@x.com,9999123456,9999123451,9999123452,1,1
MP00015522,MP00015522,2023-09-07,13:58:27,PL005,MIL0452793,x@x.com,9999123456,9999123451,9999123452,1,1
MP00015523,MP00015523,2023-09-07,13:58:27,PL010,MIL0145159,x@x.com,9999123456,9999123451,9999123452,1,1
MP00015524,MP00015524,2023-09-07,13:58:27,PL002,MIL0567212,x@x.com,9999123456,9999123451,9999123452,1,1
MP00015525,MP00015525,2023-09-07,13:58:27,PL003,MIL0441812,x@x.com,9999123456,9999123451,9999123452,1,1
MP00015526,MP00015526,2023-09-07,13:58:27,PL009,MIL0020668,x@x.com,9999123456,9999123451,9999123452,1,1
MP00015527,MP00015527,2023-09-07,13:58:27,PL010,MIL0301051,x@x.com,9999123456,9999123451,9999123452,1,1
MP00015528,MP00015528,2023-09-07,13:58:27,PL007,MIL0254757,x@x.com,9999123456,9999123451,9999123452,1,1
MP00015529,MP00015529,2023-09-07,13:58:27,PL011,MIL0198630,x@x.com,9999123456,9999123451,9999123452,1,1
MP00015530,MP00015530,2023-09-07,13:58:27,PL007,MIL0484441,x@x.com,9999123456,9999123451,9999123452,1,1
MP00015531,MP00015531,2023-09-07,13:58:27,PL002,MIL0539128,x@x.com,9999123456,9999123451,9999123452,1,1
MP00015532,MP00015532,2023-09-07,13:58:27,PL001,MIL0458359,x@x.com,9999123456,9999123451,9999123452,1,1
MP00015533,MP00015533,2023-09-07,13:58:27,PL008,MIL0097620,x@x.com,9999123456,9999123451,9999123452,1,1
MP00015534,MP00015534,2023-09-07,13:58:27,PL001,MIL0296904,x@x.com,9999123456,9999123451,9999123452,1,1
MP00015535,MP00015535,2023-09-07,13:58:27,PL009,MIL0194763,x@x.com,9999123456,9999123451,9999123452,1,1
MP00015536,MP00015536,2023-09-07,13:58:27,PL006,MIL0534672,x@x.com,9999123456,9999123451,9999123452,1,1
MP00015537,MP00015537,2023-09-07,13:58:27,PL010,MIL0489920,x@x.com,9999123456,9999123451,9999123452,1,1
MP00015538,MP00015538,2023-09-07,13:58:27,PL011,MIL0078398,x@x.com,9999123456,9999123451,9999123452,1,1
MP00015539,MP00015539,2023-09-07,13:58:27,PL009,MIL0011525,x@x.com,9999123456,9999123451,9999123452,1,1
MP00015540,MP00015540,2023-09-07,13:58:27,PL012,MIL0544101,x@x.com,9999123456,9999123451,9999123452,1,1
MP00015541,MP00015541,2023-09-07,13:58:27,PL008,MIL0177141,x@x.com,9999123456,9999123451,9999123452,1,1
MP00015542,MP00015542,2023-09-07,13:58:27,PL010,MIL0047646,x@x.com,9999123456,9999123451,9999123452,1,1
MP00015543,MP00015543,2023-09-07,13:58:27,PL006,MIL0343403,x@x.com,9999123456,9999123451,9999123452,1,1
MP00015544,MP00015544,2023-09-07,13:58:27,PL005,MIL0480871,x@x.com,9999123456,9999123451,9999123452,1,1
MP00015545,MP00015545,2023-09-07,13:58:27,PL005,MIL0536217,x@x.com,9999123456,9999123451,9999123452,1,1
MP00015546,MP00015546,2023-09-07,13:58:27,PL011,MIL0046921,x@x.com,9999123456,9999123451,9999123452,1,1
MP00015547,MP00015547,2023-09-07,13:58:27,PL001,MIL0205562,x@x.com,9999123456,9999123451,9999123452,1,1
MP00015548,MP00015548,2023-09-07,13:58:27,PL006,MIL0179386,x@x.com,9999123456,9999123451,9999123452,1,1
MP00015549,MP00015549,2023-09-07,13:58:27,PL004,MIL0327380,x@x.com,9999123456,9999123451,9999123452,1,1
MP00015550,MP00015550,2023-09-07,13:58:27,PL003,MIL0270614,x@x.com,9999123456,9999123451,9999123452,1,1
MP00015551,MP00015551,2023-09-07,13:58:27,PL013,MIL0251425,x@x.com,9999123456,9999123451,9999123452,1,1
MP00015552,MP00015552,2023-09-07,13:58:27,PL006,MIL0408606,x@x.com,9999123456,9999123451,9999123452,1,1
MP00015553,MP00015553,2023-09-07,13:58:27,PL012,MIL0338685,x@x.com,9999123456,9999123451,9999123452,1,1
MP00015554,MP00015554,2023-09-07,13:58:27,PL001,MIL0090853,x@x.com,9999123456,9999123451,9999123452,1,1
MP00015555,MP00015555,2023-09-07,13:58:27,PL011,MIL0181102,x@x.com,9999123456,9999123451,9999123452,1,1
MP00015556,MP00015556,2023-09-07,13:58:27,PL006,MIL0397041,x@x.com,9999123456,9999123451,9999123452,1,1
MP00015557,MP00015557,2023-09-07,13:58:27,PL009,MIL0542587,x@x.com,9999123456,9999123451,9999123452,1,1
MP00015558,MP00015558,2023-09-07,13:58:27,PL012,MIL0558746,x@x.com,9999123456,9999123451,9999123452,1,1
MP00015559,MP00015559,2023-09-07,13:58:27,PL008,MIL0416750,x@x.com,9999123456,9999123451,9999123452,1,1
MP00015560,MP00015560,2023-09-07,13:58:27,PL008,MIL0003184,x@x.com,9999123456,9999123451,9999123452,1,1
MP00015561,MP00015561,2023-09-07,13:58:27,PL008,MIL0255967,x@x.com,9999123456,9999123451,9999123452,1,1
MP00015562,MP00015562,2023-09-07,13:58:27,PL004,MIL0543098,x@x.com,9999123456,9999123451,9999123452,1,1
MP00015563,MP00015563,2023-09-07,13:58:27,PL002,MIL0335160,x@x.com,9999123456,9999123451,9999123452,1,1
MP00015564,MP00015564,2023-09-07,13:58:27,PL004,MIL0141155,x@x.com,9999123456,9999123451,9999123452,1,1
MP00015565,MP00015565,2023-09-07,13:58:27,PL002,MIL0010573,x@x.com,9999123456,9999123451,9999123452,1,1
MP00015566,MP00015566,2023-09-07,13:58:27,PL007,MIL0112396,x@x.com,9999123456,9999123451,9999123452,1,1
MP00015567,MP00015567,2023-09-07,13:58:27,PL013,MIL0551122,x@x.com,9999123456,9999123451,9999123452,1,1
MP00015568,MP00015568,2023-09-07,13:58:27,PL009,MIL0175775,x@x.com,9999123456,9999123451,9999123452,1,1
MP00015569,MP00015569,2023-09-07,13:58:27,PL008,MIL0172915,x@x.com,9999123456,9999123451,9999123452,1,1
MP00015570,MP00015570,2023-09-07,13:58:27,PL010,MIL0301505,x@x.com,9999123456,9999123451,9999123452,1,1
MP00015571,MP00015571,2023-09-07,13:58:27,PL009,MIL0159808,x@x.com,9999123456,9999123451,9999123452,1,1
MP00015572,MP00015572,2023-09-07,13:58:27,PL006,MIL0015209,x@x.com,9999123456,9999123451,9999123452,1,1
MP00015573,MP00015573,2023-09-07,13:58:27,PL008,MIL0192966,x@x.com,9999123456,9999123451,9999123452,1,1
MP00015574,MP00015574,2023-09-07,13:58:27,PL008,MIL0396742,x@x.com,9999123456,9999123451,9999123452,1,1
MP00015575,MP00015575,2023-09-07,13:58:27,PL004,MIL0216612,x@x.com,9999123456,9999123451,9999123452,1,1
MP00015576,MP00015576,2023-09-07,13:58:27,PL013,MIL0453667,x@x.com,9999123456,9999123451,9999123452,1,1
MP00015577,MP00015577,2023-09-07,13:58:27,PL011,MIL0310640,x@x.com,9999123456,9999123451,9999123452,1,1
MP00015578,MP00015578,2023-09-07,13:58:27,PL013,MIL0323894,x@x.com,9999123456,9999123451,9999123452,1,1
MP00015579,MP00015579,2023-09-07,13:58:27,PL012,MIL0286308,x@x.com,9999123456,9999123451,9999123452,1,1
MP00015580,MP00015580,2023-09-07,13:58:27,PL002,MIL0165021,x@x.com,9999123456,9999123451,9999123452,1,1
MP00015581,MP00015581,2023-09-07,13:58:27,PL003,MIL0161721,x@x.com,9999123456,9999123451,9999123452,1,1
MP00015582,MP00015582,2023-09-07,13:58:27,PL008,MIL0459028,x@x.com,9999123456,9999123451,9999123452,1,1
MP00015583,MP00015583,2023-09-07,13:58:27,PL012,MIL0490026,x@x.com,9999123456,9999123451,9999123452,1,1
MP00015584,MP00015584,2023-09-07,13:58:27,PL011,MIL0138937,x@x.com,9999123456,9999123451,9999123452,1,1
MP00015585,MP00015585,2023-09-07,13:58:27,PL013,MIL0485583,x@x.com,9999123456,9999123451,9999123452,1,1
MP00015586,MP00015586,2023-09-07,13:58:27,PL005,MIL0505294,x@x.com,9999123456,9999123451,9999123452,1,1
MP00015587,MP00015587,2023-09-07,13:58:27,PL003,MIL0463957,x@x.com,9999123456,9999123451,9999123452,1,1
MP00015588,MP00015588,2023-09-07,13:58:27,PL012,MIL0368977,x@x.com,9999123456,9999123451,9999123452,1,1
MP00015589,MP00015589,2023-09-07,13:58:27,PL009,MIL0312067,x@x.com,9999123456,9999123451,9999123452,1,1
MP00015590,MP00015590,2023-09-07,13:58:27,PL002,MIL0180500,x@x.com,9999123456,9999123451,9999123452,1,1
MP00015591,MP00015591,2023-09-07,13:58:27,PL006,MIL0400410,x@x.com,9999123456,9999123451,9999123452,1,1
MP00015592,MP00015592,2023-09-07,13:58:27,PL006,MIL0285623,x@x.com,9999123456,9999123451,9999123452,1,1
MP00015593,MP00015593,2023-09-07,13:58:27,PL001,MIL0515180,x@x.com,9999123456,9999123451,9999123452,1,1
MP00015594,MP00015594,2023-09-07,13:58:27,PL001,MIL0362756,x@x.com,9999123456,9999123451,9999123452,1,1
MP00015595,MP00015595,2023-09-07,13:58:27,PL010,MIL0309399,x@x.com,9999123456,9999123451,9999123452,1,1
MP00015596,MP00015596,2023-09-07,13:58:27,PL005,MIL0289601,x@x.com,9999123456,9999123451,9999123452,1,1
MP00015597,MP00015597,2023-09-07,13:58:27,PL003,MIL0552939,x@x.com,9999123456,9999123451,9999123452,1,1
MP00015598,MP00015598,2023-09-07,13:58:27,PL008,MIL0523923,x@x.com,9999123456,9999123451,9999123452,1,1
MP00015599,MP00015599,2023-09-07,13:58:27,PL001,MIL0387342,x@x.com,9999123456,9999123451,9999123452,1,1
MP00015600,MP00015600,2023-09-07,13:58:27,PL013,MIL0474861,x@x.com,9999123456,9999123451,9999123452,1,1
MP00015601,MP00015601,2023-09-07,13:58:27,PL004,MIL0464435,x@x.com,9999123456,9999123451,9999123452,1,1
MP00015602,MP00015602,2023-09-07,13:58:27,PL005,MIL0185268,x@x.com,9999123456,9999123451,9999123452,1,1
MP00015603,MP00015603,2023-09-07,13:58:27,PL013,MIL0370033,x@x.com,9999123456,9999123451,9999123452,1,1
MP00015604,MP00015604,2023-09-07,13:58:27,PL009,MIL0218360,x@x.com,9999123456,9999123451,9999123452,1,1
MP00015605,MP00015605,2023-09-07,13:58:27,PL008,MIL0314616,x@x.com,9999123456,9999123451,9999123452,1,1
MP00015606,MP00015606,2023-09-07,13:58:27,PL009,MIL0373271,x@x.com,9999123456,9999123451,9999123452,1,1
MP00015607,MP00015607,2023-09-07,13:58:27,PL004,MIL0152734,x@x.com,9999123456,9999123451,9999123452,1,1
MP00015608,MP00015608,2023-09-07,13:58:27,PL003,MIL0332906,x@x.com,9999123456,9999123451,9999123452,1,1
MP00015609,MP00015609,2023-09-07,13:58:27,PL008,MIL0084482,x@x.com,9999123456,9999123451,9999123452,1,1
MP00015610,MP00015610,2023-09-07,13:58:27,PL010,MIL0505395,x@x.com,9999123456,9999123451,9999123452,1,1
MP00015611,MP00015611,2023-09-07,13:58:27,PL001,MIL0037773,x@x.com,9999123456,9999123451,9999123452,1,1
MP00015612,MP00015612,2023-09-07,13:58:27,PL002,MIL0240059,x@x.com,9999123456,9999123451,9999123452,1,1
MP00015613,MP00015613,2023-09-07,13:58:27,PL007,MIL0427916,x@x.com,9999123456,9999123451,9999123452,1,1
MP00015614,MP00015614,2023-09-07,13:58:27,PL010,MIL0339441,x@x.com,9999123456,9999123451,9999123452,1,1
MP00015615,MP00015615,2023-09-07,13:58:27,PL008,MIL0447635,x@x.com,9999123456,9999123451,9999123452,1,1
MP00015616,MP00015616,2023-09-07,13:58:27,PL006,MIL0328362,x@x.com,9999123456,9999123451,9999123452,1,1
MP00015617,MP00015617,2023-09-07,13:58:27,PL007,MIL0510139,x@x.com,9999123456,9999123451,9999123452,1,1
MP00015618,MP00015618,2023-09-07,13:58:27,PL008,MIL0439654,x@x.com,9999123456,9999123451,9999123452,1,1
MP00015619,MP00015619,2023-09-07,13:58:27,PL005,MIL0437597,x@x.com,9999123456,9999123451,9999123452,1,1
MP00015620,MP00015620,2023-09-07,13:58:27,PL001,MIL0422113,x@x.com,9999123456,9999123451,9999123452,1,1
MP00015621,MP00015621,2023-09-07,13:58:27,PL003,MIL0540901,x@x.com,9999123456,9999123451,9999123452,1,1
MP00015622,MP00015622,2023-09-07,13:58:27,PL011,MIL0345300,x@x.com,9999123456,9999123451,9999123452,1,1
MP00015623,MP00015623,2023-09-07,13:58:27,PL004,MIL0231992,x@x.com,9999123456,9999123451,9999123452,1,1
MP00015624,MP00015624,2023-09-07,13:58:27,PL004,MIL0369497,x@x.com,9999123456,9999123451,9999123452,1,1
MP00015625,MP00015625,2023-09-07,13:58:27,PL009,MIL0428350,x@x.com,9999123456,9999123451,9999123452,1,1
MP00015626,MP00015626,2023-09-07,13:58:27,PL009,MIL0482078,x@x.com,9999123456,9999123451,9999123452,1,1
MP00015627,MP00015627,2023-09-07,13:58:27,PL013,MIL0265963,x@x.com,9999123456,9999123451,9999123452,1,1
MP00015628,MP00015628,2023-09-07,13:58:27,PL009,MIL0428962,x@x.com,9999123456,9999123451,9999123452,1,1
MP00015629,MP00015629,2023-09-07,13:58:27,PL007,MIL0340168,x@x.com,9999123456,9999123451,9999123452,1,1
MP00015630,MP00015630,2023-09-07,13:58:27,PL005,MIL0482754,x@x.com,9999123456,9999123451,9999123452,1,1
MP00015631,MP00015631,2023-09-07,13:58:27,PL002,MIL0460759,x@x.com,9999123456,9999123451,9999123452,1,1
MP00015632,MP00015632,2023-09-07,13:58:27,PL005,MIL0019393,x@x.com,9999123456,9999123451,9999123452,1,1
MP00015633,MP00015633,2023-09-07,13:58:27,PL001,MIL0075822,x@x.com,9999123456,9999123451,9999123452,1,1
MP00015634,MP00015634,2023-09-07,13:58:27,PL004,MIL0087585,x@x.com,9999123456,9999123451,9999123452,1,1
MP00015635,MP00015635,2023-09-07,13:58:27,PL002,MIL0305129,x@x.com,9999123456,9999123451,9999123452,1,1
MP00015636,MP00015636,2023-09-07,13:58:27,PL004,MIL0473751,x@x.com,9999123456,9999123451,9999123452,1,1
MP00015637,MP00015637,2023-09-07,13:58:27,PL007,MIL0527693,x@x.com,9999123456,9999123451,9999123452,1,1
MP00015638,MP00015638,2023-09-07,13:58:27,PL009,MIL0151164,x@x.com,9999123456,9999123451,9999123452,1,1
MP00015639,MP00015639,2023-09-07,13:58:27,PL009,MIL0243324,x@x.com,9999123456,9999123451,9999123452,1,1
MP00015640,MP00015640,2023-09-07,13:58:27,PL012,MIL0252551,x@x.com,9999123456,9999123451,9999123452,1,1
MP00015641,MP00015641,2023-09-07,13:58:27,PL007,MIL0301810,x@x.com,9999123456,9999123451,9999123452,1,1
MP00015642,MP00015642,2023-09-07,13:58:27,PL009,MIL0407963,x@x.com,9999123456,9999123451,9999123452,1,1
MP00015643,MP00015643,2023-09-07,13:58:27,PL001,MIL0505481,x@x.com,9999123456,9999123451,9999123452,1,1
MP00015644,MP00015644,2023-09-07,13:58:27,PL003,MIL0295855,x@x.com,9999123456,9999123451,9999123452,1,1
MP00015645,MP00015645,2023-09-07,13:58:27,PL008,MIL0527141,x@x.com,9999123456,9999123451,9999123452,1,1
MP00015646,MP00015646,2023-09-07,13:58:27,PL003,MIL0125815,x@x.com,9999123456,9999123451,9999123452,1,1
MP00015647,MP00015647,2023-09-07,13:58:27,PL010,MIL0461678,x@x.com,9999123456,9999123451,9999123452,1,1
MP00015648,MP00015648,2023-09-07,13:58:27,PL011,MIL0142148,x@x.com,9999123456,9999123451,9999123452,1,1
MP00015649,MP00015649,2023-09-07,13:58:27,PL001,MIL0231143,x@x.com,9999123456,9999123451,9999123452,1,1
MP00015650,MP00015650,2023-09-07,13:58:27,PL006,MIL0503533,x@x.com,9999123456,9999123451,9999123452,1,1
MP00015651,MP00015651,2023-09-07,13:58:27,PL006,MIL0239863,x@x.com,9999123456,9999123451,9999123452,1,1
MP00015652,MP00015652,2023-09-07,13:58:27,PL011,MIL0276326,x@x.com,9999123456,9999123451,9999123452,1,1
MP00015653,MP00015653,2023-09-07,13:58:27,PL001,MIL0196897,x@x.com,9999123456,9999123451,9999123452,1,1
MP00015654,MP00015654,2023-09-07,13:58:27,PL012,MIL0170738,x@x.com,9999123456,9999123451,9999123452,1,1
MP00015655,MP00015655,2023-09-07,13:58:27,PL011,MIL0156163,x@x.com,9999123456,9999123451,9999123452,1,1
MP00015656,MP00015656,2023-09-07,13:58:27,PL002,MIL0367731,x@x.com,9999123456,9999123451,9999123452,1,1
MP00015657,MP00015657,2023-09-07,13:58:27,PL006,MIL0422338,x@x.com,9999123456,9999123451,9999123452,1,1
MP00015658,MP00015658,2023-09-07,13:58:27,PL002,MIL0495463,x@x.com,9999123456,9999123451,9999123452,1,1
MP00015659,MP00015659,2023-09-07,13:58:27,PL004,MIL0099601,x@x.com,9999123456,9999123451,9999123452,1,1
MP00015660,MP00015660,2023-09-07,13:58:27,PL007,MIL0133927,x@x.com,9999123456,9999123451,9999123452,1,1
MP00015661,MP00015661,2023-09-07,13:58:27,PL010,MIL0487149,x@x.com,9999123456,9999123451,9999123452,1,1
MP00015662,MP00015662,2023-09-07,13:58:27,PL002,MIL0035072,x@x.com,9999123456,9999123451,9999123452,1,1
MP00015663,MP00015663,2023-09-07,13:58:27,PL013,MIL0328833,x@x.com,9999123456,9999123451,9999123452,1,1
MP00015664,MP00015664,2023-09-07,13:58:27,PL003,MIL0346438,x@x.com,9999123456,9999123451,9999123452,1,1
MP00015665,MP00015665,2023-09-07,13:58:27,PL013,MIL0075620,x@x.com,9999123456,9999123451,9999123452,1,1
MP00015666,MP00015666,2023-09-07,13:58:27,PL006,MIL0186329,x@x.com,9999123456,9999123451,9999123452,1,1
MP00015667,MP00015667,2023-09-07,13:58:27,PL008,MIL0118799,x@x.com,9999123456,9999123451,9999123452,1,1
MP00015668,MP00015668,2023-09-07,13:58:27,PL006,MIL0258687,x@x.com,9999123456,9999123451,9999123452,1,1
MP00015669,MP00015669,2023-09-07,13:58:27,PL012,MIL0355071,x@x.com,9999123456,9999123451,9999123452,1,1
MP00015670,MP00015670,2023-09-07,13:58:27,PL008,MIL0419008,x@x.com,9999123456,9999123451,9999123452,1,1
MP00015671,MP00015671,2023-09-07,13:58:27,PL003,MIL0247101,x@x.com,9999123456,9999123451,9999123452,1,1
MP00015672,MP00015672,2023-09-07,13:58:27,PL001,MIL0447674,x@x.com,9999123456,9999123451,9999123452,1,1
MP00015673,MP00015673,2023-09-07,13:58:27,PL010,MIL0396620,x@x.com,9999123456,9999123451,9999123452,1,1
MP00015674,MP00015674,2023-09-07,13:58:27,PL003,MIL0407900,x@x.com,9999123456,9999123451,9999123452,1,1
MP00015675,MP00015675,2023-09-07,13:58:27,PL004,MIL0569882,x@x.com,9999123456,9999123451,9999123452,1,1
MP00015676,MP00015676,2023-09-07,13:58:27,PL009,MIL0488875,x@x.com,9999123456,9999123451,9999123452,1,1
MP00015677,MP00015677,2023-09-07,13:58:27,PL005,MIL0555485,x@x.com,9999123456,9999123451,9999123452,1,1
MP00015678,MP00015678,2023-09-07,13:58:27,PL012,MIL0336794,x@x.com,9999123456,9999123451,9999123452,1,1
MP00015679,MP00015679,2023-09-07,13:58:27,PL001,MIL0240229,x@x.com,9999123456,9999123451,9999123452,1,1
MP00015680,MP00015680,2023-09-07,13:58:27,PL011,MIL0386247,x@x.com,9999123456,9999123451,9999123452,1,1
MP00015681,MP00015681,2023-09-07,13:58:27,PL013,MIL0332503,x@x.com,9999123456,9999123451,9999123452,1,1
MP00015682,MP00015682,2023-09-07,13:58:27,PL004,MIL0518813,x@x.com,9999123456,9999123451,9999123452,1,1
MP00015683,MP00015683,2023-09-07,13:58:27,PL001,MIL0238647,x@x.com,9999123456,9999123451,9999123452,1,1
MP00015684,MP00015684,2023-09-07,13:58:27,PL004,MIL0331045,x@x.com,9999123456,9999123451,9999123452,1,1
MP00015685,MP00015685,2023-09-07,13:58:27,PL010,MIL0170981,x@x.com,9999123456,9999123451,9999123452,1,1
MP00015686,MP00015686,2023-09-07,13:58:27,PL008,MIL0382703,x@x.com,9999123456,9999123451,9999123452,1,1
MP00015687,MP00015687,2023-09-07,13:58:27,PL011,MIL0540250,x@x.com,9999123456,9999123451,9999123452,1,1
MP00015688,MP00015688,2023-09-07,13:58:27,PL012,MIL0306580,x@x.com,9999123456,9999123451,9999123452,1,1
MP00015689,MP00015689,2023-09-07,13:58:27,PL005,MIL0503109,x@x.com,9999123456,9999123451,9999123452,1,1
MP00015690,MP00015690,2023-09-07,13:58:27,PL011,MIL0377106,x@x.com,9999123456,9999123451,9999123452,1,1
MP00015691,MP00015691,2023-09-07,13:58:27,PL008,MIL0413781,x@x.com,9999123456,9999123451,9999123452,1,1
MP00015692,MP00015692,2023-09-07,13:58:27,PL011,MIL0319507,x@x.com,9999123456,9999123451,9999123452,1,1
MP00015693,MP00015693,2023-09-07,13:58:27,PL006,MIL0103889,x@x.com,9999123456,9999123451,9999123452,1,1
MP00015694,MP00015694,2023-09-07,13:58:27,PL005,MIL0455357,x@x.com,9999123456,9999123451,9999123452,1,1
MP00015695,MP00015695,2023-09-07,13:58:27,PL001,MIL0388023,x@x.com,9999123456,9999123451,9999123452,1,1
MP00015696,MP00015696,2023-09-07,13:58:27,PL004,MIL0551633,x@x.com,9999123456,9999123451,9999123452,1,1
MP00015697,MP00015697,2023-09-07,13:58:27,PL007,MIL0307205,x@x.com,9999123456,9999123451,9999123452,1,1
MP00015698,MP00015698,2023-09-07,13:58:27,PL009,MIL0343487,x@x.com,9999123456,9999123451,9999123452,1,1
MP00015699,MP00015699,2023-09-07,13:58:27,PL008,MIL0006337,x@x.com,9999123456,9999123451,9999123452,1,1
MP00015700,MP00015700,2023-09-07,13:58:27,PL005,MIL0097537,x@x.com,9999123456,9999123451,9999123452,1,1
MP00015701,MP00015701,2023-09-07,13:58:27,PL001,MIL0303695,x@x.com,9999123456,9999123451,9999123452,1,1
MP00015702,MP00015702,2023-09-07,13:58:27,PL010,MIL0343068,x@x.com,9999123456,9999123451,9999123452,1,1
MP00015703,MP00015703,2023-09-07,13:58:27,PL009,MIL0152325,x@x.com,9999123456,9999123451,9999123452,1,1
MP00015704,MP00015704,2023-09-07,13:58:27,PL011,MIL0150942,x@x.com,9999123456,9999123451,9999123452,1,1
MP00015705,MP00015705,2023-09-07,13:58:27,PL008,MIL0205022,x@x.com,9999123456,9999123451,9999123452,1,1
MP00015706,MP00015706,2023-09-07,13:58:27,PL001,MIL0217663,x@x.com,9999123456,9999123451,9999123452,1,1
MP00015707,MP00015707,2023-09-07,13:58:27,PL002,MIL0263794,x@x.com,9999123456,9999123451,9999123452,1,1
MP00015708,MP00015708,2023-09-07,13:58:27,PL007,MIL0311052,x@x.com,9999123456,9999123451,9999123452,1,1
MP00015709,MP00015709,2023-09-07,13:58:27,PL011,MIL0337686,x@x.com,9999123456,9999123451,9999123452,1,1
MP00015710,MP00015710,2023-09-07,13:58:27,PL003,MIL0222695,x@x.com,9999123456,9999123451,9999123452,1,1
MP00015711,MP00015711,2023-09-07,13:58:27,PL002,MIL0129302,x@x.com,9999123456,9999123451,9999123452,1,1
MP00015712,MP00015712,2023-09-07,13:58:27,PL004,MIL0263512,x@x.com,9999123456,9999123451,9999123452,1,1
MP00015713,MP00015713,2023-09-07,13:58:27,PL009,MIL0569531,x@x.com,9999123456,9999123451,9999123452,1,1
MP00015714,MP00015714,2023-09-07,13:58:27,PL002,MIL0468474,x@x.com,9999123456,9999123451,9999123452,1,1
MP00015715,MP00015715,2023-09-07,13:58:27,PL001,MIL0114973,x@x.com,9999123456,9999123451,9999123452,1,1
MP00015716,MP00015716,2023-09-07,13:58:27,PL007,MIL0220299,x@x.com,9999123456,9999123451,9999123452,1,1
MP00015717,MP00015717,2023-09-07,13:58:27,PL010,MIL0028137,x@x.com,9999123456,9999123451,9999123452,1,1
MP00015718,MP00015718,2023-09-07,13:58:27,PL013,MIL0421392,x@x.com,9999123456,9999123451,9999123452,1,1
MP00015719,MP00015719,2023-09-07,13:58:27,PL005,MIL0484731,x@x.com,9999123456,9999123451,9999123452,1,1
MP00015720,MP00015720,2023-09-07,13:58:27,PL003,MIL0137537,x@x.com,9999123456,9999123451,9999123452,1,1
MP00015721,MP00015721,2023-09-07,13:58:27,PL007,MIL0274482,x@x.com,9999123456,9999123451,9999123452,1,1
MP00015722,MP00015722,2023-09-07,13:58:27,PL005,MIL0428528,x@x.com,9999123456,9999123451,9999123452,1,1
MP00015723,MP00015723,2023-09-07,13:58:27,PL009,MIL0171538,x@x.com,9999123456,9999123451,9999123452,1,1
MP00015724,MP00015724,2023-09-07,13:58:27,PL001,MIL0104572,x@x.com,9999123456,9999123451,9999123452,1,1
MP00015725,MP00015725,2023-09-07,13:58:27,PL006,MIL0279479,x@x.com,9999123456,9999123451,9999123452,1,1
MP00015726,MP00015726,2023-09-07,13:58:27,PL005,MIL0039029,x@x.com,9999123456,9999123451,9999123452,1,1
MP00015727,MP00015727,2023-09-07,13:58:27,PL003,MIL0454674,x@x.com,9999123456,9999123451,9999123452,1,1
MP00015728,MP00015728,2023-09-07,13:58:27,PL003,MIL0312777,x@x.com,9999123456,9999123451,9999123452,1,1
MP00015729,MP00015729,2023-09-07,13:58:27,PL008,MIL0568081,x@x.com,9999123456,9999123451,9999123452,1,1
MP00015730,MP00015730,2023-09-07,13:58:27,PL002,MIL0550661,x@x.com,9999123456,9999123451,9999123452,1,1
MP00015731,MP00015731,2023-09-07,13:58:27,PL012,MIL0222083,x@x.com,9999123456,9999123451,9999123452,1,1
MP00015732,MP00015732,2023-09-07,13:58:27,PL009,MIL0392038,x@x.com,9999123456,9999123451,9999123452,1,1
MP00015733,MP00015733,2023-09-07,13:58:27,PL005,MIL0015385,x@x.com,9999123456,9999123451,9999123452,1,1
MP00015734,MP00015734,2023-09-07,13:58:27,PL004,MIL0439940,x@x.com,9999123456,9999123451,9999123452,1,1
MP00015735,MP00015735,2023-09-07,13:58:27,PL003,MIL0391934,x@x.com,9999123456,9999123451,9999123452,1,1
MP00015736,MP00015736,2023-09-07,13:58:27,PL006,MIL0489903,x@x.com,9999123456,9999123451,9999123452,1,1
MP00015737,MP00015737,2023-09-07,13:58:27,PL008,MIL0225258,x@x.com,9999123456,9999123451,9999123452,1,1
MP00015738,MP00015738,2023-09-07,13:58:27,PL002,MIL0557911,x@x.com,9999123456,9999123451,9999123452,1,1
MP00015739,MP00015739,2023-09-07,13:58:27,PL007,MIL0269734,x@x.com,9999123456,9999123451,9999123452,1,1
MP00015740,MP00015740,2023-09-07,13:58:27,PL005,MIL0201899,x@x.com,9999123456,9999123451,9999123452,1,1
MP00015741,MP00015741,2023-09-07,13:58:27,PL011,MIL0206113,x@x.com,9999123456,9999123451,9999123452,1,1
MP00015742,MP00015742,2023-09-07,13:58:27,PL009,MIL0479713,x@x.com,9999123456,9999123451,9999123452,1,1
MP00015743,MP00015743,2023-09-07,13:58:27,PL005,MIL0501361,x@x.com,9999123456,9999123451,9999123452,1,1
MP00015744,MP00015744,2023-09-07,13:58:27,PL004,MIL0316569,x@x.com,9999123456,9999123451,9999123452,1,1
MP00015745,MP00015745,2023-09-07,13:58:27,PL011,MIL0045067,x@x.com,9999123456,9999123451,9999123452,1,1
MP00015746,MP00015746,2023-09-07,13:58:27,PL001,MIL0091569,x@x.com,9999123456,9999123451,9999123452,1,1
MP00015747,MP00015747,2023-09-07,13:58:27,PL010,MIL0349555,x@x.com,9999123456,9999123451,9999123452,1,1
MP00015748,MP00015748,2023-09-07,13:58:27,PL004,MIL0483749,x@x.com,9999123456,9999123451,9999123452,1,1
MP00015749,MP00015749,2023-09-07,13:58:27,PL007,MIL0521661,x@x.com,9999123456,9999123451,9999123452,1,1
MP00015750,MP00015750,2023-09-07,13:58:27,PL012,MIL0196765,x@x.com,9999123456,9999123451,9999123452,1,1
MP00015751,MP00015751,2023-09-07,13:58:27,PL005,MIL0382003,x@x.com,9999123456,9999123451,9999123452,1,1
MP00015752,MP00015752,2023-09-07,13:58:27,PL003,MIL0340202,x@x.com,9999123456,9999123451,9999123452,1,1
MP00015753,MP00015753,2023-09-07,13:58:27,PL003,MIL0011160,x@x.com,9999123456,9999123451,9999123452,1,1
MP00015754,MP00015754,2023-09-07,13:58:27,PL004,MIL0219759,x@x.com,9999123456,9999123451,9999123452,1,1
MP00015755,MP00015755,2023-09-07,13:58:27,PL010,MIL0520369,x@x.com,9999123456,9999123451,9999123452,1,1
MP00015756,MP00015756,2023-09-07,13:58:27,PL010,MIL0570585,x@x.com,9999123456,9999123451,9999123452,1,1
MP00015757,MP00015757,2023-09-07,13:58:27,PL012,MIL0277789,x@x.com,9999123456,9999123451,9999123452,1,1
MP00015758,MP00015758,2023-09-07,13:58:27,PL010,MIL0282685,x@x.com,9999123456,9999123451,9999123452,1,1
MP00015759,MP00015759,2023-09-07,13:58:27,PL006,MIL0364226,x@x.com,9999123456,9999123451,9999123452,1,1
MP00015760,MP00015760,2023-09-07,13:58:27,PL007,MIL0059525,x@x.com,9999123456,9999123451,9999123452,1,1
MP00015761,MP00015761,2023-09-07,13:58:27,PL012,MIL0353307,x@x.com,9999123456,9999123451,9999123452,1,1
MP00015762,MP00015762,2023-09-07,13:58:27,PL007,MIL0463978,x@x.com,9999123456,9999123451,9999123452,1,1
MP00015763,MP00015763,2023-09-07,13:58:27,PL008,MIL0385942,x@x.com,9999123456,9999123451,9999123452,1,1
MP00015764,MP00015764,2023-09-07,13:58:27,PL011,MIL0567126,x@x.com,9999123456,9999123451,9999123452,1,1
MP00015765,MP00015765,2023-09-07,13:58:27,PL013,MIL0081336,x@x.com,9999123456,9999123451,9999123452,1,1
MP00015766,MP00015766,2023-09-07,13:58:27,PL011,MIL0272559,x@x.com,9999123456,9999123451,9999123452,1,1
MP00015767,MP00015767,2023-09-07,13:58:27,PL003,MIL0238618,x@x.com,9999123456,9999123451,9999123452,1,1
MP00015768,MP00015768,2023-09-07,13:58:27,PL013,MIL0479484,x@x.com,9999123456,9999123451,9999123452,1,1
MP00015769,MP00015769,2023-09-07,13:58:27,PL001,MIL0389124,x@x.com,9999123456,9999123451,9999123452,1,1
MP00015770,MP00015770,2023-09-07,13:58:27,PL001,MIL0086059,x@x.com,9999123456,9999123451,9999123452,1,1
MP00015771,MP00015771,2023-09-07,13:58:27,PL012,MIL0504882,x@x.com,9999123456,9999123451,9999123452,1,1
MP00015772,MP00015772,2023-09-07,13:58:27,PL013,MIL0516473,x@x.com,9999123456,9999123451,9999123452,1,1
MP00015773,MP00015773,2023-09-07,13:58:27,PL004,MIL0023504,x@x.com,9999123456,9999123451,9999123452,1,1
MP00015774,MP00015774,2023-09-07,13:58:27,PL010,MIL0557709,x@x.com,9999123456,9999123451,9999123452,1,1
MP00015775,MP00015775,2023-09-07,13:58:27,PL006,MIL0378528,x@x.com,9999123456,9999123451,9999123452,1,1
MP00015776,MP00015776,2023-09-07,13:58:27,PL001,MIL0385575,x@x.com,9999123456,9999123451,9999123452,1,1
MP00015777,MP00015777,2023-09-07,13:58:27,PL007,MIL0361144,x@x.com,9999123456,9999123451,9999123452,1,1
MP00015778,MP00015778,2023-09-07,13:58:27,PL007,MIL0310584,x@x.com,9999123456,9999123451,9999123452,1,1
MP00015779,MP00015779,2023-09-07,13:58:27,PL002,MIL0090505,x@x.com,9999123456,9999123451,9999123452,1,1
MP00015780,MP00015780,2023-09-07,13:58:27,PL005,MIL0454976,x@x.com,9999123456,9999123451,9999123452,1,1
MP00015781,MP00015781,2023-09-07,13:58:27,PL009,MIL0536770,x@x.com,9999123456,9999123451,9999123452,1,1
MP00015782,MP00015782,2023-09-07,13:58:27,PL008,MIL0181011,x@x.com,9999123456,9999123451,9999123452,1,1
MP00015783,MP00015783,2023-09-07,13:58:27,PL013,MIL0408640,x@x.com,9999123456,9999123451,9999123452,1,1
MP00015784,MP00015784,2023-09-07,13:58:27,PL009,MIL0014847,x@x.com,9999123456,9999123451,9999123452,1,1
MP00015785,MP00015785,2023-09-07,13:58:27,PL003,MIL0538722,x@x.com,9999123456,9999123451,9999123452,1,1
MP00015786,MP00015786,2023-09-07,13:58:27,PL009,MIL0311344,x@x.com,9999123456,9999123451,9999123452,1,1
MP00015787,MP00015787,2023-09-07,13:58:27,PL003,MIL0447821,x@x.com,9999123456,9999123451,9999123452,1,1
MP00015788,MP00015788,2023-09-07,13:58:27,PL005,MIL0542388,x@x.com,9999123456,9999123451,9999123452,1,1
MP00015789,MP00015789,2023-09-07,13:58:27,PL004,MIL0360957,x@x.com,9999123456,9999123451,9999123452,1,1
MP00015790,MP00015790,2023-09-07,13:58:27,PL005,MIL0424005,x@x.com,9999123456,9999123451,9999123452,1,1
MP00015791,MP00015791,2023-09-07,13:58:27,PL009,MIL0203126,x@x.com,9999123456,9999123451,9999123452,1,1
MP00015792,MP00015792,2023-09-07,13:58:27,PL006,MIL0560803,x@x.com,9999123456,9999123451,9999123452,1,1
MP00015793,MP00015793,2023-09-07,13:58:27,PL003,MIL0362566,x@x.com,9999123456,9999123451,9999123452,1,1
MP00015794,MP00015794,2023-09-07,13:58:27,PL004,MIL0346382,x@x.com,9999123456,9999123451,9999123452,1,1
MP00015795,MP00015795,2023-09-07,13:58:27,PL007,MIL0570944,x@x.com,9999123456,9999123451,9999123452,1,1
MP00015796,MP00015796,2023-09-07,13:58:27,PL006,MIL0199494,x@x.com,9999123456,9999123451,9999123452,1,1
MP00015797,MP00015797,2023-09-07,13:58:27,PL005,MIL0018026,x@x.com,9999123456,9999123451,9999123452,1,1
MP00015798,MP00015798,2023-09-07,13:58:27,PL013,MIL0148233,x@x.com,9999123456,9999123451,9999123452,1,1
MP00015799,MP00015799,2023-09-07,13:58:27,PL009,MIL0371888,x@x.com,9999123456,9999123451,9999123452,1,1
MP00015800,MP00015800,2023-09-07,13:58:27,PL008,MIL0139362,x@x.com,9999123456,9999123451,9999123452,1,1
MP00015801,MP00015801,2023-09-07,13:58:27,PL002,MIL0080031,x@x.com,9999123456,9999123451,9999123452,1,1
MP00015802,MP00015802,2023-09-07,13:58:27,PL007,MIL0108355,x@x.com,9999123456,9999123451,9999123452,1,1
MP00015803,MP00015803,2023-09-07,13:58:27,PL011,MIL0466326,x@x.com,9999123456,9999123451,9999123452,1,1
MP00015804,MP00015804,2023-09-07,13:58:27,PL005,MIL0509483,x@x.com,9999123456,9999123451,9999123452,1,1
MP00015805,MP00015805,2023-09-07,13:58:27,PL001,MIL0044357,x@x.com,9999123456,9999123451,9999123452,1,1
MP00015806,MP00015806,2023-09-07,13:58:27,PL001,MIL0531199,x@x.com,9999123456,9999123451,9999123452,1,1
MP00015807,MP00015807,2023-09-07,13:58:27,PL001,MIL0089501,x@x.com,9999123456,9999123451,9999123452,1,1
MP00015808,MP00015808,2023-09-07,13:58:27,PL006,MIL0245298,x@x.com,9999123456,9999123451,9999123452,1,1
MP00015809,MP00015809,2023-09-07,13:58:27,PL009,MIL0269596,x@x.com,9999123456,9999123451,9999123452,1,1
MP00015810,MP00015810,2023-09-07,13:58:27,PL008,MIL0400069,x@x.com,9999123456,9999123451,9999123452,1,1
MP00015811,MP00015811,2023-09-07,13:58:27,PL001,MIL0021403,x@x.com,9999123456,9999123451,9999123452,1,1
MP00015812,MP00015812,2023-09-07,13:58:27,PL001,MIL0221988,x@x.com,9999123456,9999123451,9999123452,1,1
MP00015813,MP00015813,2023-09-07,13:58:27,PL012,MIL0352647,x@x.com,9999123456,9999123451,9999123452,1,1
MP00015814,MP00015814,2023-09-07,13:58:27,PL001,MIL0531147,x@x.com,9999123456,9999123451,9999123452,1,1
MP00015815,MP00015815,2023-09-07,13:58:27,PL001,MIL0447753,x@x.com,9999123456,9999123451,9999123452,1,1
MP00015816,MP00015816,2023-09-07,13:58:27,PL004,MIL0528818,x@x.com,9999123456,9999123451,9999123452,1,1
MP00015817,MP00015817,2023-09-07,13:58:27,PL010,MIL0466946,x@x.com,9999123456,9999123451,9999123452,1,1
MP00015818,MP00015818,2023-09-07,13:58:27,PL003,MIL0156784,x@x.com,9999123456,9999123451,9999123452,1,1
MP00015819,MP00015819,2023-09-07,13:58:27,PL004,MIL0271588,x@x.com,9999123456,9999123451,9999123452,1,1
MP00015820,MP00015820,2023-09-07,13:58:27,PL007,MIL0369322,x@x.com,9999123456,9999123451,9999123452,1,1
MP00015821,MP00015821,2023-09-07,13:58:27,PL005,MIL0004540,x@x.com,9999123456,9999123451,9999123452,1,1
MP00015822,MP00015822,2023-09-07,13:58:27,PL005,MIL0401088,x@x.com,9999123456,9999123451,9999123452,1,1
MP00015823,MP00015823,2023-09-07,13:58:27,PL002,MIL0164623,x@x.com,9999123456,9999123451,9999123452,1,1
MP00015824,MP00015824,2023-09-07,13:58:27,PL007,MIL0258398,x@x.com,9999123456,9999123451,9999123452,1,1
MP00015825,MP00015825,2023-09-07,13:58:27,PL004,MIL0478238,x@x.com,9999123456,9999123451,9999123452,1,1
MP00015826,MP00015826,2023-09-07,13:58:27,PL013,MIL0418314,x@x.com,9999123456,9999123451,9999123452,1,1
MP00015827,MP00015827,2023-09-07,13:58:27,PL008,MIL0015792,x@x.com,9999123456,9999123451,9999123452,1,1
MP00015828,MP00015828,2023-09-07,13:58:27,PL009,MIL0314651,x@x.com,9999123456,9999123451,9999123452,1,1
MP00015829,MP00015829,2023-09-07,13:58:27,PL002,MIL0003442,x@x.com,9999123456,9999123451,9999123452,1,1
MP00015830,MP00015830,2023-09-07,13:58:27,PL001,MIL0304615,x@x.com,9999123456,9999123451,9999123452,1,1
MP00015831,MP00015831,2023-09-07,13:58:27,PL013,MIL0128318,x@x.com,9999123456,9999123451,9999123452,1,1
MP00015832,MP00015832,2023-09-07,13:58:27,PL001,MIL0400723,x@x.com,9999123456,9999123451,9999123452,1,1
MP00015833,MP00015833,2023-09-07,13:58:27,PL012,MIL0545821,x@x.com,9999123456,9999123451,9999123452,1,1
MP00015834,MP00015834,2023-09-07,13:58:27,PL007,MIL0017645,x@x.com,9999123456,9999123451,9999123452,1,1
MP00015835,MP00015835,2023-09-07,13:58:27,PL011,MIL0540770,x@x.com,9999123456,9999123451,9999123452,1,1
MP00015836,MP00015836,2023-09-07,13:58:27,PL003,MIL0564922,x@x.com,9999123456,9999123451,9999123452,1,1
MP00015837,MP00015837,2023-09-07,13:58:27,PL006,MIL0571499,x@x.com,9999123456,9999123451,9999123452,1,1
MP00015838,MP00015838,2023-09-07,13:58:27,PL002,MIL0286899,x@x.com,9999123456,9999123451,9999123452,1,1
MP00015839,MP00015839,2023-09-07,13:58:27,PL008,MIL0324977,x@x.com,9999123456,9999123451,9999123452,1,1
MP00015840,MP00015840,2023-09-07,13:58:27,PL009,MIL0524231,x@x.com,9999123456,9999123451,9999123452,1,1
MP00015841,MP00015841,2023-09-07,13:58:27,PL012,MIL0250107,x@x.com,9999123456,9999123451,9999123452,1,1
MP00015842,MP00015842,2023-09-07,13:58:27,PL008,MIL0432507,x@x.com,9999123456,9999123451,9999123452,1,1
MP00015843,MP00015843,2023-09-07,13:58:27,PL002,MIL0520997,x@x.com,9999123456,9999123451,9999123452,1,1
MP00015844,MP00015844,2023-09-07,13:58:27,PL002,MIL0279255,x@x.com,9999123456,9999123451,9999123452,1,1
MP00015845,MP00015845,2023-09-07,13:58:27,PL010,MIL0153068,x@x.com,9999123456,9999123451,9999123452,1,1
MP00015846,MP00015846,2023-09-07,13:58:27,PL007,MIL0199731,x@x.com,9999123456,9999123451,9999123452,1,1
MP00015847,MP00015847,2023-09-07,13:58:27,PL006,MIL0108268,x@x.com,9999123456,9999123451,9999123452,1,1
MP00015848,MP00015848,2023-09-07,13:58:27,PL006,MIL0062606,x@x.com,9999123456,9999123451,9999123452,1,1
MP00015849,MP00015849,2023-09-07,13:58:27,PL005,MIL0087483,x@x.com,9999123456,9999123451,9999123452,1,1
MP00015850,MP00015850,2023-09-07,13:58:27,PL002,MIL0356212,x@x.com,9999123456,9999123451,9999123452,1,1
MP00015851,MP00015851,2023-09-07,13:58:27,PL008,MIL0327045,x@x.com,9999123456,9999123451,9999123452,1,1
MP00015852,MP00015852,2023-09-07,13:58:27,PL006,MIL0329379,x@x.com,9999123456,9999123451,9999123452,1,1
MP00015853,MP00015853,2023-09-07,13:58:27,PL010,MIL0407203,x@x.com,9999123456,9999123451,9999123452,1,1
MP00015854,MP00015854,2023-09-07,13:58:27,PL010,MIL0094548,x@x.com,9999123456,9999123451,9999123452,1,1
MP00015855,MP00015855,2023-09-07,13:58:27,PL008,MIL0398965,x@x.com,9999123456,9999123451,9999123452,1,1
MP00015856,MP00015856,2023-09-07,13:58:27,PL003,MIL0327219,x@x.com,9999123456,9999123451,9999123452,1,1
MP00015857,MP00015857,2023-09-07,13:58:27,PL009,MIL0510107,x@x.com,9999123456,9999123451,9999123452,1,1
MP00015858,MP00015858,2023-09-07,13:58:27,PL004,MIL0515219,x@x.com,9999123456,9999123451,9999123452,1,1
MP00015859,MP00015859,2023-09-07,13:58:27,PL006,MIL0542330,x@x.com,9999123456,9999123451,9999123452,1,1
MP00015860,MP00015860,2023-09-07,13:58:27,PL002,MIL0380787,x@x.com,9999123456,9999123451,9999123452,1,1
MP00015861,MP00015861,2023-09-07,13:58:27,PL011,MIL0231098,x@x.com,9999123456,9999123451,9999123452,1,1
MP00015862,MP00015862,2023-09-07,13:58:27,PL011,MIL0577083,x@x.com,9999123456,9999123451,9999123452,1,1
MP00015863,MP00015863,2023-09-07,13:58:27,PL006,MIL0499197,x@x.com,9999123456,9999123451,9999123452,1,1
MP00015864,MP00015864,2023-09-07,13:58:27,PL004,MIL0496820,x@x.com,9999123456,9999123451,9999123452,1,1
MP00015865,MP00015865,2023-09-07,13:58:27,PL010,MIL0394558,x@x.com,9999123456,9999123451,9999123452,1,1
MP00015866,MP00015866,2023-09-07,13:58:27,PL004,MIL0417379,x@x.com,9999123456,9999123451,9999123452,1,1
MP00015867,MP00015867,2023-09-07,13:58:27,PL009,MIL0213555,x@x.com,9999123456,9999123451,9999123452,1,1
MP00015868,MP00015868,2023-09-07,13:58:27,PL013,MIL0105682,x@x.com,9999123456,9999123451,9999123452,1,1
MP00015869,MP00015869,2023-09-07,13:58:27,PL010,MIL0122452,x@x.com,9999123456,9999123451,9999123452,1,1
MP00015870,MP00015870,2023-09-07,13:58:27,PL012,MIL0520283,x@x.com,9999123456,9999123451,9999123452,1,1
MP00015871,MP00015871,2023-09-07,13:58:27,PL007,MIL0359041,x@x.com,9999123456,9999123451,9999123452,1,1
MP00015872,MP00015872,2023-09-07,13:58:27,PL010,MIL0346691,x@x.com,9999123456,9999123451,9999123452,1,1
MP00015873,MP00015873,2023-09-07,13:58:27,PL007,MIL0247497,x@x.com,9999123456,9999123451,9999123452,1,1
MP00015874,MP00015874,2023-09-07,13:58:27,PL001,MIL0062064,x@x.com,9999123456,9999123451,9999123452,1,1
MP00015875,MP00015875,2023-09-07,13:58:27,PL010,MIL0063898,x@x.com,9999123456,9999123451,9999123452,1,1
MP00015876,MP00015876,2023-09-07,13:58:27,PL002,MIL0175176,x@x.com,9999123456,9999123451,9999123452,1,1
MP00015877,MP00015877,2023-09-07,13:58:27,PL008,MIL0286328,x@x.com,9999123456,9999123451,9999123452,1,1
MP00015878,MP00015878,2023-09-07,13:58:27,PL004,MIL0108032,x@x.com,9999123456,9999123451,9999123452,1,1
MP00015879,MP00015879,2023-09-07,13:58:27,PL007,MIL0502831,x@x.com,9999123456,9999123451,9999123452,1,1
MP00015880,MP00015880,2023-09-07,13:58:27,PL012,MIL0295638,x@x.com,9999123456,9999123451,9999123452,1,1
MP00015881,MP00015881,2023-09-07,13:58:27,PL008,MIL0346769,x@x.com,9999123456,9999123451,9999123452,1,1
MP00015882,MP00015882,2023-09-07,13:58:27,PL004,MIL0273492,x@x.com,9999123456,9999123451,9999123452,1,1
MP00015883,MP00015883,2023-09-07,13:58:27,PL006,MIL0511199,x@x.com,9999123456,9999123451,9999123452,1,1
MP00015884,MP00015884,2023-09-07,13:58:27,PL003,MIL0211580,x@x.com,9999123456,9999123451,9999123452,1,1
MP00015885,MP00015885,2023-09-07,13:58:27,PL013,MIL0075036,x@x.com,9999123456,9999123451,9999123452,1,1
MP00015886,MP00015886,2023-09-07,13:58:27,PL003,MIL0179782,x@x.com,9999123456,9999123451,9999123452,1,1
MP00015887,MP00015887,2023-09-07,13:58:27,PL013,MIL0063640,x@x.com,9999123456,9999123451,9999123452,1,1
MP00015888,MP00015888,2023-09-07,13:58:27,PL012,MIL0025966,x@x.com,9999123456,9999123451,9999123452,1,1
MP00015889,MP00015889,2023-09-07,13:58:27,PL008,MIL0527019,x@x.com,9999123456,9999123451,9999123452,1,1
MP00015890,MP00015890,2023-09-07,13:58:27,PL002,MIL0207214,x@x.com,9999123456,9999123451,9999123452,1,1
MP00015891,MP00015891,2023-09-07,13:58:27,PL013,MIL0448632,x@x.com,9999123456,9999123451,9999123452,1,1
MP00015892,MP00015892,2023-09-07,13:58:27,PL003,MIL0098048,x@x.com,9999123456,9999123451,9999123452,1,1
MP00015893,MP00015893,2023-09-07,13:58:27,PL002,MIL0516077,x@x.com,9999123456,9999123451,9999123452,1,1
MP00015894,MP00015894,2023-09-07,13:58:27,PL008,MIL0056038,x@x.com,9999123456,9999123451,9999123452,1,1
MP00015895,MP00015895,2023-09-07,13:58:27,PL007,MIL0148061,x@x.com,9999123456,9999123451,9999123452,1,1
MP00015896,MP00015896,2023-09-07,13:58:27,PL003,MIL0384320,x@x.com,9999123456,9999123451,9999123452,1,1
MP00015897,MP00015897,2023-09-07,13:58:27,PL010,MIL0225914,x@x.com,9999123456,9999123451,9999123452,1,1
MP00015898,MP00015898,2023-09-07,13:58:27,PL011,MIL0331009,x@x.com,9999123456,9999123451,9999123452,1,1
MP00015899,MP00015899,2023-09-07,13:58:27,PL009,MIL0153300,x@x.com,9999123456,9999123451,9999123452,1,1
MP00015900,MP00015900,2023-09-07,13:58:27,PL008,MIL0466521,x@x.com,9999123456,9999123451,9999123452,1,1
MP00015901,MP00015901,2023-09-07,13:58:27,PL007,MIL0467817,x@x.com,9999123456,9999123451,9999123452,1,1
MP00015902,MP00015902,2023-09-07,13:58:27,PL005,MIL0559017,x@x.com,9999123456,9999123451,9999123452,1,1
MP00015903,MP00015903,2023-09-07,13:58:27,PL005,MIL0332852,x@x.com,9999123456,9999123451,9999123452,1,1
MP00015904,MP00015904,2023-09-07,13:58:27,PL003,MIL0080240,x@x.com,9999123456,9999123451,9999123452,1,1
MP00015905,MP00015905,2023-09-07,13:58:27,PL011,MIL0277892,x@x.com,9999123456,9999123451,9999123452,1,1
MP00015906,MP00015906,2023-09-07,13:58:27,PL009,MIL0505015,x@x.com,9999123456,9999123451,9999123452,1,1
MP00015907,MP00015907,2023-09-07,13:58:27,PL010,MIL0333688,x@x.com,9999123456,9999123451,9999123452,1,1
MP00015908,MP00015908,2023-09-07,13:58:27,PL004,MIL0333039,x@x.com,9999123456,9999123451,9999123452,1,1
MP00015909,MP00015909,2023-09-07,13:58:27,PL009,MIL0211737,x@x.com,9999123456,9999123451,9999123452,1,1
MP00015910,MP00015910,2023-09-07,13:58:27,PL003,MIL0207704,x@x.com,9999123456,9999123451,9999123452,1,1
MP00015911,MP00015911,2023-09-07,13:58:27,PL002,MIL0281958,x@x.com,9999123456,9999123451,9999123452,1,1
MP00015912,MP00015912,2023-09-07,13:58:27,PL004,MIL0404438,x@x.com,9999123456,9999123451,9999123452,1,1
MP00015913,MP00015913,2023-09-07,13:58:27,PL002,MIL0202216,x@x.com,9999123456,9999123451,9999123452,1,1
MP00015914,MP00015914,2023-09-07,13:58:27,PL004,MIL0028764,x@x.com,9999123456,9999123451,9999123452,1,1
MP00015915,MP00015915,2023-09-07,13:58:27,PL011,MIL0191590,x@x.com,9999123456,9999123451,9999123452,1,1
MP00015916,MP00015916,2023-09-07,13:58:27,PL010,MIL0040819,x@x.com,9999123456,9999123451,9999123452,1,1
MP00015917,MP00015917,2023-09-07,13:58:27,PL005,MIL0177887,x@x.com,9999123456,9999123451,9999123452,1,1
MP00015918,MP00015918,2023-09-07,13:58:27,PL010,MIL0447798,x@x.com,9999123456,9999123451,9999123452,1,1
MP00015919,MP00015919,2023-09-07,13:58:27,PL013,MIL0241789,x@x.com,9999123456,9999123451,9999123452,1,1
MP00015920,MP00015920,2023-09-07,13:58:27,PL007,MIL0543094,x@x.com,9999123456,9999123451,9999123452,1,1
MP00015921,MP00015921,2023-09-07,13:58:27,PL007,MIL0362460,x@x.com,9999123456,9999123451,9999123452,1,1
MP00015922,MP00015922,2023-09-07,13:58:27,PL004,MIL0176663,x@x.com,9999123456,9999123451,9999123452,1,1
MP00015923,MP00015923,2023-09-07,13:58:27,PL012,MIL0443823,x@x.com,9999123456,9999123451,9999123452,1,1
MP00015924,MP00015924,2023-09-07,13:58:27,PL011,MIL0129714,x@x.com,9999123456,9999123451,9999123452,1,1
MP00015925,MP00015925,2023-09-07,13:58:27,PL005,MIL0073691,x@x.com,9999123456,9999123451,9999123452,1,1
MP00015926,MP00015926,2023-09-07,13:58:27,PL003,MIL0495573,x@x.com,9999123456,9999123451,9999123452,1,1
MP00015927,MP00015927,2023-09-07,13:58:27,PL006,MIL0244068,x@x.com,9999123456,9999123451,9999123452,1,1
MP00015928,MP00015928,2023-09-07,13:58:27,PL003,MIL0446322,x@x.com,9999123456,9999123451,9999123452,1,1
MP00015929,MP00015929,2023-09-07,13:58:27,PL012,MIL0541356,x@x.com,9999123456,9999123451,9999123452,1,1
MP00015930,MP00015930,2023-09-07,13:58:27,PL011,MIL0487048,x@x.com,9999123456,9999123451,9999123452,1,1
MP00015931,MP00015931,2023-09-07,13:58:27,PL007,MIL0298469,x@x.com,9999123456,9999123451,9999123452,1,1
MP00015932,MP00015932,2023-09-07,13:58:27,PL011,MIL0301486,x@x.com,9999123456,9999123451,9999123452,1,1
MP00015933,MP00015933,2023-09-07,13:58:27,PL001,MIL0568406,x@x.com,9999123456,9999123451,9999123452,1,1
MP00015934,MP00015934,2023-09-07,13:58:27,PL003,MIL0168832,x@x.com,9999123456,9999123451,9999123452,1,1
MP00015935,MP00015935,2023-09-07,13:58:27,PL007,MIL0291722,x@x.com,9999123456,9999123451,9999123452,1,1
MP00015936,MP00015936,2023-09-07,13:58:27,PL010,MIL0335920,x@x.com,9999123456,9999123451,9999123452,1,1
MP00015937,MP00015937,2023-09-07,13:58:27,PL002,MIL0138435,x@x.com,9999123456,9999123451,9999123452,1,1
MP00015938,MP00015938,2023-09-07,13:58:27,PL008,MIL0064292,x@x.com,9999123456,9999123451,9999123452,1,1
MP00015939,MP00015939,2023-09-07,13:58:27,PL005,MIL0225941,x@x.com,9999123456,9999123451,9999123452,1,1
MP00015940,MP00015940,2023-09-07,13:58:27,PL009,MIL0129719,x@x.com,9999123456,9999123451,9999123452,1,1
MP00015941,MP00015941,2023-09-07,13:58:27,PL011,MIL0541098,x@x.com,9999123456,9999123451,9999123452,1,1
MP00015942,MP00015942,2023-09-07,13:58:27,PL005,MIL0005299,x@x.com,9999123456,9999123451,9999123452,1,1
MP00015943,MP00015943,2023-09-07,13:58:27,PL004,MIL0399392,x@x.com,9999123456,9999123451,9999123452,1,1
MP00015944,MP00015944,2023-09-07,13:58:27,PL009,MIL0126390,x@x.com,9999123456,9999123451,9999123452,1,1
MP00015945,MP00015945,2023-09-07,13:58:27,PL011,MIL0355926,x@x.com,9999123456,9999123451,9999123452,1,1
MP00015946,MP00015946,2023-09-07,13:58:27,PL003,MIL0406569,x@x.com,9999123456,9999123451,9999123452,1,1
MP00015947,MP00015947,2023-09-07,13:58:27,PL004,MIL0324542,x@x.com,9999123456,9999123451,9999123452,1,1
MP00015948,MP00015948,2023-09-07,13:58:27,PL007,MIL0395983,x@x.com,9999123456,9999123451,9999123452,1,1
MP00015949,MP00015949,2023-09-07,13:58:27,PL003,MIL0087104,x@x.com,9999123456,9999123451,9999123452,1,1
MP00015950,MP00015950,2023-09-07,13:58:27,PL003,MIL0435001,x@x.com,9999123456,9999123451,9999123452,1,1
MP00015951,MP00015951,2023-09-07,13:58:27,PL003,MIL0347694,x@x.com,9999123456,9999123451,9999123452,1,1
MP00015952,MP00015952,2023-09-07,13:58:27,PL006,MIL0054550,x@x.com,9999123456,9999123451,9999123452,1,1
MP00015953,MP00015953,2023-09-07,13:58:27,PL011,MIL0111188,x@x.com,9999123456,9999123451,9999123452,1,1
MP00015954,MP00015954,2023-09-07,13:58:27,PL004,MIL0342451,x@x.com,9999123456,9999123451,9999123452,1,1
MP00015955,MP00015955,2023-09-07,13:58:27,PL005,MIL0132488,x@x.com,9999123456,9999123451,9999123452,1,1
MP00015956,MP00015956,2023-09-07,13:58:27,PL013,MIL0213270,x@x.com,9999123456,9999123451,9999123452,1,1
MP00015957,MP00015957,2023-09-07,13:58:27,PL002,MIL0150723,x@x.com,9999123456,9999123451,9999123452,1,1
MP00015958,MP00015958,2023-09-07,13:58:27,PL008,MIL0079258,x@x.com,9999123456,9999123451,9999123452,1,1
MP00015959,MP00015959,2023-09-07,13:58:27,PL011,MIL0438197,x@x.com,9999123456,9999123451,9999123452,1,1
MP00015960,MP00015960,2023-09-07,13:58:27,PL007,MIL0467090,x@x.com,9999123456,9999123451,9999123452,1,1
MP00015961,MP00015961,2023-09-07,13:58:27,PL003,MIL0046222,x@x.com,9999123456,9999123451,9999123452,1,1
MP00015962,MP00015962,2023-09-07,13:58:27,PL012,MIL0002503,x@x.com,9999123456,9999123451,9999123452,1,1
MP00015963,MP00015963,2023-09-07,13:58:27,PL006,MIL0033808,x@x.com,9999123456,9999123451,9999123452,1,1
MP00015964,MP00015964,2023-09-07,13:58:27,PL010,MIL0522435,x@x.com,9999123456,9999123451,9999123452,1,1
MP00015965,MP00015965,2023-09-07,13:58:27,PL006,MIL0174087,x@x.com,9999123456,9999123451,9999123452,1,1
MP00015966,MP00015966,2023-09-07,13:58:27,PL008,MIL0247707,x@x.com,9999123456,9999123451,9999123452,1,1
MP00015967,MP00015967,2023-09-07,13:58:27,PL009,MIL0325853,x@x.com,9999123456,9999123451,9999123452,1,1
MP00015968,MP00015968,2023-09-07,13:58:27,PL002,MIL0536681,x@x.com,9999123456,9999123451,9999123452,1,1
MP00015969,MP00015969,2023-09-07,13:58:27,PL012,MIL0147575,x@x.com,9999123456,9999123451,9999123452,1,1
MP00015970,MP00015970,2023-09-07,13:58:27,PL004,MIL0376560,x@x.com,9999123456,9999123451,9999123452,1,1
MP00015971,MP00015971,2023-09-07,13:58:27,PL010,MIL0520937,x@x.com,9999123456,9999123451,9999123452,1,1
MP00015972,MP00015972,2023-09-07,13:58:27,PL006,MIL0003709,x@x.com,9999123456,9999123451,9999123452,1,1
MP00015973,MP00015973,2023-09-07,13:58:27,PL013,MIL0139464,x@x.com,9999123456,9999123451,9999123452,1,1
MP00015974,MP00015974,2023-09-07,13:58:27,PL006,MIL0566734,x@x.com,9999123456,9999123451,9999123452,1,1
MP00015975,MP00015975,2023-09-07,13:58:27,PL003,MIL0405397,x@x.com,9999123456,9999123451,9999123452,1,1
MP00015976,MP00015976,2023-09-07,13:58:27,PL002,MIL0329797,x@x.com,9999123456,9999123451,9999123452,1,1
MP00015977,MP00015977,2023-09-07,13:58:27,PL009,MIL0488969,x@x.com,9999123456,9999123451,9999123452,1,1
MP00015978,MP00015978,2023-09-07,13:58:27,PL007,MIL0381651,x@x.com,9999123456,9999123451,9999123452,1,1
MP00015979,MP00015979,2023-09-07,13:58:27,PL006,MIL0429234,x@x.com,9999123456,9999123451,9999123452,1,1
MP00015980,MP00015980,2023-09-07,13:58:27,PL011,MIL0368066,x@x.com,9999123456,9999123451,9999123452,1,1
MP00015981,MP00015981,2023-09-07,13:58:27,PL012,MIL0371421,x@x.com,9999123456,9999123451,9999123452,1,1
MP00015982,MP00015982,2023-09-07,13:58:27,PL007,MIL0214465,x@x.com,9999123456,9999123451,9999123452,1,1
MP00015983,MP00015983,2023-09-07,13:58:27,PL010,MIL0379265,x@x.com,9999123456,9999123451,9999123452,1,1
MP00015984,MP00015984,2023-09-07,13:58:27,PL007,MIL0073590,x@x.com,9999123456,9999123451,9999123452,1,1
