clave,folio,fecha,hora,clave_partido_legado,clave_ciudadano,correo_electronico,whatsapp,telefono,celular,obseravaciones,status
clave,folio,fecha,hora,clave_partido_legado,clave_ciudadano,correo_electronico,whatsapp,telefono,celular,obseravaciones,status
MP00000001,MP00000001,2023-09-07,13:58:27,PL011,MIL0195896,x@x.com,9999123456,9999123451,9999123452,1,1
MP00000002,MP00000002,2023-09-07,13:58:27,PL006,MIL0127166,x@x.com,9999123456,9999123451,9999123452,1,1
MP00000003,MP00000003,2023-09-07,13:58:27,PL008,MIL0282822,x@x.com,9999123456,9999123451,9999123452,1,1
MP00000004,MP00000004,2023-09-07,13:58:27,PL003,MIL0369402,x@x.com,9999123456,9999123451,9999123452,1,1
MP00000005,MP00000005,2023-09-07,13:58:27,PL007,MIL0512073,x@x.com,9999123456,9999123451,9999123452,1,1
MP00000006,MP00000006,2023-09-07,13:58:27,PL005,MIL0427613,x@x.com,9999123456,9999123451,9999123452,1,1
MP00000007,MP00000007,2023-09-07,13:58:27,PL006,MIL0236166,x@x.com,9999123456,9999123451,9999123452,1,1
MP00000008,MP00000008,2023-09-07,13:58:27,PL002,MIL0139564,x@x.com,9999123456,9999123451,9999123452,1,1
MP00000009,MP00000009,2023-09-07,13:58:27,PL005,MIL0082465,x@x.com,9999123456,9999123451,9999123452,1,1
MP00000010,MP00000010,2023-09-07,13:58:27,PL001,MIL0537137,x@x.com,9999123456,9999123451,9999123452,1,1
MP00000011,MP00000011,2023-09-07,13:58:27,PL010,MIL0032708,x@x.com,9999123456,9999123451,9999123452,1,1
MP00000012,MP00000012,2023-09-07,13:58:27,PL008,MIL0126891,x@x.com,9999123456,9999123451,9999123452,1,1
MP00000013,MP00000013,2023-09-07,13:58:27,PL012,MIL0458175,x@x.com,9999123456,9999123451,9999123452,1,1
MP00000014,MP00000014,2023-09-07,13:58:27,PL012,MIL0573504,x@x.com,9999123456,9999123451,9999123452,1,1
MP00000015,MP00000015,2023-09-07,13:58:27,PL007,MIL0389776,x@x.com,9999123456,9999123451,9999123452,1,1
MP00000016,MP00000016,2023-09-07,13:58:27,PL005,MIL0200132,x@x.com,9999123456,9999123451,9999123452,1,1
MP00000017,MP00000017,2023-09-07,13:58:27,PL009,MIL0214892,x@x.com,9999123456,9999123451,9999123452,1,1
MP00000018,MP00000018,2023-09-07,13:58:27,PL005,MIL0513920,x@x.com,9999123456,9999123451,9999123452,1,1
MP00000019,MP00000019,2023-09-07,13:58:27,PL006,MIL0564158,x@x.com,9999123456,9999123451,9999123452,1,1
MP00000020,MP00000020,2023-09-07,13:58:27,PL004,MIL0049471,x@x.com,9999123456,9999123451,9999123452,1,1
MP00000021,MP00000021,2023-09-07,13:58:27,PL011,MIL0102803,x@x.com,9999123456,9999123451,9999123452,1,1
MP00000022,MP00000022,2023-09-07,13:58:27,PL007,MIL0075543,x@x.com,9999123456,9999123451,9999123452,1,1
MP00000023,MP00000023,2023-09-07,13:58:27,PL002,MIL0434508,x@x.com,9999123456,9999123451,9999123452,1,1
MP00000024,MP00000024,2023-09-07,13:58:27,PL006,MIL0429917,x@x.com,9999123456,9999123451,9999123452,1,1
MP00000025,MP00000025,2023-09-07,13:58:27,PL003,MIL0357624,x@x.com,9999123456,9999123451,9999123452,1,1
MP00000026,MP00000026,2023-09-07,13:58:27,PL005,MIL0218006,x@x.com,9999123456,9999123451,9999123452,1,1
MP00000027,MP00000027,2023-09-07,13:58:27,PL007,MIL0545776,x@x.com,9999123456,9999123451,9999123452,1,1
MP00000028,MP00000028,2023-09-07,13:58:27,PL003,MIL0165618,x@x.com,9999123456,9999123451,9999123452,1,1
MP00000029,MP00000029,2023-09-07,13:58:27,PL007,MIL0148289,x@x.com,9999123456,9999123451,9999123452,1,1
MP00000030,MP00000030,2023-09-07,13:58:27,PL003,MIL0040174,x@x.com,9999123456,9999123451,9999123452,1,1
MP00000031,MP00000031,2023-09-07,13:58:27,PL004,MIL0508454,x@x.com,9999123456,9999123451,9999123452,1,1
MP00000032,MP00000032,2023-09-07,13:58:27,PL003,MIL0377859,x@x.com,9999123456,9999123451,9999123452,1,1
MP00000033,MP00000033,2023-09-07,13:58:27,PL007,MIL0351527,x@x.com,9999123456,9999123451,9999123452,1,1
MP00000034,MP00000034,2023-09-07,13:58:27,PL008,MIL0157888,x@x.com,9999123456,9999123451,9999123452,1,1
MP00000035,MP00000035,2023-09-07,13:58:27,PL002,MIL0316570,x@x.com,9999123456,9999123451,9999123452,1,1
MP00000036,MP00000036,2023-09-07,13:58:27,PL008,MIL0424682,x@x.com,9999123456,9999123451,9999123452,1,1
MP00000037,MP00000037,2023-09-07,13:58:27,PL010,MIL0362777,x@x.com,9999123456,9999123451,9999123452,1,1
MP00000038,MP00000038,2023-09-07,13:58:27,PL012,MIL0455614,x@x.com,9999123456,9999123451,9999123452,1,1
MP00000039,MP00000039,2023-09-07,13:58:27,PL011,MIL0034793,x@x.com,9999123456,9999123451,9999123452,1,1
MP00000040,MP00000040,2023-09-07,13:58:27,PL009,MIL0560572,x@x.com,9999123456,9999123451,9999123452,1,1
MP00000041,MP00000041,2023-09-07,13:58:27,PL008,MIL0411575,x@x.com,9999123456,9999123451,9999123452,1,1
MP00000042,MP00000042,2023-09-07,13:58:27,PL012,MIL0512796,x@x.com,9999123456,9999123451,9999123452,1,1
MP00000043,MP00000043,2023-09-07,13:58:27,PL007,MIL0443222,x@x.com,9999123456,9999123451,9999123452,1,1
MP00000044,MP00000044,2023-09-07,13:58:27,PL001,MIL0255139,x@x.com,9999123456,9999123451,9999123452,1,1
MP00000045,MP00000045,2023-09-07,13:58:27,PL002,MIL0087242,x@x.com,9999123456,9999123451,9999123452,1,1
MP00000046,MP00000046,2023-09-07,13:58:27,PL013,MIL0351610,x@x.com,9999123456,9999123451,9999123452,1,1
MP00000047,MP00000047,2023-09-07,13:58:27,PL009,MIL0177984,x@x.com,9999123456,9999123451,9999123452,1,1
MP00000048,MP00000048,2023-09-07,13:58:27,PL005,MIL0126294,x@x.com,9999123456,9999123451,9999123452,1,1
MP00000049,MP00000049,2023-09-07,13:58:27,PL002,MIL0014352,x@x.com,9999123456,9999123451,9999123452,1,1
MP00000050,MP00000050,2023-09-07,13:58:27,PL009,MIL0298520,x@x.com,9999123456,9999123451,9999123452,1,1
MP00000051,MP00000051,2023-09-07,13:58:27,PL012,MIL0163302,x@x.com,9999123456,9999123451,9999123452,1,1
MP00000052,MP00000052,2023-09-07,13:58:27,PL008,MIL0543319,x@x.com,9999123456,9999123451,9999123452,1,1
MP00000053,MP00000053,2023-09-07,13:58:27,PL005,MIL0047123,x@x.com,9999123456,9999123451,9999123452,1,1
MP00000054,MP00000054,2023-09-07,13:58:27,PL003,MIL0033158,x@x.com,9999123456,9999123451,9999123452,1,1
MP00000055,MP00000055,2023-09-07,13:58:27,PL006,MIL0555472,x@x.com,9999123456,9999123451,9999123452,1,1
MP00000056,MP00000056,2023-09-07,13:58:27,PL005,MIL0395485,x@x.com,9999123456,9999123451,9999123452,1,1
MP00000057,MP00000057,2023-09-07,13:58:27,PL007,MIL0349299,x@x.com,9999123456,9999123451,9999123452,1,1
MP00000058,MP00000058,2023-09-07,13:58:27,PL010,MIL0004672,x@x.com,9999123456,9999123451,9999123452,1,1
MP00000059,MP00000059,2023-09-07,13:58:27,PL002,MIL0228352,x@x.com,9999123456,9999123451,9999123452,1,1
MP00000060,MP00000060,2023-09-07,13:58:27,PL006,MIL0514790,x@x.com,9999123456,9999123451,9999123452,1,1
MP00000061,MP00000061,2023-09-07,13:58:27,PL004,MIL0505848,x@x.com,9999123456,9999123451,9999123452,1,1
MP00000062,MP00000062,2023-09-07,13:58:27,PL003,MIL0498931,x@x.com,9999123456,9999123451,9999123452,1,1
MP00000063,MP00000063,2023-09-07,13:58:27,PL009,MIL0238495,x@x.com,9999123456,9999123451,9999123452,1,1
MP00000064,MP00000064,2023-09-07,13:58:27,PL004,MIL0132220,x@x.com,9999123456,9999123451,9999123452,1,1
MP00000065,MP00000065,2023-09-07,13:58:27,PL003,MIL0424175,x@x.com,9999123456,9999123451,9999123452,1,1
MP00000066,MP00000066,2023-09-07,13:58:27,PL009,MIL0574316,x@x.com,9999123456,9999123451,9999123452,1,1
MP00000067,MP00000067,2023-09-07,13:58:27,PL012,MIL0278105,x@x.com,9999123456,9999123451,9999123452,1,1
MP00000068,MP00000068,2023-09-07,13:58:27,PL012,MIL0138223,x@x.com,9999123456,9999123451,9999123452,1,1
MP00000069,MP00000069,2023-09-07,13:58:27,PL013,MIL0320623,x@x.com,9999123456,9999123451,9999123452,1,1
MP00000070,MP00000070,2023-09-07,13:58:27,PL008,MIL0207885,x@x.com,9999123456,9999123451,9999123452,1,1
MP00000071,MP00000071,2023-09-07,13:58:27,PL009,MIL0175392,x@x.com,9999123456,9999123451,9999123452,1,1
MP00000072,MP00000072,2023-09-07,13:58:27,PL007,MIL0504092,x@x.com,9999123456,9999123451,9999123452,1,1
MP00000073,MP00000073,2023-09-07,13:58:27,PL003,MIL0332296,x@x.com,9999123456,9999123451,9999123452,1,1
MP00000074,MP00000074,2023-09-07,13:58:27,PL009,MIL0538489,x@x.com,9999123456,9999123451,9999123452,1,1
MP00000075,MP00000075,2023-09-07,13:58:27,PL001,MIL0338233,x@x.com,9999123456,9999123451,9999123452,1,1
MP00000076,MP00000076,2023-09-07,13:58:27,PL010,MIL0099489,x@x.com,9999123456,9999123451,9999123452,1,1
MP00000077,MP00000077,2023-09-07,13:58:27,PL010,MIL0226794,x@x.com,9999123456,9999123451,9999123452,1,1
MP00000078,MP00000078,2023-09-07,13:58:27,PL005,MIL0335413,x@x.com,9999123456,9999123451,9999123452,1,1
MP00000079,MP00000079,2023-09-07,13:58:27,PL007,MIL0131015,x@x.com,9999123456,9999123451,9999123452,1,1
MP00000080,MP00000080,2023-09-07,13:58:27,PL012,MIL0543917,x@x.com,9999123456,9999123451,9999123452,1,1
MP00000081,MP00000081,2023-09-07,13:58:27,PL004,MIL0440629,x@x.com,9999123456,9999123451,9999123452,1,1
MP00000082,MP00000082,2023-09-07,13:58:27,PL005,MIL0459419,x@x.com,9999123456,9999123451,9999123452,1,1
MP00000083,MP00000083,2023-09-07,13:58:27,PL007,MIL0502059,x@x.com,9999123456,9999123451,9999123452,1,1
MP00000084,MP00000084,2023-09-07,13:58:27,PL006,MIL0298044,x@x.com,9999123456,9999123451,9999123452,1,1
MP00000085,MP00000085,2023-09-07,13:58:27,PL004,MIL0298806,x@x.com,9999123456,9999123451,9999123452,1,1
MP00000086,MP00000086,2023-09-07,13:58:27,PL004,MIL0091483,x@x.com,9999123456,9999123451,9999123452,1,1
MP00000087,MP00000087,2023-09-07,13:58:27,PL005,MIL0231008,x@x.com,9999123456,9999123451,9999123452,1,1
MP00000088,MP00000088,2023-09-07,13:58:27,PL004,MIL0029361,x@x.com,9999123456,9999123451,9999123452,1,1
MP00000089,MP00000089,2023-09-07,13:58:27,PL006,MIL0231888,x@x.com,9999123456,9999123451,9999123452,1,1
MP00000090,MP00000090,2023-09-07,13:58:27,PL006,MIL0039802,x@x.com,9999123456,9999123451,9999123452,1,1
MP00000091,MP00000091,2023-09-07,13:58:27,PL010,MIL0083506,x@x.com,9999123456,9999123451,9999123452,1,1
MP00000092,MP00000092,2023-09-07,13:58:27,PL004,MIL0135497,x@x.com,9999123456,9999123451,9999123452,1,1
MP00000093,MP00000093,2023-09-07,13:58:27,PL007,MIL0342968,x@x.com,9999123456,9999123451,9999123452,1,1
MP00000094,MP00000094,2023-09-07,13:58:27,PL005,MIL0288463,x@x.com,9999123456,9999123451,9999123452,1,1
MP00000095,MP00000095,2023-09-07,13:58:27,PL010,MIL0536971,x@x.com,9999123456,9999123451,9999123452,1,1
MP00000096,MP00000096,2023-09-07,13:58:27,PL002,MIL0067946,x@x.com,9999123456,9999123451,9999123452,1,1
MP00000097,MP00000097,2023-09-07,13:58:27,PL004,MIL0363365,x@x.com,9999123456,9999123451,9999123452,1,1
MP00000098,MP00000098,2023-09-07,13:58:27,PL004,MIL0192635,x@x.com,9999123456,9999123451,9999123452,1,1
MP00000099,MP00000099,2023-09-07,13:58:27,PL009,MIL0071728,x@x.com,9999123456,9999123451,9999123452,1,1
MP00000100,MP00000100,2023-09-07,13:58:27,PL010,MIL0414794,x@x.com,9999123456,9999123451,9999123452,1,1
MP00000101,MP00000101,2023-09-07,13:58:27,PL002,MIL0033862,x@x.com,9999123456,9999123451,9999123452,1,1
MP00000102,MP00000102,2023-09-07,13:58:27,PL004,MIL0497245,x@x.com,9999123456,9999123451,9999123452,1,1
MP00000103,MP00000103,2023-09-07,13:58:27,PL007,MIL0220789,x@x.com,9999123456,9999123451,9999123452,1,1
MP00000104,MP00000104,2023-09-07,13:58:27,PL003,MIL0279605,x@x.com,9999123456,9999123451,9999123452,1,1
MP00000105,MP00000105,2023-09-07,13:58:27,PL010,MIL0444768,x@x.com,9999123456,9999123451,9999123452,1,1
MP00000106,MP00000106,2023-09-07,13:58:27,PL011,MIL0250166,x@x.com,9999123456,9999123451,9999123452,1,1
MP00000107,MP00000107,2023-09-07,13:58:27,PL013,MIL0221945,x@x.com,9999123456,9999123451,9999123452,1,1
MP00000108,MP00000108,2023-09-07,13:58:27,PL007,MIL0519219,x@x.com,9999123456,9999123451,9999123452,1,1
MP00000109,MP00000109,2023-09-07,13:58:27,PL004,MIL0516033,x@x.com,9999123456,9999123451,9999123452,1,1
MP00000110,MP00000110,2023-09-07,13:58:27,PL013,MIL0524899,x@x.com,9999123456,9999123451,9999123452,1,1
MP00000111,MP00000111,2023-09-07,13:58:27,PL010,MIL0554065,x@x.com,9999123456,9999123451,9999123452,1,1
MP00000112,MP00000112,2023-09-07,13:58:27,PL010,MIL0226942,x@x.com,9999123456,9999123451,9999123452,1,1
MP00000113,MP00000113,2023-09-07,13:58:27,PL012,MIL0409925,x@x.com,9999123456,9999123451,9999123452,1,1
MP00000114,MP00000114,2023-09-07,13:58:27,PL009,MIL0334744,x@x.com,9999123456,9999123451,9999123452,1,1
MP00000115,MP00000115,2023-09-07,13:58:27,PL011,MIL0377260,x@x.com,9999123456,9999123451,9999123452,1,1
MP00000116,MP00000116,2023-09-07,13:58:27,PL010,MIL0412336,x@x.com,9999123456,9999123451,9999123452,1,1
MP00000117,MP00000117,2023-09-07,13:58:27,PL004,MIL0518898,x@x.com,9999123456,9999123451,9999123452,1,1
MP00000118,MP00000118,2023-09-07,13:58:27,PL006,MIL0403686,x@x.com,9999123456,9999123451,9999123452,1,1
MP00000119,MP00000119,2023-09-07,13:58:27,PL005,MIL0363440,x@x.com,9999123456,9999123451,9999123452,1,1
MP00000120,MP00000120,2023-09-07,13:58:27,PL009,MIL0478947,x@x.com,9999123456,9999123451,9999123452,1,1
MP00000121,MP00000121,2023-09-07,13:58:27,PL009,MIL0284248,x@x.com,9999123456,9999123451,9999123452,1,1
MP00000122,MP00000122,2023-09-07,13:58:27,PL013,MIL0554968,x@x.com,9999123456,9999123451,9999123452,1,1
MP00000123,MP00000123,2023-09-07,13:58:27,PL002,MIL0334010,x@x.com,9999123456,9999123451,9999123452,1,1
MP00000124,MP00000124,2023-09-07,13:58:27,PL007,MIL0138116,x@x.com,9999123456,9999123451,9999123452,1,1
MP00000125,MP00000125,2023-09-07,13:58:27,PL001,MIL0342516,x@x.com,9999123456,9999123451,9999123452,1,1
MP00000126,MP00000126,2023-09-07,13:58:27,PL004,MIL0506037,x@x.com,9999123456,9999123451,9999123452,1,1
MP00000127,MP00000127,2023-09-07,13:58:27,PL007,MIL0068985,x@x.com,9999123456,9999123451,9999123452,1,1
MP00000128,MP00000128,2023-09-07,13:58:27,PL006,MIL0202690,x@x.com,9999123456,9999123451,9999123452,1,1
MP00000129,MP00000129,2023-09-07,13:58:27,PL005,MIL0410911,x@x.com,9999123456,9999123451,9999123452,1,1
MP00000130,MP00000130,2023-09-07,13:58:27,PL008,MIL0034642,x@x.com,9999123456,9999123451,9999123452,1,1
MP00000131,MP00000131,2023-09-07,13:58:27,PL008,MIL0174640,x@x.com,9999123456,9999123451,9999123452,1,1
MP00000132,MP00000132,2023-09-07,13:58:27,PL002,MIL0339586,x@x.com,9999123456,9999123451,9999123452,1,1
MP00000133,MP00000133,2023-09-07,13:58:27,PL002,MIL0099356,x@x.com,9999123456,9999123451,9999123452,1,1
MP00000134,MP00000134,2023-09-07,13:58:27,PL011,MIL0495604,x@x.com,9999123456,9999123451,9999123452,1,1
MP00000135,MP00000135,2023-09-07,13:58:27,PL002,MIL0545462,x@x.com,9999123456,9999123451,9999123452,1,1
MP00000136,MP00000136,2023-09-07,13:58:27,PL006,MIL0570878,x@x.com,9999123456,9999123451,9999123452,1,1
MP00000137,MP00000137,2023-09-07,13:58:27,PL003,MIL0474376,x@x.com,9999123456,9999123451,9999123452,1,1
MP00000138,MP00000138,2023-09-07,13:58:27,PL006,MIL0280024,x@x.com,9999123456,9999123451,9999123452,1,1
MP00000139,MP00000139,2023-09-07,13:58:27,PL008,MIL0562693,x@x.com,9999123456,9999123451,9999123452,1,1
MP00000140,MP00000140,2023-09-07,13:58:27,PL007,MIL0015244,x@x.com,9999123456,9999123451,9999123452,1,1
MP00000141,MP00000141,2023-09-07,13:58:27,PL006,MIL0395247,x@x.com,9999123456,9999123451,9999123452,1,1
MP00000142,MP00000142,2023-09-07,13:58:27,PL001,MIL0275836,x@x.com,9999123456,9999123451,9999123452,1,1
MP00000143,MP00000143,2023-09-07,13:58:27,PL009,MIL0381985,x@x.com,9999123456,9999123451,9999123452,1,1
MP00000144,MP00000144,2023-09-07,13:58:27,PL011,MIL0228984,x@x.com,9999123456,9999123451,9999123452,1,1
MP00000145,MP00000145,2023-09-07,13:58:27,PL005,MIL0318850,x@x.com,9999123456,9999123451,9999123452,1,1
MP00000146,MP00000146,2023-09-07,13:58:27,PL008,MIL0156130,x@x.com,9999123456,9999123451,9999123452,1,1
MP00000147,MP00000147,2023-09-07,13:58:27,PL011,MIL0152096,x@x.com,9999123456,9999123451,9999123452,1,1
MP00000148,MP00000148,2023-09-07,13:58:27,PL002,MIL0361405,x@x.com,9999123456,9999123451,9999123452,1,1
MP00000149,MP00000149,2023-09-07,13:58:27,PL009,MIL0283907,x@x.com,9999123456,9999123451,9999123452,1,1
MP00000150,MP00000150,2023-09-07,13:58:27,PL012,MIL0387099,x@x.com,9999123456,9999123451,9999123452,1,1
MP00000151,MP00000151,2023-09-07,13:58:27,PL007,MIL0125856,x@x.com,9999123456,9999123451,9999123452,1,1
MP00000152,MP00000152,2023-09-07,13:58:27,PL013,MIL0121499,x@x.com,9999123456,9999123451,9999123452,1,1
MP00000153,MP00000153,2023-09-07,13:58:27,PL013,MIL0373912,x@x.com,9999123456,9999123451,9999123452,1,1
MP00000154,MP00000154,2023-09-07,13:58:27,PL011,MIL0328818,x@x.com,9999123456,9999123451,9999123452,1,1
MP00000155,MP00000155,2023-09-07,13:58:27,PL007,MIL0375751,x@x.com,9999123456,9999123451,9999123452,1,1
MP00000156,MP00000156,2023-09-07,13:58:27,PL010,MIL0533996,x@x.com,9999123456,9999123451,9999123452,1,1
MP00000157,MP00000157,2023-09-07,13:58:27,PL011,MIL0445023,x@x.com,9999123456,9999123451,9999123452,1,1
MP00000158,MP00000158,2023-09-07,13:58:27,PL011,MIL0327116,x@x.com,9999123456,9999123451,9999123452,1,1
MP00000159,MP00000159,2023-09-07,13:58:27,PL010,MIL0494706,x@x.com,9999123456,9999123451,9999123452,1,1
MP00000160,MP00000160,2023-09-07,13:58:27,PL011,MIL0539530,x@x.com,9999123456,9999123451,9999123452,1,1
MP00000161,MP00000161,2023-09-07,13:58:27,PL007,MIL0544595,x@x.com,9999123456,9999123451,9999123452,1,1
MP00000162,MP00000162,2023-09-07,13:58:27,PL013,MIL0164682,x@x.com,9999123456,9999123451,9999123452,1,1
MP00000163,MP00000163,2023-09-07,13:58:27,PL003,MIL0277941,x@x.com,9999123456,9999123451,9999123452,1,1
MP00000164,MP00000164,2023-09-07,13:58:27,PL010,MIL0299528,x@x.com,9999123456,9999123451,9999123452,1,1
MP00000165,MP00000165,2023-09-07,13:58:27,PL010,MIL0519796,x@x.com,9999123456,9999123451,9999123452,1,1
MP00000166,MP00000166,2023-09-07,13:58:27,PL001,MIL0118410,x@x.com,9999123456,9999123451,9999123452,1,1
MP00000167,MP00000167,2023-09-07,13:58:27,PL012,MIL0459463,x@x.com,9999123456,9999123451,9999123452,1,1
MP00000168,MP00000168,2023-09-07,13:58:27,PL013,MIL0149774,x@x.com,9999123456,9999123451,9999123452,1,1
MP00000169,MP00000169,2023-09-07,13:58:27,PL003,MIL0150550,x@x.com,9999123456,9999123451,9999123452,1,1
MP00000170,MP00000170,2023-09-07,13:58:27,PL013,MIL0417355,x@x.com,9999123456,9999123451,9999123452,1,1
MP00000171,MP00000171,2023-09-07,13:58:27,PL005,MIL0432012,x@x.com,9999123456,9999123451,9999123452,1,1
MP00000172,MP00000172,2023-09-07,13:58:27,PL008,MIL0500853,x@x.com,9999123456,9999123451,9999123452,1,1
MP00000173,MP00000173,2023-09-07,13:58:27,PL011,MIL0014406,x@x.com,9999123456,9999123451,9999123452,1,1
MP00000174,MP00000174,2023-09-07,13:58:27,PL013,MIL0230211,x@x.com,9999123456,9999123451,9999123452,1,1
MP00000175,MP00000175,2023-09-07,13:58:27,PL005,MIL0165879,x@x.com,9999123456,9999123451,9999123452,1,1
MP00000176,MP00000176,2023-09-07,13:58:27,PL001,MIL0389233,x@x.com,9999123456,9999123451,9999123452,1,1
MP00000177,MP00000177,2023-09-07,13:58:27,PL003,MIL0075018,x@x.com,9999123456,9999123451,9999123452,1,1
MP00000178,MP00000178,2023-09-07,13:58:27,PL002,MIL0399931,x@x.com,9999123456,9999123451,9999123452,1,1
MP00000179,MP00000179,2023-09-07,13:58:27,PL013,MIL0510774,x@x.com,9999123456,9999123451,9999123452,1,1
MP00000180,MP00000180,2023-09-07,13:58:27,PL005,MIL0062636,x@x.com,9999123456,9999123451,9999123452,1,1
MP00000181,MP00000181,2023-09-07,13:58:27,PL008,MIL0449726,x@x.com,9999123456,9999123451,9999123452,1,1
MP00000182,MP00000182,2023-09-07,13:58:27,PL001,MIL0306490,x@x.com,9999123456,9999123451,9999123452,1,1
MP00000183,MP00000183,2023-09-07,13:58:27,PL007,MIL0321424,x@x.com,9999123456,9999123451,9999123452,1,1
MP00000184,MP00000184,2023-09-07,13:58:27,PL007,MIL0086632,x@x.com,9999123456,9999123451,9999123452,1,1
MP00000185,MP00000185,2023-09-07,13:58:27,PL006,MIL0229575,x@x.com,9999123456,9999123451,9999123452,1,1
MP00000186,MP00000186,2023-09-07,13:58:27,PL002,MIL0508054,x@x.com,9999123456,9999123451,9999123452,1,1
MP00000187,MP00000187,2023-09-07,13:58:27,PL008,MIL0030881,x@x.com,9999123456,9999123451,9999123452,1,1
MP00000188,MP00000188,2023-09-07,13:58:27,PL001,MIL0571858,x@x.com,9999123456,9999123451,9999123452,1,1
MP00000189,MP00000189,2023-09-07,13:58:27,PL012,MIL0490589,x@x.com,9999123456,9999123451,9999123452,1,1
MP00000190,MP00000190,2023-09-07,13:58:27,PL010,MIL0152509,x@x.com,9999123456,9999123451,9999123452,1,1
MP00000191,MP00000191,2023-09-07,13:58:27,PL001,MIL0211862,x@x.com,9999123456,9999123451,9999123452,1,1
MP00000192,MP00000192,2023-09-07,13:58:27,PL004,MIL0376132,x@x.com,9999123456,9999123451,9999123452,1,1
MP00000193,MP00000193,2023-09-07,13:58:27,PL008,MIL0109093,x@x.com,9999123456,9999123451,9999123452,1,1
MP00000194,MP00000194,2023-09-07,13:58:27,PL004,MIL0270338,x@x.com,9999123456,9999123451,9999123452,1,1
MP00000195,MP00000195,2023-09-07,13:58:27,PL002,MIL0161325,x@x.com,9999123456,9999123451,9999123452,1,1
MP00000196,MP00000196,2023-09-07,13:58:27,PL002,MIL0167942,x@x.com,9999123456,9999123451,9999123452,1,1
MP00000197,MP00000197,2023-09-07,13:58:27,PL007,MIL0220020,x@x.com,9999123456,9999123451,9999123452,1,1
MP00000198,MP00000198,2023-09-07,13:58:27,PL003,MIL0410368,x@x.com,9999123456,9999123451,9999123452,1,1
MP00000199,MP00000199,2023-09-07,13:58:27,PL004,MIL0498817,x@x.com,9999123456,9999123451,9999123452,1,1
MP00000200,MP00000200,2023-09-07,13:58:27,PL011,MIL0300975,x@x.com,9999123456,9999123451,9999123452,1,1
MP00000201,MP00000201,2023-09-07,13:58:27,PL009,MIL0047498,x@x.com,9999123456,9999123451,9999123452,1,1
MP00000202,MP00000202,2023-09-07,13:58:27,PL005,MIL0574143,x@x.com,9999123456,9999123451,9999123452,1,1
MP00000203,MP00000203,2023-09-07,13:58:27,PL011,MIL0564456,x@x.com,9999123456,9999123451,9999123452,1,1
MP00000204,MP00000204,2023-09-07,13:58:27,PL009,MIL0475808,x@x.com,9999123456,9999123451,9999123452,1,1
MP00000205,MP00000205,2023-09-07,13:58:27,PL006,MIL0470331,x@x.com,9999123456,9999123451,9999123452,1,1
MP00000206,MP00000206,2023-09-07,13:58:27,PL012,MIL0477506,x@x.com,9999123456,9999123451,9999123452,1,1
MP00000207,MP00000207,2023-09-07,13:58:27,PL007,MIL0142835,x@x.com,9999123456,9999123451,9999123452,1,1
MP00000208,MP00000208,2023-09-07,13:58:27,PL005,MIL0221322,x@x.com,9999123456,9999123451,9999123452,1,1
MP00000209,MP00000209,2023-09-07,13:58:27,PL010,MIL0303451,x@x.com,9999123456,9999123451,9999123452,1,1
MP00000210,MP00000210,2023-09-07,13:58:27,PL012,MIL0282358,x@x.com,9999123456,9999123451,9999123452,1,1
MP00000211,MP00000211,2023-09-07,13:58:27,PL006,MIL0044793,x@x.com,9999123456,9999123451,9999123452,1,1
MP00000212,MP00000212,2023-09-07,13:58:27,PL006,MIL0470343,x@x.com,9999123456,9999123451,9999123452,1,1
MP00000213,MP00000213,2023-09-07,13:58:27,PL004,MIL0225546,x@x.com,9999123456,9999123451,9999123452,1,1
MP00000214,MP00000214,2023-09-07,13:58:27,PL005,MIL0577341,x@x.com,9999123456,9999123451,9999123452,1,1
MP00000215,MP00000215,2023-09-07,13:58:27,PL003,MIL0245939,x@x.com,9999123456,9999123451,9999123452,1,1
MP00000216,MP00000216,2023-09-07,13:58:27,PL013,MIL0523977,x@x.com,9999123456,9999123451,9999123452,1,1
MP00000217,MP00000217,2023-09-07,13:58:27,PL004,MIL0472695,x@x.com,9999123456,9999123451,9999123452,1,1
MP00000218,MP00000218,2023-09-07,13:58:27,PL006,MIL0159624,x@x.com,9999123456,9999123451,9999123452,1,1
MP00000219,MP00000219,2023-09-07,13:58:27,PL011,MIL0436277,x@x.com,9999123456,9999123451,9999123452,1,1
MP00000220,MP00000220,2023-09-07,13:58:27,PL007,MIL0527477,x@x.com,9999123456,9999123451,9999123452,1,1
MP00000221,MP00000221,2023-09-07,13:58:27,PL011,MIL0305092,x@x.com,9999123456,9999123451,9999123452,1,1
MP00000222,MP00000222,2023-09-07,13:58:27,PL008,MIL0555777,x@x.com,9999123456,9999123451,9999123452,1,1
MP00000223,MP00000223,2023-09-07,13:58:27,PL002,MIL0545444,x@x.com,9999123456,9999123451,9999123452,1,1
MP00000224,MP00000224,2023-09-07,13:58:27,PL011,MIL0197842,x@x.com,9999123456,9999123451,9999123452,1,1
MP00000225,MP00000225,2023-09-07,13:58:27,PL005,MIL0037762,x@x.com,9999123456,9999123451,9999123452,1,1
MP00000226,MP00000226,2023-09-07,13:58:27,PL004,MIL0342417,x@x.com,9999123456,9999123451,9999123452,1,1
MP00000227,MP00000227,2023-09-07,13:58:27,PL011,MIL0048561,x@x.com,9999123456,9999123451,9999123452,1,1
MP00000228,MP00000228,2023-09-07,13:58:27,PL010,MIL0353674,x@x.com,9999123456,9999123451,9999123452,1,1
MP00000229,MP00000229,2023-09-07,13:58:27,PL005,MIL0378068,x@x.com,9999123456,9999123451,9999123452,1,1
MP00000230,MP00000230,2023-09-07,13:58:27,PL006,MIL0151038,x@x.com,9999123456,9999123451,9999123452,1,1
MP00000231,MP00000231,2023-09-07,13:58:27,PL006,MIL0231538,x@x.com,9999123456,9999123451,9999123452,1,1
MP00000232,MP00000232,2023-09-07,13:58:27,PL007,MIL0360694,x@x.com,9999123456,9999123451,9999123452,1,1
MP00000233,MP00000233,2023-09-07,13:58:27,PL004,MIL0575491,x@x.com,9999123456,9999123451,9999123452,1,1
MP00000234,MP00000234,2023-09-07,13:58:27,PL001,MIL0174238,x@x.com,9999123456,9999123451,9999123452,1,1
MP00000235,MP00000235,2023-09-07,13:58:27,PL012,MIL0415537,x@x.com,9999123456,9999123451,9999123452,1,1
MP00000236,MP00000236,2023-09-07,13:58:27,PL001,MIL0306417,x@x.com,9999123456,9999123451,9999123452,1,1
MP00000237,MP00000237,2023-09-07,13:58:27,PL007,MIL0090586,x@x.com,9999123456,9999123451,9999123452,1,1
MP00000238,MP00000238,2023-09-07,13:58:27,PL010,MIL0243634,x@x.com,9999123456,9999123451,9999123452,1,1
MP00000239,MP00000239,2023-09-07,13:58:27,PL011,MIL0261767,x@x.com,9999123456,9999123451,9999123452,1,1
MP00000240,MP00000240,2023-09-07,13:58:27,PL012,MIL0264569,x@x.com,9999123456,9999123451,9999123452,1,1
MP00000241,MP00000241,2023-09-07,13:58:27,PL013,MIL0120695,x@x.com,9999123456,9999123451,9999123452,1,1
MP00000242,MP00000242,2023-09-07,13:58:27,PL003,MIL0327762,x@x.com,9999123456,9999123451,9999123452,1,1
MP00000243,MP00000243,2023-09-07,13:58:27,PL007,MIL0042181,x@x.com,9999123456,9999123451,9999123452,1,1
MP00000244,MP00000244,2023-09-07,13:58:27,PL002,MIL0526027,x@x.com,9999123456,9999123451,9999123452,1,1
MP00000245,MP00000245,2023-09-07,13:58:27,PL010,MIL0195075,x@x.com,9999123456,9999123451,9999123452,1,1
MP00000246,MP00000246,2023-09-07,13:58:27,PL012,MIL0487022,x@x.com,9999123456,9999123451,9999123452,1,1
MP00000247,MP00000247,2023-09-07,13:58:27,PL009,MIL0202424,x@x.com,9999123456,9999123451,9999123452,1,1
MP00000248,MP00000248,2023-09-07,13:58:27,PL011,MIL0233474,x@x.com,9999123456,9999123451,9999123452,1,1
MP00000249,MP00000249,2023-09-07,13:58:27,PL010,MIL0187869,x@x.com,9999123456,9999123451,9999123452,1,1
MP00000250,MP00000250,2023-09-07,13:58:27,PL013,MIL0370696,x@x.com,9999123456,9999123451,9999123452,1,1
MP00000251,MP00000251,2023-09-07,13:58:27,PL005,MIL0046812,x@x.com,9999123456,9999123451,9999123452,1,1
MP00000252,MP00000252,2023-09-07,13:58:27,PL012,MIL0209370,x@x.com,9999123456,9999123451,9999123452,1,1
MP00000253,MP00000253,2023-09-07,13:58:27,PL009,MIL0126886,x@x.com,9999123456,9999123451,9999123452,1,1
MP00000254,MP00000254,2023-09-07,13:58:27,PL013,MIL0055903,x@x.com,9999123456,9999123451,9999123452,1,1
MP00000255,MP00000255,2023-09-07,13:58:27,PL007,MIL0497769,x@x.com,9999123456,9999123451,9999123452,1,1
MP00000256,MP00000256,2023-09-07,13:58:27,PL003,MIL0113691,x@x.com,9999123456,9999123451,9999123452,1,1
MP00000257,MP00000257,2023-09-07,13:58:27,PL006,MIL0471090,x@x.com,9999123456,9999123451,9999123452,1,1
MP00000258,MP00000258,2023-09-07,13:58:27,PL012,MIL0419045,x@x.com,9999123456,9999123451,9999123452,1,1
MP00000259,MP00000259,2023-09-07,13:58:27,PL006,MIL0069362,x@x.com,9999123456,9999123451,9999123452,1,1
MP00000260,MP00000260,2023-09-07,13:58:27,PL003,MIL0016701,x@x.com,9999123456,9999123451,9999123452,1,1
MP00000261,MP00000261,2023-09-07,13:58:27,PL006,MIL0504409,x@x.com,9999123456,9999123451,9999123452,1,1
MP00000262,MP00000262,2023-09-07,13:58:27,PL010,MIL0025614,x@x.com,9999123456,9999123451,9999123452,1,1
MP00000263,MP00000263,2023-09-07,13:58:27,PL001,MIL0514347,x@x.com,9999123456,9999123451,9999123452,1,1
MP00000264,MP00000264,2023-09-07,13:58:27,PL002,MIL0326611,x@x.com,9999123456,9999123451,9999123452,1,1
MP00000265,MP00000265,2023-09-07,13:58:27,PL009,MIL0331077,x@x.com,9999123456,9999123451,9999123452,1,1
MP00000266,MP00000266,2023-09-07,13:58:27,PL005,MIL0514776,x@x.com,9999123456,9999123451,9999123452,1,1
MP00000267,MP00000267,2023-09-07,13:58:27,PL010,MIL0081368,x@x.com,9999123456,9999123451,9999123452,1,1
MP00000268,MP00000268,2023-09-07,13:58:27,PL004,MIL0096250,x@x.com,9999123456,9999123451,9999123452,1,1
MP00000269,MP00000269,2023-09-07,13:58:27,PL008,MIL0509969,x@x.com,9999123456,9999123451,9999123452,1,1
MP00000270,MP00000270,2023-09-07,13:58:27,PL012,MIL0013196,x@x.com,9999123456,9999123451,9999123452,1,1
MP00000271,MP00000271,2023-09-07,13:58:27,PL013,MIL0020554,x@x.com,9999123456,9999123451,9999123452,1,1
MP00000272,MP00000272,2023-09-07,13:58:27,PL013,MIL0072167,x@x.com,9999123456,9999123451,9999123452,1,1
MP00000273,MP00000273,2023-09-07,13:58:27,PL003,MIL0249819,x@x.com,9999123456,9999123451,9999123452,1,1
MP00000274,MP00000274,2023-09-07,13:58:27,PL007,MIL0516727,x@x.com,9999123456,9999123451,9999123452,1,1
MP00000275,MP00000275,2023-09-07,13:58:27,PL013,MIL0581006,x@x.com,9999123456,9999123451,9999123452,1,1
MP00000276,MP00000276,2023-09-07,13:58:27,PL013,MIL0267829,x@x.com,9999123456,9999123451,9999123452,1,1
MP00000277,MP00000277,2023-09-07,13:58:27,PL011,MIL0489518,x@x.com,9999123456,9999123451,9999123452,1,1
MP00000278,MP00000278,2023-09-07,13:58:27,PL011,MIL0177112,x@x.com,9999123456,9999123451,9999123452,1,1
MP00000279,MP00000279,2023-09-07,13:58:27,PL002,MIL0460963,x@x.com,9999123456,9999123451,9999123452,1,1
MP00000280,MP00000280,2023-09-07,13:58:27,PL011,MIL0460620,x@x.com,9999123456,9999123451,9999123452,1,1
MP00000281,MP00000281,2023-09-07,13:58:27,PL001,MIL0430529,x@x.com,9999123456,9999123451,9999123452,1,1
MP00000282,MP00000282,2023-09-07,13:58:27,PL003,MIL0464239,x@x.com,9999123456,9999123451,9999123452,1,1
MP00000283,MP00000283,2023-09-07,13:58:27,PL005,MIL0361674,x@x.com,9999123456,9999123451,9999123452,1,1
MP00000284,MP00000284,2023-09-07,13:58:27,PL008,MIL0449303,x@x.com,9999123456,9999123451,9999123452,1,1
MP00000285,MP00000285,2023-09-07,13:58:27,PL012,MIL0451289,x@x.com,9999123456,9999123451,9999123452,1,1
MP00000286,MP00000286,2023-09-07,13:58:27,PL012,MIL0270642,x@x.com,9999123456,9999123451,9999123452,1,1
MP00000287,MP00000287,2023-09-07,13:58:27,PL002,MIL0217140,x@x.com,9999123456,9999123451,9999123452,1,1
MP00000288,MP00000288,2023-09-07,13:58:27,PL004,MIL0433063,x@x.com,9999123456,9999123451,9999123452,1,1
MP00000289,MP00000289,2023-09-07,13:58:27,PL005,MIL0485087,x@x.com,9999123456,9999123451,9999123452,1,1
MP00000290,MP00000290,2023-09-07,13:58:27,PL003,MIL0118773,x@x.com,9999123456,9999123451,9999123452,1,1
MP00000291,MP00000291,2023-09-07,13:58:27,PL010,MIL0459148,x@x.com,9999123456,9999123451,9999123452,1,1
MP00000292,MP00000292,2023-09-07,13:58:27,PL007,MIL0482040,x@x.com,9999123456,9999123451,9999123452,1,1
MP00000293,MP00000293,2023-09-07,13:58:27,PL004,MIL0341818,x@x.com,9999123456,9999123451,9999123452,1,1
MP00000294,MP00000294,2023-09-07,13:58:27,PL002,MIL0152177,x@x.com,9999123456,9999123451,9999123452,1,1
MP00000295,MP00000295,2023-09-07,13:58:27,PL008,MIL0272474,x@x.com,9999123456,9999123451,9999123452,1,1
MP00000296,MP00000296,2023-09-07,13:58:27,PL003,MIL0470837,x@x.com,9999123456,9999123451,9999123452,1,1
MP00000297,MP00000297,2023-09-07,13:58:27,PL011,MIL0255858,x@x.com,9999123456,9999123451,9999123452,1,1
MP00000298,MP00000298,2023-09-07,13:58:27,PL010,MIL0154322,x@x.com,9999123456,9999123451,9999123452,1,1
MP00000299,MP00000299,2023-09-07,13:58:27,PL009,MIL0416894,x@x.com,9999123456,9999123451,9999123452,1,1
MP00000300,MP00000300,2023-09-07,13:58:27,PL001,MIL0103132,x@x.com,9999123456,9999123451,9999123452,1,1
MP00000301,MP00000301,2023-09-07,13:58:27,PL013,MIL0334568,x@x.com,9999123456,9999123451,9999123452,1,1
MP00000302,MP00000302,2023-09-07,13:58:27,PL013,MIL0225513,x@x.com,9999123456,9999123451,9999123452,1,1
MP00000303,MP00000303,2023-09-07,13:58:27,PL004,MIL0185285,x@x.com,9999123456,9999123451,9999123452,1,1
MP00000304,MP00000304,2023-09-07,13:58:27,PL001,MIL0276485,x@x.com,9999123456,9999123451,9999123452,1,1
MP00000305,MP00000305,2023-09-07,13:58:27,PL010,MIL0424616,x@x.com,9999123456,9999123451,9999123452,1,1
MP00000306,MP00000306,2023-09-07,13:58:27,PL013,MIL0408905,x@x.com,9999123456,9999123451,9999123452,1,1
MP00000307,MP00000307,2023-09-07,13:58:27,PL004,MIL0427490,x@x.com,9999123456,9999123451,9999123452,1,1
MP00000308,MP00000308,2023-09-07,13:58:27,PL005,MIL0170780,x@x.com,9999123456,9999123451,9999123452,1,1
MP00000309,MP00000309,2023-09-07,13:58:27,PL007,MIL0310140,x@x.com,9999123456,9999123451,9999123452,1,1
MP00000310,MP00000310,2023-09-07,13:58:27,PL003,MIL0380139,x@x.com,9999123456,9999123451,9999123452,1,1
MP00000311,MP00000311,2023-09-07,13:58:27,PL003,MIL0157978,x@x.com,9999123456,9999123451,9999123452,1,1
MP00000312,MP00000312,2023-09-07,13:58:27,PL002,MIL0170791,x@x.com,9999123456,9999123451,9999123452,1,1
MP00000313,MP00000313,2023-09-07,13:58:27,PL012,MIL0171287,x@x.com,9999123456,9999123451,9999123452,1,1
MP00000314,MP00000314,2023-09-07,13:58:27,PL007,MIL0353386,x@x.com,9999123456,9999123451,9999123452,1,1
MP00000315,MP00000315,2023-09-07,13:58:27,PL003,MIL0456376,x@x.com,9999123456,9999123451,9999123452,1,1
MP00000316,MP00000316,2023-09-07,13:58:27,PL008,MIL0374332,x@x.com,9999123456,9999123451,9999123452,1,1
MP00000317,MP00000317,2023-09-07,13:58:27,PL001,MIL0399285,x@x.com,9999123456,9999123451,9999123452,1,1
MP00000318,MP00000318,2023-09-07,13:58:27,PL004,MIL0287202,x@x.com,9999123456,9999123451,9999123452,1,1
MP00000319,MP00000319,2023-09-07,13:58:27,PL011,MIL0094189,x@x.com,9999123456,9999123451,9999123452,1,1
MP00000320,MP00000320,2023-09-07,13:58:27,PL012,MIL0275661,x@x.com,9999123456,9999123451,9999123452,1,1
MP00000321,MP00000321,2023-09-07,13:58:27,PL005,MIL0504721,x@x.com,9999123456,9999123451,9999123452,1,1
MP00000322,MP00000322,2023-09-07,13:58:27,PL011,MIL0217085,x@x.com,9999123456,9999123451,9999123452,1,1
MP00000323,MP00000323,2023-09-07,13:58:27,PL012,MIL0040294,x@x.com,9999123456,9999123451,9999123452,1,1
MP00000324,MP00000324,2023-09-07,13:58:27,PL011,MIL0285658,x@x.com,9999123456,9999123451,9999123452,1,1
MP00000325,MP00000325,2023-09-07,13:58:27,PL006,MIL0493938,x@x.com,9999123456,9999123451,9999123452,1,1
MP00000326,MP00000326,2023-09-07,13:58:27,PL012,MIL0459877,x@x.com,9999123456,9999123451,9999123452,1,1
MP00000327,MP00000327,2023-09-07,13:58:27,PL005,MIL0200886,x@x.com,9999123456,9999123451,9999123452,1,1
MP00000328,MP00000328,2023-09-07,13:58:27,PL008,MIL0522457,x@x.com,9999123456,9999123451,9999123452,1,1
MP00000329,MP00000329,2023-09-07,13:58:27,PL009,MIL0059480,x@x.com,9999123456,9999123451,9999123452,1,1
MP00000330,MP00000330,2023-09-07,13:58:27,PL011,MIL0256249,x@x.com,9999123456,9999123451,9999123452,1,1
MP00000331,MP00000331,2023-09-07,13:58:27,PL004,MIL0111808,x@x.com,9999123456,9999123451,9999123452,1,1
MP00000332,MP00000332,2023-09-07,13:58:27,PL005,MIL0358020,x@x.com,9999123456,9999123451,9999123452,1,1
MP00000333,MP00000333,2023-09-07,13:58:27,PL011,MIL0580103,x@x.com,9999123456,9999123451,9999123452,1,1
MP00000334,MP00000334,2023-09-07,13:58:27,PL008,MIL0385789,x@x.com,9999123456,9999123451,9999123452,1,1
MP00000335,MP00000335,2023-09-07,13:58:27,PL004,MIL0361279,x@x.com,9999123456,9999123451,9999123452,1,1
MP00000336,MP00000336,2023-09-07,13:58:27,PL007,MIL0023919,x@x.com,9999123456,9999123451,9999123452,1,1
MP00000337,MP00000337,2023-09-07,13:58:27,PL001,MIL0365839,x@x.com,9999123456,9999123451,9999123452,1,1
MP00000338,MP00000338,2023-09-07,13:58:27,PL007,MIL0308623,x@x.com,9999123456,9999123451,9999123452,1,1
MP00000339,MP00000339,2023-09-07,13:58:27,PL007,MIL0234353,x@x.com,9999123456,9999123451,9999123452,1,1
MP00000340,MP00000340,2023-09-07,13:58:27,PL009,MIL0355054,x@x.com,9999123456,9999123451,9999123452,1,1
MP00000341,MP00000341,2023-09-07,13:58:27,PL013,MIL0139461,x@x.com,9999123456,9999123451,9999123452,1,1
MP00000342,MP00000342,2023-09-07,13:58:27,PL006,MIL0193193,x@x.com,9999123456,9999123451,9999123452,1,1
MP00000343,MP00000343,2023-09-07,13:58:27,PL004,MIL0187088,x@x.com,9999123456,9999123451,9999123452,1,1
MP00000344,MP00000344,2023-09-07,13:58:27,PL006,MIL0478730,x@x.com,9999123456,9999123451,9999123452,1,1
MP00000345,MP00000345,2023-09-07,13:58:27,PL002,MIL0350690,x@x.com,9999123456,9999123451,9999123452,1,1
MP00000346,MP00000346,2023-09-07,13:58:27,PL007,MIL0408992,x@x.com,9999123456,9999123451,9999123452,1,1
MP00000347,MP00000347,2023-09-07,13:58:27,PL006,MIL0560243,x@x.com,9999123456,9999123451,9999123452,1,1
MP00000348,MP00000348,2023-09-07,13:58:27,PL001,MIL0312913,x@x.com,9999123456,9999123451,9999123452,1,1
MP00000349,MP00000349,2023-09-07,13:58:27,PL010,MIL0016787,x@x.com,9999123456,9999123451,9999123452,1,1
MP00000350,MP00000350,2023-09-07,13:58:27,PL010,MIL0084885,x@x.com,9999123456,9999123451,9999123452,1,1
MP00000351,MP00000351,2023-09-07,13:58:27,PL013,MIL0157592,x@x.com,9999123456,9999123451,9999123452,1,1
MP00000352,MP00000352,2023-09-07,13:58:27,PL011,MIL0529608,x@x.com,9999123456,9999123451,9999123452,1,1
MP00000353,MP00000353,2023-09-07,13:58:27,PL004,MIL0096941,x@x.com,9999123456,9999123451,9999123452,1,1
MP00000354,MP00000354,2023-09-07,13:58:27,PL001,MIL0426504,x@x.com,9999123456,9999123451,9999123452,1,1
MP00000355,MP00000355,2023-09-07,13:58:27,PL002,MIL0355851,x@x.com,9999123456,9999123451,9999123452,1,1
MP00000356,MP00000356,2023-09-07,13:58:27,PL012,MIL0010475,x@x.com,9999123456,9999123451,9999123452,1,1
MP00000357,MP00000357,2023-09-07,13:58:27,PL003,MIL0572866,x@x.com,9999123456,9999123451,9999123452,1,1
MP00000358,MP00000358,2023-09-07,13:58:27,PL010,MIL0230350,x@x.com,9999123456,9999123451,9999123452,1,1
MP00000359,MP00000359,2023-09-07,13:58:27,PL008,MIL0486683,x@x.com,9999123456,9999123451,9999123452,1,1
MP00000360,MP00000360,2023-09-07,13:58:27,PL006,MIL0506775,x@x.com,9999123456,9999123451,9999123452,1,1
MP00000361,MP00000361,2023-09-07,13:58:27,PL009,MIL0299109,x@x.com,9999123456,9999123451,9999123452,1,1
MP00000362,MP00000362,2023-09-07,13:58:27,PL006,MIL0451442,x@x.com,9999123456,9999123451,9999123452,1,1
MP00000363,MP00000363,2023-09-07,13:58:27,PL004,MIL0262941,x@x.com,9999123456,9999123451,9999123452,1,1
MP00000364,MP00000364,2023-09-07,13:58:27,PL008,MIL0115500,x@x.com,9999123456,9999123451,9999123452,1,1
MP00000365,MP00000365,2023-09-07,13:58:27,PL003,MIL0282966,x@x.com,9999123456,9999123451,9999123452,1,1
MP00000366,MP00000366,2023-09-07,13:58:27,PL002,MIL0499694,x@x.com,9999123456,9999123451,9999123452,1,1
MP00000367,MP00000367,2023-09-07,13:58:27,PL004,MIL0422799,x@x.com,9999123456,9999123451,9999123452,1,1
MP00000368,MP00000368,2023-09-07,13:58:27,PL011,MIL0564882,x@x.com,9999123456,9999123451,9999123452,1,1
MP00000369,MP00000369,2023-09-07,13:58:27,PL009,MIL0298148,x@x.com,9999123456,9999123451,9999123452,1,1
MP00000370,MP00000370,2023-09-07,13:58:27,PL010,MIL0068181,x@x.com,9999123456,9999123451,9999123452,1,1
MP00000371,MP00000371,2023-09-07,13:58:27,PL001,MIL0308414,x@x.com,9999123456,9999123451,9999123452,1,1
MP00000372,MP00000372,2023-09-07,13:58:27,PL003,MIL0536075,x@x.com,9999123456,9999123451,9999123452,1,1
MP00000373,MP00000373,2023-09-07,13:58:27,PL006,MIL0246057,x@x.com,9999123456,9999123451,9999123452,1,1
MP00000374,MP00000374,2023-09-07,13:58:27,PL004,MIL0452137,x@x.com,9999123456,9999123451,9999123452,1,1
MP00000375,MP00000375,2023-09-07,13:58:27,PL005,MIL0563859,x@x.com,9999123456,9999123451,9999123452,1,1
MP00000376,MP00000376,2023-09-07,13:58:27,PL005,MIL0451160,x@x.com,9999123456,9999123451,9999123452,1,1
MP00000377,MP00000377,2023-09-07,13:58:27,PL007,MIL0361235,x@x.com,9999123456,9999123451,9999123452,1,1
MP00000378,MP00000378,2023-09-07,13:58:27,PL004,MIL0419845,x@x.com,9999123456,9999123451,9999123452,1,1
MP00000379,MP00000379,2023-09-07,13:58:27,PL006,MIL0492352,x@x.com,9999123456,9999123451,9999123452,1,1
MP00000380,MP00000380,2023-09-07,13:58:27,PL013,MIL0015139,x@x.com,9999123456,9999123451,9999123452,1,1
MP00000381,MP00000381,2023-09-07,13:58:27,PL005,MIL0016433,x@x.com,9999123456,9999123451,9999123452,1,1
MP00000382,MP00000382,2023-09-07,13:58:27,PL002,MIL0440608,x@x.com,9999123456,9999123451,9999123452,1,1
MP00000383,MP00000383,2023-09-07,13:58:27,PL003,MIL0494943,x@x.com,9999123456,9999123451,9999123452,1,1
MP00000384,MP00000384,2023-09-07,13:58:27,PL008,MIL0010316,x@x.com,9999123456,9999123451,9999123452,1,1
MP00000385,MP00000385,2023-09-07,13:58:27,PL006,MIL0115300,x@x.com,9999123456,9999123451,9999123452,1,1
MP00000386,MP00000386,2023-09-07,13:58:27,PL013,MIL0285120,x@x.com,9999123456,9999123451,9999123452,1,1
MP00000387,MP00000387,2023-09-07,13:58:27,PL003,MIL0498595,x@x.com,9999123456,9999123451,9999123452,1,1
MP00000388,MP00000388,2023-09-07,13:58:27,PL010,MIL0021947,x@x.com,9999123456,9999123451,9999123452,1,1
MP00000389,MP00000389,2023-09-07,13:58:27,PL004,MIL0323841,x@x.com,9999123456,9999123451,9999123452,1,1
MP00000390,MP00000390,2023-09-07,13:58:27,PL008,MIL0133344,x@x.com,9999123456,9999123451,9999123452,1,1
MP00000391,MP00000391,2023-09-07,13:58:27,PL004,MIL0224900,x@x.com,9999123456,9999123451,9999123452,1,1
MP00000392,MP00000392,2023-09-07,13:58:27,PL004,MIL0283957,x@x.com,9999123456,9999123451,9999123452,1,1
MP00000393,MP00000393,2023-09-07,13:58:27,PL013,MIL0177167,x@x.com,9999123456,9999123451,9999123452,1,1
MP00000394,MP00000394,2023-09-07,13:58:27,PL003,MIL0082512,x@x.com,9999123456,9999123451,9999123452,1,1
MP00000395,MP00000395,2023-09-07,13:58:27,PL006,MIL0375688,x@x.com,9999123456,9999123451,9999123452,1,1
MP00000396,MP00000396,2023-09-07,13:58:27,PL006,MIL0127076,x@x.com,9999123456,9999123451,9999123452,1,1
MP00000397,MP00000397,2023-09-07,13:58:27,PL009,MIL0067609,x@x.com,9999123456,9999123451,9999123452,1,1
MP00000398,MP00000398,2023-09-07,13:58:27,PL010,MIL0268442,x@x.com,9999123456,9999123451,9999123452,1,1
MP00000399,MP00000399,2023-09-07,13:58:27,PL006,MIL0257723,x@x.com,9999123456,9999123451,9999123452,1,1
MP00000400,MP00000400,2023-09-07,13:58:27,PL003,MIL0455249,x@x.com,9999123456,9999123451,9999123452,1,1
MP00000401,MP00000401,2023-09-07,13:58:27,PL007,MIL0367982,x@x.com,9999123456,9999123451,9999123452,1,1
MP00000402,MP00000402,2023-09-07,13:58:27,PL003,MIL0499288,x@x.com,9999123456,9999123451,9999123452,1,1
MP00000403,MP00000403,2023-09-07,13:58:27,PL013,MIL0164945,x@x.com,9999123456,9999123451,9999123452,1,1
MP00000404,MP00000404,2023-09-07,13:58:27,PL007,MIL0438545,x@x.com,9999123456,9999123451,9999123452,1,1
MP00000405,MP00000405,2023-09-07,13:58:27,PL008,MIL0135161,x@x.com,9999123456,9999123451,9999123452,1,1
MP00000406,MP00000406,2023-09-07,13:58:27,PL005,MIL0208889,x@x.com,9999123456,9999123451,9999123452,1,1
MP00000407,MP00000407,2023-09-07,13:58:27,PL010,MIL0270871,x@x.com,9999123456,9999123451,9999123452,1,1
MP00000408,MP00000408,2023-09-07,13:58:27,PL013,MIL0074779,x@x.com,9999123456,9999123451,9999123452,1,1
MP00000409,MP00000409,2023-09-07,13:58:27,PL002,MIL0347757,x@x.com,9999123456,9999123451,9999123452,1,1
MP00000410,MP00000410,2023-09-07,13:58:27,PL010,MIL0018962,x@x.com,9999123456,9999123451,9999123452,1,1
MP00000411,MP00000411,2023-09-07,13:58:27,PL001,MIL0013689,x@x.com,9999123456,9999123451,9999123452,1,1
MP00000412,MP00000412,2023-09-07,13:58:27,PL013,MIL0152266,x@x.com,9999123456,9999123451,9999123452,1,1
MP00000413,MP00000413,2023-09-07,13:58:27,PL006,MIL0065547,x@x.com,9999123456,9999123451,9999123452,1,1
MP00000414,MP00000414,2023-09-07,13:58:27,PL003,MIL0058988,x@x.com,9999123456,9999123451,9999123452,1,1
MP00000415,MP00000415,2023-09-07,13:58:27,PL012,MIL0174263,x@x.com,9999123456,9999123451,9999123452,1,1
MP00000416,MP00000416,2023-09-07,13:58:27,PL008,MIL0477413,x@x.com,9999123456,9999123451,9999123452,1,1
MP00000417,MP00000417,2023-09-07,13:58:27,PL013,MIL0269983,x@x.com,9999123456,9999123451,9999123452,1,1
MP00000418,MP00000418,2023-09-07,13:58:27,PL003,MIL0320945,x@x.com,9999123456,9999123451,9999123452,1,1
MP00000419,MP00000419,2023-09-07,13:58:27,PL006,MIL0356382,x@x.com,9999123456,9999123451,9999123452,1,1
MP00000420,MP00000420,2023-09-07,13:58:27,PL006,MIL0453940,x@x.com,9999123456,9999123451,9999123452,1,1
MP00000421,MP00000421,2023-09-07,13:58:27,PL013,MIL0337881,x@x.com,9999123456,9999123451,9999123452,1,1
MP00000422,MP00000422,2023-09-07,13:58:27,PL010,MIL0205615,x@x.com,9999123456,9999123451,9999123452,1,1
MP00000423,MP00000423,2023-09-07,13:58:27,PL006,MIL0257462,x@x.com,9999123456,9999123451,9999123452,1,1
MP00000424,MP00000424,2023-09-07,13:58:27,PL002,MIL0336119,x@x.com,9999123456,9999123451,9999123452,1,1
MP00000425,MP00000425,2023-09-07,13:58:27,PL008,MIL0579067,x@x.com,9999123456,9999123451,9999123452,1,1
MP00000426,MP00000426,2023-09-07,13:58:27,PL001,MIL0072022,x@x.com,9999123456,9999123451,9999123452,1,1
MP00000427,MP00000427,2023-09-07,13:58:27,PL003,MIL0282255,x@x.com,9999123456,9999123451,9999123452,1,1
MP00000428,MP00000428,2023-09-07,13:58:27,PL012,MIL0082087,x@x.com,9999123456,9999123451,9999123452,1,1
MP00000429,MP00000429,2023-09-07,13:58:27,PL010,MIL0159198,x@x.com,9999123456,9999123451,9999123452,1,1
MP00000430,MP00000430,2023-09-07,13:58:27,PL006,MIL0055334,x@x.com,9999123456,9999123451,9999123452,1,1
MP00000431,MP00000431,2023-09-07,13:58:27,PL002,MIL0032104,x@x.com,9999123456,9999123451,9999123452,1,1
MP00000432,MP00000432,2023-09-07,13:58:27,PL008,MIL0205157,x@x.com,9999123456,9999123451,9999123452,1,1
MP00000433,MP00000433,2023-09-07,13:58:27,PL013,MIL0427483,x@x.com,9999123456,9999123451,9999123452,1,1
MP00000434,MP00000434,2023-09-07,13:58:27,PL005,MIL0242351,x@x.com,9999123456,9999123451,9999123452,1,1
MP00000435,MP00000435,2023-09-07,13:58:27,PL007,MIL0519457,x@x.com,9999123456,9999123451,9999123452,1,1
MP00000436,MP00000436,2023-09-07,13:58:27,PL006,MIL0130319,x@x.com,9999123456,9999123451,9999123452,1,1
MP00000437,MP00000437,2023-09-07,13:58:27,PL011,MIL0203404,x@x.com,9999123456,9999123451,9999123452,1,1
MP00000438,MP00000438,2023-09-07,13:58:27,PL004,MIL0074820,x@x.com,9999123456,9999123451,9999123452,1,1
MP00000439,MP00000439,2023-09-07,13:58:27,PL011,MIL0561114,x@x.com,9999123456,9999123451,9999123452,1,1
MP00000440,MP00000440,2023-09-07,13:58:27,PL001,MIL0108578,x@x.com,9999123456,9999123451,9999123452,1,1
MP00000441,MP00000441,2023-09-07,13:58:27,PL011,MIL0451149,x@x.com,9999123456,9999123451,9999123452,1,1
MP00000442,MP00000442,2023-09-07,13:58:27,PL007,MIL0560875,x@x.com,9999123456,9999123451,9999123452,1,1
MP00000443,MP00000443,2023-09-07,13:58:27,PL010,MIL0409041,x@x.com,9999123456,9999123451,9999123452,1,1
MP00000444,MP00000444,2023-09-07,13:58:27,PL002,MIL0083797,x@x.com,9999123456,9999123451,9999123452,1,1
MP00000445,MP00000445,2023-09-07,13:58:27,PL005,MIL0522370,x@x.com,9999123456,9999123451,9999123452,1,1
MP00000446,MP00000446,2023-09-07,13:58:27,PL005,MIL0065249,x@x.com,9999123456,9999123451,9999123452,1,1
MP00000447,MP00000447,2023-09-07,13:58:27,PL003,MIL0122249,x@x.com,9999123456,9999123451,9999123452,1,1
MP00000448,MP00000448,2023-09-07,13:58:27,PL001,MIL0372783,x@x.com,9999123456,9999123451,9999123452,1,1
MP00000449,MP00000449,2023-09-07,13:58:27,PL012,MIL0466650,x@x.com,9999123456,9999123451,9999123452,1,1
MP00000450,MP00000450,2023-09-07,13:58:27,PL003,MIL0439525,x@x.com,9999123456,9999123451,9999123452,1,1
MP00000451,MP00000451,2023-09-07,13:58:27,PL013,MIL0254761,x@x.com,9999123456,9999123451,9999123452,1,1
MP00000452,MP00000452,2023-09-07,13:58:27,PL006,MIL0550398,x@x.com,9999123456,9999123451,9999123452,1,1
MP00000453,MP00000453,2023-09-07,13:58:27,PL002,MIL0145317,x@x.com,9999123456,9999123451,9999123452,1,1
MP00000454,MP00000454,2023-09-07,13:58:27,PL004,MIL0544764,x@x.com,9999123456,9999123451,9999123452,1,1
MP00000455,MP00000455,2023-09-07,13:58:27,PL013,MIL0513457,x@x.com,9999123456,9999123451,9999123452,1,1
MP00000456,MP00000456,2023-09-07,13:58:27,PL005,MIL0196677,x@x.com,9999123456,9999123451,9999123452,1,1
MP00000457,MP00000457,2023-09-07,13:58:27,PL010,MIL0580286,x@x.com,9999123456,9999123451,9999123452,1,1
MP00000458,MP00000458,2023-09-07,13:58:27,PL009,MIL0377841,x@x.com,9999123456,9999123451,9999123452,1,1
MP00000459,MP00000459,2023-09-07,13:58:27,PL008,MIL0089938,x@x.com,9999123456,9999123451,9999123452,1,1
MP00000460,MP00000460,2023-09-07,13:58:27,PL007,MIL0050639,x@x.com,9999123456,9999123451,9999123452,1,1
MP00000461,MP00000461,2023-09-07,13:58:27,PL001,MIL0408744,x@x.com,9999123456,9999123451,9999123452,1,1
MP00000462,MP00000462,2023-09-07,13:58:27,PL008,MIL0236001,x@x.com,9999123456,9999123451,9999123452,1,1
MP00000463,MP00000463,2023-09-07,13:58:27,PL004,MIL0253805,x@x.com,9999123456,9999123451,9999123452,1,1
MP00000464,MP00000464,2023-09-07,13:58:27,PL005,MIL0279313,x@x.com,9999123456,9999123451,9999123452,1,1
MP00000465,MP00000465,2023-09-07,13:58:27,PL012,MIL0153661,x@x.com,9999123456,9999123451,9999123452,1,1
MP00000466,MP00000466,2023-09-07,13:58:27,PL013,MIL0132728,x@x.com,9999123456,9999123451,9999123452,1,1
MP00000467,MP00000467,2023-09-07,13:58:27,PL001,MIL0127895,x@x.com,9999123456,9999123451,9999123452,1,1
MP00000468,MP00000468,2023-09-07,13:58:27,PL005,MIL0264068,x@x.com,9999123456,9999123451,9999123452,1,1
MP00000469,MP00000469,2023-09-07,13:58:27,PL002,MIL0576158,x@x.com,9999123456,9999123451,9999123452,1,1
MP00000470,MP00000470,2023-09-07,13:58:27,PL011,MIL0166791,x@x.com,9999123456,9999123451,9999123452,1,1
MP00000471,MP00000471,2023-09-07,13:58:27,PL012,MIL0429868,x@x.com,9999123456,9999123451,9999123452,1,1
MP00000472,MP00000472,2023-09-07,13:58:27,PL010,MIL0198813,x@x.com,9999123456,9999123451,9999123452,1,1
MP00000473,MP00000473,2023-09-07,13:58:27,PL006,MIL0291892,x@x.com,9999123456,9999123451,9999123452,1,1
MP00000474,MP00000474,2023-09-07,13:58:27,PL009,MIL0359109,x@x.com,9999123456,9999123451,9999123452,1,1
MP00000475,MP00000475,2023-09-07,13:58:27,PL008,MIL0461819,x@x.com,9999123456,9999123451,9999123452,1,1
MP00000476,MP00000476,2023-09-07,13:58:27,PL009,MIL0576432,x@x.com,9999123456,9999123451,9999123452,1,1
MP00000477,MP00000477,2023-09-07,13:58:27,PL012,MIL0564877,x@x.com,9999123456,9999123451,9999123452,1,1
MP00000478,MP00000478,2023-09-07,13:58:27,PL004,MIL0517833,x@x.com,9999123456,9999123451,9999123452,1,1
MP00000479,MP00000479,2023-09-07,13:58:27,PL002,MIL0200127,x@x.com,9999123456,9999123451,9999123452,1,1
MP00000480,MP00000480,2023-09-07,13:58:27,PL007,MIL0194793,x@x.com,9999123456,9999123451,9999123452,1,1
MP00000481,MP00000481,2023-09-07,13:58:27,PL013,MIL0495825,x@x.com,9999123456,9999123451,9999123452,1,1
MP00000482,MP00000482,2023-09-07,13:58:27,PL008,MIL0521129,x@x.com,9999123456,9999123451,9999123452,1,1
MP00000483,MP00000483,2023-09-07,13:58:27,PL007,MIL0534279,x@x.com,9999123456,9999123451,9999123452,1,1
MP00000484,MP00000484,2023-09-07,13:58:27,PL005,MIL0383197,x@x.com,9999123456,9999123451,9999123452,1,1
MP00000485,MP00000485,2023-09-07,13:58:27,PL003,MIL0414344,x@x.com,9999123456,9999123451,9999123452,1,1
MP00000486,MP00000486,2023-09-07,13:58:27,PL007,MIL0510910,x@x.com,9999123456,9999123451,9999123452,1,1
MP00000487,MP00000487,2023-09-07,13:58:27,PL006,MIL0362759,x@x.com,9999123456,9999123451,9999123452,1,1
MP00000488,MP00000488,2023-09-07,13:58:27,PL001,MIL0359883,x@x.com,9999123456,9999123451,9999123452,1,1
MP00000489,MP00000489,2023-09-07,13:58:27,PL007,MIL0279408,x@x.com,9999123456,9999123451,9999123452,1,1
MP00000490,MP00000490,2023-09-07,13:58:27,PL005,MIL0047795,x@x.com,9999123456,9999123451,9999123452,1,1
MP00000491,MP00000491,2023-09-07,13:58:27,PL005,MIL0145091,x@x.com,9999123456,9999123451,9999123452,1,1
MP00000492,MP00000492,2023-09-07,13:58:27,PL004,MIL0328413,x@x.com,9999123456,9999123451,9999123452,1,1
MP00000493,MP00000493,2023-09-07,13:58:27,PL009,MIL0538067,x@x.com,9999123456,9999123451,9999123452,1,1
MP00000494,MP00000494,2023-09-07,13:58:27,PL007,MIL0336268,x@x.com,9999123456,9999123451,9999123452,1,1
MP00000495,MP00000495,2023-09-07,13:58:27,PL006,MIL0224131,x@x.com,9999123456,9999123451,9999123452,1,1
MP00000496,MP00000496,2023-09-07,13:58:27,PL007,MIL0313267,x@x.com,9999123456,9999123451,9999123452,1,1
MP00000497,MP00000497,2023-09-07,13:58:27,PL005,MIL0325786,x@x.com,9999123456,9999123451,9999123452,1,1
MP00000498,MP00000498,2023-09-07,13:58:27,PL003,MIL0211597,x@x.com,9999123456,9999123451,9999123452,1,1
MP00000499,MP00000499,2023-09-07,13:58:27,PL001,MIL0118796,x@x.com,9999123456,9999123451,9999123452,1,1
MP00000500,MP00000500,2023-09-07,13:58:27,PL001,MIL0418234,x@x.com,9999123456,9999123451,9999123452,1,1
MP00000501,MP00000501,2023-09-07,13:58:27,PL004,MIL0274203,x@x.com,9999123456,9999123451,9999123452,1,1
MP00000502,MP00000502,2023-09-07,13:58:27,PL008,MIL0119350,x@x.com,9999123456,9999123451,9999123452,1,1
MP00000503,MP00000503,2023-09-07,13:58:27,PL009,MIL0092135,x@x.com,9999123456,9999123451,9999123452,1,1
MP00000504,MP00000504,2023-09-07,13:58:27,PL004,MIL0520082,x@x.com,9999123456,9999123451,9999123452,1,1
MP00000505,MP00000505,2023-09-07,13:58:27,PL003,MIL0338050,x@x.com,9999123456,9999123451,9999123452,1,1
MP00000506,MP00000506,2023-09-07,13:58:27,PL011,MIL0153215,x@x.com,9999123456,9999123451,9999123452,1,1
MP00000507,MP00000507,2023-09-07,13:58:27,PL005,MIL0235162,x@x.com,9999123456,9999123451,9999123452,1,1
MP00000508,MP00000508,2023-09-07,13:58:27,PL013,MIL0468550,x@x.com,9999123456,9999123451,9999123452,1,1
MP00000509,MP00000509,2023-09-07,13:58:27,PL013,MIL0327671,x@x.com,9999123456,9999123451,9999123452,1,1
MP00000510,MP00000510,2023-09-07,13:58:27,PL010,MIL0277173,x@x.com,9999123456,9999123451,9999123452,1,1
MP00000511,MP00000511,2023-09-07,13:58:27,PL011,MIL0249370,x@x.com,9999123456,9999123451,9999123452,1,1
MP00000512,MP00000512,2023-09-07,13:58:27,PL010,MIL0227750,x@x.com,9999123456,9999123451,9999123452,1,1
MP00000513,MP00000513,2023-09-07,13:58:27,PL004,MIL0536396,x@x.com,9999123456,9999123451,9999123452,1,1
MP00000514,MP00000514,2023-09-07,13:58:27,PL001,MIL0069448,x@x.com,9999123456,9999123451,9999123452,1,1
MP00000515,MP00000515,2023-09-07,13:58:27,PL009,MIL0338904,x@x.com,9999123456,9999123451,9999123452,1,1
MP00000516,MP00000516,2023-09-07,13:58:27,PL004,MIL0046598,x@x.com,9999123456,9999123451,9999123452,1,1
MP00000517,MP00000517,2023-09-07,13:58:27,PL011,MIL0279671,x@x.com,9999123456,9999123451,9999123452,1,1
MP00000518,MP00000518,2023-09-07,13:58:27,PL006,MIL0357684,x@x.com,9999123456,9999123451,9999123452,1,1
MP00000519,MP00000519,2023-09-07,13:58:27,PL012,MIL0019882,x@x.com,9999123456,9999123451,9999123452,1,1
MP00000520,MP00000520,2023-09-07,13:58:27,PL003,MIL0394883,x@x.com,9999123456,9999123451,9999123452,1,1
MP00000521,MP00000521,2023-09-07,13:58:27,PL012,MIL0159907,x@x.com,9999123456,9999123451,9999123452,1,1
MP00000522,MP00000522,2023-09-07,13:58:27,PL005,MIL0432772,x@x.com,9999123456,9999123451,9999123452,1,1
MP00000523,MP00000523,2023-09-07,13:58:27,PL013,MIL0150605,x@x.com,9999123456,9999123451,9999123452,1,1
MP00000524,MP00000524,2023-09-07,13:58:27,PL005,MIL0228030,x@x.com,9999123456,9999123451,9999123452,1,1
MP00000525,MP00000525,2023-09-07,13:58:27,PL001,MIL0365008,x@x.com,9999123456,9999123451,9999123452,1,1
MP00000526,MP00000526,2023-09-07,13:58:27,PL002,MIL0194651,x@x.com,9999123456,9999123451,9999123452,1,1
MP00000527,MP00000527,2023-09-07,13:58:27,PL010,MIL0448717,x@x.com,9999123456,9999123451,9999123452,1,1
MP00000528,MP00000528,2023-09-07,13:58:27,PL013,MIL0394759,x@x.com,9999123456,9999123451,9999123452,1,1
MP00000529,MP00000529,2023-09-07,13:58:27,PL010,MIL0367587,x@x.com,9999123456,9999123451,9999123452,1,1
MP00000530,MP00000530,2023-09-07,13:58:27,PL009,MIL0251612,x@x.com,9999123456,9999123451,9999123452,1,1
MP00000531,MP00000531,2023-09-07,13:58:27,PL011,MIL0332262,x@x.com,9999123456,9999123451,9999123452,1,1
MP00000532,MP00000532,2023-09-07,13:58:27,PL001,MIL0301738,x@x.com,9999123456,9999123451,9999123452,1,1
MP00000533,MP00000533,2023-09-07,13:58:27,PL007,MIL0550508,x@x.com,9999123456,9999123451,9999123452,1,1
MP00000534,MP00000534,2023-09-07,13:58:27,PL013,MIL0107552,x@x.com,9999123456,9999123451,9999123452,1,1
MP00000535,MP00000535,2023-09-07,13:58:27,PL007,MIL0480206,x@x.com,9999123456,9999123451,9999123452,1,1
MP00000536,MP00000536,2023-09-07,13:58:27,PL007,MIL0372317,x@x.com,9999123456,9999123451,9999123452,1,1
MP00000537,MP00000537,2023-09-07,13:58:27,PL005,MIL0519713,x@x.com,9999123456,9999123451,9999123452,1,1
MP00000538,MP00000538,2023-09-07,13:58:27,PL004,MIL0033406,x@x.com,9999123456,9999123451,9999123452,1,1
MP00000539,MP00000539,2023-09-07,13:58:27,PL007,MIL0451862,x@x.com,9999123456,9999123451,9999123452,1,1
MP00000540,MP00000540,2023-09-07,13:58:27,PL005,MIL0510904,x@x.com,9999123456,9999123451,9999123452,1,1
MP00000541,MP00000541,2023-09-07,13:58:27,PL011,MIL0216814,x@x.com,9999123456,9999123451,9999123452,1,1
MP00000542,MP00000542,2023-09-07,13:58:27,PL013,MIL0566763,x@x.com,9999123456,9999123451,9999123452,1,1
MP00000543,MP00000543,2023-09-07,13:58:27,PL008,MIL0101332,x@x.com,9999123456,9999123451,9999123452,1,1
MP00000544,MP00000544,2023-09-07,13:58:27,PL001,MIL0013816,x@x.com,9999123456,9999123451,9999123452,1,1
MP00000545,MP00000545,2023-09-07,13:58:27,PL004,MIL0318658,x@x.com,9999123456,9999123451,9999123452,1,1
MP00000546,MP00000546,2023-09-07,13:58:27,PL001,MIL0325341,x@x.com,9999123456,9999123451,9999123452,1,1
MP00000547,MP00000547,2023-09-07,13:58:27,PL007,MIL0540982,x@x.com,9999123456,9999123451,9999123452,1,1
MP00000548,MP00000548,2023-09-07,13:58:27,PL007,MIL0476599,x@x.com,9999123456,9999123451,9999123452,1,1
MP00000549,MP00000549,2023-09-07,13:58:27,PL011,MIL0328665,x@x.com,9999123456,9999123451,9999123452,1,1
MP00000550,MP00000550,2023-09-07,13:58:27,PL003,MIL0068419,x@x.com,9999123456,9999123451,9999123452,1,1
MP00000551,MP00000551,2023-09-07,13:58:27,PL005,MIL0249758,x@x.com,9999123456,9999123451,9999123452,1,1
MP00000552,MP00000552,2023-09-07,13:58:27,PL004,MIL0173219,x@x.com,9999123456,9999123451,9999123452,1,1
MP00000553,MP00000553,2023-09-07,13:58:27,PL006,MIL0277781,x@x.com,9999123456,9999123451,9999123452,1,1
MP00000554,MP00000554,2023-09-07,13:58:27,PL002,MIL0252970,x@x.com,9999123456,9999123451,9999123452,1,1
MP00000555,MP00000555,2023-09-07,13:58:27,PL011,MIL0144942,x@x.com,9999123456,9999123451,9999123452,1,1
MP00000556,MP00000556,2023-09-07,13:58:27,PL013,MIL0053497,x@x.com,9999123456,9999123451,9999123452,1,1
MP00000557,MP00000557,2023-09-07,13:58:27,PL002,MIL0370606,x@x.com,9999123456,9999123451,9999123452,1,1
MP00000558,MP00000558,2023-09-07,13:58:27,PL003,MIL0041633,x@x.com,9999123456,9999123451,9999123452,1,1
MP00000559,MP00000559,2023-09-07,13:58:27,PL001,MIL0252459,x@x.com,9999123456,9999123451,9999123452,1,1
MP00000560,MP00000560,2023-09-07,13:58:27,PL004,MIL0306651,x@x.com,9999123456,9999123451,9999123452,1,1
MP00000561,MP00000561,2023-09-07,13:58:27,PL003,MIL0462701,x@x.com,9999123456,9999123451,9999123452,1,1
MP00000562,MP00000562,2023-09-07,13:58:27,PL008,MIL0061889,x@x.com,9999123456,9999123451,9999123452,1,1
MP00000563,MP00000563,2023-09-07,13:58:27,PL005,MIL0481700,x@x.com,9999123456,9999123451,9999123452,1,1
MP00000564,MP00000564,2023-09-07,13:58:27,PL013,MIL0350997,x@x.com,9999123456,9999123451,9999123452,1,1
MP00000565,MP00000565,2023-09-07,13:58:27,PL003,MIL0105515,x@x.com,9999123456,9999123451,9999123452,1,1
MP00000566,MP00000566,2023-09-07,13:58:27,PL007,MIL0290094,x@x.com,9999123456,9999123451,9999123452,1,1
MP00000567,MP00000567,2023-09-07,13:58:27,PL001,MIL0265474,x@x.com,9999123456,9999123451,9999123452,1,1
MP00000568,MP00000568,2023-09-07,13:58:27,PL003,MIL0082800,x@x.com,9999123456,9999123451,9999123452,1,1
MP00000569,MP00000569,2023-09-07,13:58:27,PL006,MIL0241380,x@x.com,9999123456,9999123451,9999123452,1,1
MP00000570,MP00000570,2023-09-07,13:58:27,PL001,MIL0349745,x@x.com,9999123456,9999123451,9999123452,1,1
MP00000571,MP00000571,2023-09-07,13:58:27,PL011,MIL0325358,x@x.com,9999123456,9999123451,9999123452,1,1
MP00000572,MP00000572,2023-09-07,13:58:27,PL011,MIL0208295,x@x.com,9999123456,9999123451,9999123452,1,1
MP00000573,MP00000573,2023-09-07,13:58:27,PL004,MIL0450868,x@x.com,9999123456,9999123451,9999123452,1,1
MP00000574,MP00000574,2023-09-07,13:58:27,PL011,MIL0016406,x@x.com,9999123456,9999123451,9999123452,1,1
MP00000575,MP00000575,2023-09-07,13:58:27,PL011,MIL0565184,x@x.com,9999123456,9999123451,9999123452,1,1
MP00000576,MP00000576,2023-09-07,13:58:27,PL004,MIL0434653,x@x.com,9999123456,9999123451,9999123452,1,1
MP00000577,MP00000577,2023-09-07,13:58:27,PL006,MIL0147458,x@x.com,9999123456,9999123451,9999123452,1,1
MP00000578,MP00000578,2023-09-07,13:58:27,PL005,MIL0300877,x@x.com,9999123456,9999123451,9999123452,1,1
MP00000579,MP00000579,2023-09-07,13:58:27,PL011,MIL0077252,x@x.com,9999123456,9999123451,9999123452,1,1
MP00000580,MP00000580,2023-09-07,13:58:27,PL006,MIL0179934,x@x.com,9999123456,9999123451,9999123452,1,1
MP00000581,MP00000581,2023-09-07,13:58:27,PL013,MIL0321612,x@x.com,9999123456,9999123451,9999123452,1,1
MP00000582,MP00000582,2023-09-07,13:58:27,PL004,MIL0487839,x@x.com,9999123456,9999123451,9999123452,1,1
MP00000583,MP00000583,2023-09-07,13:58:27,PL005,MIL0169113,x@x.com,9999123456,9999123451,9999123452,1,1
MP00000584,MP00000584,2023-09-07,13:58:27,PL002,MIL0041125,x@x.com,9999123456,9999123451,9999123452,1,1
MP00000585,MP00000585,2023-09-07,13:58:27,PL013,MIL0086566,x@x.com,9999123456,9999123451,9999123452,1,1
MP00000586,MP00000586,2023-09-07,13:58:27,PL004,MIL0259702,x@x.com,9999123456,9999123451,9999123452,1,1
MP00000587,MP00000587,2023-09-07,13:58:27,PL012,MIL0363805,x@x.com,9999123456,9999123451,9999123452,1,1
MP00000588,MP00000588,2023-09-07,13:58:27,PL004,MIL0086291,x@x.com,9999123456,9999123451,9999123452,1,1
MP00000589,MP00000589,2023-09-07,13:58:27,PL004,MIL0453803,x@x.com,9999123456,9999123451,9999123452,1,1
MP00000590,MP00000590,2023-09-07,13:58:27,PL008,MIL0458717,x@x.com,9999123456,9999123451,9999123452,1,1
MP00000591,MP00000591,2023-09-07,13:58:27,PL010,MIL0275019,x@x.com,9999123456,9999123451,9999123452,1,1
MP00000592,MP00000592,2023-09-07,13:58:27,PL001,MIL0473060,x@x.com,9999123456,9999123451,9999123452,1,1
MP00000593,MP00000593,2023-09-07,13:58:27,PL002,MIL0029451,x@x.com,9999123456,9999123451,9999123452,1,1
MP00000594,MP00000594,2023-09-07,13:58:27,PL009,MIL0024839,x@x.com,9999123456,9999123451,9999123452,1,1
MP00000595,MP00000595,2023-09-07,13:58:27,PL002,MIL0463377,x@x.com,9999123456,9999123451,9999123452,1,1
MP00000596,MP00000596,2023-09-07,13:58:27,PL008,MIL0232956,x@x.com,9999123456,9999123451,9999123452,1,1
MP00000597,MP00000597,2023-09-07,13:58:27,PL003,MIL0311554,x@x.com,9999123456,9999123451,9999123452,1,1
MP00000598,MP00000598,2023-09-07,13:58:27,PL012,MIL0509370,x@x.com,9999123456,9999123451,9999123452,1,1
MP00000599,MP00000599,2023-09-07,13:58:27,PL008,MIL0500155,x@x.com,9999123456,9999123451,9999123452,1,1
MP00000600,MP00000600,2023-09-07,13:58:27,PL003,MIL0153784,x@x.com,9999123456,9999123451,9999123452,1,1
MP00000601,MP00000601,2023-09-07,13:58:27,PL009,MIL0027751,x@x.com,9999123456,9999123451,9999123452,1,1
MP00000602,MP00000602,2023-09-07,13:58:27,PL009,MIL0012359,x@x.com,9999123456,9999123451,9999123452,1,1
MP00000603,MP00000603,2023-09-07,13:58:27,PL004,MIL0489633,x@x.com,9999123456,9999123451,9999123452,1,1
MP00000604,MP00000604,2023-09-07,13:58:27,PL006,MIL0374019,x@x.com,9999123456,9999123451,9999123452,1,1
MP00000605,MP00000605,2023-09-07,13:58:27,PL001,MIL0490765,x@x.com,9999123456,9999123451,9999123452,1,1
MP00000606,MP00000606,2023-09-07,13:58:27,PL005,MIL0108515,x@x.com,9999123456,9999123451,9999123452,1,1
MP00000607,MP00000607,2023-09-07,13:58:27,PL009,MIL0186868,x@x.com,9999123456,9999123451,9999123452,1,1
MP00000608,MP00000608,2023-09-07,13:58:27,PL002,MIL0432121,x@x.com,9999123456,9999123451,9999123452,1,1
MP00000609,MP00000609,2023-09-07,13:58:27,PL002,MIL0101781,x@x.com,9999123456,9999123451,9999123452,1,1
MP00000610,MP00000610,2023-09-07,13:58:27,PL007,MIL0568088,x@x.com,9999123456,9999123451,9999123452,1,1
MP00000611,MP00000611,2023-09-07,13:58:27,PL013,MIL0138327,x@x.com,9999123456,9999123451,9999123452,1,1
MP00000612,MP00000612,2023-09-07,13:58:27,PL004,MIL0113038,x@x.com,9999123456,9999123451,9999123452,1,1
MP00000613,MP00000613,2023-09-07,13:58:27,PL002,MIL0190268,x@x.com,9999123456,9999123451,9999123452,1,1
MP00000614,MP00000614,2023-09-07,13:58:27,PL006,MIL0019071,x@x.com,9999123456,9999123451,9999123452,1,1
MP00000615,MP00000615,2023-09-07,13:58:27,PL004,MIL0328084,x@x.com,9999123456,9999123451,9999123452,1,1
MP00000616,MP00000616,2023-09-07,13:58:27,PL010,MIL0049064,x@x.com,9999123456,9999123451,9999123452,1,1
MP00000617,MP00000617,2023-09-07,13:58:27,PL002,MIL0395502,x@x.com,9999123456,9999123451,9999123452,1,1
MP00000618,MP00000618,2023-09-07,13:58:27,PL008,MIL0322021,x@x.com,9999123456,9999123451,9999123452,1,1
MP00000619,MP00000619,2023-09-07,13:58:27,PL010,MIL0512409,x@x.com,9999123456,9999123451,9999123452,1,1
MP00000620,MP00000620,2023-09-07,13:58:27,PL005,MIL0418855,x@x.com,9999123456,9999123451,9999123452,1,1
MP00000621,MP00000621,2023-09-07,13:58:27,PL012,MIL0160545,x@x.com,9999123456,9999123451,9999123452,1,1
MP00000622,MP00000622,2023-09-07,13:58:27,PL009,MIL0005116,x@x.com,9999123456,9999123451,9999123452,1,1
MP00000623,MP00000623,2023-09-07,13:58:27,PL003,MIL0459017,x@x.com,9999123456,9999123451,9999123452,1,1
MP00000624,MP00000624,2023-09-07,13:58:27,PL004,MIL0187345,x@x.com,9999123456,9999123451,9999123452,1,1
MP00000625,MP00000625,2023-09-07,13:58:27,PL004,MIL0545231,x@x.com,9999123456,9999123451,9999123452,1,1
MP00000626,MP00000626,2023-09-07,13:58:27,PL006,MIL0252264,x@x.com,9999123456,9999123451,9999123452,1,1
MP00000627,MP00000627,2023-09-07,13:58:27,PL002,MIL0360672,x@x.com,9999123456,9999123451,9999123452,1,1
MP00000628,MP00000628,2023-09-07,13:58:27,PL012,MIL0212877,x@x.com,9999123456,9999123451,9999123452,1,1
MP00000629,MP00000629,2023-09-07,13:58:27,PL003,MIL0003749,x@x.com,9999123456,9999123451,9999123452,1,1
MP00000630,MP00000630,2023-09-07,13:58:27,PL002,MIL0092851,x@x.com,9999123456,9999123451,9999123452,1,1
MP00000631,MP00000631,2023-09-07,13:58:27,PL004,MIL0129025,x@x.com,9999123456,9999123451,9999123452,1,1
MP00000632,MP00000632,2023-09-07,13:58:27,PL010,MIL0160791,x@x.com,9999123456,9999123451,9999123452,1,1
MP00000633,MP00000633,2023-09-07,13:58:27,PL013,MIL0042852,x@x.com,9999123456,9999123451,9999123452,1,1
MP00000634,MP00000634,2023-09-07,13:58:27,PL003,MIL0530360,x@x.com,9999123456,9999123451,9999123452,1,1
MP00000635,MP00000635,2023-09-07,13:58:27,PL011,MIL0149664,x@x.com,9999123456,9999123451,9999123452,1,1
MP00000636,MP00000636,2023-09-07,13:58:27,PL002,MIL0352437,x@x.com,9999123456,9999123451,9999123452,1,1
MP00000637,MP00000637,2023-09-07,13:58:27,PL012,MIL0077109,x@x.com,9999123456,9999123451,9999123452,1,1
MP00000638,MP00000638,2023-09-07,13:58:27,PL007,MIL0533109,x@x.com,9999123456,9999123451,9999123452,1,1
MP00000639,MP00000639,2023-09-07,13:58:27,PL003,MIL0353934,x@x.com,9999123456,9999123451,9999123452,1,1
MP00000640,MP00000640,2023-09-07,13:58:27,PL001,MIL0384842,x@x.com,9999123456,9999123451,9999123452,1,1
MP00000641,MP00000641,2023-09-07,13:58:27,PL005,MIL0369800,x@x.com,9999123456,9999123451,9999123452,1,1
MP00000642,MP00000642,2023-09-07,13:58:27,PL012,MIL0438572,x@x.com,9999123456,9999123451,9999123452,1,1
MP00000643,MP00000643,2023-09-07,13:58:27,PL009,MIL0273209,x@x.com,9999123456,9999123451,9999123452,1,1
MP00000644,MP00000644,2023-09-07,13:58:27,PL002,MIL0054007,x@x.com,9999123456,9999123451,9999123452,1,1
MP00000645,MP00000645,2023-09-07,13:58:27,PL002,MIL0541750,x@x.com,9999123456,9999123451,9999123452,1,1
MP00000646,MP00000646,2023-09-07,13:58:27,PL005,MIL0365209,x@x.com,9999123456,9999123451,9999123452,1,1
MP00000647,MP00000647,2023-09-07,13:58:27,PL005,MIL0432318,x@x.com,9999123456,9999123451,9999123452,1,1
MP00000648,MP00000648,2023-09-07,13:58:27,PL007,MIL0193415,x@x.com,9999123456,9999123451,9999123452,1,1
MP00000649,MP00000649,2023-09-07,13:58:27,PL007,MIL0548149,x@x.com,9999123456,9999123451,9999123452,1,1
MP00000650,MP00000650,2023-09-07,13:58:27,PL007,MIL0515721,x@x.com,9999123456,9999123451,9999123452,1,1
MP00000651,MP00000651,2023-09-07,13:58:27,PL003,MIL0007466,x@x.com,9999123456,9999123451,9999123452,1,1
MP00000652,MP00000652,2023-09-07,13:58:27,PL012,MIL0167411,x@x.com,9999123456,9999123451,9999123452,1,1
MP00000653,MP00000653,2023-09-07,13:58:27,PL003,MIL0022881,x@x.com,9999123456,9999123451,9999123452,1,1
MP00000654,MP00000654,2023-09-07,13:58:27,PL004,MIL0006431,x@x.com,9999123456,9999123451,9999123452,1,1
MP00000655,MP00000655,2023-09-07,13:58:27,PL011,MIL0200485,x@x.com,9999123456,9999123451,9999123452,1,1
MP00000656,MP00000656,2023-09-07,13:58:27,PL007,MIL0429321,x@x.com,9999123456,9999123451,9999123452,1,1
MP00000657,MP00000657,2023-09-07,13:58:27,PL004,MIL0464175,x@x.com,9999123456,9999123451,9999123452,1,1
MP00000658,MP00000658,2023-09-07,13:58:27,PL002,MIL0045231,x@x.com,9999123456,9999123451,9999123452,1,1
MP00000659,MP00000659,2023-09-07,13:58:27,PL011,MIL0036515,x@x.com,9999123456,9999123451,9999123452,1,1
MP00000660,MP00000660,2023-09-07,13:58:27,PL006,MIL0002700,x@x.com,9999123456,9999123451,9999123452,1,1
MP00000661,MP00000661,2023-09-07,13:58:27,PL004,MIL0152879,x@x.com,9999123456,9999123451,9999123452,1,1
MP00000662,MP00000662,2023-09-07,13:58:27,PL008,MIL0084808,x@x.com,9999123456,9999123451,9999123452,1,1
MP00000663,MP00000663,2023-09-07,13:58:27,PL010,MIL0160121,x@x.com,9999123456,9999123451,9999123452,1,1
MP00000664,MP00000664,2023-09-07,13:58:27,PL013,MIL0151833,x@x.com,9999123456,9999123451,9999123452,1,1
MP00000665,MP00000665,2023-09-07,13:58:27,PL001,MIL0001325,x@x.com,9999123456,9999123451,9999123452,1,1
MP00000666,MP00000666,2023-09-07,13:58:27,PL002,MIL0043363,x@x.com,9999123456,9999123451,9999123452,1,1
MP00000667,MP00000667,2023-09-07,13:58:27,PL001,MIL0122001,x@x.com,9999123456,9999123451,9999123452,1,1
MP00000668,MP00000668,2023-09-07,13:58:27,PL010,MIL0004891,x@x.com,9999123456,9999123451,9999123452,1,1
MP00000669,MP00000669,2023-09-07,13:58:27,PL012,MIL0305625,x@x.com,9999123456,9999123451,9999123452,1,1
MP00000670,MP00000670,2023-09-07,13:58:27,PL003,MIL0527705,x@x.com,9999123456,9999123451,9999123452,1,1
MP00000671,MP00000671,2023-09-07,13:58:27,PL001,MIL0443402,x@x.com,9999123456,9999123451,9999123452,1,1
MP00000672,MP00000672,2023-09-07,13:58:27,PL013,MIL0280105,x@x.com,9999123456,9999123451,9999123452,1,1
MP00000673,MP00000673,2023-09-07,13:58:27,PL003,MIL0571412,x@x.com,9999123456,9999123451,9999123452,1,1
MP00000674,MP00000674,2023-09-07,13:58:27,PL006,MIL0116637,x@x.com,9999123456,9999123451,9999123452,1,1
MP00000675,MP00000675,2023-09-07,13:58:27,PL008,MIL0481463,x@x.com,9999123456,9999123451,9999123452,1,1
MP00000676,MP00000676,2023-09-07,13:58:27,PL001,MIL0335884,x@x.com,9999123456,9999123451,9999123452,1,1
MP00000677,MP00000677,2023-09-07,13:58:27,PL001,MIL0456057,x@x.com,9999123456,9999123451,9999123452,1,1
MP00000678,MP00000678,2023-09-07,13:58:27,PL007,MIL0392204,x@x.com,9999123456,9999123451,9999123452,1,1
MP00000679,MP00000679,2023-09-07,13:58:27,PL001,MIL0557599,x@x.com,9999123456,9999123451,9999123452,1,1
MP00000680,MP00000680,2023-09-07,13:58:27,PL012,MIL0318936,x@x.com,9999123456,9999123451,9999123452,1,1
MP00000681,MP00000681,2023-09-07,13:58:27,PL007,MIL0497104,x@x.com,9999123456,9999123451,9999123452,1,1
MP00000682,MP00000682,2023-09-07,13:58:27,PL006,MIL0358260,x@x.com,9999123456,9999123451,9999123452,1,1
MP00000683,MP00000683,2023-09-07,13:58:27,PL006,MIL0142881,x@x.com,9999123456,9999123451,9999123452,1,1
MP00000684,MP00000684,2023-09-07,13:58:27,PL008,MIL0197792,x@x.com,9999123456,9999123451,9999123452,1,1
MP00000685,MP00000685,2023-09-07,13:58:27,PL002,MIL0149983,x@x.com,9999123456,9999123451,9999123452,1,1
MP00000686,MP00000686,2023-09-07,13:58:27,PL008,MIL0377933,x@x.com,9999123456,9999123451,9999123452,1,1
MP00000687,MP00000687,2023-09-07,13:58:27,PL013,MIL0303417,x@x.com,9999123456,9999123451,9999123452,1,1
MP00000688,MP00000688,2023-09-07,13:58:27,PL006,MIL0505981,x@x.com,9999123456,9999123451,9999123452,1,1
MP00000689,MP00000689,2023-09-07,13:58:27,PL013,MIL0175179,x@x.com,9999123456,9999123451,9999123452,1,1
MP00000690,MP00000690,2023-09-07,13:58:27,PL010,MIL0312956,x@x.com,9999123456,9999123451,9999123452,1,1
MP00000691,MP00000691,2023-09-07,13:58:27,PL006,MIL0463701,x@x.com,9999123456,9999123451,9999123452,1,1
MP00000692,MP00000692,2023-09-07,13:58:27,PL012,MIL0269317,x@x.com,9999123456,9999123451,9999123452,1,1
MP00000693,MP00000693,2023-09-07,13:58:27,PL004,MIL0343930,x@x.com,9999123456,9999123451,9999123452,1,1
MP00000694,MP00000694,2023-09-07,13:58:27,PL004,MIL0494543,x@x.com,9999123456,9999123451,9999123452,1,1
MP00000695,MP00000695,2023-09-07,13:58:27,PL002,MIL0332591,x@x.com,9999123456,9999123451,9999123452,1,1
MP00000696,MP00000696,2023-09-07,13:58:27,PL010,MIL0502407,x@x.com,9999123456,9999123451,9999123452,1,1
MP00000697,MP00000697,2023-09-07,13:58:27,PL009,MIL0132572,x@x.com,9999123456,9999123451,9999123452,1,1
MP00000698,MP00000698,2023-09-07,13:58:27,PL006,MIL0428061,x@x.com,9999123456,9999123451,9999123452,1,1
MP00000699,MP00000699,2023-09-07,13:58:27,PL006,MIL0575423,x@x.com,9999123456,9999123451,9999123452,1,1
MP00000700,MP00000700,2023-09-07,13:58:27,PL006,MIL0124228,x@x.com,9999123456,9999123451,9999123452,1,1
MP00000701,MP00000701,2023-09-07,13:58:27,PL010,MIL0316303,x@x.com,9999123456,9999123451,9999123452,1,1
MP00000702,MP00000702,2023-09-07,13:58:27,PL002,MIL0092295,x@x.com,9999123456,9999123451,9999123452,1,1
MP00000703,MP00000703,2023-09-07,13:58:27,PL011,MIL0397365,x@x.com,9999123456,9999123451,9999123452,1,1
MP00000704,MP00000704,2023-09-07,13:58:27,PL008,MIL0504355,x@x.com,9999123456,9999123451,9999123452,1,1
MP00000705,MP00000705,2023-09-07,13:58:27,PL007,MIL0151481,x@x.com,9999123456,9999123451,9999123452,1,1
MP00000706,MP00000706,2023-09-07,13:58:27,PL006,MIL0036211,x@x.com,9999123456,9999123451,9999123452,1,1
MP00000707,MP00000707,2023-09-07,13:58:27,PL011,MIL0514064,x@x.com,9999123456,9999123451,9999123452,1,1
MP00000708,MP00000708,2023-09-07,13:58:27,PL005,MIL0461789,x@x.com,9999123456,9999123451,9999123452,1,1
MP00000709,MP00000709,2023-09-07,13:58:27,PL003,MIL0166067,x@x.com,9999123456,9999123451,9999123452,1,1
MP00000710,MP00000710,2023-09-07,13:58:27,PL006,MIL0403062,x@x.com,9999123456,9999123451,9999123452,1,1
MP00000711,MP00000711,2023-09-07,13:58:27,PL003,MIL0357630,x@x.com,9999123456,9999123451,9999123452,1,1
MP00000712,MP00000712,2023-09-07,13:58:27,PL001,MIL0114726,x@x.com,9999123456,9999123451,9999123452,1,1
MP00000713,MP00000713,2023-09-07,13:58:27,PL005,MIL0183874,x@x.com,9999123456,9999123451,9999123452,1,1
MP00000714,MP00000714,2023-09-07,13:58:27,PL003,MIL0562570,x@x.com,9999123456,9999123451,9999123452,1,1
MP00000715,MP00000715,2023-09-07,13:58:27,PL011,MIL0525990,x@x.com,9999123456,9999123451,9999123452,1,1
MP00000716,MP00000716,2023-09-07,13:58:27,PL010,MIL0443740,x@x.com,9999123456,9999123451,9999123452,1,1
MP00000717,MP00000717,2023-09-07,13:58:27,PL013,MIL0354566,x@x.com,9999123456,9999123451,9999123452,1,1
MP00000718,MP00000718,2023-09-07,13:58:27,PL003,MIL0269742,x@x.com,9999123456,9999123451,9999123452,1,1
MP00000719,MP00000719,2023-09-07,13:58:27,PL008,MIL0139767,x@x.com,9999123456,9999123451,9999123452,1,1
MP00000720,MP00000720,2023-09-07,13:58:27,PL011,MIL0036434,x@x.com,9999123456,9999123451,9999123452,1,1
MP00000721,MP00000721,2023-09-07,13:58:27,PL007,MIL0535629,x@x.com,9999123456,9999123451,9999123452,1,1
MP00000722,MP00000722,2023-09-07,13:58:27,PL008,MIL0408282,x@x.com,9999123456,9999123451,9999123452,1,1
MP00000723,MP00000723,2023-09-07,13:58:27,PL010,MIL0470434,x@x.com,9999123456,9999123451,9999123452,1,1
MP00000724,MP00000724,2023-09-07,13:58:27,PL003,MIL0536295,x@x.com,9999123456,9999123451,9999123452,1,1
MP00000725,MP00000725,2023-09-07,13:58:27,PL004,MIL0549748,x@x.com,9999123456,9999123451,9999123452,1,1
MP00000726,MP00000726,2023-09-07,13:58:27,PL007,MIL0320478,x@x.com,9999123456,9999123451,9999123452,1,1
MP00000727,MP00000727,2023-09-07,13:58:27,PL007,MIL0016665,x@x.com,9999123456,9999123451,9999123452,1,1
MP00000728,MP00000728,2023-09-07,13:58:27,PL007,MIL0241257,x@x.com,9999123456,9999123451,9999123452,1,1
MP00000729,MP00000729,2023-09-07,13:58:27,PL010,MIL0258814,x@x.com,9999123456,9999123451,9999123452,1,1
MP00000730,MP00000730,2023-09-07,13:58:27,PL013,MIL0407620,x@x.com,9999123456,9999123451,9999123452,1,1
MP00000731,MP00000731,2023-09-07,13:58:27,PL003,MIL0055167,x@x.com,9999123456,9999123451,9999123452,1,1
MP00000732,MP00000732,2023-09-07,13:58:27,PL002,MIL0472067,x@x.com,9999123456,9999123451,9999123452,1,1
MP00000733,MP00000733,2023-09-07,13:58:27,PL002,MIL0412699,x@x.com,9999123456,9999123451,9999123452,1,1
MP00000734,MP00000734,2023-09-07,13:58:27,PL010,MIL0365683,x@x.com,9999123456,9999123451,9999123452,1,1
MP00000735,MP00000735,2023-09-07,13:58:27,PL006,MIL0406354,x@x.com,9999123456,9999123451,9999123452,1,1
MP00000736,MP00000736,2023-09-07,13:58:27,PL005,MIL0295516,x@x.com,9999123456,9999123451,9999123452,1,1
MP00000737,MP00000737,2023-09-07,13:58:27,PL010,MIL0247225,x@x.com,9999123456,9999123451,9999123452,1,1
MP00000738,MP00000738,2023-09-07,13:58:27,PL007,MIL0191494,x@x.com,9999123456,9999123451,9999123452,1,1
MP00000739,MP00000739,2023-09-07,13:58:27,PL006,MIL0351572,x@x.com,9999123456,9999123451,9999123452,1,1
MP00000740,MP00000740,2023-09-07,13:58:27,PL009,MIL0007314,x@x.com,9999123456,9999123451,9999123452,1,1
MP00000741,MP00000741,2023-09-07,13:58:27,PL007,MIL0376842,x@x.com,9999123456,9999123451,9999123452,1,1
MP00000742,MP00000742,2023-09-07,13:58:27,PL004,MIL0243148,x@x.com,9999123456,9999123451,9999123452,1,1
MP00000743,MP00000743,2023-09-07,13:58:27,PL011,MIL0301880,x@x.com,9999123456,9999123451,9999123452,1,1
MP00000744,MP00000744,2023-09-07,13:58:27,PL008,MIL0140647,x@x.com,9999123456,9999123451,9999123452,1,1
MP00000745,MP00000745,2023-09-07,13:58:27,PL012,MIL0501419,x@x.com,9999123456,9999123451,9999123452,1,1
MP00000746,MP00000746,2023-09-07,13:58:27,PL012,MIL0238156,x@x.com,9999123456,9999123451,9999123452,1,1
MP00000747,MP00000747,2023-09-07,13:58:27,PL006,MIL0562476,x@x.com,9999123456,9999123451,9999123452,1,1
MP00000748,MP00000748,2023-09-07,13:58:27,PL001,MIL0084049,x@x.com,9999123456,9999123451,9999123452,1,1
MP00000749,MP00000749,2023-09-07,13:58:27,PL008,MIL0007986,x@x.com,9999123456,9999123451,9999123452,1,1
MP00000750,MP00000750,2023-09-07,13:58:27,PL006,MIL0148419,x@x.com,9999123456,9999123451,9999123452,1,1
MP00000751,MP00000751,2023-09-07,13:58:27,PL007,MIL0240188,x@x.com,9999123456,9999123451,9999123452,1,1
MP00000752,MP00000752,2023-09-07,13:58:27,PL009,MIL0286743,x@x.com,9999123456,9999123451,9999123452,1,1
MP00000753,MP00000753,2023-09-07,13:58:27,PL003,MIL0096203,x@x.com,9999123456,9999123451,9999123452,1,1
MP00000754,MP00000754,2023-09-07,13:58:27,PL003,MIL0048835,x@x.com,9999123456,9999123451,9999123452,1,1
MP00000755,MP00000755,2023-09-07,13:58:27,PL009,MIL0424359,x@x.com,9999123456,9999123451,9999123452,1,1
MP00000756,MP00000756,2023-09-07,13:58:27,PL006,MIL0260559,x@x.com,9999123456,9999123451,9999123452,1,1
MP00000757,MP00000757,2023-09-07,13:58:27,PL008,MIL0326664,x@x.com,9999123456,9999123451,9999123452,1,1
MP00000758,MP00000758,2023-09-07,13:58:27,PL010,MIL0423797,x@x.com,9999123456,9999123451,9999123452,1,1
MP00000759,MP00000759,2023-09-07,13:58:27,PL002,MIL0280014,x@x.com,9999123456,9999123451,9999123452,1,1
MP00000760,MP00000760,2023-09-07,13:58:27,PL003,MIL0020371,x@x.com,9999123456,9999123451,9999123452,1,1
MP00000761,MP00000761,2023-09-07,13:58:27,PL003,MIL0091015,x@x.com,9999123456,9999123451,9999123452,1,1
MP00000762,MP00000762,2023-09-07,13:58:27,PL004,MIL0019429,x@x.com,9999123456,9999123451,9999123452,1,1
MP00000763,MP00000763,2023-09-07,13:58:27,PL009,MIL0372704,x@x.com,9999123456,9999123451,9999123452,1,1
MP00000764,MP00000764,2023-09-07,13:58:27,PL010,MIL0170191,x@x.com,9999123456,9999123451,9999123452,1,1
MP00000765,MP00000765,2023-09-07,13:58:27,PL012,MIL0312627,x@x.com,9999123456,9999123451,9999123452,1,1
MP00000766,MP00000766,2023-09-07,13:58:27,PL009,MIL0139290,x@x.com,9999123456,9999123451,9999123452,1,1
MP00000767,MP00000767,2023-09-07,13:58:27,PL002,MIL0412933,x@x.com,9999123456,9999123451,9999123452,1,1
MP00000768,MP00000768,2023-09-07,13:58:27,PL012,MIL0122507,x@x.com,9999123456,9999123451,9999123452,1,1
MP00000769,MP00000769,2023-09-07,13:58:27,PL005,MIL0049906,x@x.com,9999123456,9999123451,9999123452,1,1
MP00000770,MP00000770,2023-09-07,13:58:27,PL005,MIL0075601,x@x.com,9999123456,9999123451,9999123452,1,1
MP00000771,MP00000771,2023-09-07,13:58:27,PL006,MIL0116718,x@x.com,9999123456,9999123451,9999123452,1,1
MP00000772,MP00000772,2023-09-07,13:58:27,PL001,MIL0489891,x@x.com,9999123456,9999123451,9999123452,1,1
MP00000773,MP00000773,2023-09-07,13:58:27,PL006,MIL0083067,x@x.com,9999123456,9999123451,9999123452,1,1
MP00000774,MP00000774,2023-09-07,13:58:27,PL007,MIL0225383,x@x.com,9999123456,9999123451,9999123452,1,1
MP00000775,MP00000775,2023-09-07,13:58:27,PL011,MIL0018413,x@x.com,9999123456,9999123451,9999123452,1,1
MP00000776,MP00000776,2023-09-07,13:58:27,PL002,MIL0327146,x@x.com,9999123456,9999123451,9999123452,1,1
MP00000777,MP00000777,2023-09-07,13:58:27,PL007,MIL0573464,x@x.com,9999123456,9999123451,9999123452,1,1
MP00000778,MP00000778,2023-09-07,13:58:27,PL005,MIL0581193,x@x.com,9999123456,9999123451,9999123452,1,1
MP00000779,MP00000779,2023-09-07,13:58:27,PL005,MIL0103538,x@x.com,9999123456,9999123451,9999123452,1,1
MP00000780,MP00000780,2023-09-07,13:58:27,PL004,MIL0069339,x@x.com,9999123456,9999123451,9999123452,1,1
MP00000781,MP00000781,2023-09-07,13:58:27,PL007,MIL0041168,x@x.com,9999123456,9999123451,9999123452,1,1
MP00000782,MP00000782,2023-09-07,13:58:27,PL010,MIL0577547,x@x.com,9999123456,9999123451,9999123452,1,1
MP00000783,MP00000783,2023-09-07,13:58:27,PL002,MIL0540590,x@x.com,9999123456,9999123451,9999123452,1,1
MP00000784,MP00000784,2023-09-07,13:58:27,PL009,MIL0521022,x@x.com,9999123456,9999123451,9999123452,1,1
MP00000785,MP00000785,2023-09-07,13:58:27,PL003,MIL0010531,x@x.com,9999123456,9999123451,9999123452,1,1
MP00000786,MP00000786,2023-09-07,13:58:27,PL009,MIL0430491,x@x.com,9999123456,9999123451,9999123452,1,1
MP00000787,MP00000787,2023-09-07,13:58:27,PL011,MIL0535348,x@x.com,9999123456,9999123451,9999123452,1,1
MP00000788,MP00000788,2023-09-07,13:58:27,PL008,MIL0318013,x@x.com,9999123456,9999123451,9999123452,1,1
MP00000789,MP00000789,2023-09-07,13:58:27,PL004,MIL0494854,x@x.com,9999123456,9999123451,9999123452,1,1
MP00000790,MP00000790,2023-09-07,13:58:27,PL009,MIL0118532,x@x.com,9999123456,9999123451,9999123452,1,1
MP00000791,MP00000791,2023-09-07,13:58:27,PL008,MIL0500455,x@x.com,9999123456,9999123451,9999123452,1,1
MP00000792,MP00000792,2023-09-07,13:58:27,PL004,MIL0539418,x@x.com,9999123456,9999123451,9999123452,1,1
MP00000793,MP00000793,2023-09-07,13:58:27,PL009,MIL0507081,x@x.com,9999123456,9999123451,9999123452,1,1
MP00000794,MP00000794,2023-09-07,13:58:27,PL009,MIL0208359,x@x.com,9999123456,9999123451,9999123452,1,1
MP00000795,MP00000795,2023-09-07,13:58:27,PL010,MIL0374088,x@x.com,9999123456,9999123451,9999123452,1,1
MP00000796,MP00000796,2023-09-07,13:58:27,PL011,MIL0326454,x@x.com,9999123456,9999123451,9999123452,1,1
MP00000797,MP00000797,2023-09-07,13:58:27,PL011,MIL0252318,x@x.com,9999123456,9999123451,9999123452,1,1
MP00000798,MP00000798,2023-09-07,13:58:27,PL013,MIL0529036,x@x.com,9999123456,9999123451,9999123452,1,1
MP00000799,MP00000799,2023-09-07,13:58:27,PL005,MIL0137375,x@x.com,9999123456,9999123451,9999123452,1,1
MP00000800,MP00000800,2023-09-07,13:58:27,PL004,MIL0362092,x@x.com,9999123456,9999123451,9999123452,1,1
MP00000801,MP00000801,2023-09-07,13:58:27,PL012,MIL0377345,x@x.com,9999123456,9999123451,9999123452,1,1
MP00000802,MP00000802,2023-09-07,13:58:27,PL012,MIL0253076,x@x.com,9999123456,9999123451,9999123452,1,1
MP00000803,MP00000803,2023-09-07,13:58:27,PL009,MIL0131751,x@x.com,9999123456,9999123451,9999123452,1,1
MP00000804,MP00000804,2023-09-07,13:58:27,PL011,MIL0092627,x@x.com,9999123456,9999123451,9999123452,1,1
MP00000805,MP00000805,2023-09-07,13:58:27,PL012,MIL0401525,x@x.com,9999123456,9999123451,9999123452,1,1
MP00000806,MP00000806,2023-09-07,13:58:27,PL001,MIL0185199,x@x.com,9999123456,9999123451,9999123452,1,1
MP00000807,MP00000807,2023-09-07,13:58:27,PL009,MIL0233393,x@x.com,9999123456,9999123451,9999123452,1,1
MP00000808,MP00000808,2023-09-07,13:58:27,PL010,MIL0390404,x@x.com,9999123456,9999123451,9999123452,1,1
MP00000809,MP00000809,2023-09-07,13:58:27,PL010,MIL0283808,x@x.com,9999123456,9999123451,9999123452,1,1
MP00000810,MP00000810,2023-09-07,13:58:27,PL012,MIL0451728,x@x.com,9999123456,9999123451,9999123452,1,1
MP00000811,MP00000811,2023-09-07,13:58:27,PL013,MIL0116070,x@x.com,9999123456,9999123451,9999123452,1,1
MP00000812,MP00000812,2023-09-07,13:58:27,PL008,MIL0384400,x@x.com,9999123456,9999123451,9999123452,1,1
MP00000813,MP00000813,2023-09-07,13:58:27,PL013,MIL0107871,x@x.com,9999123456,9999123451,9999123452,1,1
MP00000814,MP00000814,2023-09-07,13:58:27,PL013,MIL0418978,x@x.com,9999123456,9999123451,9999123452,1,1
MP00000815,MP00000815,2023-09-07,13:58:27,PL008,MIL0122794,x@x.com,9999123456,9999123451,9999123452,1,1
MP00000816,MP00000816,2023-09-07,13:58:27,PL011,MIL0512741,x@x.com,9999123456,9999123451,9999123452,1,1
MP00000817,MP00000817,2023-09-07,13:58:27,PL012,MIL0414943,x@x.com,9999123456,9999123451,9999123452,1,1
MP00000818,MP00000818,2023-09-07,13:58:27,PL008,MIL0250965,x@x.com,9999123456,9999123451,9999123452,1,1
MP00000819,MP00000819,2023-09-07,13:58:27,PL001,MIL0060385,x@x.com,9999123456,9999123451,9999123452,1,1
MP00000820,MP00000820,2023-09-07,13:58:27,PL004,MIL0217054,x@x.com,9999123456,9999123451,9999123452,1,1
MP00000821,MP00000821,2023-09-07,13:58:27,PL008,MIL0487621,x@x.com,9999123456,9999123451,9999123452,1,1
MP00000822,MP00000822,2023-09-07,13:58:27,PL004,MIL0273099,x@x.com,9999123456,9999123451,9999123452,1,1
MP00000823,MP00000823,2023-09-07,13:58:27,PL011,MIL0309310,x@x.com,9999123456,9999123451,9999123452,1,1
MP00000824,MP00000824,2023-09-07,13:58:27,PL004,MIL0543275,x@x.com,9999123456,9999123451,9999123452,1,1
MP00000825,MP00000825,2023-09-07,13:58:27,PL002,MIL0161231,x@x.com,9999123456,9999123451,9999123452,1,1
MP00000826,MP00000826,2023-09-07,13:58:27,PL001,MIL0005275,x@x.com,9999123456,9999123451,9999123452,1,1
MP00000827,MP00000827,2023-09-07,13:58:27,PL003,MIL0206603,x@x.com,9999123456,9999123451,9999123452,1,1
MP00000828,MP00000828,2023-09-07,13:58:27,PL012,MIL0537484,x@x.com,9999123456,9999123451,9999123452,1,1
MP00000829,MP00000829,2023-09-07,13:58:27,PL006,MIL0319808,x@x.com,9999123456,9999123451,9999123452,1,1
MP00000830,MP00000830,2023-09-07,13:58:27,PL005,MIL0021691,x@x.com,9999123456,9999123451,9999123452,1,1
MP00000831,MP00000831,2023-09-07,13:58:27,PL004,MIL0204091,x@x.com,9999123456,9999123451,9999123452,1,1
MP00000832,MP00000832,2023-09-07,13:58:27,PL010,MIL0576820,x@x.com,9999123456,9999123451,9999123452,1,1
MP00000833,MP00000833,2023-09-07,13:58:27,PL001,MIL0016106,x@x.com,9999123456,9999123451,9999123452,1,1
MP00000834,MP00000834,2023-09-07,13:58:27,PL001,MIL0434272,x@x.com,9999123456,9999123451,9999123452,1,1
MP00000835,MP00000835,2023-09-07,13:58:27,PL006,MIL0477278,x@x.com,9999123456,9999123451,9999123452,1,1
MP00000836,MP00000836,2023-09-07,13:58:27,PL010,MIL0270635,x@x.com,9999123456,9999123451,9999123452,1,1
MP00000837,MP00000837,2023-09-07,13:58:27,PL005,MIL0009446,x@x.com,9999123456,9999123451,9999123452,1,1
MP00000838,MP00000838,2023-09-07,13:58:27,PL013,MIL0091132,x@x.com,9999123456,9999123451,9999123452,1,1
MP00000839,MP00000839,2023-09-07,13:58:27,PL005,MIL0289893,x@x.com,9999123456,9999123451,9999123452,1,1
MP00000840,MP00000840,2023-09-07,13:58:27,PL012,MIL0483283,x@x.com,9999123456,9999123451,9999123452,1,1
MP00000841,MP00000841,2023-09-07,13:58:27,PL001,MIL0296221,x@x.com,9999123456,9999123451,9999123452,1,1
MP00000842,MP00000842,2023-09-07,13:58:27,PL004,MIL0531486,x@x.com,9999123456,9999123451,9999123452,1,1
MP00000843,MP00000843,2023-09-07,13:58:27,PL010,MIL0058535,x@x.com,9999123456,9999123451,9999123452,1,1
MP00000844,MP00000844,2023-09-07,13:58:27,PL003,MIL0397475,x@x.com,9999123456,9999123451,9999123452,1,1
MP00000845,MP00000845,2023-09-07,13:58:27,PL008,MIL0010284,x@x.com,9999123456,9999123451,9999123452,1,1
MP00000846,MP00000846,2023-09-07,13:58:27,PL007,MIL0560032,x@x.com,9999123456,9999123451,9999123452,1,1
MP00000847,MP00000847,2023-09-07,13:58:27,PL011,MIL0524121,x@x.com,9999123456,9999123451,9999123452,1,1
MP00000848,MP00000848,2023-09-07,13:58:27,PL013,MIL0161811,x@x.com,9999123456,9999123451,9999123452,1,1
MP00000849,MP00000849,2023-09-07,13:58:27,PL013,MIL0011775,x@x.com,9999123456,9999123451,9999123452,1,1
MP00000850,MP00000850,2023-09-07,13:58:27,PL002,MIL0520242,x@x.com,9999123456,9999123451,9999123452,1,1
MP00000851,MP00000851,2023-09-07,13:58:27,PL007,MIL0224556,x@x.com,9999123456,9999123451,9999123452,1,1
MP00000852,MP00000852,2023-09-07,13:58:27,PL001,MIL0273754,x@x.com,9999123456,9999123451,9999123452,1,1
MP00000853,MP00000853,2023-09-07,13:58:27,PL010,MIL0090438,x@x.com,9999123456,9999123451,9999123452,1,1
MP00000854,MP00000854,2023-09-07,13:58:27,PL005,MIL0092885,x@x.com,9999123456,9999123451,9999123452,1,1
MP00000855,MP00000855,2023-09-07,13:58:27,PL002,MIL0055962,x@x.com,9999123456,9999123451,9999123452,1,1
MP00000856,MP00000856,2023-09-07,13:58:27,PL003,MIL0272204,x@x.com,9999123456,9999123451,9999123452,1,1
MP00000857,MP00000857,2023-09-07,13:58:27,PL013,MIL0434156,x@x.com,9999123456,9999123451,9999123452,1,1
MP00000858,MP00000858,2023-09-07,13:58:27,PL007,MIL0020866,x@x.com,9999123456,9999123451,9999123452,1,1
MP00000859,MP00000859,2023-09-07,13:58:27,PL010,MIL0213027,x@x.com,9999123456,9999123451,9999123452,1,1
MP00000860,MP00000860,2023-09-07,13:58:27,PL004,MIL0357428,x@x.com,9999123456,9999123451,9999123452,1,1
MP00000861,MP00000861,2023-09-07,13:58:27,PL007,MIL0280075,x@x.com,9999123456,9999123451,9999123452,1,1
MP00000862,MP00000862,2023-09-07,13:58:27,PL005,MIL0116820,x@x.com,9999123456,9999123451,9999123452,1,1
MP00000863,MP00000863,2023-09-07,13:58:27,PL005,MIL0575299,x@x.com,9999123456,9999123451,9999123452,1,1
MP00000864,MP00000864,2023-09-07,13:58:27,PL008,MIL0260746,x@x.com,9999123456,9999123451,9999123452,1,1
MP00000865,MP00000865,2023-09-07,13:58:27,PL010,MIL0431122,x@x.com,9999123456,9999123451,9999123452,1,1
MP00000866,MP00000866,2023-09-07,13:58:27,PL011,MIL0051643,x@x.com,9999123456,9999123451,9999123452,1,1
MP00000867,MP00000867,2023-09-07,13:58:27,PL011,MIL0156641,x@x.com,9999123456,9999123451,9999123452,1,1
MP00000868,MP00000868,2023-09-07,13:58:27,PL012,MIL0280848,x@x.com,9999123456,9999123451,9999123452,1,1
MP00000869,MP00000869,2023-09-07,13:58:27,PL003,MIL0346327,x@x.com,9999123456,9999123451,9999123452,1,1
MP00000870,MP00000870,2023-09-07,13:58:27,PL009,MIL0059079,x@x.com,9999123456,9999123451,9999123452,1,1
MP00000871,MP00000871,2023-09-07,13:58:27,PL007,MIL0086387,x@x.com,9999123456,9999123451,9999123452,1,1
MP00000872,MP00000872,2023-09-07,13:58:27,PL005,MIL0147876,x@x.com,9999123456,9999123451,9999123452,1,1
MP00000873,MP00000873,2023-09-07,13:58:27,PL011,MIL0147205,x@x.com,9999123456,9999123451,9999123452,1,1
MP00000874,MP00000874,2023-09-07,13:58:27,PL007,MIL0399324,x@x.com,9999123456,9999123451,9999123452,1,1
MP00000875,MP00000875,2023-09-07,13:58:27,PL001,MIL0564089,x@x.com,9999123456,9999123451,9999123452,1,1
MP00000876,MP00000876,2023-09-07,13:58:27,PL010,MIL0361218,x@x.com,9999123456,9999123451,9999123452,1,1
MP00000877,MP00000877,2023-09-07,13:58:27,PL002,MIL0275355,x@x.com,9999123456,9999123451,9999123452,1,1
MP00000878,MP00000878,2023-09-07,13:58:27,PL006,MIL0098933,x@x.com,9999123456,9999123451,9999123452,1,1
MP00000879,MP00000879,2023-09-07,13:58:27,PL009,MIL0498437,x@x.com,9999123456,9999123451,9999123452,1,1
MP00000880,MP00000880,2023-09-07,13:58:27,PL003,MIL0088377,x@x.com,9999123456,9999123451,9999123452,1,1
MP00000881,MP00000881,2023-09-07,13:58:27,PL007,MIL0503937,x@x.com,9999123456,9999123451,9999123452,1,1
MP00000882,MP00000882,2023-09-07,13:58:27,PL001,MIL0191926,x@x.com,9999123456,9999123451,9999123452,1,1
MP00000883,MP00000883,2023-09-07,13:58:27,PL005,MIL0561172,x@x.com,9999123456,9999123451,9999123452,1,1
MP00000884,MP00000884,2023-09-07,13:58:27,PL011,MIL0267089,x@x.com,9999123456,9999123451,9999123452,1,1
MP00000885,MP00000885,2023-09-07,13:58:27,PL003,MIL0483175,x@x.com,9999123456,9999123451,9999123452,1,1
MP00000886,MP00000886,2023-09-07,13:58:27,PL001,MIL0215050,x@x.com,9999123456,9999123451,9999123452,1,1
MP00000887,MP00000887,2023-09-07,13:58:27,PL002,MIL0214514,x@x.com,9999123456,9999123451,9999123452,1,1
MP00000888,MP00000888,2023-09-07,13:58:27,PL013,MIL0319238,x@x.com,9999123456,9999123451,9999123452,1,1
MP00000889,MP00000889,2023-09-07,13:58:27,PL012,MIL0372631,x@x.com,9999123456,9999123451,9999123452,1,1
MP00000890,MP00000890,2023-09-07,13:58:27,PL002,MIL0368405,x@x.com,9999123456,9999123451,9999123452,1,1
MP00000891,MP00000891,2023-09-07,13:58:27,PL001,MIL0382733,x@x.com,9999123456,9999123451,9999123452,1,1
MP00000892,MP00000892,2023-09-07,13:58:27,PL012,MIL0440124,x@x.com,9999123456,9999123451,9999123452,1,1
MP00000893,MP00000893,2023-09-07,13:58:27,PL002,MIL0440462,x@x.com,9999123456,9999123451,9999123452,1,1
MP00000894,MP00000894,2023-09-07,13:58:27,PL011,MIL0125010,x@x.com,9999123456,9999123451,9999123452,1,1
MP00000895,MP00000895,2023-09-07,13:58:27,PL013,MIL0373392,x@x.com,9999123456,9999123451,9999123452,1,1
MP00000896,MP00000896,2023-09-07,13:58:27,PL009,MIL0209607,x@x.com,9999123456,9999123451,9999123452,1,1
MP00000897,MP00000897,2023-09-07,13:58:27,PL009,MIL0223602,x@x.com,9999123456,9999123451,9999123452,1,1
MP00000898,MP00000898,2023-09-07,13:58:27,PL005,MIL0229091,x@x.com,9999123456,9999123451,9999123452,1,1
MP00000899,MP00000899,2023-09-07,13:58:27,PL012,MIL0386591,x@x.com,9999123456,9999123451,9999123452,1,1
MP00000900,MP00000900,2023-09-07,13:58:27,PL002,MIL0194010,x@x.com,9999123456,9999123451,9999123452,1,1
MP00000901,MP00000901,2023-09-07,13:58:27,PL013,MIL0440745,x@x.com,9999123456,9999123451,9999123452,1,1
MP00000902,MP00000902,2023-09-07,13:58:27,PL004,MIL0327236,x@x.com,9999123456,9999123451,9999123452,1,1
MP00000903,MP00000903,2023-09-07,13:58:27,PL008,MIL0408157,x@x.com,9999123456,9999123451,9999123452,1,1
MP00000904,MP00000904,2023-09-07,13:58:27,PL008,MIL0397498,x@x.com,9999123456,9999123451,9999123452,1,1
MP00000905,MP00000905,2023-09-07,13:58:27,PL004,MIL0109694,x@x.com,9999123456,9999123451,9999123452,1,1
MP00000906,MP00000906,2023-09-07,13:58:27,PL010,MIL0095435,x@x.com,9999123456,9999123451,9999123452,1,1
MP00000907,MP00000907,2023-09-07,13:58:27,PL009,MIL0190973,x@x.com,9999123456,9999123451,9999123452,1,1
MP00000908,MP00000908,2023-09-07,13:58:27,PL012,MIL0082348,x@x.com,9999123456,9999123451,9999123452,1,1
MP00000909,MP00000909,2023-09-07,13:58:27,PL010,MIL0088109,x@x.com,9999123456,9999123451,9999123452,1,1
MP00000910,MP00000910,2023-09-07,13:58:27,PL009,MIL0388065,x@x.com,9999123456,9999123451,9999123452,1,1
MP00000911,MP00000911,2023-09-07,13:58:27,PL010,MIL0512053,x@x.com,9999123456,9999123451,9999123452,1,1
MP00000912,MP00000912,2023-09-07,13:58:27,PL007,MIL0054401,x@x.com,9999123456,9999123451,9999123452,1,1
MP00000913,MP00000913,2023-09-07,13:58:27,PL013,MIL0298410,x@x.com,9999123456,9999123451,9999123452,1,1
MP00000914,MP00000914,2023-09-07,13:58:27,PL004,MIL0503098,x@x.com,9999123456,9999123451,9999123452,1,1
MP00000915,MP00000915,2023-09-07,13:58:27,PL011,MIL0025269,x@x.com,9999123456,9999123451,9999123452,1,1
MP00000916,MP00000916,2023-09-07,13:58:27,PL001,MIL0117419,x@x.com,9999123456,9999123451,9999123452,1,1
MP00000917,MP00000917,2023-09-07,13:58:27,PL012,MIL0379730,x@x.com,9999123456,9999123451,9999123452,1,1
MP00000918,MP00000918,2023-09-07,13:58:27,PL010,MIL0198430,x@x.com,9999123456,9999123451,9999123452,1,1
MP00000919,MP00000919,2023-09-07,13:58:27,PL010,MIL0509191,x@x.com,9999123456,9999123451,9999123452,1,1
MP00000920,MP00000920,2023-09-07,13:58:27,PL007,MIL0417444,x@x.com,9999123456,9999123451,9999123452,1,1
MP00000921,MP00000921,2023-09-07,13:58:27,PL007,MIL0363903,x@x.com,9999123456,9999123451,9999123452,1,1
MP00000922,MP00000922,2023-09-07,13:58:27,PL002,MIL0116934,x@x.com,9999123456,9999123451,9999123452,1,1
MP00000923,MP00000923,2023-09-07,13:58:27,PL012,MIL0363559,x@x.com,9999123456,9999123451,9999123452,1,1
MP00000924,MP00000924,2023-09-07,13:58:27,PL002,MIL0032794,x@x.com,9999123456,9999123451,9999123452,1,1
MP00000925,MP00000925,2023-09-07,13:58:27,PL006,MIL0334163,x@x.com,9999123456,9999123451,9999123452,1,1
MP00000926,MP00000926,2023-09-07,13:58:27,PL009,MIL0060245,x@x.com,9999123456,9999123451,9999123452,1,1
MP00000927,MP00000927,2023-09-07,13:58:27,PL007,MIL0393502,x@x.com,9999123456,9999123451,9999123452,1,1
MP00000928,MP00000928,2023-09-07,13:58:27,PL009,MIL0237178,x@x.com,9999123456,9999123451,9999123452,1,1
MP00000929,MP00000929,2023-09-07,13:58:27,PL006,MIL0447336,x@x.com,9999123456,9999123451,9999123452,1,1
MP00000930,MP00000930,2023-09-07,13:58:27,PL008,MIL0076922,x@x.com,9999123456,9999123451,9999123452,1,1
MP00000931,MP00000931,2023-09-07,13:58:27,PL012,MIL0120106,x@x.com,9999123456,9999123451,9999123452,1,1
MP00000932,MP00000932,2023-09-07,13:58:27,PL011,MIL0179276,x@x.com,9999123456,9999123451,9999123452,1,1
MP00000933,MP00000933,2023-09-07,13:58:27,PL013,MIL0309381,x@x.com,9999123456,9999123451,9999123452,1,1
MP00000934,MP00000934,2023-09-07,13:58:27,PL004,MIL0183120,x@x.com,9999123456,9999123451,9999123452,1,1
MP00000935,MP00000935,2023-09-07,13:58:27,PL011,MIL0367925,x@x.com,9999123456,9999123451,9999123452,1,1
MP00000936,MP00000936,2023-09-07,13:58:27,PL005,MIL0427252,x@x.com,9999123456,9999123451,9999123452,1,1
MP00000937,MP00000937,2023-09-07,13:58:27,PL010,MIL0164459,x@x.com,9999123456,9999123451,9999123452,1,1
MP00000938,MP00000938,2023-09-07,13:58:27,PL003,MIL0044619,x@x.com,9999123456,9999123451,9999123452,1,1
MP00000939,MP00000939,2023-09-07,13:58:27,PL013,MIL0570209,x@x.com,9999123456,9999123451,9999123452,1,1
MP00000940,MP00000940,2023-09-07,13:58:27,PL011,MIL0566342,x@x.com,9999123456,9999123451,9999123452,1,1
MP00000941,MP00000941,2023-09-07,13:58:27,PL008,MIL0422294,x@x.com,9999123456,9999123451,9999123452,1,1
MP00000942,MP00000942,2023-09-07,13:58:27,PL001,MIL0190359,x@x.com,9999123456,9999123451,9999123452,1,1
MP00000943,MP00000943,2023-09-07,13:58:27,PL010,MIL0216489,x@x.com,9999123456,9999123451,9999123452,1,1
MP00000944,MP00000944,2023-09-07,13:58:27,PL008,MIL0078781,x@x.com,9999123456,9999123451,9999123452,1,1
MP00000945,MP00000945,2023-09-07,13:58:27,PL013,MIL0276695,x@x.com,9999123456,9999123451,9999123452,1,1
MP00000946,MP00000946,2023-09-07,13:58:27,PL004,MIL0154387,x@x.com,9999123456,9999123451,9999123452,1,1
MP00000947,MP00000947,2023-09-07,13:58:27,PL011,MIL0431502,x@x.com,9999123456,9999123451,9999123452,1,1
MP00000948,MP00000948,2023-09-07,13:58:27,PL003,MIL0166409,x@x.com,9999123456,9999123451,9999123452,1,1
MP00000949,MP00000949,2023-09-07,13:58:27,PL010,MIL0188042,x@x.com,9999123456,9999123451,9999123452,1,1
MP00000950,MP00000950,2023-09-07,13:58:27,PL008,MIL0105092,x@x.com,9999123456,9999123451,9999123452,1,1
MP00000951,MP00000951,2023-09-07,13:58:27,PL013,MIL0019772,x@x.com,9999123456,9999123451,9999123452,1,1
MP00000952,MP00000952,2023-09-07,13:58:27,PL008,MIL0264087,x@x.com,9999123456,9999123451,9999123452,1,1
MP00000953,MP00000953,2023-09-07,13:58:27,PL005,MIL0267681,x@x.com,9999123456,9999123451,9999123452,1,1
MP00000954,MP00000954,2023-09-07,13:58:27,PL001,MIL0412824,x@x.com,9999123456,9999123451,9999123452,1,1
MP00000955,MP00000955,2023-09-07,13:58:27,PL001,MIL0099105,x@x.com,9999123456,9999123451,9999123452,1,1
MP00000956,MP00000956,2023-09-07,13:58:27,PL001,MIL0117750,x@x.com,9999123456,9999123451,9999123452,1,1
MP00000957,MP00000957,2023-09-07,13:58:27,PL008,MIL0221335,x@x.com,9999123456,9999123451,9999123452,1,1
MP00000958,MP00000958,2023-09-07,13:58:27,PL010,MIL0104993,x@x.com,9999123456,9999123451,9999123452,1,1
MP00000959,MP00000959,2023-09-07,13:58:27,PL008,MIL0542176,x@x.com,9999123456,9999123451,9999123452,1,1
MP00000960,MP00000960,2023-09-07,13:58:27,PL010,MIL0170411,x@x.com,9999123456,9999123451,9999123452,1,1
MP00000961,MP00000961,2023-09-07,13:58:27,PL013,MIL0246652,x@x.com,9999123456,9999123451,9999123452,1,1
MP00000962,MP00000962,2023-09-07,13:58:27,PL007,MIL0071145,x@x.com,9999123456,9999123451,9999123452,1,1
MP00000963,MP00000963,2023-09-07,13:58:27,PL011,MIL0245870,x@x.com,9999123456,9999123451,9999123452,1,1
MP00000964,MP00000964,2023-09-07,13:58:27,PL001,MIL0211435,x@x.com,9999123456,9999123451,9999123452,1,1
MP00000965,MP00000965,2023-09-07,13:58:27,PL008,MIL0257602,x@x.com,9999123456,9999123451,9999123452,1,1
MP00000966,MP00000966,2023-09-07,13:58:27,PL010,MIL0058495,x@x.com,9999123456,9999123451,9999123452,1,1
MP00000967,MP00000967,2023-09-07,13:58:27,PL009,MIL0063342,x@x.com,9999123456,9999123451,9999123452,1,1
MP00000968,MP00000968,2023-09-07,13:58:27,PL010,MIL0382359,x@x.com,9999123456,9999123451,9999123452,1,1
MP00000969,MP00000969,2023-09-07,13:58:27,PL003,MIL0117290,x@x.com,9999123456,9999123451,9999123452,1,1
MP00000970,MP00000970,2023-09-07,13:58:27,PL002,MIL0306923,x@x.com,9999123456,9999123451,9999123452,1,1
MP00000971,MP00000971,2023-09-07,13:58:27,PL003,MIL0395299,x@x.com,9999123456,9999123451,9999123452,1,1
MP00000972,MP00000972,2023-09-07,13:58:27,PL010,MIL0465517,x@x.com,9999123456,9999123451,9999123452,1,1
MP00000973,MP00000973,2023-09-07,13:58:27,PL005,MIL0013609,x@x.com,9999123456,9999123451,9999123452,1,1
MP00000974,MP00000974,2023-09-07,13:58:27,PL013,MIL0191949,x@x.com,9999123456,9999123451,9999123452,1,1
MP00000975,MP00000975,2023-09-07,13:58:27,PL009,MIL0381701,x@x.com,9999123456,9999123451,9999123452,1,1
MP00000976,MP00000976,2023-09-07,13:58:27,PL009,MIL0001281,x@x.com,9999123456,9999123451,9999123452,1,1
MP00000977,MP00000977,2023-09-07,13:58:27,PL011,MIL0379436,x@x.com,9999123456,9999123451,9999123452,1,1
MP00000978,MP00000978,2023-09-07,13:58:27,PL003,MIL0272087,x@x.com,9999123456,9999123451,9999123452,1,1
MP00000979,MP00000979,2023-09-07,13:58:27,PL012,MIL0456625,x@x.com,9999123456,9999123451,9999123452,1,1
MP00000980,MP00000980,2023-09-07,13:58:27,PL012,MIL0354599,x@x.com,9999123456,9999123451,9999123452,1,1
MP00000981,MP00000981,2023-09-07,13:58:27,PL003,MIL0260866,x@x.com,9999123456,9999123451,9999123452,1,1
MP00000982,MP00000982,2023-09-07,13:58:27,PL005,MIL0368504,x@x.com,9999123456,9999123451,9999123452,1,1
MP00000983,MP00000983,2023-09-07,13:58:27,PL008,MIL0389690,x@x.com,9999123456,9999123451,9999123452,1,1
MP00000984,MP00000984,2023-09-07,13:58:27,PL013,MIL0047418,x@x.com,9999123456,9999123451,9999123452,1,1
MP00000985,MP00000985,2023-09-07,13:58:27,PL012,MIL0045992,x@x.com,9999123456,9999123451,9999123452,1,1
MP00000986,MP00000986,2023-09-07,13:58:27,PL001,MIL0377168,x@x.com,9999123456,9999123451,9999123452,1,1
MP00000987,MP00000987,2023-09-07,13:58:27,PL008,MIL0104221,x@x.com,9999123456,9999123451,9999123452,1,1
MP00000988,MP00000988,2023-09-07,13:58:27,PL003,MIL0574537,x@x.com,9999123456,9999123451,9999123452,1,1
MP00000989,MP00000989,2023-09-07,13:58:27,PL009,MIL0104244,x@x.com,9999123456,9999123451,9999123452,1,1
MP00000990,MP00000990,2023-09-07,13:58:27,PL002,MIL0506165,x@x.com,9999123456,9999123451,9999123452,1,1
MP00000991,MP00000991,2023-09-07,13:58:27,PL008,MIL0405495,x@x.com,9999123456,9999123451,9999123452,1,1
MP00000992,MP00000992,2023-09-07,13:58:27,PL003,MIL0076306,x@x.com,9999123456,9999123451,9999123452,1,1
MP00000993,MP00000993,2023-09-07,13:58:27,PL003,MIL0446665,x@x.com,9999123456,9999123451,9999123452,1,1
MP00000994,MP00000994,2023-09-07,13:58:27,PL008,MIL0332022,x@x.com,9999123456,9999123451,9999123452,1,1
MP00000995,MP00000995,2023-09-07,13:58:27,PL007,MIL0475473,x@x.com,9999123456,9999123451,9999123452,1,1
MP00000996,MP00000996,2023-09-07,13:58:27,PL001,MIL0220418,x@x.com,9999123456,9999123451,9999123452,1,1
MP00000997,MP00000997,2023-09-07,13:58:27,PL008,MIL0263269,x@x.com,9999123456,9999123451,9999123452,1,1
MP00000998,MP00000998,2023-09-07,13:58:27,PL009,MIL0035467,x@x.com,9999123456,9999123451,9999123452,1,1
MP00000999,MP00000999,2023-09-07,13:58:27,PL001,MIL0546495,x@x.com,9999123456,9999123451,9999123452,1,1
