clave,folio,fecha,hora,clave_partido_legado,clave_ciudadano,correo_electronico,whatsapp,telefono,celular,obseravaciones,status
clave,folio,fecha,hora,clave_partido_legado,clave_ciudadano,correo_electronico,whatsapp,telefono,celular,obseravaciones,status
MP00001000,MP00001000,2023-09-07,13:58:27,PL010,MIL0023175,x@x.com,9999123456,9999123451,9999123452,1,1
MP00001001,MP00001001,2023-09-07,13:58:27,PL012,MIL0206614,x@x.com,9999123456,9999123451,9999123452,1,1
MP00001002,MP00001002,2023-09-07,13:58:27,PL013,MIL0101438,x@x.com,9999123456,9999123451,9999123452,1,1
MP00001003,MP00001003,2023-09-07,13:58:27,PL011,MIL0061314,x@x.com,9999123456,9999123451,9999123452,1,1
MP00001004,MP00001004,2023-09-07,13:58:27,PL006,MIL0308639,x@x.com,9999123456,9999123451,9999123452,1,1
MP00001005,MP00001005,2023-09-07,13:58:27,PL001,MIL0405360,x@x.com,9999123456,9999123451,9999123452,1,1
MP00001006,MP00001006,2023-09-07,13:58:27,PL005,MIL0051005,x@x.com,9999123456,9999123451,9999123452,1,1
MP00001007,MP00001007,2023-09-07,13:58:27,PL013,MIL0489921,x@x.com,9999123456,9999123451,9999123452,1,1
MP00001008,MP00001008,2023-09-07,13:58:27,PL003,MIL0305291,x@x.com,9999123456,9999123451,9999123452,1,1
MP00001009,MP00001009,2023-09-07,13:58:27,PL003,MIL0382118,x@x.com,9999123456,9999123451,9999123452,1,1
MP00001010,MP00001010,2023-09-07,13:58:27,PL013,MIL0317129,x@x.com,9999123456,9999123451,9999123452,1,1
MP00001011,MP00001011,2023-09-07,13:58:27,PL013,MIL0112270,x@x.com,9999123456,9999123451,9999123452,1,1
MP00001012,MP00001012,2023-09-07,13:58:27,PL008,MIL0263416,x@x.com,9999123456,9999123451,9999123452,1,1
MP00001013,MP00001013,2023-09-07,13:58:27,PL003,MIL0547682,x@x.com,9999123456,9999123451,9999123452,1,1
MP00001014,MP00001014,2023-09-07,13:58:27,PL009,MIL0288147,x@x.com,9999123456,9999123451,9999123452,1,1
MP00001015,MP00001015,2023-09-07,13:58:27,PL011,MIL0436695,x@x.com,9999123456,9999123451,9999123452,1,1
MP00001016,MP00001016,2023-09-07,13:58:27,PL008,MIL0133353,x@x.com,9999123456,9999123451,9999123452,1,1
MP00001017,MP00001017,2023-09-07,13:58:27,PL002,MIL0304007,x@x.com,9999123456,9999123451,9999123452,1,1
MP00001018,MP00001018,2023-09-07,13:58:27,PL005,MIL0001992,x@x.com,9999123456,9999123451,9999123452,1,1
MP00001019,MP00001019,2023-09-07,13:58:27,PL001,MIL0232471,x@x.com,9999123456,9999123451,9999123452,1,1
MP00001020,MP00001020,2023-09-07,13:58:27,PL007,MIL0085462,x@x.com,9999123456,9999123451,9999123452,1,1
MP00001021,MP00001021,2023-09-07,13:58:27,PL007,MIL0564364,x@x.com,9999123456,9999123451,9999123452,1,1
MP00001022,MP00001022,2023-09-07,13:58:27,PL006,MIL0246295,x@x.com,9999123456,9999123451,9999123452,1,1
MP00001023,MP00001023,2023-09-07,13:58:27,PL012,MIL0517218,x@x.com,9999123456,9999123451,9999123452,1,1
MP00001024,MP00001024,2023-09-07,13:58:27,PL012,MIL0345841,x@x.com,9999123456,9999123451,9999123452,1,1
MP00001025,MP00001025,2023-09-07,13:58:27,PL008,MIL0420852,x@x.com,9999123456,9999123451,9999123452,1,1
MP00001026,MP00001026,2023-09-07,13:58:27,PL010,MIL0004994,x@x.com,9999123456,9999123451,9999123452,1,1
MP00001027,MP00001027,2023-09-07,13:58:27,PL001,MIL0431425,x@x.com,9999123456,9999123451,9999123452,1,1
MP00001028,MP00001028,2023-09-07,13:58:27,PL012,MIL0534659,x@x.com,9999123456,9999123451,9999123452,1,1
MP00001029,MP00001029,2023-09-07,13:58:27,PL008,MIL0168036,x@x.com,9999123456,9999123451,9999123452,1,1
MP00001030,MP00001030,2023-09-07,13:58:27,PL006,MIL0145036,x@x.com,9999123456,9999123451,9999123452,1,1
MP00001031,MP00001031,2023-09-07,13:58:27,PL008,MIL0141797,x@x.com,9999123456,9999123451,9999123452,1,1
MP00001032,MP00001032,2023-09-07,13:58:27,PL011,MIL0103061,x@x.com,9999123456,9999123451,9999123452,1,1
MP00001033,MP00001033,2023-09-07,13:58:27,PL001,MIL0087940,x@x.com,9999123456,9999123451,9999123452,1,1
MP00001034,MP00001034,2023-09-07,13:58:27,PL010,MIL0063063,x@x.com,9999123456,9999123451,9999123452,1,1
MP00001035,MP00001035,2023-09-07,13:58:27,PL011,MIL0178268,x@x.com,9999123456,9999123451,9999123452,1,1
MP00001036,MP00001036,2023-09-07,13:58:27,PL010,MIL0524144,x@x.com,9999123456,9999123451,9999123452,1,1
MP00001037,MP00001037,2023-09-07,13:58:27,PL006,MIL0430692,x@x.com,9999123456,9999123451,9999123452,1,1
MP00001038,MP00001038,2023-09-07,13:58:27,PL010,MIL0082027,x@x.com,9999123456,9999123451,9999123452,1,1
MP00001039,MP00001039,2023-09-07,13:58:27,PL008,MIL0255587,x@x.com,9999123456,9999123451,9999123452,1,1
MP00001040,MP00001040,2023-09-07,13:58:27,PL008,MIL0281811,x@x.com,9999123456,9999123451,9999123452,1,1
MP00001041,MP00001041,2023-09-07,13:58:27,PL004,MIL0229695,x@x.com,9999123456,9999123451,9999123452,1,1
MP00001042,MP00001042,2023-09-07,13:58:27,PL002,MIL0110960,x@x.com,9999123456,9999123451,9999123452,1,1
MP00001043,MP00001043,2023-09-07,13:58:27,PL003,MIL0000640,x@x.com,9999123456,9999123451,9999123452,1,1
MP00001044,MP00001044,2023-09-07,13:58:27,PL003,MIL0476553,x@x.com,9999123456,9999123451,9999123452,1,1
MP00001045,MP00001045,2023-09-07,13:58:27,PL008,MIL0139412,x@x.com,9999123456,9999123451,9999123452,1,1
MP00001046,MP00001046,2023-09-07,13:58:27,PL005,MIL0170889,x@x.com,9999123456,9999123451,9999123452,1,1
MP00001047,MP00001047,2023-09-07,13:58:27,PL003,MIL0560773,x@x.com,9999123456,9999123451,9999123452,1,1
MP00001048,MP00001048,2023-09-07,13:58:27,PL005,MIL0365183,x@x.com,9999123456,9999123451,9999123452,1,1
MP00001049,MP00001049,2023-09-07,13:58:27,PL005,MIL0257737,x@x.com,9999123456,9999123451,9999123452,1,1
MP00001050,MP00001050,2023-09-07,13:58:27,PL012,MIL0201757,x@x.com,9999123456,9999123451,9999123452,1,1
MP00001051,MP00001051,2023-09-07,13:58:27,PL005,MIL0446081,x@x.com,9999123456,9999123451,9999123452,1,1
MP00001052,MP00001052,2023-09-07,13:58:27,PL003,MIL0190144,x@x.com,9999123456,9999123451,9999123452,1,1
MP00001053,MP00001053,2023-09-07,13:58:27,PL011,MIL0434700,x@x.com,9999123456,9999123451,9999123452,1,1
MP00001054,MP00001054,2023-09-07,13:58:27,PL013,MIL0430443,x@x.com,9999123456,9999123451,9999123452,1,1
MP00001055,MP00001055,2023-09-07,13:58:27,PL012,MIL0293102,x@x.com,9999123456,9999123451,9999123452,1,1
MP00001056,MP00001056,2023-09-07,13:58:27,PL008,MIL0439211,x@x.com,9999123456,9999123451,9999123452,1,1
MP00001057,MP00001057,2023-09-07,13:58:27,PL008,MIL0141602,x@x.com,9999123456,9999123451,9999123452,1,1
MP00001058,MP00001058,2023-09-07,13:58:27,PL011,MIL0485281,x@x.com,9999123456,9999123451,9999123452,1,1
MP00001059,MP00001059,2023-09-07,13:58:27,PL008,MIL0034721,x@x.com,9999123456,9999123451,9999123452,1,1
MP00001060,MP00001060,2023-09-07,13:58:27,PL003,MIL0146085,x@x.com,9999123456,9999123451,9999123452,1,1
MP00001061,MP00001061,2023-09-07,13:58:27,PL012,MIL0215468,x@x.com,9999123456,9999123451,9999123452,1,1
MP00001062,MP00001062,2023-09-07,13:58:27,PL001,MIL0485385,x@x.com,9999123456,9999123451,9999123452,1,1
MP00001063,MP00001063,2023-09-07,13:58:27,PL008,MIL0035605,x@x.com,9999123456,9999123451,9999123452,1,1
MP00001064,MP00001064,2023-09-07,13:58:27,PL008,MIL0519335,x@x.com,9999123456,9999123451,9999123452,1,1
MP00001065,MP00001065,2023-09-07,13:58:27,PL003,MIL0262115,x@x.com,9999123456,9999123451,9999123452,1,1
MP00001066,MP00001066,2023-09-07,13:58:27,PL005,MIL0176189,x@x.com,9999123456,9999123451,9999123452,1,1
MP00001067,MP00001067,2023-09-07,13:58:27,PL001,MIL0224551,x@x.com,9999123456,9999123451,9999123452,1,1
MP00001068,MP00001068,2023-09-07,13:58:27,PL001,MIL0545877,x@x.com,9999123456,9999123451,9999123452,1,1
MP00001069,MP00001069,2023-09-07,13:58:27,PL004,MIL0306905,x@x.com,9999123456,9999123451,9999123452,1,1
MP00001070,MP00001070,2023-09-07,13:58:27,PL013,MIL0033369,x@x.com,9999123456,9999123451,9999123452,1,1
MP00001071,MP00001071,2023-09-07,13:58:27,PL009,MIL0047947,x@x.com,9999123456,9999123451,9999123452,1,1
MP00001072,MP00001072,2023-09-07,13:58:27,PL011,MIL0545322,x@x.com,9999123456,9999123451,9999123452,1,1
MP00001073,MP00001073,2023-09-07,13:58:27,PL001,MIL0509672,x@x.com,9999123456,9999123451,9999123452,1,1
MP00001074,MP00001074,2023-09-07,13:58:27,PL012,MIL0214993,x@x.com,9999123456,9999123451,9999123452,1,1
MP00001075,MP00001075,2023-09-07,13:58:27,PL003,MIL0010924,x@x.com,9999123456,9999123451,9999123452,1,1
MP00001076,MP00001076,2023-09-07,13:58:27,PL001,MIL0560196,x@x.com,9999123456,9999123451,9999123452,1,1
MP00001077,MP00001077,2023-09-07,13:58:27,PL002,MIL0298501,x@x.com,9999123456,9999123451,9999123452,1,1
MP00001078,MP00001078,2023-09-07,13:58:27,PL012,MIL0291126,x@x.com,9999123456,9999123451,9999123452,1,1
MP00001079,MP00001079,2023-09-07,13:58:27,PL011,MIL0385965,x@x.com,9999123456,9999123451,9999123452,1,1
MP00001080,MP00001080,2023-09-07,13:58:27,PL012,MIL0431622,x@x.com,9999123456,9999123451,9999123452,1,1
MP00001081,MP00001081,2023-09-07,13:58:27,PL003,MIL0340039,x@x.com,9999123456,9999123451,9999123452,1,1
MP00001082,MP00001082,2023-09-07,13:58:27,PL013,MIL0441660,x@x.com,9999123456,9999123451,9999123452,1,1
MP00001083,MP00001083,2023-09-07,13:58:27,PL012,MIL0372065,x@x.com,9999123456,9999123451,9999123452,1,1
MP00001084,MP00001084,2023-09-07,13:58:27,PL010,MIL0426615,x@x.com,9999123456,9999123451,9999123452,1,1
MP00001085,MP00001085,2023-09-07,13:58:27,PL007,MIL0066893,x@x.com,9999123456,9999123451,9999123452,1,1
MP00001086,MP00001086,2023-09-07,13:58:27,PL002,MIL0471073,x@x.com,9999123456,9999123451,9999123452,1,1
MP00001087,MP00001087,2023-09-07,13:58:27,PL013,MIL0435623,x@x.com,9999123456,9999123451,9999123452,1,1
MP00001088,MP00001088,2023-09-07,13:58:27,PL012,MIL0038257,x@x.com,9999123456,9999123451,9999123452,1,1
MP00001089,MP00001089,2023-09-07,13:58:27,PL013,MIL0138542,x@x.com,9999123456,9999123451,9999123452,1,1
MP00001090,MP00001090,2023-09-07,13:58:27,PL005,MIL0140845,x@x.com,9999123456,9999123451,9999123452,1,1
MP00001091,MP00001091,2023-09-07,13:58:27,PL010,MIL0577245,x@x.com,9999123456,9999123451,9999123452,1,1
MP00001092,MP00001092,2023-09-07,13:58:27,PL009,MIL0362361,x@x.com,9999123456,9999123451,9999123452,1,1
MP00001093,MP00001093,2023-09-07,13:58:27,PL003,MIL0488944,x@x.com,9999123456,9999123451,9999123452,1,1
MP00001094,MP00001094,2023-09-07,13:58:27,PL010,MIL0416147,x@x.com,9999123456,9999123451,9999123452,1,1
MP00001095,MP00001095,2023-09-07,13:58:27,PL011,MIL0454553,x@x.com,9999123456,9999123451,9999123452,1,1
MP00001096,MP00001096,2023-09-07,13:58:27,PL010,MIL0356926,x@x.com,9999123456,9999123451,9999123452,1,1
MP00001097,MP00001097,2023-09-07,13:58:27,PL001,MIL0109297,x@x.com,9999123456,9999123451,9999123452,1,1
MP00001098,MP00001098,2023-09-07,13:58:27,PL013,MIL0074910,x@x.com,9999123456,9999123451,9999123452,1,1
MP00001099,MP00001099,2023-09-07,13:58:27,PL007,MIL0240326,x@x.com,9999123456,9999123451,9999123452,1,1
MP00001100,MP00001100,2023-09-07,13:58:27,PL007,MIL0140471,x@x.com,9999123456,9999123451,9999123452,1,1
MP00001101,MP00001101,2023-09-07,13:58:27,PL003,MIL0109901,x@x.com,9999123456,9999123451,9999123452,1,1
MP00001102,MP00001102,2023-09-07,13:58:27,PL004,MIL0521947,x@x.com,9999123456,9999123451,9999123452,1,1
MP00001103,MP00001103,2023-09-07,13:58:27,PL001,MIL0552827,x@x.com,9999123456,9999123451,9999123452,1,1
MP00001104,MP00001104,2023-09-07,13:58:27,PL010,MIL0050847,x@x.com,9999123456,9999123451,9999123452,1,1
MP00001105,MP00001105,2023-09-07,13:58:27,PL003,MIL0158265,x@x.com,9999123456,9999123451,9999123452,1,1
MP00001106,MP00001106,2023-09-07,13:58:27,PL008,MIL0483091,x@x.com,9999123456,9999123451,9999123452,1,1
MP00001107,MP00001107,2023-09-07,13:58:27,PL011,MIL0029702,x@x.com,9999123456,9999123451,9999123452,1,1
MP00001108,MP00001108,2023-09-07,13:58:27,PL011,MIL0402435,x@x.com,9999123456,9999123451,9999123452,1,1
MP00001109,MP00001109,2023-09-07,13:58:27,PL010,MIL0040845,x@x.com,9999123456,9999123451,9999123452,1,1
MP00001110,MP00001110,2023-09-07,13:58:27,PL006,MIL0504708,x@x.com,9999123456,9999123451,9999123452,1,1
MP00001111,MP00001111,2023-09-07,13:58:27,PL011,MIL0425463,x@x.com,9999123456,9999123451,9999123452,1,1
MP00001112,MP00001112,2023-09-07,13:58:27,PL001,MIL0293336,x@x.com,9999123456,9999123451,9999123452,1,1
MP00001113,MP00001113,2023-09-07,13:58:27,PL010,MIL0053685,x@x.com,9999123456,9999123451,9999123452,1,1
MP00001114,MP00001114,2023-09-07,13:58:27,PL011,MIL0138141,x@x.com,9999123456,9999123451,9999123452,1,1
MP00001115,MP00001115,2023-09-07,13:58:27,PL011,MIL0229341,x@x.com,9999123456,9999123451,9999123452,1,1
MP00001116,MP00001116,2023-09-07,13:58:27,PL007,MIL0561134,x@x.com,9999123456,9999123451,9999123452,1,1
MP00001117,MP00001117,2023-09-07,13:58:27,PL008,MIL0574589,x@x.com,9999123456,9999123451,9999123452,1,1
MP00001118,MP00001118,2023-09-07,13:58:27,PL006,MIL0195764,x@x.com,9999123456,9999123451,9999123452,1,1
MP00001119,MP00001119,2023-09-07,13:58:27,PL006,MIL0181194,x@x.com,9999123456,9999123451,9999123452,1,1
MP00001120,MP00001120,2023-09-07,13:58:27,PL002,MIL0115592,x@x.com,9999123456,9999123451,9999123452,1,1
MP00001121,MP00001121,2023-09-07,13:58:27,PL011,MIL0295026,x@x.com,9999123456,9999123451,9999123452,1,1
MP00001122,MP00001122,2023-09-07,13:58:27,PL011,MIL0002778,x@x.com,9999123456,9999123451,9999123452,1,1
MP00001123,MP00001123,2023-09-07,13:58:27,PL012,MIL0181663,x@x.com,9999123456,9999123451,9999123452,1,1
MP00001124,MP00001124,2023-09-07,13:58:27,PL010,MIL0373563,x@x.com,9999123456,9999123451,9999123452,1,1
MP00001125,MP00001125,2023-09-07,13:58:27,PL011,MIL0422302,x@x.com,9999123456,9999123451,9999123452,1,1
MP00001126,MP00001126,2023-09-07,13:58:27,PL006,MIL0523070,x@x.com,9999123456,9999123451,9999123452,1,1
MP00001127,MP00001127,2023-09-07,13:58:27,PL009,MIL0152109,x@x.com,9999123456,9999123451,9999123452,1,1
MP00001128,MP00001128,2023-09-07,13:58:27,PL003,MIL0339953,x@x.com,9999123456,9999123451,9999123452,1,1
MP00001129,MP00001129,2023-09-07,13:58:27,PL010,MIL0532357,x@x.com,9999123456,9999123451,9999123452,1,1
MP00001130,MP00001130,2023-09-07,13:58:27,PL004,MIL0344543,x@x.com,9999123456,9999123451,9999123452,1,1
MP00001131,MP00001131,2023-09-07,13:58:27,PL004,MIL0531219,x@x.com,9999123456,9999123451,9999123452,1,1
MP00001132,MP00001132,2023-09-07,13:58:27,PL012,MIL0354911,x@x.com,9999123456,9999123451,9999123452,1,1
MP00001133,MP00001133,2023-09-07,13:58:27,PL012,MIL0523513,x@x.com,9999123456,9999123451,9999123452,1,1
MP00001134,MP00001134,2023-09-07,13:58:27,PL013,MIL0370965,x@x.com,9999123456,9999123451,9999123452,1,1
MP00001135,MP00001135,2023-09-07,13:58:27,PL006,MIL0038035,x@x.com,9999123456,9999123451,9999123452,1,1
MP00001136,MP00001136,2023-09-07,13:58:27,PL012,MIL0572013,x@x.com,9999123456,9999123451,9999123452,1,1
MP00001137,MP00001137,2023-09-07,13:58:27,PL008,MIL0005065,x@x.com,9999123456,9999123451,9999123452,1,1
MP00001138,MP00001138,2023-09-07,13:58:27,PL002,MIL0461065,x@x.com,9999123456,9999123451,9999123452,1,1
MP00001139,MP00001139,2023-09-07,13:58:27,PL006,MIL0434742,x@x.com,9999123456,9999123451,9999123452,1,1
MP00001140,MP00001140,2023-09-07,13:58:27,PL007,MIL0343701,x@x.com,9999123456,9999123451,9999123452,1,1
MP00001141,MP00001141,2023-09-07,13:58:27,PL005,MIL0485546,x@x.com,9999123456,9999123451,9999123452,1,1
MP00001142,MP00001142,2023-09-07,13:58:27,PL004,MIL0337645,x@x.com,9999123456,9999123451,9999123452,1,1
MP00001143,MP00001143,2023-09-07,13:58:27,PL013,MIL0044751,x@x.com,9999123456,9999123451,9999123452,1,1
MP00001144,MP00001144,2023-09-07,13:58:27,PL010,MIL0177563,x@x.com,9999123456,9999123451,9999123452,1,1
MP00001145,MP00001145,2023-09-07,13:58:27,PL007,MIL0272569,x@x.com,9999123456,9999123451,9999123452,1,1
MP00001146,MP00001146,2023-09-07,13:58:27,PL008,MIL0456831,x@x.com,9999123456,9999123451,9999123452,1,1
MP00001147,MP00001147,2023-09-07,13:58:27,PL002,MIL0119625,x@x.com,9999123456,9999123451,9999123452,1,1
MP00001148,MP00001148,2023-09-07,13:58:27,PL011,MIL0242792,x@x.com,9999123456,9999123451,9999123452,1,1
MP00001149,MP00001149,2023-09-07,13:58:27,PL010,MIL0173111,x@x.com,9999123456,9999123451,9999123452,1,1
MP00001150,MP00001150,2023-09-07,13:58:27,PL001,MIL0051851,x@x.com,9999123456,9999123451,9999123452,1,1
MP00001151,MP00001151,2023-09-07,13:58:27,PL013,MIL0516832,x@x.com,9999123456,9999123451,9999123452,1,1
MP00001152,MP00001152,2023-09-07,13:58:27,PL003,MIL0222734,x@x.com,9999123456,9999123451,9999123452,1,1
MP00001153,MP00001153,2023-09-07,13:58:27,PL003,MIL0422862,x@x.com,9999123456,9999123451,9999123452,1,1
MP00001154,MP00001154,2023-09-07,13:58:27,PL011,MIL0420709,x@x.com,9999123456,9999123451,9999123452,1,1
MP00001155,MP00001155,2023-09-07,13:58:27,PL010,MIL0124642,x@x.com,9999123456,9999123451,9999123452,1,1
MP00001156,MP00001156,2023-09-07,13:58:27,PL005,MIL0238629,x@x.com,9999123456,9999123451,9999123452,1,1
MP00001157,MP00001157,2023-09-07,13:58:27,PL008,MIL0352554,x@x.com,9999123456,9999123451,9999123452,1,1
MP00001158,MP00001158,2023-09-07,13:58:27,PL013,MIL0078927,x@x.com,9999123456,9999123451,9999123452,1,1
MP00001159,MP00001159,2023-09-07,13:58:27,PL004,MIL0466061,x@x.com,9999123456,9999123451,9999123452,1,1
MP00001160,MP00001160,2023-09-07,13:58:27,PL004,MIL0411980,x@x.com,9999123456,9999123451,9999123452,1,1
MP00001161,MP00001161,2023-09-07,13:58:27,PL008,MIL0136489,x@x.com,9999123456,9999123451,9999123452,1,1
MP00001162,MP00001162,2023-09-07,13:58:27,PL012,MIL0330749,x@x.com,9999123456,9999123451,9999123452,1,1
MP00001163,MP00001163,2023-09-07,13:58:27,PL003,MIL0268719,x@x.com,9999123456,9999123451,9999123452,1,1
MP00001164,MP00001164,2023-09-07,13:58:27,PL012,MIL0352305,x@x.com,9999123456,9999123451,9999123452,1,1
MP00001165,MP00001165,2023-09-07,13:58:27,PL003,MIL0162826,x@x.com,9999123456,9999123451,9999123452,1,1
MP00001166,MP00001166,2023-09-07,13:58:27,PL006,MIL0563386,x@x.com,9999123456,9999123451,9999123452,1,1
MP00001167,MP00001167,2023-09-07,13:58:27,PL011,MIL0222998,x@x.com,9999123456,9999123451,9999123452,1,1
MP00001168,MP00001168,2023-09-07,13:58:27,PL012,MIL0196469,x@x.com,9999123456,9999123451,9999123452,1,1
MP00001169,MP00001169,2023-09-07,13:58:27,PL009,MIL0487121,x@x.com,9999123456,9999123451,9999123452,1,1
MP00001170,MP00001170,2023-09-07,13:58:27,PL012,MIL0248255,x@x.com,9999123456,9999123451,9999123452,1,1
MP00001171,MP00001171,2023-09-07,13:58:27,PL002,MIL0493593,x@x.com,9999123456,9999123451,9999123452,1,1
MP00001172,MP00001172,2023-09-07,13:58:27,PL007,MIL0042128,x@x.com,9999123456,9999123451,9999123452,1,1
MP00001173,MP00001173,2023-09-07,13:58:27,PL001,MIL0033445,x@x.com,9999123456,9999123451,9999123452,1,1
MP00001174,MP00001174,2023-09-07,13:58:27,PL002,MIL0576365,x@x.com,9999123456,9999123451,9999123452,1,1
MP00001175,MP00001175,2023-09-07,13:58:27,PL010,MIL0427311,x@x.com,9999123456,9999123451,9999123452,1,1
MP00001176,MP00001176,2023-09-07,13:58:27,PL003,MIL0365240,x@x.com,9999123456,9999123451,9999123452,1,1
MP00001177,MP00001177,2023-09-07,13:58:27,PL009,MIL0068822,x@x.com,9999123456,9999123451,9999123452,1,1
MP00001178,MP00001178,2023-09-07,13:58:27,PL006,MIL0432971,x@x.com,9999123456,9999123451,9999123452,1,1
MP00001179,MP00001179,2023-09-07,13:58:27,PL007,MIL0500814,x@x.com,9999123456,9999123451,9999123452,1,1
MP00001180,MP00001180,2023-09-07,13:58:27,PL012,MIL0200881,x@x.com,9999123456,9999123451,9999123452,1,1
MP00001181,MP00001181,2023-09-07,13:58:27,PL003,MIL0376334,x@x.com,9999123456,9999123451,9999123452,1,1
MP00001182,MP00001182,2023-09-07,13:58:27,PL001,MIL0372139,x@x.com,9999123456,9999123451,9999123452,1,1
MP00001183,MP00001183,2023-09-07,13:58:27,PL003,MIL0198237,x@x.com,9999123456,9999123451,9999123452,1,1
MP00001184,MP00001184,2023-09-07,13:58:27,PL011,MIL0025547,x@x.com,9999123456,9999123451,9999123452,1,1
MP00001185,MP00001185,2023-09-07,13:58:27,PL006,MIL0305566,x@x.com,9999123456,9999123451,9999123452,1,1
MP00001186,MP00001186,2023-09-07,13:58:27,PL008,MIL0364817,x@x.com,9999123456,9999123451,9999123452,1,1
MP00001187,MP00001187,2023-09-07,13:58:27,PL001,MIL0333640,x@x.com,9999123456,9999123451,9999123452,1,1
MP00001188,MP00001188,2023-09-07,13:58:27,PL008,MIL0312011,x@x.com,9999123456,9999123451,9999123452,1,1
MP00001189,MP00001189,2023-09-07,13:58:27,PL006,MIL0177511,x@x.com,9999123456,9999123451,9999123452,1,1
MP00001190,MP00001190,2023-09-07,13:58:27,PL005,MIL0566948,x@x.com,9999123456,9999123451,9999123452,1,1
MP00001191,MP00001191,2023-09-07,13:58:27,PL008,MIL0072958,x@x.com,9999123456,9999123451,9999123452,1,1
MP00001192,MP00001192,2023-09-07,13:58:27,PL005,MIL0276757,x@x.com,9999123456,9999123451,9999123452,1,1
MP00001193,MP00001193,2023-09-07,13:58:27,PL006,MIL0432773,x@x.com,9999123456,9999123451,9999123452,1,1
MP00001194,MP00001194,2023-09-07,13:58:27,PL012,MIL0073846,x@x.com,9999123456,9999123451,9999123452,1,1
MP00001195,MP00001195,2023-09-07,13:58:27,PL013,MIL0169141,x@x.com,9999123456,9999123451,9999123452,1,1
MP00001196,MP00001196,2023-09-07,13:58:27,PL010,MIL0373099,x@x.com,9999123456,9999123451,9999123452,1,1
MP00001197,MP00001197,2023-09-07,13:58:27,PL005,MIL0428089,x@x.com,9999123456,9999123451,9999123452,1,1
MP00001198,MP00001198,2023-09-07,13:58:27,PL008,MIL0171944,x@x.com,9999123456,9999123451,9999123452,1,1
MP00001199,MP00001199,2023-09-07,13:58:27,PL006,MIL0385116,x@x.com,9999123456,9999123451,9999123452,1,1
MP00001200,MP00001200,2023-09-07,13:58:27,PL012,MIL0090409,x@x.com,9999123456,9999123451,9999123452,1,1
MP00001201,MP00001201,2023-09-07,13:58:27,PL002,MIL0221043,x@x.com,9999123456,9999123451,9999123452,1,1
MP00001202,MP00001202,2023-09-07,13:58:27,PL013,MIL0093587,x@x.com,9999123456,9999123451,9999123452,1,1
MP00001203,MP00001203,2023-09-07,13:58:27,PL006,MIL0187882,x@x.com,9999123456,9999123451,9999123452,1,1
MP00001204,MP00001204,2023-09-07,13:58:27,PL004,MIL0481575,x@x.com,9999123456,9999123451,9999123452,1,1
MP00001205,MP00001205,2023-09-07,13:58:27,PL007,MIL0552483,x@x.com,9999123456,9999123451,9999123452,1,1
MP00001206,MP00001206,2023-09-07,13:58:27,PL007,MIL0434014,x@x.com,9999123456,9999123451,9999123452,1,1
MP00001207,MP00001207,2023-09-07,13:58:27,PL011,MIL0530958,x@x.com,9999123456,9999123451,9999123452,1,1
MP00001208,MP00001208,2023-09-07,13:58:27,PL006,MIL0424103,x@x.com,9999123456,9999123451,9999123452,1,1
MP00001209,MP00001209,2023-09-07,13:58:27,PL005,MIL0132870,x@x.com,9999123456,9999123451,9999123452,1,1
MP00001210,MP00001210,2023-09-07,13:58:27,PL013,MIL0178736,x@x.com,9999123456,9999123451,9999123452,1,1
MP00001211,MP00001211,2023-09-07,13:58:27,PL006,MIL0257285,x@x.com,9999123456,9999123451,9999123452,1,1
MP00001212,MP00001212,2023-09-07,13:58:27,PL005,MIL0259312,x@x.com,9999123456,9999123451,9999123452,1,1
MP00001213,MP00001213,2023-09-07,13:58:27,PL004,MIL0572878,x@x.com,9999123456,9999123451,9999123452,1,1
MP00001214,MP00001214,2023-09-07,13:58:27,PL007,MIL0469147,x@x.com,9999123456,9999123451,9999123452,1,1
MP00001215,MP00001215,2023-09-07,13:58:27,PL011,MIL0468270,x@x.com,9999123456,9999123451,9999123452,1,1
MP00001216,MP00001216,2023-09-07,13:58:27,PL006,MIL0105015,x@x.com,9999123456,9999123451,9999123452,1,1
MP00001217,MP00001217,2023-09-07,13:58:27,PL002,MIL0467670,x@x.com,9999123456,9999123451,9999123452,1,1
MP00001218,MP00001218,2023-09-07,13:58:27,PL013,MIL0028536,x@x.com,9999123456,9999123451,9999123452,1,1
MP00001219,MP00001219,2023-09-07,13:58:27,PL001,MIL0146180,x@x.com,9999123456,9999123451,9999123452,1,1
MP00001220,MP00001220,2023-09-07,13:58:27,PL008,MIL0562815,x@x.com,9999123456,9999123451,9999123452,1,1
MP00001221,MP00001221,2023-09-07,13:58:27,PL001,MIL0436848,x@x.com,9999123456,9999123451,9999123452,1,1
MP00001222,MP00001222,2023-09-07,13:58:27,PL006,MIL0119437,x@x.com,9999123456,9999123451,9999123452,1,1
MP00001223,MP00001223,2023-09-07,13:58:27,PL012,MIL0436830,x@x.com,9999123456,9999123451,9999123452,1,1
MP00001224,MP00001224,2023-09-07,13:58:27,PL006,MIL0417912,x@x.com,9999123456,9999123451,9999123452,1,1
MP00001225,MP00001225,2023-09-07,13:58:27,PL001,MIL0553876,x@x.com,9999123456,9999123451,9999123452,1,1
MP00001226,MP00001226,2023-09-07,13:58:27,PL013,MIL0468284,x@x.com,9999123456,9999123451,9999123452,1,1
MP00001227,MP00001227,2023-09-07,13:58:27,PL013,MIL0005845,x@x.com,9999123456,9999123451,9999123452,1,1
MP00001228,MP00001228,2023-09-07,13:58:27,PL003,MIL0010118,x@x.com,9999123456,9999123451,9999123452,1,1
MP00001229,MP00001229,2023-09-07,13:58:27,PL012,MIL0474551,x@x.com,9999123456,9999123451,9999123452,1,1
MP00001230,MP00001230,2023-09-07,13:58:27,PL013,MIL0215420,x@x.com,9999123456,9999123451,9999123452,1,1
MP00001231,MP00001231,2023-09-07,13:58:27,PL013,MIL0069462,x@x.com,9999123456,9999123451,9999123452,1,1
MP00001232,MP00001232,2023-09-07,13:58:27,PL008,MIL0149269,x@x.com,9999123456,9999123451,9999123452,1,1
MP00001233,MP00001233,2023-09-07,13:58:27,PL012,MIL0164647,x@x.com,9999123456,9999123451,9999123452,1,1
MP00001234,MP00001234,2023-09-07,13:58:27,PL010,MIL0301691,x@x.com,9999123456,9999123451,9999123452,1,1
MP00001235,MP00001235,2023-09-07,13:58:27,PL007,MIL0579926,x@x.com,9999123456,9999123451,9999123452,1,1
MP00001236,MP00001236,2023-09-07,13:58:27,PL005,MIL0049419,x@x.com,9999123456,9999123451,9999123452,1,1
MP00001237,MP00001237,2023-09-07,13:58:27,PL007,MIL0245046,x@x.com,9999123456,9999123451,9999123452,1,1
MP00001238,MP00001238,2023-09-07,13:58:27,PL011,MIL0538843,x@x.com,9999123456,9999123451,9999123452,1,1
MP00001239,MP00001239,2023-09-07,13:58:27,PL006,MIL0391757,x@x.com,9999123456,9999123451,9999123452,1,1
MP00001240,MP00001240,2023-09-07,13:58:27,PL006,MIL0385947,x@x.com,9999123456,9999123451,9999123452,1,1
MP00001241,MP00001241,2023-09-07,13:58:27,PL008,MIL0256386,x@x.com,9999123456,9999123451,9999123452,1,1
MP00001242,MP00001242,2023-09-07,13:58:27,PL006,MIL0059037,x@x.com,9999123456,9999123451,9999123452,1,1
MP00001243,MP00001243,2023-09-07,13:58:27,PL004,MIL0332637,x@x.com,9999123456,9999123451,9999123452,1,1
MP00001244,MP00001244,2023-09-07,13:58:27,PL010,MIL0355219,x@x.com,9999123456,9999123451,9999123452,1,1
MP00001245,MP00001245,2023-09-07,13:58:27,PL013,MIL0429727,x@x.com,9999123456,9999123451,9999123452,1,1
MP00001246,MP00001246,2023-09-07,13:58:27,PL007,MIL0538164,x@x.com,9999123456,9999123451,9999123452,1,1
MP00001247,MP00001247,2023-09-07,13:58:27,PL011,MIL0211939,x@x.com,9999123456,9999123451,9999123452,1,1
MP00001248,MP00001248,2023-09-07,13:58:27,PL004,MIL0074066,x@x.com,9999123456,9999123451,9999123452,1,1
MP00001249,MP00001249,2023-09-07,13:58:27,PL003,MIL0537102,x@x.com,9999123456,9999123451,9999123452,1,1
MP00001250,MP00001250,2023-09-07,13:58:27,PL003,MIL0486713,x@x.com,9999123456,9999123451,9999123452,1,1
MP00001251,MP00001251,2023-09-07,13:58:27,PL003,MIL0567835,x@x.com,9999123456,9999123451,9999123452,1,1
MP00001252,MP00001252,2023-09-07,13:58:27,PL010,MIL0450047,x@x.com,9999123456,9999123451,9999123452,1,1
MP00001253,MP00001253,2023-09-07,13:58:27,PL007,MIL0275559,x@x.com,9999123456,9999123451,9999123452,1,1
MP00001254,MP00001254,2023-09-07,13:58:27,PL005,MIL0179878,x@x.com,9999123456,9999123451,9999123452,1,1
MP00001255,MP00001255,2023-09-07,13:58:27,PL012,MIL0158517,x@x.com,9999123456,9999123451,9999123452,1,1
MP00001256,MP00001256,2023-09-07,13:58:27,PL003,MIL0334679,x@x.com,9999123456,9999123451,9999123452,1,1
MP00001257,MP00001257,2023-09-07,13:58:27,PL010,MIL0085513,x@x.com,9999123456,9999123451,9999123452,1,1
MP00001258,MP00001258,2023-09-07,13:58:27,PL007,MIL0157325,x@x.com,9999123456,9999123451,9999123452,1,1
MP00001259,MP00001259,2023-09-07,13:58:27,PL013,MIL0258037,x@x.com,9999123456,9999123451,9999123452,1,1
MP00001260,MP00001260,2023-09-07,13:58:27,PL012,MIL0180926,x@x.com,9999123456,9999123451,9999123452,1,1
MP00001261,MP00001261,2023-09-07,13:58:27,PL003,MIL0290237,x@x.com,9999123456,9999123451,9999123452,1,1
MP00001262,MP00001262,2023-09-07,13:58:27,PL006,MIL0435942,x@x.com,9999123456,9999123451,9999123452,1,1
MP00001263,MP00001263,2023-09-07,13:58:27,PL005,MIL0113759,x@x.com,9999123456,9999123451,9999123452,1,1
MP00001264,MP00001264,2023-09-07,13:58:27,PL001,MIL0303727,x@x.com,9999123456,9999123451,9999123452,1,1
MP00001265,MP00001265,2023-09-07,13:58:27,PL009,MIL0355304,x@x.com,9999123456,9999123451,9999123452,1,1
MP00001266,MP00001266,2023-09-07,13:58:27,PL009,MIL0353883,x@x.com,9999123456,9999123451,9999123452,1,1
MP00001267,MP00001267,2023-09-07,13:58:27,PL013,MIL0557779,x@x.com,9999123456,9999123451,9999123452,1,1
MP00001268,MP00001268,2023-09-07,13:58:27,PL008,MIL0323294,x@x.com,9999123456,9999123451,9999123452,1,1
MP00001269,MP00001269,2023-09-07,13:58:27,PL004,MIL0511002,x@x.com,9999123456,9999123451,9999123452,1,1
MP00001270,MP00001270,2023-09-07,13:58:27,PL011,MIL0241054,x@x.com,9999123456,9999123451,9999123452,1,1
MP00001271,MP00001271,2023-09-07,13:58:27,PL005,MIL0053613,x@x.com,9999123456,9999123451,9999123452,1,1
MP00001272,MP00001272,2023-09-07,13:58:27,PL013,MIL0349471,x@x.com,9999123456,9999123451,9999123452,1,1
MP00001273,MP00001273,2023-09-07,13:58:27,PL013,MIL0381555,x@x.com,9999123456,9999123451,9999123452,1,1
MP00001274,MP00001274,2023-09-07,13:58:27,PL006,MIL0363366,x@x.com,9999123456,9999123451,9999123452,1,1
MP00001275,MP00001275,2023-09-07,13:58:27,PL011,MIL0355723,x@x.com,9999123456,9999123451,9999123452,1,1
MP00001276,MP00001276,2023-09-07,13:58:27,PL001,MIL0183449,x@x.com,9999123456,9999123451,9999123452,1,1
MP00001277,MP00001277,2023-09-07,13:58:27,PL011,MIL0063099,x@x.com,9999123456,9999123451,9999123452,1,1
MP00001278,MP00001278,2023-09-07,13:58:27,PL010,MIL0202236,x@x.com,9999123456,9999123451,9999123452,1,1
MP00001279,MP00001279,2023-09-07,13:58:27,PL005,MIL0416911,x@x.com,9999123456,9999123451,9999123452,1,1
MP00001280,MP00001280,2023-09-07,13:58:27,PL012,MIL0209009,x@x.com,9999123456,9999123451,9999123452,1,1
MP00001281,MP00001281,2023-09-07,13:58:27,PL008,MIL0311722,x@x.com,9999123456,9999123451,9999123452,1,1
MP00001282,MP00001282,2023-09-07,13:58:27,PL011,MIL0493395,x@x.com,9999123456,9999123451,9999123452,1,1
MP00001283,MP00001283,2023-09-07,13:58:27,PL008,MIL0224542,x@x.com,9999123456,9999123451,9999123452,1,1
MP00001284,MP00001284,2023-09-07,13:58:27,PL011,MIL0490155,x@x.com,9999123456,9999123451,9999123452,1,1
MP00001285,MP00001285,2023-09-07,13:58:27,PL010,MIL0316264,x@x.com,9999123456,9999123451,9999123452,1,1
MP00001286,MP00001286,2023-09-07,13:58:27,PL006,MIL0001862,x@x.com,9999123456,9999123451,9999123452,1,1
MP00001287,MP00001287,2023-09-07,13:58:27,PL004,MIL0439208,x@x.com,9999123456,9999123451,9999123452,1,1
MP00001288,MP00001288,2023-09-07,13:58:27,PL001,MIL0044180,x@x.com,9999123456,9999123451,9999123452,1,1
MP00001289,MP00001289,2023-09-07,13:58:27,PL007,MIL0023804,x@x.com,9999123456,9999123451,9999123452,1,1
MP00001290,MP00001290,2023-09-07,13:58:27,PL009,MIL0250798,x@x.com,9999123456,9999123451,9999123452,1,1
MP00001291,MP00001291,2023-09-07,13:58:27,PL011,MIL0474935,x@x.com,9999123456,9999123451,9999123452,1,1
MP00001292,MP00001292,2023-09-07,13:58:27,PL010,MIL0542167,x@x.com,9999123456,9999123451,9999123452,1,1
MP00001293,MP00001293,2023-09-07,13:58:27,PL009,MIL0237159,x@x.com,9999123456,9999123451,9999123452,1,1
MP00001294,MP00001294,2023-09-07,13:58:27,PL012,MIL0419559,x@x.com,9999123456,9999123451,9999123452,1,1
MP00001295,MP00001295,2023-09-07,13:58:27,PL010,MIL0458943,x@x.com,9999123456,9999123451,9999123452,1,1
MP00001296,MP00001296,2023-09-07,13:58:27,PL008,MIL0382925,x@x.com,9999123456,9999123451,9999123452,1,1
MP00001297,MP00001297,2023-09-07,13:58:27,PL002,MIL0364830,x@x.com,9999123456,9999123451,9999123452,1,1
MP00001298,MP00001298,2023-09-07,13:58:27,PL009,MIL0516235,x@x.com,9999123456,9999123451,9999123452,1,1
MP00001299,MP00001299,2023-09-07,13:58:27,PL008,MIL0539933,x@x.com,9999123456,9999123451,9999123452,1,1
MP00001300,MP00001300,2023-09-07,13:58:27,PL012,MIL0058542,x@x.com,9999123456,9999123451,9999123452,1,1
MP00001301,MP00001301,2023-09-07,13:58:27,PL004,MIL0301432,x@x.com,9999123456,9999123451,9999123452,1,1
MP00001302,MP00001302,2023-09-07,13:58:27,PL013,MIL0161718,x@x.com,9999123456,9999123451,9999123452,1,1
MP00001303,MP00001303,2023-09-07,13:58:27,PL005,MIL0365284,x@x.com,9999123456,9999123451,9999123452,1,1
MP00001304,MP00001304,2023-09-07,13:58:27,PL008,MIL0384466,x@x.com,9999123456,9999123451,9999123452,1,1
MP00001305,MP00001305,2023-09-07,13:58:27,PL005,MIL0180663,x@x.com,9999123456,9999123451,9999123452,1,1
MP00001306,MP00001306,2023-09-07,13:58:27,PL003,MIL0027127,x@x.com,9999123456,9999123451,9999123452,1,1
MP00001307,MP00001307,2023-09-07,13:58:27,PL010,MIL0527114,x@x.com,9999123456,9999123451,9999123452,1,1
MP00001308,MP00001308,2023-09-07,13:58:27,PL010,MIL0084398,x@x.com,9999123456,9999123451,9999123452,1,1
MP00001309,MP00001309,2023-09-07,13:58:27,PL001,MIL0090276,x@x.com,9999123456,9999123451,9999123452,1,1
MP00001310,MP00001310,2023-09-07,13:58:27,PL011,MIL0456955,x@x.com,9999123456,9999123451,9999123452,1,1
MP00001311,MP00001311,2023-09-07,13:58:27,PL011,MIL0533480,x@x.com,9999123456,9999123451,9999123452,1,1
MP00001312,MP00001312,2023-09-07,13:58:27,PL001,MIL0480743,x@x.com,9999123456,9999123451,9999123452,1,1
MP00001313,MP00001313,2023-09-07,13:58:27,PL002,MIL0496123,x@x.com,9999123456,9999123451,9999123452,1,1
MP00001314,MP00001314,2023-09-07,13:58:27,PL011,MIL0511930,x@x.com,9999123456,9999123451,9999123452,1,1
MP00001315,MP00001315,2023-09-07,13:58:27,PL007,MIL0513312,x@x.com,9999123456,9999123451,9999123452,1,1
MP00001316,MP00001316,2023-09-07,13:58:27,PL011,MIL0568913,x@x.com,9999123456,9999123451,9999123452,1,1
MP00001317,MP00001317,2023-09-07,13:58:27,PL012,MIL0000010,x@x.com,9999123456,9999123451,9999123452,1,1
MP00001318,MP00001318,2023-09-07,13:58:27,PL008,MIL0045533,x@x.com,9999123456,9999123451,9999123452,1,1
MP00001319,MP00001319,2023-09-07,13:58:27,PL004,MIL0023796,x@x.com,9999123456,9999123451,9999123452,1,1
MP00001320,MP00001320,2023-09-07,13:58:27,PL004,MIL0211350,x@x.com,9999123456,9999123451,9999123452,1,1
MP00001321,MP00001321,2023-09-07,13:58:27,PL004,MIL0293489,x@x.com,9999123456,9999123451,9999123452,1,1
MP00001322,MP00001322,2023-09-07,13:58:27,PL013,MIL0000941,x@x.com,9999123456,9999123451,9999123452,1,1
MP00001323,MP00001323,2023-09-07,13:58:27,PL008,MIL0031490,x@x.com,9999123456,9999123451,9999123452,1,1
MP00001324,MP00001324,2023-09-07,13:58:27,PL012,MIL0007947,x@x.com,9999123456,9999123451,9999123452,1,1
MP00001325,MP00001325,2023-09-07,13:58:27,PL003,MIL0258801,x@x.com,9999123456,9999123451,9999123452,1,1
MP00001326,MP00001326,2023-09-07,13:58:27,PL009,MIL0034060,x@x.com,9999123456,9999123451,9999123452,1,1
MP00001327,MP00001327,2023-09-07,13:58:27,PL013,MIL0543256,x@x.com,9999123456,9999123451,9999123452,1,1
MP00001328,MP00001328,2023-09-07,13:58:27,PL010,MIL0459176,x@x.com,9999123456,9999123451,9999123452,1,1
MP00001329,MP00001329,2023-09-07,13:58:27,PL013,MIL0300425,x@x.com,9999123456,9999123451,9999123452,1,1
MP00001330,MP00001330,2023-09-07,13:58:27,PL010,MIL0106767,x@x.com,9999123456,9999123451,9999123452,1,1
MP00001331,MP00001331,2023-09-07,13:58:27,PL006,MIL0432519,x@x.com,9999123456,9999123451,9999123452,1,1
MP00001332,MP00001332,2023-09-07,13:58:27,PL003,MIL0475154,x@x.com,9999123456,9999123451,9999123452,1,1
MP00001333,MP00001333,2023-09-07,13:58:27,PL002,MIL0270917,x@x.com,9999123456,9999123451,9999123452,1,1
MP00001334,MP00001334,2023-09-07,13:58:27,PL013,MIL0490595,x@x.com,9999123456,9999123451,9999123452,1,1
MP00001335,MP00001335,2023-09-07,13:58:27,PL009,MIL0497738,x@x.com,9999123456,9999123451,9999123452,1,1
MP00001336,MP00001336,2023-09-07,13:58:27,PL007,MIL0476738,x@x.com,9999123456,9999123451,9999123452,1,1
MP00001337,MP00001337,2023-09-07,13:58:27,PL010,MIL0408492,x@x.com,9999123456,9999123451,9999123452,1,1
MP00001338,MP00001338,2023-09-07,13:58:27,PL008,MIL0580332,x@x.com,9999123456,9999123451,9999123452,1,1
MP00001339,MP00001339,2023-09-07,13:58:27,PL007,MIL0325767,x@x.com,9999123456,9999123451,9999123452,1,1
MP00001340,MP00001340,2023-09-07,13:58:27,PL011,MIL0026314,x@x.com,9999123456,9999123451,9999123452,1,1
MP00001341,MP00001341,2023-09-07,13:58:27,PL011,MIL0026698,x@x.com,9999123456,9999123451,9999123452,1,1
MP00001342,MP00001342,2023-09-07,13:58:27,PL013,MIL0580953,x@x.com,9999123456,9999123451,9999123452,1,1
MP00001343,MP00001343,2023-09-07,13:58:27,PL012,MIL0146562,x@x.com,9999123456,9999123451,9999123452,1,1
MP00001344,MP00001344,2023-09-07,13:58:27,PL004,MIL0165315,x@x.com,9999123456,9999123451,9999123452,1,1
MP00001345,MP00001345,2023-09-07,13:58:27,PL008,MIL0198584,x@x.com,9999123456,9999123451,9999123452,1,1
MP00001346,MP00001346,2023-09-07,13:58:27,PL006,MIL0552960,x@x.com,9999123456,9999123451,9999123452,1,1
MP00001347,MP00001347,2023-09-07,13:58:27,PL011,MIL0010526,x@x.com,9999123456,9999123451,9999123452,1,1
MP00001348,MP00001348,2023-09-07,13:58:27,PL009,MIL0525568,x@x.com,9999123456,9999123451,9999123452,1,1
MP00001349,MP00001349,2023-09-07,13:58:27,PL007,MIL0428631,x@x.com,9999123456,9999123451,9999123452,1,1
MP00001350,MP00001350,2023-09-07,13:58:27,PL008,MIL0445890,x@x.com,9999123456,9999123451,9999123452,1,1
MP00001351,MP00001351,2023-09-07,13:58:27,PL011,MIL0284989,x@x.com,9999123456,9999123451,9999123452,1,1
MP00001352,MP00001352,2023-09-07,13:58:27,PL004,MIL0047365,x@x.com,9999123456,9999123451,9999123452,1,1
MP00001353,MP00001353,2023-09-07,13:58:27,PL001,MIL0345681,x@x.com,9999123456,9999123451,9999123452,1,1
MP00001354,MP00001354,2023-09-07,13:58:27,PL004,MIL0259658,x@x.com,9999123456,9999123451,9999123452,1,1
MP00001355,MP00001355,2023-09-07,13:58:27,PL003,MIL0083072,x@x.com,9999123456,9999123451,9999123452,1,1
MP00001356,MP00001356,2023-09-07,13:58:27,PL013,MIL0410706,x@x.com,9999123456,9999123451,9999123452,1,1
MP00001357,MP00001357,2023-09-07,13:58:27,PL012,MIL0270400,x@x.com,9999123456,9999123451,9999123452,1,1
MP00001358,MP00001358,2023-09-07,13:58:27,PL009,MIL0520150,x@x.com,9999123456,9999123451,9999123452,1,1
MP00001359,MP00001359,2023-09-07,13:58:27,PL005,MIL0386922,x@x.com,9999123456,9999123451,9999123452,1,1
MP00001360,MP00001360,2023-09-07,13:58:27,PL010,MIL0386729,x@x.com,9999123456,9999123451,9999123452,1,1
MP00001361,MP00001361,2023-09-07,13:58:27,PL012,MIL0246406,x@x.com,9999123456,9999123451,9999123452,1,1
MP00001362,MP00001362,2023-09-07,13:58:27,PL002,MIL0191364,x@x.com,9999123456,9999123451,9999123452,1,1
MP00001363,MP00001363,2023-09-07,13:58:27,PL005,MIL0098272,x@x.com,9999123456,9999123451,9999123452,1,1
MP00001364,MP00001364,2023-09-07,13:58:27,PL010,MIL0087321,x@x.com,9999123456,9999123451,9999123452,1,1
MP00001365,MP00001365,2023-09-07,13:58:27,PL007,MIL0513526,x@x.com,9999123456,9999123451,9999123452,1,1
MP00001366,MP00001366,2023-09-07,13:58:27,PL012,MIL0145663,x@x.com,9999123456,9999123451,9999123452,1,1
MP00001367,MP00001367,2023-09-07,13:58:27,PL005,MIL0251421,x@x.com,9999123456,9999123451,9999123452,1,1
MP00001368,MP00001368,2023-09-07,13:58:27,PL011,MIL0539194,x@x.com,9999123456,9999123451,9999123452,1,1
MP00001369,MP00001369,2023-09-07,13:58:27,PL005,MIL0238621,x@x.com,9999123456,9999123451,9999123452,1,1
MP00001370,MP00001370,2023-09-07,13:58:27,PL006,MIL0387857,x@x.com,9999123456,9999123451,9999123452,1,1
MP00001371,MP00001371,2023-09-07,13:58:27,PL003,MIL0219205,x@x.com,9999123456,9999123451,9999123452,1,1
MP00001372,MP00001372,2023-09-07,13:58:27,PL008,MIL0569507,x@x.com,9999123456,9999123451,9999123452,1,1
MP00001373,MP00001373,2023-09-07,13:58:27,PL001,MIL0556991,x@x.com,9999123456,9999123451,9999123452,1,1
MP00001374,MP00001374,2023-09-07,13:58:27,PL006,MIL0482365,x@x.com,9999123456,9999123451,9999123452,1,1
MP00001375,MP00001375,2023-09-07,13:58:27,PL005,MIL0482334,x@x.com,9999123456,9999123451,9999123452,1,1
MP00001376,MP00001376,2023-09-07,13:58:27,PL011,MIL0445281,x@x.com,9999123456,9999123451,9999123452,1,1
MP00001377,MP00001377,2023-09-07,13:58:27,PL004,MIL0497831,x@x.com,9999123456,9999123451,9999123452,1,1
MP00001378,MP00001378,2023-09-07,13:58:27,PL012,MIL0290438,x@x.com,9999123456,9999123451,9999123452,1,1
MP00001379,MP00001379,2023-09-07,13:58:27,PL007,MIL0258759,x@x.com,9999123456,9999123451,9999123452,1,1
MP00001380,MP00001380,2023-09-07,13:58:27,PL002,MIL0173888,x@x.com,9999123456,9999123451,9999123452,1,1
MP00001381,MP00001381,2023-09-07,13:58:27,PL002,MIL0351710,x@x.com,9999123456,9999123451,9999123452,1,1
MP00001382,MP00001382,2023-09-07,13:58:27,PL008,MIL0300768,x@x.com,9999123456,9999123451,9999123452,1,1
MP00001383,MP00001383,2023-09-07,13:58:27,PL003,MIL0559999,x@x.com,9999123456,9999123451,9999123452,1,1
MP00001384,MP00001384,2023-09-07,13:58:27,PL010,MIL0219331,x@x.com,9999123456,9999123451,9999123452,1,1
MP00001385,MP00001385,2023-09-07,13:58:27,PL004,MIL0453099,x@x.com,9999123456,9999123451,9999123452,1,1
MP00001386,MP00001386,2023-09-07,13:58:27,PL002,MIL0462096,x@x.com,9999123456,9999123451,9999123452,1,1
MP00001387,MP00001387,2023-09-07,13:58:27,PL001,MIL0518506,x@x.com,9999123456,9999123451,9999123452,1,1
MP00001388,MP00001388,2023-09-07,13:58:27,PL012,MIL0259170,x@x.com,9999123456,9999123451,9999123452,1,1
MP00001389,MP00001389,2023-09-07,13:58:27,PL011,MIL0103862,x@x.com,9999123456,9999123451,9999123452,1,1
MP00001390,MP00001390,2023-09-07,13:58:27,PL007,MIL0170772,x@x.com,9999123456,9999123451,9999123452,1,1
MP00001391,MP00001391,2023-09-07,13:58:27,PL011,MIL0411453,x@x.com,9999123456,9999123451,9999123452,1,1
MP00001392,MP00001392,2023-09-07,13:58:27,PL007,MIL0525716,x@x.com,9999123456,9999123451,9999123452,1,1
MP00001393,MP00001393,2023-09-07,13:58:27,PL010,MIL0256476,x@x.com,9999123456,9999123451,9999123452,1,1
MP00001394,MP00001394,2023-09-07,13:58:27,PL013,MIL0034839,x@x.com,9999123456,9999123451,9999123452,1,1
MP00001395,MP00001395,2023-09-07,13:58:27,PL002,MIL0093482,x@x.com,9999123456,9999123451,9999123452,1,1
MP00001396,MP00001396,2023-09-07,13:58:27,PL002,MIL0565590,x@x.com,9999123456,9999123451,9999123452,1,1
MP00001397,MP00001397,2023-09-07,13:58:27,PL008,MIL0181451,x@x.com,9999123456,9999123451,9999123452,1,1
MP00001398,MP00001398,2023-09-07,13:58:27,PL008,MIL0509764,x@x.com,9999123456,9999123451,9999123452,1,1
MP00001399,MP00001399,2023-09-07,13:58:27,PL010,MIL0170966,x@x.com,9999123456,9999123451,9999123452,1,1
MP00001400,MP00001400,2023-09-07,13:58:27,PL009,MIL0356228,x@x.com,9999123456,9999123451,9999123452,1,1
MP00001401,MP00001401,2023-09-07,13:58:27,PL011,MIL0155796,x@x.com,9999123456,9999123451,9999123452,1,1
MP00001402,MP00001402,2023-09-07,13:58:27,PL001,MIL0318949,x@x.com,9999123456,9999123451,9999123452,1,1
MP00001403,MP00001403,2023-09-07,13:58:27,PL002,MIL0135206,x@x.com,9999123456,9999123451,9999123452,1,1
MP00001404,MP00001404,2023-09-07,13:58:27,PL004,MIL0243068,x@x.com,9999123456,9999123451,9999123452,1,1
MP00001405,MP00001405,2023-09-07,13:58:27,PL002,MIL0413113,x@x.com,9999123456,9999123451,9999123452,1,1
MP00001406,MP00001406,2023-09-07,13:58:27,PL008,MIL0453224,x@x.com,9999123456,9999123451,9999123452,1,1
MP00001407,MP00001407,2023-09-07,13:58:27,PL008,MIL0298041,x@x.com,9999123456,9999123451,9999123452,1,1
MP00001408,MP00001408,2023-09-07,13:58:27,PL012,MIL0508745,x@x.com,9999123456,9999123451,9999123452,1,1
MP00001409,MP00001409,2023-09-07,13:58:27,PL013,MIL0032144,x@x.com,9999123456,9999123451,9999123452,1,1
MP00001410,MP00001410,2023-09-07,13:58:27,PL006,MIL0074588,x@x.com,9999123456,9999123451,9999123452,1,1
MP00001411,MP00001411,2023-09-07,13:58:27,PL009,MIL0185220,x@x.com,9999123456,9999123451,9999123452,1,1
MP00001412,MP00001412,2023-09-07,13:58:27,PL010,MIL0525363,x@x.com,9999123456,9999123451,9999123452,1,1
MP00001413,MP00001413,2023-09-07,13:58:27,PL012,MIL0021172,x@x.com,9999123456,9999123451,9999123452,1,1
MP00001414,MP00001414,2023-09-07,13:58:27,PL003,MIL0239642,x@x.com,9999123456,9999123451,9999123452,1,1
MP00001415,MP00001415,2023-09-07,13:58:27,PL001,MIL0127109,x@x.com,9999123456,9999123451,9999123452,1,1
MP00001416,MP00001416,2023-09-07,13:58:27,PL012,MIL0449826,x@x.com,9999123456,9999123451,9999123452,1,1
MP00001417,MP00001417,2023-09-07,13:58:27,PL004,MIL0048660,x@x.com,9999123456,9999123451,9999123452,1,1
MP00001418,MP00001418,2023-09-07,13:58:27,PL008,MIL0421694,x@x.com,9999123456,9999123451,9999123452,1,1
MP00001419,MP00001419,2023-09-07,13:58:27,PL002,MIL0302254,x@x.com,9999123456,9999123451,9999123452,1,1
MP00001420,MP00001420,2023-09-07,13:58:27,PL005,MIL0263231,x@x.com,9999123456,9999123451,9999123452,1,1
MP00001421,MP00001421,2023-09-07,13:58:27,PL001,MIL0060424,x@x.com,9999123456,9999123451,9999123452,1,1
MP00001422,MP00001422,2023-09-07,13:58:27,PL008,MIL0475705,x@x.com,9999123456,9999123451,9999123452,1,1
MP00001423,MP00001423,2023-09-07,13:58:27,PL012,MIL0003491,x@x.com,9999123456,9999123451,9999123452,1,1
MP00001424,MP00001424,2023-09-07,13:58:27,PL001,MIL0319757,x@x.com,9999123456,9999123451,9999123452,1,1
MP00001425,MP00001425,2023-09-07,13:58:27,PL006,MIL0167319,x@x.com,9999123456,9999123451,9999123452,1,1
MP00001426,MP00001426,2023-09-07,13:58:27,PL008,MIL0343578,x@x.com,9999123456,9999123451,9999123452,1,1
MP00001427,MP00001427,2023-09-07,13:58:27,PL008,MIL0236152,x@x.com,9999123456,9999123451,9999123452,1,1
MP00001428,MP00001428,2023-09-07,13:58:27,PL010,MIL0144879,x@x.com,9999123456,9999123451,9999123452,1,1
MP00001429,MP00001429,2023-09-07,13:58:27,PL013,MIL0344811,x@x.com,9999123456,9999123451,9999123452,1,1
MP00001430,MP00001430,2023-09-07,13:58:27,PL004,MIL0142123,x@x.com,9999123456,9999123451,9999123452,1,1
MP00001431,MP00001431,2023-09-07,13:58:27,PL010,MIL0101924,x@x.com,9999123456,9999123451,9999123452,1,1
MP00001432,MP00001432,2023-09-07,13:58:27,PL003,MIL0218283,x@x.com,9999123456,9999123451,9999123452,1,1
MP00001433,MP00001433,2023-09-07,13:58:27,PL005,MIL0202363,x@x.com,9999123456,9999123451,9999123452,1,1
MP00001434,MP00001434,2023-09-07,13:58:27,PL010,MIL0517540,x@x.com,9999123456,9999123451,9999123452,1,1
MP00001435,MP00001435,2023-09-07,13:58:27,PL001,MIL0108849,x@x.com,9999123456,9999123451,9999123452,1,1
MP00001436,MP00001436,2023-09-07,13:58:27,PL009,MIL0180136,x@x.com,9999123456,9999123451,9999123452,1,1
MP00001437,MP00001437,2023-09-07,13:58:27,PL006,MIL0181915,x@x.com,9999123456,9999123451,9999123452,1,1
MP00001438,MP00001438,2023-09-07,13:58:27,PL010,MIL0440058,x@x.com,9999123456,9999123451,9999123452,1,1
MP00001439,MP00001439,2023-09-07,13:58:27,PL001,MIL0179754,x@x.com,9999123456,9999123451,9999123452,1,1
MP00001440,MP00001440,2023-09-07,13:58:27,PL013,MIL0021516,x@x.com,9999123456,9999123451,9999123452,1,1
MP00001441,MP00001441,2023-09-07,13:58:27,PL004,MIL0409116,x@x.com,9999123456,9999123451,9999123452,1,1
MP00001442,MP00001442,2023-09-07,13:58:27,PL007,MIL0354272,x@x.com,9999123456,9999123451,9999123452,1,1
MP00001443,MP00001443,2023-09-07,13:58:27,PL009,MIL0000948,x@x.com,9999123456,9999123451,9999123452,1,1
MP00001444,MP00001444,2023-09-07,13:58:27,PL005,MIL0444331,x@x.com,9999123456,9999123451,9999123452,1,1
MP00001445,MP00001445,2023-09-07,13:58:27,PL012,MIL0434803,x@x.com,9999123456,9999123451,9999123452,1,1
MP00001446,MP00001446,2023-09-07,13:58:27,PL012,MIL0037966,x@x.com,9999123456,9999123451,9999123452,1,1
MP00001447,MP00001447,2023-09-07,13:58:27,PL012,MIL0189802,x@x.com,9999123456,9999123451,9999123452,1,1
MP00001448,MP00001448,2023-09-07,13:58:27,PL005,MIL0031715,x@x.com,9999123456,9999123451,9999123452,1,1
MP00001449,MP00001449,2023-09-07,13:58:27,PL006,MIL0066504,x@x.com,9999123456,9999123451,9999123452,1,1
MP00001450,MP00001450,2023-09-07,13:58:27,PL005,MIL0023054,x@x.com,9999123456,9999123451,9999123452,1,1
MP00001451,MP00001451,2023-09-07,13:58:27,PL001,MIL0023256,x@x.com,9999123456,9999123451,9999123452,1,1
MP00001452,MP00001452,2023-09-07,13:58:27,PL002,MIL0003394,x@x.com,9999123456,9999123451,9999123452,1,1
MP00001453,MP00001453,2023-09-07,13:58:27,PL006,MIL0046527,x@x.com,9999123456,9999123451,9999123452,1,1
MP00001454,MP00001454,2023-09-07,13:58:27,PL007,MIL0528643,x@x.com,9999123456,9999123451,9999123452,1,1
MP00001455,MP00001455,2023-09-07,13:58:27,PL002,MIL0125089,x@x.com,9999123456,9999123451,9999123452,1,1
MP00001456,MP00001456,2023-09-07,13:58:27,PL001,MIL0163585,x@x.com,9999123456,9999123451,9999123452,1,1
MP00001457,MP00001457,2023-09-07,13:58:27,PL009,MIL0363398,x@x.com,9999123456,9999123451,9999123452,1,1
MP00001458,MP00001458,2023-09-07,13:58:27,PL003,MIL0036506,x@x.com,9999123456,9999123451,9999123452,1,1
MP00001459,MP00001459,2023-09-07,13:58:27,PL005,MIL0069286,x@x.com,9999123456,9999123451,9999123452,1,1
MP00001460,MP00001460,2023-09-07,13:58:27,PL003,MIL0233437,x@x.com,9999123456,9999123451,9999123452,1,1
MP00001461,MP00001461,2023-09-07,13:58:27,PL009,MIL0383442,x@x.com,9999123456,9999123451,9999123452,1,1
MP00001462,MP00001462,2023-09-07,13:58:27,PL004,MIL0148614,x@x.com,9999123456,9999123451,9999123452,1,1
MP00001463,MP00001463,2023-09-07,13:58:27,PL005,MIL0574731,x@x.com,9999123456,9999123451,9999123452,1,1
MP00001464,MP00001464,2023-09-07,13:58:27,PL005,MIL0439173,x@x.com,9999123456,9999123451,9999123452,1,1
MP00001465,MP00001465,2023-09-07,13:58:27,PL013,MIL0195971,x@x.com,9999123456,9999123451,9999123452,1,1
MP00001466,MP00001466,2023-09-07,13:58:27,PL013,MIL0209887,x@x.com,9999123456,9999123451,9999123452,1,1
MP00001467,MP00001467,2023-09-07,13:58:27,PL001,MIL0556202,x@x.com,9999123456,9999123451,9999123452,1,1
MP00001468,MP00001468,2023-09-07,13:58:27,PL007,MIL0016452,x@x.com,9999123456,9999123451,9999123452,1,1
MP00001469,MP00001469,2023-09-07,13:58:27,PL011,MIL0013946,x@x.com,9999123456,9999123451,9999123452,1,1
MP00001470,MP00001470,2023-09-07,13:58:27,PL002,MIL0007492,x@x.com,9999123456,9999123451,9999123452,1,1
MP00001471,MP00001471,2023-09-07,13:58:27,PL011,MIL0380203,x@x.com,9999123456,9999123451,9999123452,1,1
MP00001472,MP00001472,2023-09-07,13:58:27,PL013,MIL0279845,x@x.com,9999123456,9999123451,9999123452,1,1
MP00001473,MP00001473,2023-09-07,13:58:27,PL005,MIL0161195,x@x.com,9999123456,9999123451,9999123452,1,1
MP00001474,MP00001474,2023-09-07,13:58:27,PL010,MIL0001372,x@x.com,9999123456,9999123451,9999123452,1,1
MP00001475,MP00001475,2023-09-07,13:58:27,PL010,MIL0123929,x@x.com,9999123456,9999123451,9999123452,1,1
MP00001476,MP00001476,2023-09-07,13:58:27,PL007,MIL0548863,x@x.com,9999123456,9999123451,9999123452,1,1
MP00001477,MP00001477,2023-09-07,13:58:27,PL003,MIL0059409,x@x.com,9999123456,9999123451,9999123452,1,1
MP00001478,MP00001478,2023-09-07,13:58:27,PL006,MIL0398598,x@x.com,9999123456,9999123451,9999123452,1,1
MP00001479,MP00001479,2023-09-07,13:58:27,PL007,MIL0278787,x@x.com,9999123456,9999123451,9999123452,1,1
MP00001480,MP00001480,2023-09-07,13:58:27,PL003,MIL0573822,x@x.com,9999123456,9999123451,9999123452,1,1
MP00001481,MP00001481,2023-09-07,13:58:27,PL012,MIL0294723,x@x.com,9999123456,9999123451,9999123452,1,1
MP00001482,MP00001482,2023-09-07,13:58:27,PL001,MIL0225884,x@x.com,9999123456,9999123451,9999123452,1,1
MP00001483,MP00001483,2023-09-07,13:58:27,PL013,MIL0181010,x@x.com,9999123456,9999123451,9999123452,1,1
MP00001484,MP00001484,2023-09-07,13:58:27,PL007,MIL0361897,x@x.com,9999123456,9999123451,9999123452,1,1
MP00001485,MP00001485,2023-09-07,13:58:27,PL013,MIL0063612,x@x.com,9999123456,9999123451,9999123452,1,1
MP00001486,MP00001486,2023-09-07,13:58:27,PL002,MIL0571714,x@x.com,9999123456,9999123451,9999123452,1,1
MP00001487,MP00001487,2023-09-07,13:58:27,PL006,MIL0325555,x@x.com,9999123456,9999123451,9999123452,1,1
MP00001488,MP00001488,2023-09-07,13:58:27,PL005,MIL0533848,x@x.com,9999123456,9999123451,9999123452,1,1
MP00001489,MP00001489,2023-09-07,13:58:27,PL006,MIL0121587,x@x.com,9999123456,9999123451,9999123452,1,1
MP00001490,MP00001490,2023-09-07,13:58:27,PL007,MIL0467396,x@x.com,9999123456,9999123451,9999123452,1,1
MP00001491,MP00001491,2023-09-07,13:58:27,PL013,MIL0020422,x@x.com,9999123456,9999123451,9999123452,1,1
MP00001492,MP00001492,2023-09-07,13:58:27,PL002,MIL0335806,x@x.com,9999123456,9999123451,9999123452,1,1
MP00001493,MP00001493,2023-09-07,13:58:27,PL004,MIL0028075,x@x.com,9999123456,9999123451,9999123452,1,1
MP00001494,MP00001494,2023-09-07,13:58:27,PL013,MIL0076837,x@x.com,9999123456,9999123451,9999123452,1,1
MP00001495,MP00001495,2023-09-07,13:58:27,PL010,MIL0068432,x@x.com,9999123456,9999123451,9999123452,1,1
MP00001496,MP00001496,2023-09-07,13:58:27,PL007,MIL0280091,x@x.com,9999123456,9999123451,9999123452,1,1
MP00001497,MP00001497,2023-09-07,13:58:27,PL008,MIL0275609,x@x.com,9999123456,9999123451,9999123452,1,1
MP00001498,MP00001498,2023-09-07,13:58:27,PL013,MIL0283058,x@x.com,9999123456,9999123451,9999123452,1,1
MP00001499,MP00001499,2023-09-07,13:58:27,PL002,MIL0082858,x@x.com,9999123456,9999123451,9999123452,1,1
MP00001500,MP00001500,2023-09-07,13:58:27,PL004,MIL0044202,x@x.com,9999123456,9999123451,9999123452,1,1
MP00001501,MP00001501,2023-09-07,13:58:27,PL008,MIL0334170,x@x.com,9999123456,9999123451,9999123452,1,1
MP00001502,MP00001502,2023-09-07,13:58:27,PL003,MIL0023939,x@x.com,9999123456,9999123451,9999123452,1,1
MP00001503,MP00001503,2023-09-07,13:58:27,PL008,MIL0118102,x@x.com,9999123456,9999123451,9999123452,1,1
MP00001504,MP00001504,2023-09-07,13:58:27,PL004,MIL0483740,x@x.com,9999123456,9999123451,9999123452,1,1
MP00001505,MP00001505,2023-09-07,13:58:27,PL012,MIL0208918,x@x.com,9999123456,9999123451,9999123452,1,1
MP00001506,MP00001506,2023-09-07,13:58:27,PL004,MIL0243164,x@x.com,9999123456,9999123451,9999123452,1,1
MP00001507,MP00001507,2023-09-07,13:58:27,PL003,MIL0580681,x@x.com,9999123456,9999123451,9999123452,1,1
MP00001508,MP00001508,2023-09-07,13:58:27,PL007,MIL0332433,x@x.com,9999123456,9999123451,9999123452,1,1
MP00001509,MP00001509,2023-09-07,13:58:27,PL005,MIL0539362,x@x.com,9999123456,9999123451,9999123452,1,1
MP00001510,MP00001510,2023-09-07,13:58:27,PL010,MIL0416442,x@x.com,9999123456,9999123451,9999123452,1,1
MP00001511,MP00001511,2023-09-07,13:58:27,PL004,MIL0062614,x@x.com,9999123456,9999123451,9999123452,1,1
MP00001512,MP00001512,2023-09-07,13:58:27,PL011,MIL0114769,x@x.com,9999123456,9999123451,9999123452,1,1
MP00001513,MP00001513,2023-09-07,13:58:27,PL010,MIL0020908,x@x.com,9999123456,9999123451,9999123452,1,1
MP00001514,MP00001514,2023-09-07,13:58:27,PL005,MIL0351107,x@x.com,9999123456,9999123451,9999123452,1,1
MP00001515,MP00001515,2023-09-07,13:58:27,PL003,MIL0027472,x@x.com,9999123456,9999123451,9999123452,1,1
MP00001516,MP00001516,2023-09-07,13:58:27,PL011,MIL0279886,x@x.com,9999123456,9999123451,9999123452,1,1
MP00001517,MP00001517,2023-09-07,13:58:27,PL012,MIL0311245,x@x.com,9999123456,9999123451,9999123452,1,1
MP00001518,MP00001518,2023-09-07,13:58:27,PL010,MIL0448013,x@x.com,9999123456,9999123451,9999123452,1,1
MP00001519,MP00001519,2023-09-07,13:58:27,PL005,MIL0169389,x@x.com,9999123456,9999123451,9999123452,1,1
MP00001520,MP00001520,2023-09-07,13:58:27,PL009,MIL0209670,x@x.com,9999123456,9999123451,9999123452,1,1
MP00001521,MP00001521,2023-09-07,13:58:27,PL002,MIL0337023,x@x.com,9999123456,9999123451,9999123452,1,1
MP00001522,MP00001522,2023-09-07,13:58:27,PL006,MIL0161972,x@x.com,9999123456,9999123451,9999123452,1,1
MP00001523,MP00001523,2023-09-07,13:58:27,PL013,MIL0146629,x@x.com,9999123456,9999123451,9999123452,1,1
MP00001524,MP00001524,2023-09-07,13:58:27,PL008,MIL0260208,x@x.com,9999123456,9999123451,9999123452,1,1
MP00001525,MP00001525,2023-09-07,13:58:27,PL006,MIL0552491,x@x.com,9999123456,9999123451,9999123452,1,1
MP00001526,MP00001526,2023-09-07,13:58:27,PL013,MIL0515195,x@x.com,9999123456,9999123451,9999123452,1,1
MP00001527,MP00001527,2023-09-07,13:58:27,PL006,MIL0111641,x@x.com,9999123456,9999123451,9999123452,1,1
MP00001528,MP00001528,2023-09-07,13:58:27,PL002,MIL0446551,x@x.com,9999123456,9999123451,9999123452,1,1
MP00001529,MP00001529,2023-09-07,13:58:27,PL013,MIL0164030,x@x.com,9999123456,9999123451,9999123452,1,1
MP00001530,MP00001530,2023-09-07,13:58:27,PL003,MIL0131951,x@x.com,9999123456,9999123451,9999123452,1,1
MP00001531,MP00001531,2023-09-07,13:58:27,PL007,MIL0187010,x@x.com,9999123456,9999123451,9999123452,1,1
MP00001532,MP00001532,2023-09-07,13:58:27,PL006,MIL0376467,x@x.com,9999123456,9999123451,9999123452,1,1
MP00001533,MP00001533,2023-09-07,13:58:27,PL004,MIL0000778,x@x.com,9999123456,9999123451,9999123452,1,1
MP00001534,MP00001534,2023-09-07,13:58:27,PL003,MIL0193360,x@x.com,9999123456,9999123451,9999123452,1,1
MP00001535,MP00001535,2023-09-07,13:58:27,PL002,MIL0361834,x@x.com,9999123456,9999123451,9999123452,1,1
MP00001536,MP00001536,2023-09-07,13:58:27,PL004,MIL0104167,x@x.com,9999123456,9999123451,9999123452,1,1
MP00001537,MP00001537,2023-09-07,13:58:27,PL011,MIL0407654,x@x.com,9999123456,9999123451,9999123452,1,1
MP00001538,MP00001538,2023-09-07,13:58:27,PL005,MIL0020677,x@x.com,9999123456,9999123451,9999123452,1,1
MP00001539,MP00001539,2023-09-07,13:58:27,PL010,MIL0204892,x@x.com,9999123456,9999123451,9999123452,1,1
MP00001540,MP00001540,2023-09-07,13:58:27,PL010,MIL0296077,x@x.com,9999123456,9999123451,9999123452,1,1
MP00001541,MP00001541,2023-09-07,13:58:27,PL011,MIL0465325,x@x.com,9999123456,9999123451,9999123452,1,1
MP00001542,MP00001542,2023-09-07,13:58:27,PL011,MIL0122313,x@x.com,9999123456,9999123451,9999123452,1,1
MP00001543,MP00001543,2023-09-07,13:58:27,PL012,MIL0340751,x@x.com,9999123456,9999123451,9999123452,1,1
MP00001544,MP00001544,2023-09-07,13:58:27,PL001,MIL0167159,x@x.com,9999123456,9999123451,9999123452,1,1
MP00001545,MP00001545,2023-09-07,13:58:27,PL007,MIL0485248,x@x.com,9999123456,9999123451,9999123452,1,1
MP00001546,MP00001546,2023-09-07,13:58:27,PL009,MIL0082187,x@x.com,9999123456,9999123451,9999123452,1,1
MP00001547,MP00001547,2023-09-07,13:58:27,PL010,MIL0311767,x@x.com,9999123456,9999123451,9999123452,1,1
MP00001548,MP00001548,2023-09-07,13:58:27,PL006,MIL0466135,x@x.com,9999123456,9999123451,9999123452,1,1
MP00001549,MP00001549,2023-09-07,13:58:27,PL002,MIL0376238,x@x.com,9999123456,9999123451,9999123452,1,1
MP00001550,MP00001550,2023-09-07,13:58:27,PL006,MIL0280287,x@x.com,9999123456,9999123451,9999123452,1,1
MP00001551,MP00001551,2023-09-07,13:58:27,PL001,MIL0520818,x@x.com,9999123456,9999123451,9999123452,1,1
MP00001552,MP00001552,2023-09-07,13:58:27,PL010,MIL0237057,x@x.com,9999123456,9999123451,9999123452,1,1
MP00001553,MP00001553,2023-09-07,13:58:27,PL011,MIL0139503,x@x.com,9999123456,9999123451,9999123452,1,1
MP00001554,MP00001554,2023-09-07,13:58:27,PL006,MIL0207496,x@x.com,9999123456,9999123451,9999123452,1,1
MP00001555,MP00001555,2023-09-07,13:58:27,PL007,MIL0280360,x@x.com,9999123456,9999123451,9999123452,1,1
MP00001556,MP00001556,2023-09-07,13:58:27,PL009,MIL0208167,x@x.com,9999123456,9999123451,9999123452,1,1
MP00001557,MP00001557,2023-09-07,13:58:27,PL013,MIL0577813,x@x.com,9999123456,9999123451,9999123452,1,1
MP00001558,MP00001558,2023-09-07,13:58:27,PL003,MIL0071090,x@x.com,9999123456,9999123451,9999123452,1,1
MP00001559,MP00001559,2023-09-07,13:58:27,PL008,MIL0527107,x@x.com,9999123456,9999123451,9999123452,1,1
MP00001560,MP00001560,2023-09-07,13:58:27,PL005,MIL0127897,x@x.com,9999123456,9999123451,9999123452,1,1
MP00001561,MP00001561,2023-09-07,13:58:27,PL005,MIL0189227,x@x.com,9999123456,9999123451,9999123452,1,1
MP00001562,MP00001562,2023-09-07,13:58:27,PL010,MIL0052350,x@x.com,9999123456,9999123451,9999123452,1,1
MP00001563,MP00001563,2023-09-07,13:58:27,PL009,MIL0435609,x@x.com,9999123456,9999123451,9999123452,1,1
MP00001564,MP00001564,2023-09-07,13:58:27,PL011,MIL0470650,x@x.com,9999123456,9999123451,9999123452,1,1
MP00001565,MP00001565,2023-09-07,13:58:27,PL008,MIL0153800,x@x.com,9999123456,9999123451,9999123452,1,1
MP00001566,MP00001566,2023-09-07,13:58:27,PL007,MIL0211682,x@x.com,9999123456,9999123451,9999123452,1,1
MP00001567,MP00001567,2023-09-07,13:58:27,PL007,MIL0497112,x@x.com,9999123456,9999123451,9999123452,1,1
MP00001568,MP00001568,2023-09-07,13:58:27,PL007,MIL0459314,x@x.com,9999123456,9999123451,9999123452,1,1
MP00001569,MP00001569,2023-09-07,13:58:27,PL013,MIL0108954,x@x.com,9999123456,9999123451,9999123452,1,1
MP00001570,MP00001570,2023-09-07,13:58:27,PL007,MIL0508561,x@x.com,9999123456,9999123451,9999123452,1,1
MP00001571,MP00001571,2023-09-07,13:58:27,PL005,MIL0468909,x@x.com,9999123456,9999123451,9999123452,1,1
MP00001572,MP00001572,2023-09-07,13:58:27,PL006,MIL0304351,x@x.com,9999123456,9999123451,9999123452,1,1
MP00001573,MP00001573,2023-09-07,13:58:27,PL004,MIL0063137,x@x.com,9999123456,9999123451,9999123452,1,1
MP00001574,MP00001574,2023-09-07,13:58:27,PL007,MIL0069872,x@x.com,9999123456,9999123451,9999123452,1,1
MP00001575,MP00001575,2023-09-07,13:58:27,PL005,MIL0261705,x@x.com,9999123456,9999123451,9999123452,1,1
MP00001576,MP00001576,2023-09-07,13:58:27,PL012,MIL0086803,x@x.com,9999123456,9999123451,9999123452,1,1
MP00001577,MP00001577,2023-09-07,13:58:27,PL002,MIL0382467,x@x.com,9999123456,9999123451,9999123452,1,1
MP00001578,MP00001578,2023-09-07,13:58:27,PL006,MIL0570649,x@x.com,9999123456,9999123451,9999123452,1,1
MP00001579,MP00001579,2023-09-07,13:58:27,PL006,MIL0517541,x@x.com,9999123456,9999123451,9999123452,1,1
MP00001580,MP00001580,2023-09-07,13:58:27,PL003,MIL0501074,x@x.com,9999123456,9999123451,9999123452,1,1
MP00001581,MP00001581,2023-09-07,13:58:27,PL006,MIL0153577,x@x.com,9999123456,9999123451,9999123452,1,1
MP00001582,MP00001582,2023-09-07,13:58:27,PL010,MIL0420396,x@x.com,9999123456,9999123451,9999123452,1,1
MP00001583,MP00001583,2023-09-07,13:58:27,PL003,MIL0185281,x@x.com,9999123456,9999123451,9999123452,1,1
MP00001584,MP00001584,2023-09-07,13:58:27,PL008,MIL0024603,x@x.com,9999123456,9999123451,9999123452,1,1
MP00001585,MP00001585,2023-09-07,13:58:27,PL010,MIL0192566,x@x.com,9999123456,9999123451,9999123452,1,1
MP00001586,MP00001586,2023-09-07,13:58:27,PL008,MIL0423459,x@x.com,9999123456,9999123451,9999123452,1,1
MP00001587,MP00001587,2023-09-07,13:58:27,PL003,MIL0048459,x@x.com,9999123456,9999123451,9999123452,1,1
MP00001588,MP00001588,2023-09-07,13:58:27,PL013,MIL0211813,x@x.com,9999123456,9999123451,9999123452,1,1
MP00001589,MP00001589,2023-09-07,13:58:27,PL010,MIL0168113,x@x.com,9999123456,9999123451,9999123452,1,1
MP00001590,MP00001590,2023-09-07,13:58:27,PL004,MIL0434217,x@x.com,9999123456,9999123451,9999123452,1,1
MP00001591,MP00001591,2023-09-07,13:58:27,PL001,MIL0291743,x@x.com,9999123456,9999123451,9999123452,1,1
MP00001592,MP00001592,2023-09-07,13:58:27,PL001,MIL0048140,x@x.com,9999123456,9999123451,9999123452,1,1
MP00001593,MP00001593,2023-09-07,13:58:27,PL001,MIL0572916,x@x.com,9999123456,9999123451,9999123452,1,1
MP00001594,MP00001594,2023-09-07,13:58:27,PL006,MIL0268341,x@x.com,9999123456,9999123451,9999123452,1,1
MP00001595,MP00001595,2023-09-07,13:58:27,PL004,MIL0327886,x@x.com,9999123456,9999123451,9999123452,1,1
MP00001596,MP00001596,2023-09-07,13:58:27,PL002,MIL0525803,x@x.com,9999123456,9999123451,9999123452,1,1
MP00001597,MP00001597,2023-09-07,13:58:27,PL006,MIL0192662,x@x.com,9999123456,9999123451,9999123452,1,1
MP00001598,MP00001598,2023-09-07,13:58:27,PL013,MIL0275392,x@x.com,9999123456,9999123451,9999123452,1,1
MP00001599,MP00001599,2023-09-07,13:58:27,PL012,MIL0523263,x@x.com,9999123456,9999123451,9999123452,1,1
MP00001600,MP00001600,2023-09-07,13:58:27,PL008,MIL0518807,x@x.com,9999123456,9999123451,9999123452,1,1
MP00001601,MP00001601,2023-09-07,13:58:27,PL012,MIL0407295,x@x.com,9999123456,9999123451,9999123452,1,1
MP00001602,MP00001602,2023-09-07,13:58:27,PL011,MIL0369720,x@x.com,9999123456,9999123451,9999123452,1,1
MP00001603,MP00001603,2023-09-07,13:58:27,PL003,MIL0019558,x@x.com,9999123456,9999123451,9999123452,1,1
MP00001604,MP00001604,2023-09-07,13:58:27,PL004,MIL0220563,x@x.com,9999123456,9999123451,9999123452,1,1
MP00001605,MP00001605,2023-09-07,13:58:27,PL005,MIL0253058,x@x.com,9999123456,9999123451,9999123452,1,1
MP00001606,MP00001606,2023-09-07,13:58:27,PL013,MIL0065687,x@x.com,9999123456,9999123451,9999123452,1,1
MP00001607,MP00001607,2023-09-07,13:58:27,PL005,MIL0548489,x@x.com,9999123456,9999123451,9999123452,1,1
MP00001608,MP00001608,2023-09-07,13:58:27,PL007,MIL0567791,x@x.com,9999123456,9999123451,9999123452,1,1
MP00001609,MP00001609,2023-09-07,13:58:27,PL012,MIL0497442,x@x.com,9999123456,9999123451,9999123452,1,1
MP00001610,MP00001610,2023-09-07,13:58:27,PL013,MIL0157580,x@x.com,9999123456,9999123451,9999123452,1,1
MP00001611,MP00001611,2023-09-07,13:58:27,PL006,MIL0149926,x@x.com,9999123456,9999123451,9999123452,1,1
MP00001612,MP00001612,2023-09-07,13:58:27,PL010,MIL0320736,x@x.com,9999123456,9999123451,9999123452,1,1
MP00001613,MP00001613,2023-09-07,13:58:27,PL010,MIL0346730,x@x.com,9999123456,9999123451,9999123452,1,1
MP00001614,MP00001614,2023-09-07,13:58:27,PL007,MIL0065361,x@x.com,9999123456,9999123451,9999123452,1,1
MP00001615,MP00001615,2023-09-07,13:58:27,PL007,MIL0005823,x@x.com,9999123456,9999123451,9999123452,1,1
MP00001616,MP00001616,2023-09-07,13:58:27,PL010,MIL0544530,x@x.com,9999123456,9999123451,9999123452,1,1
MP00001617,MP00001617,2023-09-07,13:58:27,PL001,MIL0526296,x@x.com,9999123456,9999123451,9999123452,1,1
MP00001618,MP00001618,2023-09-07,13:58:27,PL010,MIL0275149,x@x.com,9999123456,9999123451,9999123452,1,1
MP00001619,MP00001619,2023-09-07,13:58:27,PL008,MIL0509427,x@x.com,9999123456,9999123451,9999123452,1,1
MP00001620,MP00001620,2023-09-07,13:58:27,PL002,MIL0094183,x@x.com,9999123456,9999123451,9999123452,1,1
MP00001621,MP00001621,2023-09-07,13:58:27,PL003,MIL0495758,x@x.com,9999123456,9999123451,9999123452,1,1
MP00001622,MP00001622,2023-09-07,13:58:27,PL002,MIL0507680,x@x.com,9999123456,9999123451,9999123452,1,1
MP00001623,MP00001623,2023-09-07,13:58:27,PL007,MIL0206304,x@x.com,9999123456,9999123451,9999123452,1,1
MP00001624,MP00001624,2023-09-07,13:58:27,PL005,MIL0051426,x@x.com,9999123456,9999123451,9999123452,1,1
MP00001625,MP00001625,2023-09-07,13:58:27,PL001,MIL0292500,x@x.com,9999123456,9999123451,9999123452,1,1
MP00001626,MP00001626,2023-09-07,13:58:27,PL013,MIL0527547,x@x.com,9999123456,9999123451,9999123452,1,1
MP00001627,MP00001627,2023-09-07,13:58:27,PL013,MIL0057873,x@x.com,9999123456,9999123451,9999123452,1,1
MP00001628,MP00001628,2023-09-07,13:58:27,PL010,MIL0530047,x@x.com,9999123456,9999123451,9999123452,1,1
MP00001629,MP00001629,2023-09-07,13:58:27,PL002,MIL0214352,x@x.com,9999123456,9999123451,9999123452,1,1
MP00001630,MP00001630,2023-09-07,13:58:27,PL011,MIL0463544,x@x.com,9999123456,9999123451,9999123452,1,1
MP00001631,MP00001631,2023-09-07,13:58:27,PL013,MIL0146064,x@x.com,9999123456,9999123451,9999123452,1,1
MP00001632,MP00001632,2023-09-07,13:58:27,PL004,MIL0062019,x@x.com,9999123456,9999123451,9999123452,1,1
MP00001633,MP00001633,2023-09-07,13:58:27,PL005,MIL0399110,x@x.com,9999123456,9999123451,9999123452,1,1
MP00001634,MP00001634,2023-09-07,13:58:27,PL009,MIL0078168,x@x.com,9999123456,9999123451,9999123452,1,1
MP00001635,MP00001635,2023-09-07,13:58:27,PL008,MIL0059441,x@x.com,9999123456,9999123451,9999123452,1,1
MP00001636,MP00001636,2023-09-07,13:58:27,PL003,MIL0424241,x@x.com,9999123456,9999123451,9999123452,1,1
MP00001637,MP00001637,2023-09-07,13:58:27,PL008,MIL0091557,x@x.com,9999123456,9999123451,9999123452,1,1
MP00001638,MP00001638,2023-09-07,13:58:27,PL013,MIL0331090,x@x.com,9999123456,9999123451,9999123452,1,1
MP00001639,MP00001639,2023-09-07,13:58:27,PL004,MIL0484494,x@x.com,9999123456,9999123451,9999123452,1,1
MP00001640,MP00001640,2023-09-07,13:58:27,PL012,MIL0102036,x@x.com,9999123456,9999123451,9999123452,1,1
MP00001641,MP00001641,2023-09-07,13:58:27,PL004,MIL0564438,x@x.com,9999123456,9999123451,9999123452,1,1
MP00001642,MP00001642,2023-09-07,13:58:27,PL007,MIL0315586,x@x.com,9999123456,9999123451,9999123452,1,1
MP00001643,MP00001643,2023-09-07,13:58:27,PL010,MIL0117938,x@x.com,9999123456,9999123451,9999123452,1,1
MP00001644,MP00001644,2023-09-07,13:58:27,PL006,MIL0128291,x@x.com,9999123456,9999123451,9999123452,1,1
MP00001645,MP00001645,2023-09-07,13:58:27,PL004,MIL0302432,x@x.com,9999123456,9999123451,9999123452,1,1
MP00001646,MP00001646,2023-09-07,13:58:27,PL002,MIL0456350,x@x.com,9999123456,9999123451,9999123452,1,1
MP00001647,MP00001647,2023-09-07,13:58:27,PL008,MIL0278721,x@x.com,9999123456,9999123451,9999123452,1,1
MP00001648,MP00001648,2023-09-07,13:58:27,PL004,MIL0268986,x@x.com,9999123456,9999123451,9999123452,1,1
MP00001649,MP00001649,2023-09-07,13:58:27,PL010,MIL0425448,x@x.com,9999123456,9999123451,9999123452,1,1
MP00001650,MP00001650,2023-09-07,13:58:27,PL006,MIL0285569,x@x.com,9999123456,9999123451,9999123452,1,1
MP00001651,MP00001651,2023-09-07,13:58:27,PL007,MIL0442438,x@x.com,9999123456,9999123451,9999123452,1,1
MP00001652,MP00001652,2023-09-07,13:58:27,PL012,MIL0294474,x@x.com,9999123456,9999123451,9999123452,1,1
MP00001653,MP00001653,2023-09-07,13:58:27,PL004,MIL0119373,x@x.com,9999123456,9999123451,9999123452,1,1
MP00001654,MP00001654,2023-09-07,13:58:27,PL013,MIL0218252,x@x.com,9999123456,9999123451,9999123452,1,1
MP00001655,MP00001655,2023-09-07,13:58:27,PL005,MIL0084698,x@x.com,9999123456,9999123451,9999123452,1,1
MP00001656,MP00001656,2023-09-07,13:58:27,PL009,MIL0350658,x@x.com,9999123456,9999123451,9999123452,1,1
MP00001657,MP00001657,2023-09-07,13:58:27,PL013,MIL0338268,x@x.com,9999123456,9999123451,9999123452,1,1
MP00001658,MP00001658,2023-09-07,13:58:27,PL009,MIL0187633,x@x.com,9999123456,9999123451,9999123452,1,1
MP00001659,MP00001659,2023-09-07,13:58:27,PL001,MIL0235091,x@x.com,9999123456,9999123451,9999123452,1,1
MP00001660,MP00001660,2023-09-07,13:58:27,PL007,MIL0186799,x@x.com,9999123456,9999123451,9999123452,1,1
MP00001661,MP00001661,2023-09-07,13:58:27,PL013,MIL0261785,x@x.com,9999123456,9999123451,9999123452,1,1
MP00001662,MP00001662,2023-09-07,13:58:27,PL007,MIL0090322,x@x.com,9999123456,9999123451,9999123452,1,1
MP00001663,MP00001663,2023-09-07,13:58:27,PL013,MIL0194726,x@x.com,9999123456,9999123451,9999123452,1,1
MP00001664,MP00001664,2023-09-07,13:58:27,PL010,MIL0233913,x@x.com,9999123456,9999123451,9999123452,1,1
MP00001665,MP00001665,2023-09-07,13:58:27,PL003,MIL0417729,x@x.com,9999123456,9999123451,9999123452,1,1
MP00001666,MP00001666,2023-09-07,13:58:27,PL009,MIL0534166,x@x.com,9999123456,9999123451,9999123452,1,1
MP00001667,MP00001667,2023-09-07,13:58:27,PL010,MIL0388160,x@x.com,9999123456,9999123451,9999123452,1,1
MP00001668,MP00001668,2023-09-07,13:58:27,PL010,MIL0203223,x@x.com,9999123456,9999123451,9999123452,1,1
MP00001669,MP00001669,2023-09-07,13:58:27,PL004,MIL0289088,x@x.com,9999123456,9999123451,9999123452,1,1
MP00001670,MP00001670,2023-09-07,13:58:27,PL005,MIL0014762,x@x.com,9999123456,9999123451,9999123452,1,1
MP00001671,MP00001671,2023-09-07,13:58:27,PL012,MIL0049335,x@x.com,9999123456,9999123451,9999123452,1,1
MP00001672,MP00001672,2023-09-07,13:58:27,PL001,MIL0570835,x@x.com,9999123456,9999123451,9999123452,1,1
MP00001673,MP00001673,2023-09-07,13:58:27,PL006,MIL0244025,x@x.com,9999123456,9999123451,9999123452,1,1
MP00001674,MP00001674,2023-09-07,13:58:27,PL013,MIL0031092,x@x.com,9999123456,9999123451,9999123452,1,1
MP00001675,MP00001675,2023-09-07,13:58:27,PL006,MIL0506406,x@x.com,9999123456,9999123451,9999123452,1,1
MP00001676,MP00001676,2023-09-07,13:58:27,PL001,MIL0039460,x@x.com,9999123456,9999123451,9999123452,1,1
MP00001677,MP00001677,2023-09-07,13:58:27,PL002,MIL0358660,x@x.com,9999123456,9999123451,9999123452,1,1
MP00001678,MP00001678,2023-09-07,13:58:27,PL008,MIL0019302,x@x.com,9999123456,9999123451,9999123452,1,1
MP00001679,MP00001679,2023-09-07,13:58:27,PL003,MIL0296911,x@x.com,9999123456,9999123451,9999123452,1,1
MP00001680,MP00001680,2023-09-07,13:58:27,PL008,MIL0444998,x@x.com,9999123456,9999123451,9999123452,1,1
MP00001681,MP00001681,2023-09-07,13:58:27,PL010,MIL0131221,x@x.com,9999123456,9999123451,9999123452,1,1
MP00001682,MP00001682,2023-09-07,13:58:27,PL005,MIL0355296,x@x.com,9999123456,9999123451,9999123452,1,1
MP00001683,MP00001683,2023-09-07,13:58:27,PL001,MIL0176772,x@x.com,9999123456,9999123451,9999123452,1,1
MP00001684,MP00001684,2023-09-07,13:58:27,PL013,MIL0251554,x@x.com,9999123456,9999123451,9999123452,1,1
MP00001685,MP00001685,2023-09-07,13:58:27,PL012,MIL0296826,x@x.com,9999123456,9999123451,9999123452,1,1
MP00001686,MP00001686,2023-09-07,13:58:27,PL009,MIL0140236,x@x.com,9999123456,9999123451,9999123452,1,1
MP00001687,MP00001687,2023-09-07,13:58:27,PL008,MIL0295756,x@x.com,9999123456,9999123451,9999123452,1,1
MP00001688,MP00001688,2023-09-07,13:58:27,PL006,MIL0376755,x@x.com,9999123456,9999123451,9999123452,1,1
MP00001689,MP00001689,2023-09-07,13:58:27,PL004,MIL0324151,x@x.com,9999123456,9999123451,9999123452,1,1
MP00001690,MP00001690,2023-09-07,13:58:27,PL002,MIL0177941,x@x.com,9999123456,9999123451,9999123452,1,1
MP00001691,MP00001691,2023-09-07,13:58:27,PL007,MIL0024861,x@x.com,9999123456,9999123451,9999123452,1,1
MP00001692,MP00001692,2023-09-07,13:58:27,PL011,MIL0447379,x@x.com,9999123456,9999123451,9999123452,1,1
MP00001693,MP00001693,2023-09-07,13:58:27,PL012,MIL0319407,x@x.com,9999123456,9999123451,9999123452,1,1
MP00001694,MP00001694,2023-09-07,13:58:27,PL002,MIL0319634,x@x.com,9999123456,9999123451,9999123452,1,1
MP00001695,MP00001695,2023-09-07,13:58:27,PL013,MIL0347946,x@x.com,9999123456,9999123451,9999123452,1,1
MP00001696,MP00001696,2023-09-07,13:58:27,PL004,MIL0315364,x@x.com,9999123456,9999123451,9999123452,1,1
MP00001697,MP00001697,2023-09-07,13:58:27,PL006,MIL0168941,x@x.com,9999123456,9999123451,9999123452,1,1
MP00001698,MP00001698,2023-09-07,13:58:27,PL013,MIL0232201,x@x.com,9999123456,9999123451,9999123452,1,1
MP00001699,MP00001699,2023-09-07,13:58:27,PL004,MIL0428982,x@x.com,9999123456,9999123451,9999123452,1,1
MP00001700,MP00001700,2023-09-07,13:58:27,PL001,MIL0274210,x@x.com,9999123456,9999123451,9999123452,1,1
MP00001701,MP00001701,2023-09-07,13:58:27,PL012,MIL0025078,x@x.com,9999123456,9999123451,9999123452,1,1
MP00001702,MP00001702,2023-09-07,13:58:27,PL003,MIL0189637,x@x.com,9999123456,9999123451,9999123452,1,1
MP00001703,MP00001703,2023-09-07,13:58:27,PL012,MIL0176907,x@x.com,9999123456,9999123451,9999123452,1,1
MP00001704,MP00001704,2023-09-07,13:58:27,PL007,MIL0566029,x@x.com,9999123456,9999123451,9999123452,1,1
MP00001705,MP00001705,2023-09-07,13:58:27,PL009,MIL0234312,x@x.com,9999123456,9999123451,9999123452,1,1
MP00001706,MP00001706,2023-09-07,13:58:27,PL001,MIL0058018,x@x.com,9999123456,9999123451,9999123452,1,1
MP00001707,MP00001707,2023-09-07,13:58:27,PL011,MIL0155549,x@x.com,9999123456,9999123451,9999123452,1,1
MP00001708,MP00001708,2023-09-07,13:58:27,PL012,MIL0058700,x@x.com,9999123456,9999123451,9999123452,1,1
MP00001709,MP00001709,2023-09-07,13:58:27,PL003,MIL0446300,x@x.com,9999123456,9999123451,9999123452,1,1
MP00001710,MP00001710,2023-09-07,13:58:27,PL010,MIL0541201,x@x.com,9999123456,9999123451,9999123452,1,1
MP00001711,MP00001711,2023-09-07,13:58:27,PL009,MIL0451269,x@x.com,9999123456,9999123451,9999123452,1,1
MP00001712,MP00001712,2023-09-07,13:58:27,PL011,MIL0058884,x@x.com,9999123456,9999123451,9999123452,1,1
MP00001713,MP00001713,2023-09-07,13:58:27,PL004,MIL0050131,x@x.com,9999123456,9999123451,9999123452,1,1
MP00001714,MP00001714,2023-09-07,13:58:27,PL006,MIL0084884,x@x.com,9999123456,9999123451,9999123452,1,1
MP00001715,MP00001715,2023-09-07,13:58:27,PL010,MIL0165524,x@x.com,9999123456,9999123451,9999123452,1,1
MP00001716,MP00001716,2023-09-07,13:58:27,PL005,MIL0425996,x@x.com,9999123456,9999123451,9999123452,1,1
MP00001717,MP00001717,2023-09-07,13:58:27,PL012,MIL0008816,x@x.com,9999123456,9999123451,9999123452,1,1
MP00001718,MP00001718,2023-09-07,13:58:27,PL010,MIL0070631,x@x.com,9999123456,9999123451,9999123452,1,1
MP00001719,MP00001719,2023-09-07,13:58:27,PL013,MIL0489388,x@x.com,9999123456,9999123451,9999123452,1,1
MP00001720,MP00001720,2023-09-07,13:58:27,PL003,MIL0089027,x@x.com,9999123456,9999123451,9999123452,1,1
MP00001721,MP00001721,2023-09-07,13:58:27,PL006,MIL0563247,x@x.com,9999123456,9999123451,9999123452,1,1
MP00001722,MP00001722,2023-09-07,13:58:27,PL004,MIL0290908,x@x.com,9999123456,9999123451,9999123452,1,1
MP00001723,MP00001723,2023-09-07,13:58:27,PL001,MIL0200451,x@x.com,9999123456,9999123451,9999123452,1,1
MP00001724,MP00001724,2023-09-07,13:58:27,PL009,MIL0397051,x@x.com,9999123456,9999123451,9999123452,1,1
MP00001725,MP00001725,2023-09-07,13:58:27,PL013,MIL0533484,x@x.com,9999123456,9999123451,9999123452,1,1
MP00001726,MP00001726,2023-09-07,13:58:27,PL009,MIL0389287,x@x.com,9999123456,9999123451,9999123452,1,1
MP00001727,MP00001727,2023-09-07,13:58:27,PL012,MIL0083736,x@x.com,9999123456,9999123451,9999123452,1,1
MP00001728,MP00001728,2023-09-07,13:58:27,PL004,MIL0358225,x@x.com,9999123456,9999123451,9999123452,1,1
MP00001729,MP00001729,2023-09-07,13:58:27,PL002,MIL0281252,x@x.com,9999123456,9999123451,9999123452,1,1
MP00001730,MP00001730,2023-09-07,13:58:27,PL004,MIL0183888,x@x.com,9999123456,9999123451,9999123452,1,1
MP00001731,MP00001731,2023-09-07,13:58:27,PL008,MIL0288752,x@x.com,9999123456,9999123451,9999123452,1,1
MP00001732,MP00001732,2023-09-07,13:58:27,PL009,MIL0520249,x@x.com,9999123456,9999123451,9999123452,1,1
MP00001733,MP00001733,2023-09-07,13:58:27,PL005,MIL0186648,x@x.com,9999123456,9999123451,9999123452,1,1
MP00001734,MP00001734,2023-09-07,13:58:27,PL001,MIL0059726,x@x.com,9999123456,9999123451,9999123452,1,1
MP00001735,MP00001735,2023-09-07,13:58:27,PL008,MIL0007315,x@x.com,9999123456,9999123451,9999123452,1,1
MP00001736,MP00001736,2023-09-07,13:58:27,PL006,MIL0568980,x@x.com,9999123456,9999123451,9999123452,1,1
MP00001737,MP00001737,2023-09-07,13:58:27,PL008,MIL0363809,x@x.com,9999123456,9999123451,9999123452,1,1
MP00001738,MP00001738,2023-09-07,13:58:27,PL005,MIL0503866,x@x.com,9999123456,9999123451,9999123452,1,1
MP00001739,MP00001739,2023-09-07,13:58:27,PL001,MIL0245314,x@x.com,9999123456,9999123451,9999123452,1,1
MP00001740,MP00001740,2023-09-07,13:58:27,PL011,MIL0369390,x@x.com,9999123456,9999123451,9999123452,1,1
MP00001741,MP00001741,2023-09-07,13:58:27,PL011,MIL0111346,x@x.com,9999123456,9999123451,9999123452,1,1
MP00001742,MP00001742,2023-09-07,13:58:27,PL003,MIL0246905,x@x.com,9999123456,9999123451,9999123452,1,1
MP00001743,MP00001743,2023-09-07,13:58:27,PL001,MIL0486171,x@x.com,9999123456,9999123451,9999123452,1,1
MP00001744,MP00001744,2023-09-07,13:58:27,PL001,MIL0241297,x@x.com,9999123456,9999123451,9999123452,1,1
MP00001745,MP00001745,2023-09-07,13:58:27,PL004,MIL0277301,x@x.com,9999123456,9999123451,9999123452,1,1
MP00001746,MP00001746,2023-09-07,13:58:27,PL007,MIL0394930,x@x.com,9999123456,9999123451,9999123452,1,1
MP00001747,MP00001747,2023-09-07,13:58:27,PL002,MIL0077531,x@x.com,9999123456,9999123451,9999123452,1,1
MP00001748,MP00001748,2023-09-07,13:58:27,PL009,MIL0296746,x@x.com,9999123456,9999123451,9999123452,1,1
MP00001749,MP00001749,2023-09-07,13:58:27,PL006,MIL0492616,x@x.com,9999123456,9999123451,9999123452,1,1
MP00001750,MP00001750,2023-09-07,13:58:27,PL012,MIL0350516,x@x.com,9999123456,9999123451,9999123452,1,1
MP00001751,MP00001751,2023-09-07,13:58:27,PL010,MIL0020763,x@x.com,9999123456,9999123451,9999123452,1,1
MP00001752,MP00001752,2023-09-07,13:58:27,PL012,MIL0146519,x@x.com,9999123456,9999123451,9999123452,1,1
MP00001753,MP00001753,2023-09-07,13:58:27,PL012,MIL0443293,x@x.com,9999123456,9999123451,9999123452,1,1
MP00001754,MP00001754,2023-09-07,13:58:27,PL005,MIL0519943,x@x.com,9999123456,9999123451,9999123452,1,1
MP00001755,MP00001755,2023-09-07,13:58:27,PL006,MIL0207179,x@x.com,9999123456,9999123451,9999123452,1,1
MP00001756,MP00001756,2023-09-07,13:58:27,PL009,MIL0422816,x@x.com,9999123456,9999123451,9999123452,1,1
MP00001757,MP00001757,2023-09-07,13:58:27,PL008,MIL0471312,x@x.com,9999123456,9999123451,9999123452,1,1
MP00001758,MP00001758,2023-09-07,13:58:27,PL009,MIL0254139,x@x.com,9999123456,9999123451,9999123452,1,1
MP00001759,MP00001759,2023-09-07,13:58:27,PL008,MIL0152062,x@x.com,9999123456,9999123451,9999123452,1,1
MP00001760,MP00001760,2023-09-07,13:58:27,PL005,MIL0001180,x@x.com,9999123456,9999123451,9999123452,1,1
MP00001761,MP00001761,2023-09-07,13:58:27,PL009,MIL0438220,x@x.com,9999123456,9999123451,9999123452,1,1
MP00001762,MP00001762,2023-09-07,13:58:27,PL004,MIL0215130,x@x.com,9999123456,9999123451,9999123452,1,1
MP00001763,MP00001763,2023-09-07,13:58:27,PL012,MIL0225019,x@x.com,9999123456,9999123451,9999123452,1,1
MP00001764,MP00001764,2023-09-07,13:58:27,PL004,MIL0466807,x@x.com,9999123456,9999123451,9999123452,1,1
MP00001765,MP00001765,2023-09-07,13:58:27,PL012,MIL0423585,x@x.com,9999123456,9999123451,9999123452,1,1
MP00001766,MP00001766,2023-09-07,13:58:27,PL013,MIL0143358,x@x.com,9999123456,9999123451,9999123452,1,1
MP00001767,MP00001767,2023-09-07,13:58:27,PL003,MIL0029023,x@x.com,9999123456,9999123451,9999123452,1,1
MP00001768,MP00001768,2023-09-07,13:58:27,PL013,MIL0274875,x@x.com,9999123456,9999123451,9999123452,1,1
MP00001769,MP00001769,2023-09-07,13:58:27,PL013,MIL0379008,x@x.com,9999123456,9999123451,9999123452,1,1
MP00001770,MP00001770,2023-09-07,13:58:27,PL011,MIL0349980,x@x.com,9999123456,9999123451,9999123452,1,1
MP00001771,MP00001771,2023-09-07,13:58:27,PL008,MIL0029540,x@x.com,9999123456,9999123451,9999123452,1,1
MP00001772,MP00001772,2023-09-07,13:58:27,PL003,MIL0198597,x@x.com,9999123456,9999123451,9999123452,1,1
MP00001773,MP00001773,2023-09-07,13:58:27,PL004,MIL0328971,x@x.com,9999123456,9999123451,9999123452,1,1
MP00001774,MP00001774,2023-09-07,13:58:27,PL006,MIL0293057,x@x.com,9999123456,9999123451,9999123452,1,1
MP00001775,MP00001775,2023-09-07,13:58:27,PL006,MIL0065575,x@x.com,9999123456,9999123451,9999123452,1,1
MP00001776,MP00001776,2023-09-07,13:58:27,PL013,MIL0386003,x@x.com,9999123456,9999123451,9999123452,1,1
MP00001777,MP00001777,2023-09-07,13:58:27,PL013,MIL0054049,x@x.com,9999123456,9999123451,9999123452,1,1
MP00001778,MP00001778,2023-09-07,13:58:27,PL010,MIL0312868,x@x.com,9999123456,9999123451,9999123452,1,1
MP00001779,MP00001779,2023-09-07,13:58:27,PL012,MIL0114048,x@x.com,9999123456,9999123451,9999123452,1,1
MP00001780,MP00001780,2023-09-07,13:58:27,PL003,MIL0440607,x@x.com,9999123456,9999123451,9999123452,1,1
MP00001781,MP00001781,2023-09-07,13:58:27,PL005,MIL0018932,x@x.com,9999123456,9999123451,9999123452,1,1
MP00001782,MP00001782,2023-09-07,13:58:27,PL006,MIL0410698,x@x.com,9999123456,9999123451,9999123452,1,1
MP00001783,MP00001783,2023-09-07,13:58:27,PL010,MIL0004696,x@x.com,9999123456,9999123451,9999123452,1,1
MP00001784,MP00001784,2023-09-07,13:58:27,PL012,MIL0399260,x@x.com,9999123456,9999123451,9999123452,1,1
MP00001785,MP00001785,2023-09-07,13:58:27,PL001,MIL0082451,x@x.com,9999123456,9999123451,9999123452,1,1
MP00001786,MP00001786,2023-09-07,13:58:27,PL008,MIL0112798,x@x.com,9999123456,9999123451,9999123452,1,1
MP00001787,MP00001787,2023-09-07,13:58:27,PL005,MIL0107347,x@x.com,9999123456,9999123451,9999123452,1,1
MP00001788,MP00001788,2023-09-07,13:58:27,PL009,MIL0289747,x@x.com,9999123456,9999123451,9999123452,1,1
MP00001789,MP00001789,2023-09-07,13:58:27,PL001,MIL0280096,x@x.com,9999123456,9999123451,9999123452,1,1
MP00001790,MP00001790,2023-09-07,13:58:27,PL005,MIL0190795,x@x.com,9999123456,9999123451,9999123452,1,1
MP00001791,MP00001791,2023-09-07,13:58:27,PL001,MIL0495837,x@x.com,9999123456,9999123451,9999123452,1,1
MP00001792,MP00001792,2023-09-07,13:58:27,PL008,MIL0087917,x@x.com,9999123456,9999123451,9999123452,1,1
MP00001793,MP00001793,2023-09-07,13:58:27,PL006,MIL0503160,x@x.com,9999123456,9999123451,9999123452,1,1
MP00001794,MP00001794,2023-09-07,13:58:27,PL011,MIL0362713,x@x.com,9999123456,9999123451,9999123452,1,1
MP00001795,MP00001795,2023-09-07,13:58:27,PL011,MIL0481112,x@x.com,9999123456,9999123451,9999123452,1,1
MP00001796,MP00001796,2023-09-07,13:58:27,PL001,MIL0265040,x@x.com,9999123456,9999123451,9999123452,1,1
MP00001797,MP00001797,2023-09-07,13:58:27,PL013,MIL0406776,x@x.com,9999123456,9999123451,9999123452,1,1
MP00001798,MP00001798,2023-09-07,13:58:27,PL002,MIL0550159,x@x.com,9999123456,9999123451,9999123452,1,1
MP00001799,MP00001799,2023-09-07,13:58:27,PL001,MIL0020277,x@x.com,9999123456,9999123451,9999123452,1,1
MP00001800,MP00001800,2023-09-07,13:58:27,PL012,MIL0423509,x@x.com,9999123456,9999123451,9999123452,1,1
MP00001801,MP00001801,2023-09-07,13:58:27,PL007,MIL0379345,x@x.com,9999123456,9999123451,9999123452,1,1
MP00001802,MP00001802,2023-09-07,13:58:27,PL001,MIL0274930,x@x.com,9999123456,9999123451,9999123452,1,1
MP00001803,MP00001803,2023-09-07,13:58:27,PL001,MIL0093976,x@x.com,9999123456,9999123451,9999123452,1,1
MP00001804,MP00001804,2023-09-07,13:58:27,PL008,MIL0330996,x@x.com,9999123456,9999123451,9999123452,1,1
MP00001805,MP00001805,2023-09-07,13:58:27,PL010,MIL0569486,x@x.com,9999123456,9999123451,9999123452,1,1
MP00001806,MP00001806,2023-09-07,13:58:27,PL002,MIL0285154,x@x.com,9999123456,9999123451,9999123452,1,1
MP00001807,MP00001807,2023-09-07,13:58:27,PL008,MIL0415333,x@x.com,9999123456,9999123451,9999123452,1,1
MP00001808,MP00001808,2023-09-07,13:58:27,PL002,MIL0384236,x@x.com,9999123456,9999123451,9999123452,1,1
MP00001809,MP00001809,2023-09-07,13:58:27,PL011,MIL0338363,x@x.com,9999123456,9999123451,9999123452,1,1
MP00001810,MP00001810,2023-09-07,13:58:27,PL013,MIL0080716,x@x.com,9999123456,9999123451,9999123452,1,1
MP00001811,MP00001811,2023-09-07,13:58:27,PL003,MIL0472774,x@x.com,9999123456,9999123451,9999123452,1,1
MP00001812,MP00001812,2023-09-07,13:58:27,PL006,MIL0341649,x@x.com,9999123456,9999123451,9999123452,1,1
MP00001813,MP00001813,2023-09-07,13:58:27,PL003,MIL0357638,x@x.com,9999123456,9999123451,9999123452,1,1
MP00001814,MP00001814,2023-09-07,13:58:27,PL005,MIL0379447,x@x.com,9999123456,9999123451,9999123452,1,1
MP00001815,MP00001815,2023-09-07,13:58:27,PL010,MIL0133962,x@x.com,9999123456,9999123451,9999123452,1,1
MP00001816,MP00001816,2023-09-07,13:58:27,PL010,MIL0300175,x@x.com,9999123456,9999123451,9999123452,1,1
MP00001817,MP00001817,2023-09-07,13:58:27,PL001,MIL0126413,x@x.com,9999123456,9999123451,9999123452,1,1
MP00001818,MP00001818,2023-09-07,13:58:27,PL008,MIL0011380,x@x.com,9999123456,9999123451,9999123452,1,1
MP00001819,MP00001819,2023-09-07,13:58:27,PL009,MIL0094093,x@x.com,9999123456,9999123451,9999123452,1,1
MP00001820,MP00001820,2023-09-07,13:58:27,PL006,MIL0415364,x@x.com,9999123456,9999123451,9999123452,1,1
MP00001821,MP00001821,2023-09-07,13:58:27,PL013,MIL0000729,x@x.com,9999123456,9999123451,9999123452,1,1
MP00001822,MP00001822,2023-09-07,13:58:27,PL004,MIL0250510,x@x.com,9999123456,9999123451,9999123452,1,1
MP00001823,MP00001823,2023-09-07,13:58:27,PL001,MIL0222584,x@x.com,9999123456,9999123451,9999123452,1,1
MP00001824,MP00001824,2023-09-07,13:58:27,PL010,MIL0274821,x@x.com,9999123456,9999123451,9999123452,1,1
MP00001825,MP00001825,2023-09-07,13:58:27,PL011,MIL0238561,x@x.com,9999123456,9999123451,9999123452,1,1
MP00001826,MP00001826,2023-09-07,13:58:27,PL009,MIL0478505,x@x.com,9999123456,9999123451,9999123452,1,1
MP00001827,MP00001827,2023-09-07,13:58:27,PL008,MIL0107020,x@x.com,9999123456,9999123451,9999123452,1,1
MP00001828,MP00001828,2023-09-07,13:58:27,PL010,MIL0295633,x@x.com,9999123456,9999123451,9999123452,1,1
MP00001829,MP00001829,2023-09-07,13:58:27,PL002,MIL0187670,x@x.com,9999123456,9999123451,9999123452,1,1
MP00001830,MP00001830,2023-09-07,13:58:27,PL005,MIL0324330,x@x.com,9999123456,9999123451,9999123452,1,1
MP00001831,MP00001831,2023-09-07,13:58:27,PL001,MIL0497042,x@x.com,9999123456,9999123451,9999123452,1,1
MP00001832,MP00001832,2023-09-07,13:58:27,PL012,MIL0440126,x@x.com,9999123456,9999123451,9999123452,1,1
MP00001833,MP00001833,2023-09-07,13:58:27,PL003,MIL0458085,x@x.com,9999123456,9999123451,9999123452,1,1
MP00001834,MP00001834,2023-09-07,13:58:27,PL007,MIL0459735,x@x.com,9999123456,9999123451,9999123452,1,1
MP00001835,MP00001835,2023-09-07,13:58:27,PL011,MIL0315714,x@x.com,9999123456,9999123451,9999123452,1,1
MP00001836,MP00001836,2023-09-07,13:58:27,PL009,MIL0365853,x@x.com,9999123456,9999123451,9999123452,1,1
MP00001837,MP00001837,2023-09-07,13:58:27,PL011,MIL0047581,x@x.com,9999123456,9999123451,9999123452,1,1
MP00001838,MP00001838,2023-09-07,13:58:27,PL012,MIL0579295,x@x.com,9999123456,9999123451,9999123452,1,1
MP00001839,MP00001839,2023-09-07,13:58:27,PL009,MIL0427927,x@x.com,9999123456,9999123451,9999123452,1,1
MP00001840,MP00001840,2023-09-07,13:58:27,PL003,MIL0277167,x@x.com,9999123456,9999123451,9999123452,1,1
MP00001841,MP00001841,2023-09-07,13:58:27,PL009,MIL0493897,x@x.com,9999123456,9999123451,9999123452,1,1
MP00001842,MP00001842,2023-09-07,13:58:27,PL010,MIL0128955,x@x.com,9999123456,9999123451,9999123452,1,1
MP00001843,MP00001843,2023-09-07,13:58:27,PL012,MIL0262827,x@x.com,9999123456,9999123451,9999123452,1,1
MP00001844,MP00001844,2023-09-07,13:58:27,PL008,MIL0573941,x@x.com,9999123456,9999123451,9999123452,1,1
MP00001845,MP00001845,2023-09-07,13:58:27,PL010,MIL0197536,x@x.com,9999123456,9999123451,9999123452,1,1
MP00001846,MP00001846,2023-09-07,13:58:27,PL004,MIL0201624,x@x.com,9999123456,9999123451,9999123452,1,1
MP00001847,MP00001847,2023-09-07,13:58:27,PL010,MIL0173379,x@x.com,9999123456,9999123451,9999123452,1,1
MP00001848,MP00001848,2023-09-07,13:58:27,PL011,MIL0145231,x@x.com,9999123456,9999123451,9999123452,1,1
MP00001849,MP00001849,2023-09-07,13:58:27,PL005,MIL0278108,x@x.com,9999123456,9999123451,9999123452,1,1
MP00001850,MP00001850,2023-09-07,13:58:27,PL005,MIL0335150,x@x.com,9999123456,9999123451,9999123452,1,1
MP00001851,MP00001851,2023-09-07,13:58:27,PL010,MIL0265994,x@x.com,9999123456,9999123451,9999123452,1,1
MP00001852,MP00001852,2023-09-07,13:58:27,PL008,MIL0005666,x@x.com,9999123456,9999123451,9999123452,1,1
MP00001853,MP00001853,2023-09-07,13:58:27,PL002,MIL0357159,x@x.com,9999123456,9999123451,9999123452,1,1
MP00001854,MP00001854,2023-09-07,13:58:27,PL002,MIL0166596,x@x.com,9999123456,9999123451,9999123452,1,1
MP00001855,MP00001855,2023-09-07,13:58:27,PL012,MIL0015870,x@x.com,9999123456,9999123451,9999123452,1,1
MP00001856,MP00001856,2023-09-07,13:58:27,PL001,MIL0394768,x@x.com,9999123456,9999123451,9999123452,1,1
MP00001857,MP00001857,2023-09-07,13:58:27,PL009,MIL0328808,x@x.com,9999123456,9999123451,9999123452,1,1
MP00001858,MP00001858,2023-09-07,13:58:27,PL009,MIL0488884,x@x.com,9999123456,9999123451,9999123452,1,1
MP00001859,MP00001859,2023-09-07,13:58:27,PL010,MIL0158854,x@x.com,9999123456,9999123451,9999123452,1,1
MP00001860,MP00001860,2023-09-07,13:58:27,PL012,MIL0580042,x@x.com,9999123456,9999123451,9999123452,1,1
MP00001861,MP00001861,2023-09-07,13:58:27,PL005,MIL0455661,x@x.com,9999123456,9999123451,9999123452,1,1
MP00001862,MP00001862,2023-09-07,13:58:27,PL008,MIL0503515,x@x.com,9999123456,9999123451,9999123452,1,1
MP00001863,MP00001863,2023-09-07,13:58:27,PL008,MIL0010324,x@x.com,9999123456,9999123451,9999123452,1,1
MP00001864,MP00001864,2023-09-07,13:58:27,PL006,MIL0188764,x@x.com,9999123456,9999123451,9999123452,1,1
MP00001865,MP00001865,2023-09-07,13:58:27,PL004,MIL0135042,x@x.com,9999123456,9999123451,9999123452,1,1
MP00001866,MP00001866,2023-09-07,13:58:27,PL011,MIL0046197,x@x.com,9999123456,9999123451,9999123452,1,1
MP00001867,MP00001867,2023-09-07,13:58:27,PL010,MIL0270244,x@x.com,9999123456,9999123451,9999123452,1,1
MP00001868,MP00001868,2023-09-07,13:58:27,PL011,MIL0045214,x@x.com,9999123456,9999123451,9999123452,1,1
MP00001869,MP00001869,2023-09-07,13:58:27,PL009,MIL0190874,x@x.com,9999123456,9999123451,9999123452,1,1
MP00001870,MP00001870,2023-09-07,13:58:27,PL012,MIL0055218,x@x.com,9999123456,9999123451,9999123452,1,1
MP00001871,MP00001871,2023-09-07,13:58:27,PL003,MIL0117374,x@x.com,9999123456,9999123451,9999123452,1,1
MP00001872,MP00001872,2023-09-07,13:58:27,PL009,MIL0197171,x@x.com,9999123456,9999123451,9999123452,1,1
MP00001873,MP00001873,2023-09-07,13:58:27,PL012,MIL0044489,x@x.com,9999123456,9999123451,9999123452,1,1
MP00001874,MP00001874,2023-09-07,13:58:27,PL002,MIL0442160,x@x.com,9999123456,9999123451,9999123452,1,1
MP00001875,MP00001875,2023-09-07,13:58:27,PL006,MIL0302090,x@x.com,9999123456,9999123451,9999123452,1,1
MP00001876,MP00001876,2023-09-07,13:58:27,PL005,MIL0152100,x@x.com,9999123456,9999123451,9999123452,1,1
MP00001877,MP00001877,2023-09-07,13:58:27,PL002,MIL0058549,x@x.com,9999123456,9999123451,9999123452,1,1
MP00001878,MP00001878,2023-09-07,13:58:27,PL009,MIL0571548,x@x.com,9999123456,9999123451,9999123452,1,1
MP00001879,MP00001879,2023-09-07,13:58:27,PL010,MIL0449895,x@x.com,9999123456,9999123451,9999123452,1,1
MP00001880,MP00001880,2023-09-07,13:58:27,PL011,MIL0068664,x@x.com,9999123456,9999123451,9999123452,1,1
MP00001881,MP00001881,2023-09-07,13:58:27,PL004,MIL0547273,x@x.com,9999123456,9999123451,9999123452,1,1
MP00001882,MP00001882,2023-09-07,13:58:27,PL006,MIL0107334,x@x.com,9999123456,9999123451,9999123452,1,1
MP00001883,MP00001883,2023-09-07,13:58:27,PL004,MIL0052365,x@x.com,9999123456,9999123451,9999123452,1,1
MP00001884,MP00001884,2023-09-07,13:58:27,PL006,MIL0160048,x@x.com,9999123456,9999123451,9999123452,1,1
MP00001885,MP00001885,2023-09-07,13:58:27,PL012,MIL0158505,x@x.com,9999123456,9999123451,9999123452,1,1
MP00001886,MP00001886,2023-09-07,13:58:27,PL009,MIL0272594,x@x.com,9999123456,9999123451,9999123452,1,1
MP00001887,MP00001887,2023-09-07,13:58:27,PL009,MIL0051577,x@x.com,9999123456,9999123451,9999123452,1,1
MP00001888,MP00001888,2023-09-07,13:58:27,PL013,MIL0483951,x@x.com,9999123456,9999123451,9999123452,1,1
MP00001889,MP00001889,2023-09-07,13:58:27,PL007,MIL0211208,x@x.com,9999123456,9999123451,9999123452,1,1
MP00001890,MP00001890,2023-09-07,13:58:27,PL006,MIL0262153,x@x.com,9999123456,9999123451,9999123452,1,1
MP00001891,MP00001891,2023-09-07,13:58:27,PL008,MIL0325010,x@x.com,9999123456,9999123451,9999123452,1,1
MP00001892,MP00001892,2023-09-07,13:58:27,PL003,MIL0285246,x@x.com,9999123456,9999123451,9999123452,1,1
MP00001893,MP00001893,2023-09-07,13:58:27,PL007,MIL0320775,x@x.com,9999123456,9999123451,9999123452,1,1
MP00001894,MP00001894,2023-09-07,13:58:27,PL006,MIL0246378,x@x.com,9999123456,9999123451,9999123452,1,1
MP00001895,MP00001895,2023-09-07,13:58:27,PL011,MIL0576960,x@x.com,9999123456,9999123451,9999123452,1,1
MP00001896,MP00001896,2023-09-07,13:58:27,PL004,MIL0442663,x@x.com,9999123456,9999123451,9999123452,1,1
MP00001897,MP00001897,2023-09-07,13:58:27,PL012,MIL0167110,x@x.com,9999123456,9999123451,9999123452,1,1
MP00001898,MP00001898,2023-09-07,13:58:27,PL012,MIL0363483,x@x.com,9999123456,9999123451,9999123452,1,1
MP00001899,MP00001899,2023-09-07,13:58:27,PL013,MIL0033960,x@x.com,9999123456,9999123451,9999123452,1,1
MP00001900,MP00001900,2023-09-07,13:58:27,PL009,MIL0173820,x@x.com,9999123456,9999123451,9999123452,1,1
MP00001901,MP00001901,2023-09-07,13:58:27,PL005,MIL0169333,x@x.com,9999123456,9999123451,9999123452,1,1
MP00001902,MP00001902,2023-09-07,13:58:27,PL010,MIL0534133,x@x.com,9999123456,9999123451,9999123452,1,1
MP00001903,MP00001903,2023-09-07,13:58:27,PL001,MIL0259228,x@x.com,9999123456,9999123451,9999123452,1,1
MP00001904,MP00001904,2023-09-07,13:58:27,PL002,MIL0022516,x@x.com,9999123456,9999123451,9999123452,1,1
MP00001905,MP00001905,2023-09-07,13:58:27,PL005,MIL0050359,x@x.com,9999123456,9999123451,9999123452,1,1
MP00001906,MP00001906,2023-09-07,13:58:27,PL013,MIL0475658,x@x.com,9999123456,9999123451,9999123452,1,1
MP00001907,MP00001907,2023-09-07,13:58:27,PL009,MIL0250062,x@x.com,9999123456,9999123451,9999123452,1,1
MP00001908,MP00001908,2023-09-07,13:58:27,PL004,MIL0249415,x@x.com,9999123456,9999123451,9999123452,1,1
MP00001909,MP00001909,2023-09-07,13:58:27,PL012,MIL0444094,x@x.com,9999123456,9999123451,9999123452,1,1
MP00001910,MP00001910,2023-09-07,13:58:27,PL002,MIL0244546,x@x.com,9999123456,9999123451,9999123452,1,1
MP00001911,MP00001911,2023-09-07,13:58:27,PL004,MIL0065649,x@x.com,9999123456,9999123451,9999123452,1,1
MP00001912,MP00001912,2023-09-07,13:58:27,PL003,MIL0322831,x@x.com,9999123456,9999123451,9999123452,1,1
MP00001913,MP00001913,2023-09-07,13:58:27,PL009,MIL0248652,x@x.com,9999123456,9999123451,9999123452,1,1
MP00001914,MP00001914,2023-09-07,13:58:27,PL009,MIL0539625,x@x.com,9999123456,9999123451,9999123452,1,1
MP00001915,MP00001915,2023-09-07,13:58:27,PL002,MIL0200055,x@x.com,9999123456,9999123451,9999123452,1,1
MP00001916,MP00001916,2023-09-07,13:58:27,PL002,MIL0064642,x@x.com,9999123456,9999123451,9999123452,1,1
MP00001917,MP00001917,2023-09-07,13:58:27,PL011,MIL0091619,x@x.com,9999123456,9999123451,9999123452,1,1
MP00001918,MP00001918,2023-09-07,13:58:27,PL009,MIL0327078,x@x.com,9999123456,9999123451,9999123452,1,1
MP00001919,MP00001919,2023-09-07,13:58:27,PL005,MIL0067452,x@x.com,9999123456,9999123451,9999123452,1,1
MP00001920,MP00001920,2023-09-07,13:58:27,PL009,MIL0227081,x@x.com,9999123456,9999123451,9999123452,1,1
MP00001921,MP00001921,2023-09-07,13:58:27,PL005,MIL0268208,x@x.com,9999123456,9999123451,9999123452,1,1
MP00001922,MP00001922,2023-09-07,13:58:27,PL002,MIL0448344,x@x.com,9999123456,9999123451,9999123452,1,1
MP00001923,MP00001923,2023-09-07,13:58:27,PL008,MIL0143874,x@x.com,9999123456,9999123451,9999123452,1,1
MP00001924,MP00001924,2023-09-07,13:58:27,PL012,MIL0123644,x@x.com,9999123456,9999123451,9999123452,1,1
MP00001925,MP00001925,2023-09-07,13:58:27,PL003,MIL0441751,x@x.com,9999123456,9999123451,9999123452,1,1
MP00001926,MP00001926,2023-09-07,13:58:27,PL007,MIL0260847,x@x.com,9999123456,9999123451,9999123452,1,1
MP00001927,MP00001927,2023-09-07,13:58:27,PL003,MIL0504411,x@x.com,9999123456,9999123451,9999123452,1,1
MP00001928,MP00001928,2023-09-07,13:58:27,PL004,MIL0555958,x@x.com,9999123456,9999123451,9999123452,1,1
MP00001929,MP00001929,2023-09-07,13:58:27,PL007,MIL0471891,x@x.com,9999123456,9999123451,9999123452,1,1
MP00001930,MP00001930,2023-09-07,13:58:27,PL008,MIL0269770,x@x.com,9999123456,9999123451,9999123452,1,1
MP00001931,MP00001931,2023-09-07,13:58:27,PL010,MIL0198056,x@x.com,9999123456,9999123451,9999123452,1,1
MP00001932,MP00001932,2023-09-07,13:58:27,PL001,MIL0531647,x@x.com,9999123456,9999123451,9999123452,1,1
MP00001933,MP00001933,2023-09-07,13:58:27,PL009,MIL0556969,x@x.com,9999123456,9999123451,9999123452,1,1
MP00001934,MP00001934,2023-09-07,13:58:27,PL005,MIL0469790,x@x.com,9999123456,9999123451,9999123452,1,1
MP00001935,MP00001935,2023-09-07,13:58:27,PL004,MIL0033653,x@x.com,9999123456,9999123451,9999123452,1,1
MP00001936,MP00001936,2023-09-07,13:58:27,PL008,MIL0562613,x@x.com,9999123456,9999123451,9999123452,1,1
MP00001937,MP00001937,2023-09-07,13:58:27,PL006,MIL0378885,x@x.com,9999123456,9999123451,9999123452,1,1
MP00001938,MP00001938,2023-09-07,13:58:27,PL001,MIL0052835,x@x.com,9999123456,9999123451,9999123452,1,1
MP00001939,MP00001939,2023-09-07,13:58:27,PL007,MIL0270875,x@x.com,9999123456,9999123451,9999123452,1,1
MP00001940,MP00001940,2023-09-07,13:58:27,PL008,MIL0075570,x@x.com,9999123456,9999123451,9999123452,1,1
MP00001941,MP00001941,2023-09-07,13:58:27,PL005,MIL0198984,x@x.com,9999123456,9999123451,9999123452,1,1
MP00001942,MP00001942,2023-09-07,13:58:27,PL011,MIL0315217,x@x.com,9999123456,9999123451,9999123452,1,1
MP00001943,MP00001943,2023-09-07,13:58:27,PL003,MIL0112999,x@x.com,9999123456,9999123451,9999123452,1,1
MP00001944,MP00001944,2023-09-07,13:58:27,PL009,MIL0450496,x@x.com,9999123456,9999123451,9999123452,1,1
MP00001945,MP00001945,2023-09-07,13:58:27,PL006,MIL0473756,x@x.com,9999123456,9999123451,9999123452,1,1
MP00001946,MP00001946,2023-09-07,13:58:27,PL010,MIL0134953,x@x.com,9999123456,9999123451,9999123452,1,1
MP00001947,MP00001947,2023-09-07,13:58:27,PL010,MIL0351969,x@x.com,9999123456,9999123451,9999123452,1,1
MP00001948,MP00001948,2023-09-07,13:58:27,PL009,MIL0548048,x@x.com,9999123456,9999123451,9999123452,1,1
MP00001949,MP00001949,2023-09-07,13:58:27,PL009,MIL0164179,x@x.com,9999123456,9999123451,9999123452,1,1
MP00001950,MP00001950,2023-09-07,13:58:27,PL007,MIL0218850,x@x.com,9999123456,9999123451,9999123452,1,1
MP00001951,MP00001951,2023-09-07,13:58:27,PL005,MIL0476458,x@x.com,9999123456,9999123451,9999123452,1,1
MP00001952,MP00001952,2023-09-07,13:58:27,PL005,MIL0309357,x@x.com,9999123456,9999123451,9999123452,1,1
MP00001953,MP00001953,2023-09-07,13:58:27,PL005,MIL0288879,x@x.com,9999123456,9999123451,9999123452,1,1
MP00001954,MP00001954,2023-09-07,13:58:27,PL011,MIL0578525,x@x.com,9999123456,9999123451,9999123452,1,1
MP00001955,MP00001955,2023-09-07,13:58:27,PL010,MIL0126277,x@x.com,9999123456,9999123451,9999123452,1,1
MP00001956,MP00001956,2023-09-07,13:58:27,PL013,MIL0308923,x@x.com,9999123456,9999123451,9999123452,1,1
MP00001957,MP00001957,2023-09-07,13:58:27,PL001,MIL0359572,x@x.com,9999123456,9999123451,9999123452,1,1
MP00001958,MP00001958,2023-09-07,13:58:27,PL003,MIL0334943,x@x.com,9999123456,9999123451,9999123452,1,1
MP00001959,MP00001959,2023-09-07,13:58:27,PL006,MIL0523412,x@x.com,9999123456,9999123451,9999123452,1,1
MP00001960,MP00001960,2023-09-07,13:58:27,PL001,MIL0231316,x@x.com,9999123456,9999123451,9999123452,1,1
MP00001961,MP00001961,2023-09-07,13:58:27,PL011,MIL0535900,x@x.com,9999123456,9999123451,9999123452,1,1
MP00001962,MP00001962,2023-09-07,13:58:27,PL006,MIL0562023,x@x.com,9999123456,9999123451,9999123452,1,1
MP00001963,MP00001963,2023-09-07,13:58:27,PL003,MIL0216720,x@x.com,9999123456,9999123451,9999123452,1,1
MP00001964,MP00001964,2023-09-07,13:58:27,PL002,MIL0116654,x@x.com,9999123456,9999123451,9999123452,1,1
MP00001965,MP00001965,2023-09-07,13:58:27,PL003,MIL0430912,x@x.com,9999123456,9999123451,9999123452,1,1
MP00001966,MP00001966,2023-09-07,13:58:27,PL001,MIL0503773,x@x.com,9999123456,9999123451,9999123452,1,1
MP00001967,MP00001967,2023-09-07,13:58:27,PL007,MIL0097439,x@x.com,9999123456,9999123451,9999123452,1,1
MP00001968,MP00001968,2023-09-07,13:58:27,PL008,MIL0034779,x@x.com,9999123456,9999123451,9999123452,1,1
MP00001969,MP00001969,2023-09-07,13:58:27,PL006,MIL0173450,x@x.com,9999123456,9999123451,9999123452,1,1
MP00001970,MP00001970,2023-09-07,13:58:27,PL013,MIL0311621,x@x.com,9999123456,9999123451,9999123452,1,1
MP00001971,MP00001971,2023-09-07,13:58:27,PL010,MIL0165460,x@x.com,9999123456,9999123451,9999123452,1,1
MP00001972,MP00001972,2023-09-07,13:58:27,PL013,MIL0422124,x@x.com,9999123456,9999123451,9999123452,1,1
MP00001973,MP00001973,2023-09-07,13:58:27,PL002,MIL0337440,x@x.com,9999123456,9999123451,9999123452,1,1
MP00001974,MP00001974,2023-09-07,13:58:27,PL012,MIL0544103,x@x.com,9999123456,9999123451,9999123452,1,1
MP00001975,MP00001975,2023-09-07,13:58:27,PL007,MIL0234177,x@x.com,9999123456,9999123451,9999123452,1,1
MP00001976,MP00001976,2023-09-07,13:58:27,PL008,MIL0346752,x@x.com,9999123456,9999123451,9999123452,1,1
MP00001977,MP00001977,2023-09-07,13:58:27,PL005,MIL0405534,x@x.com,9999123456,9999123451,9999123452,1,1
MP00001978,MP00001978,2023-09-07,13:58:27,PL003,MIL0038230,x@x.com,9999123456,9999123451,9999123452,1,1
MP00001979,MP00001979,2023-09-07,13:58:27,PL011,MIL0403112,x@x.com,9999123456,9999123451,9999123452,1,1
MP00001980,MP00001980,2023-09-07,13:58:27,PL008,MIL0385369,x@x.com,9999123456,9999123451,9999123452,1,1
MP00001981,MP00001981,2023-09-07,13:58:27,PL007,MIL0041941,x@x.com,9999123456,9999123451,9999123452,1,1
MP00001982,MP00001982,2023-09-07,13:58:27,PL001,MIL0216028,x@x.com,9999123456,9999123451,9999123452,1,1
MP00001983,MP00001983,2023-09-07,13:58:27,PL006,MIL0487458,x@x.com,9999123456,9999123451,9999123452,1,1
MP00001984,MP00001984,2023-09-07,13:58:27,PL009,MIL0384388,x@x.com,9999123456,9999123451,9999123452,1,1
MP00001985,MP00001985,2023-09-07,13:58:27,PL005,MIL0064549,x@x.com,9999123456,9999123451,9999123452,1,1
MP00001986,MP00001986,2023-09-07,13:58:27,PL002,MIL0104892,x@x.com,9999123456,9999123451,9999123452,1,1
MP00001987,MP00001987,2023-09-07,13:58:27,PL002,MIL0355692,x@x.com,9999123456,9999123451,9999123452,1,1
MP00001988,MP00001988,2023-09-07,13:58:27,PL002,MIL0078738,x@x.com,9999123456,9999123451,9999123452,1,1
MP00001989,MP00001989,2023-09-07,13:58:27,PL011,MIL0116727,x@x.com,9999123456,9999123451,9999123452,1,1
MP00001990,MP00001990,2023-09-07,13:58:27,PL005,MIL0536513,x@x.com,9999123456,9999123451,9999123452,1,1
MP00001991,MP00001991,2023-09-07,13:58:27,PL010,MIL0495001,x@x.com,9999123456,9999123451,9999123452,1,1
MP00001992,MP00001992,2023-09-07,13:58:27,PL002,MIL0479206,x@x.com,9999123456,9999123451,9999123452,1,1
MP00001993,MP00001993,2023-09-07,13:58:27,PL003,MIL0110838,x@x.com,9999123456,9999123451,9999123452,1,1
MP00001994,MP00001994,2023-09-07,13:58:27,PL011,MIL0556787,x@x.com,9999123456,9999123451,9999123452,1,1
MP00001995,MP00001995,2023-09-07,13:58:27,PL003,MIL0407534,x@x.com,9999123456,9999123451,9999123452,1,1
MP00001996,MP00001996,2023-09-07,13:58:27,PL003,MIL0333984,x@x.com,9999123456,9999123451,9999123452,1,1
MP00001997,MP00001997,2023-09-07,13:58:27,PL003,MIL0558770,x@x.com,9999123456,9999123451,9999123452,1,1
MP00001998,MP00001998,2023-09-07,13:58:27,PL001,MIL0000126,x@x.com,9999123456,9999123451,9999123452,1,1
