clave,folio,fecha,hora,clave_partido_legado,clave_ciudadano,correo_electronico,whatsapp,telefono,celular,obseravaciones,status
clave,folio,fecha,hora,clave_partido_legado,clave_ciudadano,correo_electronico,whatsapp,telefono,celular,obseravaciones,status
MP00012988,MP00012988,2023-09-07,13:58:27,PL012,MIL0434038,x@x.com,9999123456,9999123451,9999123452,1,1
MP00012989,MP00012989,2023-09-07,13:58:27,PL003,MIL0468138,x@x.com,9999123456,9999123451,9999123452,1,1
MP00012990,MP00012990,2023-09-07,13:58:27,PL008,MIL0372109,x@x.com,9999123456,9999123451,9999123452,1,1
MP00012991,MP00012991,2023-09-07,13:58:27,PL004,MIL0550643,x@x.com,9999123456,9999123451,9999123452,1,1
MP00012992,MP00012992,2023-09-07,13:58:27,PL011,MIL0229122,x@x.com,9999123456,9999123451,9999123452,1,1
MP00012993,MP00012993,2023-09-07,13:58:27,PL006,MIL0364721,x@x.com,9999123456,9999123451,9999123452,1,1
MP00012994,MP00012994,2023-09-07,13:58:27,PL002,MIL0380109,x@x.com,9999123456,9999123451,9999123452,1,1
MP00012995,MP00012995,2023-09-07,13:58:27,PL007,MIL0085508,x@x.com,9999123456,9999123451,9999123452,1,1
MP00012996,MP00012996,2023-09-07,13:58:27,PL009,MIL0112816,x@x.com,9999123456,9999123451,9999123452,1,1
MP00012997,MP00012997,2023-09-07,13:58:27,PL007,MIL0076776,x@x.com,9999123456,9999123451,9999123452,1,1
MP00012998,MP00012998,2023-09-07,13:58:27,PL005,MIL0131944,x@x.com,9999123456,9999123451,9999123452,1,1
MP00012999,MP00012999,2023-09-07,13:58:27,PL011,MIL0408199,x@x.com,9999123456,9999123451,9999123452,1,1
MP00013000,MP00013000,2023-09-07,13:58:27,PL009,MIL0260426,x@x.com,9999123456,9999123451,9999123452,1,1
MP00013001,MP00013001,2023-09-07,13:58:27,PL006,MIL0164211,x@x.com,9999123456,9999123451,9999123452,1,1
MP00013002,MP00013002,2023-09-07,13:58:27,PL001,MIL0344314,x@x.com,9999123456,9999123451,9999123452,1,1
MP00013003,MP00013003,2023-09-07,13:58:27,PL004,MIL0463994,x@x.com,9999123456,9999123451,9999123452,1,1
MP00013004,MP00013004,2023-09-07,13:58:27,PL008,MIL0267689,x@x.com,9999123456,9999123451,9999123452,1,1
MP00013005,MP00013005,2023-09-07,13:58:27,PL011,MIL0078801,x@x.com,9999123456,9999123451,9999123452,1,1
MP00013006,MP00013006,2023-09-07,13:58:27,PL002,MIL0007260,x@x.com,9999123456,9999123451,9999123452,1,1
MP00013007,MP00013007,2023-09-07,13:58:27,PL012,MIL0509718,x@x.com,9999123456,9999123451,9999123452,1,1
MP00013008,MP00013008,2023-09-07,13:58:27,PL001,MIL0395793,x@x.com,9999123456,9999123451,9999123452,1,1
MP00013009,MP00013009,2023-09-07,13:58:27,PL008,MIL0549630,x@x.com,9999123456,9999123451,9999123452,1,1
MP00013010,MP00013010,2023-09-07,13:58:27,PL010,MIL0362683,x@x.com,9999123456,9999123451,9999123452,1,1
MP00013011,MP00013011,2023-09-07,13:58:27,PL003,MIL0318544,x@x.com,9999123456,9999123451,9999123452,1,1
MP00013012,MP00013012,2023-09-07,13:58:27,PL012,MIL0278448,x@x.com,9999123456,9999123451,9999123452,1,1
MP00013013,MP00013013,2023-09-07,13:58:27,PL007,MIL0491729,x@x.com,9999123456,9999123451,9999123452,1,1
MP00013014,MP00013014,2023-09-07,13:58:27,PL003,MIL0136353,x@x.com,9999123456,9999123451,9999123452,1,1
MP00013015,MP00013015,2023-09-07,13:58:27,PL011,MIL0472404,x@x.com,9999123456,9999123451,9999123452,1,1
MP00013016,MP00013016,2023-09-07,13:58:27,PL011,MIL0037506,x@x.com,9999123456,9999123451,9999123452,1,1
MP00013017,MP00013017,2023-09-07,13:58:27,PL003,MIL0463566,x@x.com,9999123456,9999123451,9999123452,1,1
MP00013018,MP00013018,2023-09-07,13:58:27,PL009,MIL0470596,x@x.com,9999123456,9999123451,9999123452,1,1
MP00013019,MP00013019,2023-09-07,13:58:27,PL007,MIL0050392,x@x.com,9999123456,9999123451,9999123452,1,1
MP00013020,MP00013020,2023-09-07,13:58:27,PL004,MIL0558777,x@x.com,9999123456,9999123451,9999123452,1,1
MP00013021,MP00013021,2023-09-07,13:58:27,PL007,MIL0379983,x@x.com,9999123456,9999123451,9999123452,1,1
MP00013022,MP00013022,2023-09-07,13:58:27,PL009,MIL0532662,x@x.com,9999123456,9999123451,9999123452,1,1
MP00013023,MP00013023,2023-09-07,13:58:27,PL002,MIL0265674,x@x.com,9999123456,9999123451,9999123452,1,1
MP00013024,MP00013024,2023-09-07,13:58:27,PL006,MIL0415652,x@x.com,9999123456,9999123451,9999123452,1,1
MP00013025,MP00013025,2023-09-07,13:58:27,PL003,MIL0484121,x@x.com,9999123456,9999123451,9999123452,1,1
MP00013026,MP00013026,2023-09-07,13:58:27,PL006,MIL0378529,x@x.com,9999123456,9999123451,9999123452,1,1
MP00013027,MP00013027,2023-09-07,13:58:27,PL001,MIL0461994,x@x.com,9999123456,9999123451,9999123452,1,1
MP00013028,MP00013028,2023-09-07,13:58:27,PL005,MIL0185559,x@x.com,9999123456,9999123451,9999123452,1,1
MP00013029,MP00013029,2023-09-07,13:58:27,PL006,MIL0365635,x@x.com,9999123456,9999123451,9999123452,1,1
MP00013030,MP00013030,2023-09-07,13:58:27,PL001,MIL0090528,x@x.com,9999123456,9999123451,9999123452,1,1
MP00013031,MP00013031,2023-09-07,13:58:27,PL013,MIL0262130,x@x.com,9999123456,9999123451,9999123452,1,1
MP00013032,MP00013032,2023-09-07,13:58:27,PL004,MIL0444523,x@x.com,9999123456,9999123451,9999123452,1,1
MP00013033,MP00013033,2023-09-07,13:58:27,PL007,MIL0575369,x@x.com,9999123456,9999123451,9999123452,1,1
MP00013034,MP00013034,2023-09-07,13:58:27,PL003,MIL0005133,x@x.com,9999123456,9999123451,9999123452,1,1
MP00013035,MP00013035,2023-09-07,13:58:27,PL008,MIL0411024,x@x.com,9999123456,9999123451,9999123452,1,1
MP00013036,MP00013036,2023-09-07,13:58:27,PL001,MIL0513776,x@x.com,9999123456,9999123451,9999123452,1,1
MP00013037,MP00013037,2023-09-07,13:58:27,PL006,MIL0274835,x@x.com,9999123456,9999123451,9999123452,1,1
MP00013038,MP00013038,2023-09-07,13:58:27,PL011,MIL0475787,x@x.com,9999123456,9999123451,9999123452,1,1
MP00013039,MP00013039,2023-09-07,13:58:27,PL013,MIL0224060,x@x.com,9999123456,9999123451,9999123452,1,1
MP00013040,MP00013040,2023-09-07,13:58:27,PL003,MIL0500543,x@x.com,9999123456,9999123451,9999123452,1,1
MP00013041,MP00013041,2023-09-07,13:58:27,PL010,MIL0295109,x@x.com,9999123456,9999123451,9999123452,1,1
MP00013042,MP00013042,2023-09-07,13:58:27,PL003,MIL0401940,x@x.com,9999123456,9999123451,9999123452,1,1
MP00013043,MP00013043,2023-09-07,13:58:27,PL012,MIL0457201,x@x.com,9999123456,9999123451,9999123452,1,1
MP00013044,MP00013044,2023-09-07,13:58:27,PL011,MIL0017457,x@x.com,9999123456,9999123451,9999123452,1,1
MP00013045,MP00013045,2023-09-07,13:58:27,PL001,MIL0068506,x@x.com,9999123456,9999123451,9999123452,1,1
MP00013046,MP00013046,2023-09-07,13:58:27,PL005,MIL0527227,x@x.com,9999123456,9999123451,9999123452,1,1
MP00013047,MP00013047,2023-09-07,13:58:27,PL002,MIL0313675,x@x.com,9999123456,9999123451,9999123452,1,1
MP00013048,MP00013048,2023-09-07,13:58:27,PL001,MIL0464314,x@x.com,9999123456,9999123451,9999123452,1,1
MP00013049,MP00013049,2023-09-07,13:58:27,PL012,MIL0540154,x@x.com,9999123456,9999123451,9999123452,1,1
MP00013050,MP00013050,2023-09-07,13:58:27,PL009,MIL0229469,x@x.com,9999123456,9999123451,9999123452,1,1
MP00013051,MP00013051,2023-09-07,13:58:27,PL002,MIL0094657,x@x.com,9999123456,9999123451,9999123452,1,1
MP00013052,MP00013052,2023-09-07,13:58:27,PL010,MIL0019694,x@x.com,9999123456,9999123451,9999123452,1,1
MP00013053,MP00013053,2023-09-07,13:58:27,PL008,MIL0372799,x@x.com,9999123456,9999123451,9999123452,1,1
MP00013054,MP00013054,2023-09-07,13:58:27,PL005,MIL0062851,x@x.com,9999123456,9999123451,9999123452,1,1
MP00013055,MP00013055,2023-09-07,13:58:27,PL002,MIL0119102,x@x.com,9999123456,9999123451,9999123452,1,1
MP00013056,MP00013056,2023-09-07,13:58:27,PL006,MIL0232083,x@x.com,9999123456,9999123451,9999123452,1,1
MP00013057,MP00013057,2023-09-07,13:58:27,PL003,MIL0428505,x@x.com,9999123456,9999123451,9999123452,1,1
MP00013058,MP00013058,2023-09-07,13:58:27,PL010,MIL0383456,x@x.com,9999123456,9999123451,9999123452,1,1
MP00013059,MP00013059,2023-09-07,13:58:27,PL006,MIL0061871,x@x.com,9999123456,9999123451,9999123452,1,1
MP00013060,MP00013060,2023-09-07,13:58:27,PL013,MIL0345258,x@x.com,9999123456,9999123451,9999123452,1,1
MP00013061,MP00013061,2023-09-07,13:58:27,PL005,MIL0182777,x@x.com,9999123456,9999123451,9999123452,1,1
MP00013062,MP00013062,2023-09-07,13:58:27,PL008,MIL0491207,x@x.com,9999123456,9999123451,9999123452,1,1
MP00013063,MP00013063,2023-09-07,13:58:27,PL001,MIL0566027,x@x.com,9999123456,9999123451,9999123452,1,1
MP00013064,MP00013064,2023-09-07,13:58:27,PL010,MIL0207134,x@x.com,9999123456,9999123451,9999123452,1,1
MP00013065,MP00013065,2023-09-07,13:58:27,PL005,MIL0554933,x@x.com,9999123456,9999123451,9999123452,1,1
MP00013066,MP00013066,2023-09-07,13:58:27,PL001,MIL0130425,x@x.com,9999123456,9999123451,9999123452,1,1
MP00013067,MP00013067,2023-09-07,13:58:27,PL012,MIL0435506,x@x.com,9999123456,9999123451,9999123452,1,1
MP00013068,MP00013068,2023-09-07,13:58:27,PL006,MIL0576838,x@x.com,9999123456,9999123451,9999123452,1,1
MP00013069,MP00013069,2023-09-07,13:58:27,PL009,MIL0082399,x@x.com,9999123456,9999123451,9999123452,1,1
MP00013070,MP00013070,2023-09-07,13:58:27,PL013,MIL0010052,x@x.com,9999123456,9999123451,9999123452,1,1
MP00013071,MP00013071,2023-09-07,13:58:27,PL010,MIL0408368,x@x.com,9999123456,9999123451,9999123452,1,1
MP00013072,MP00013072,2023-09-07,13:58:27,PL012,MIL0552415,x@x.com,9999123456,9999123451,9999123452,1,1
MP00013073,MP00013073,2023-09-07,13:58:27,PL012,MIL0129451,x@x.com,9999123456,9999123451,9999123452,1,1
MP00013074,MP00013074,2023-09-07,13:58:27,PL010,MIL0401955,x@x.com,9999123456,9999123451,9999123452,1,1
MP00013075,MP00013075,2023-09-07,13:58:27,PL013,MIL0156026,x@x.com,9999123456,9999123451,9999123452,1,1
MP00013076,MP00013076,2023-09-07,13:58:27,PL002,MIL0134222,x@x.com,9999123456,9999123451,9999123452,1,1
MP00013077,MP00013077,2023-09-07,13:58:27,PL003,MIL0296294,x@x.com,9999123456,9999123451,9999123452,1,1
MP00013078,MP00013078,2023-09-07,13:58:27,PL004,MIL0103355,x@x.com,9999123456,9999123451,9999123452,1,1
MP00013079,MP00013079,2023-09-07,13:58:27,PL008,MIL0557375,x@x.com,9999123456,9999123451,9999123452,1,1
MP00013080,MP00013080,2023-09-07,13:58:27,PL004,MIL0208276,x@x.com,9999123456,9999123451,9999123452,1,1
MP00013081,MP00013081,2023-09-07,13:58:27,PL001,MIL0411544,x@x.com,9999123456,9999123451,9999123452,1,1
MP00013082,MP00013082,2023-09-07,13:58:27,PL001,MIL0304423,x@x.com,9999123456,9999123451,9999123452,1,1
MP00013083,MP00013083,2023-09-07,13:58:27,PL005,MIL0125845,x@x.com,9999123456,9999123451,9999123452,1,1
MP00013084,MP00013084,2023-09-07,13:58:27,PL003,MIL0527782,x@x.com,9999123456,9999123451,9999123452,1,1
MP00013085,MP00013085,2023-09-07,13:58:27,PL013,MIL0329234,x@x.com,9999123456,9999123451,9999123452,1,1
MP00013086,MP00013086,2023-09-07,13:58:27,PL010,MIL0476717,x@x.com,9999123456,9999123451,9999123452,1,1
MP00013087,MP00013087,2023-09-07,13:58:27,PL009,MIL0156336,x@x.com,9999123456,9999123451,9999123452,1,1
MP00013088,MP00013088,2023-09-07,13:58:27,PL012,MIL0097885,x@x.com,9999123456,9999123451,9999123452,1,1
MP00013089,MP00013089,2023-09-07,13:58:27,PL009,MIL0134557,x@x.com,9999123456,9999123451,9999123452,1,1
MP00013090,MP00013090,2023-09-07,13:58:27,PL007,MIL0100937,x@x.com,9999123456,9999123451,9999123452,1,1
MP00013091,MP00013091,2023-09-07,13:58:27,PL002,MIL0157239,x@x.com,9999123456,9999123451,9999123452,1,1
MP00013092,MP00013092,2023-09-07,13:58:27,PL002,MIL0470517,x@x.com,9999123456,9999123451,9999123452,1,1
MP00013093,MP00013093,2023-09-07,13:58:27,PL010,MIL0184134,x@x.com,9999123456,9999123451,9999123452,1,1
MP00013094,MP00013094,2023-09-07,13:58:27,PL006,MIL0165492,x@x.com,9999123456,9999123451,9999123452,1,1
MP00013095,MP00013095,2023-09-07,13:58:27,PL013,MIL0181823,x@x.com,9999123456,9999123451,9999123452,1,1
MP00013096,MP00013096,2023-09-07,13:58:27,PL013,MIL0358066,x@x.com,9999123456,9999123451,9999123452,1,1
MP00013097,MP00013097,2023-09-07,13:58:27,PL003,MIL0000426,x@x.com,9999123456,9999123451,9999123452,1,1
MP00013098,MP00013098,2023-09-07,13:58:27,PL008,MIL0218960,x@x.com,9999123456,9999123451,9999123452,1,1
MP00013099,MP00013099,2023-09-07,13:58:27,PL002,MIL0315821,x@x.com,9999123456,9999123451,9999123452,1,1
MP00013100,MP00013100,2023-09-07,13:58:27,PL008,MIL0565438,x@x.com,9999123456,9999123451,9999123452,1,1
MP00013101,MP00013101,2023-09-07,13:58:27,PL010,MIL0288069,x@x.com,9999123456,9999123451,9999123452,1,1
MP00013102,MP00013102,2023-09-07,13:58:27,PL013,MIL0231336,x@x.com,9999123456,9999123451,9999123452,1,1
MP00013103,MP00013103,2023-09-07,13:58:27,PL007,MIL0303612,x@x.com,9999123456,9999123451,9999123452,1,1
MP00013104,MP00013104,2023-09-07,13:58:27,PL008,MIL0356325,x@x.com,9999123456,9999123451,9999123452,1,1
MP00013105,MP00013105,2023-09-07,13:58:27,PL007,MIL0441994,x@x.com,9999123456,9999123451,9999123452,1,1
MP00013106,MP00013106,2023-09-07,13:58:27,PL007,MIL0479117,x@x.com,9999123456,9999123451,9999123452,1,1
MP00013107,MP00013107,2023-09-07,13:58:27,PL001,MIL0533114,x@x.com,9999123456,9999123451,9999123452,1,1
MP00013108,MP00013108,2023-09-07,13:58:27,PL012,MIL0045889,x@x.com,9999123456,9999123451,9999123452,1,1
MP00013109,MP00013109,2023-09-07,13:58:27,PL006,MIL0089033,x@x.com,9999123456,9999123451,9999123452,1,1
MP00013110,MP00013110,2023-09-07,13:58:27,PL008,MIL0151445,x@x.com,9999123456,9999123451,9999123452,1,1
MP00013111,MP00013111,2023-09-07,13:58:27,PL006,MIL0028702,x@x.com,9999123456,9999123451,9999123452,1,1
MP00013112,MP00013112,2023-09-07,13:58:27,PL003,MIL0577983,x@x.com,9999123456,9999123451,9999123452,1,1
MP00013113,MP00013113,2023-09-07,13:58:27,PL010,MIL0317891,x@x.com,9999123456,9999123451,9999123452,1,1
MP00013114,MP00013114,2023-09-07,13:58:27,PL006,MIL0453431,x@x.com,9999123456,9999123451,9999123452,1,1
MP00013115,MP00013115,2023-09-07,13:58:27,PL001,MIL0369447,x@x.com,9999123456,9999123451,9999123452,1,1
MP00013116,MP00013116,2023-09-07,13:58:27,PL006,MIL0347015,x@x.com,9999123456,9999123451,9999123452,1,1
MP00013117,MP00013117,2023-09-07,13:58:27,PL013,MIL0230096,x@x.com,9999123456,9999123451,9999123452,1,1
MP00013118,MP00013118,2023-09-07,13:58:27,PL010,MIL0411201,x@x.com,9999123456,9999123451,9999123452,1,1
MP00013119,MP00013119,2023-09-07,13:58:27,PL001,MIL0194429,x@x.com,9999123456,9999123451,9999123452,1,1
MP00013120,MP00013120,2023-09-07,13:58:27,PL003,MIL0296213,x@x.com,9999123456,9999123451,9999123452,1,1
MP00013121,MP00013121,2023-09-07,13:58:27,PL007,MIL0043545,x@x.com,9999123456,9999123451,9999123452,1,1
MP00013122,MP00013122,2023-09-07,13:58:27,PL012,MIL0563892,x@x.com,9999123456,9999123451,9999123452,1,1
MP00013123,MP00013123,2023-09-07,13:58:27,PL012,MIL0118413,x@x.com,9999123456,9999123451,9999123452,1,1
MP00013124,MP00013124,2023-09-07,13:58:27,PL007,MIL0297672,x@x.com,9999123456,9999123451,9999123452,1,1
MP00013125,MP00013125,2023-09-07,13:58:27,PL006,MIL0120387,x@x.com,9999123456,9999123451,9999123452,1,1
MP00013126,MP00013126,2023-09-07,13:58:27,PL010,MIL0250738,x@x.com,9999123456,9999123451,9999123452,1,1
MP00013127,MP00013127,2023-09-07,13:58:27,PL011,MIL0291468,x@x.com,9999123456,9999123451,9999123452,1,1
MP00013128,MP00013128,2023-09-07,13:58:27,PL002,MIL0021822,x@x.com,9999123456,9999123451,9999123452,1,1
MP00013129,MP00013129,2023-09-07,13:58:27,PL009,MIL0423406,x@x.com,9999123456,9999123451,9999123452,1,1
MP00013130,MP00013130,2023-09-07,13:58:27,PL008,MIL0297882,x@x.com,9999123456,9999123451,9999123452,1,1
MP00013131,MP00013131,2023-09-07,13:58:27,PL011,MIL0164094,x@x.com,9999123456,9999123451,9999123452,1,1
MP00013132,MP00013132,2023-09-07,13:58:27,PL009,MIL0464227,x@x.com,9999123456,9999123451,9999123452,1,1
MP00013133,MP00013133,2023-09-07,13:58:27,PL007,MIL0138845,x@x.com,9999123456,9999123451,9999123452,1,1
MP00013134,MP00013134,2023-09-07,13:58:27,PL012,MIL0497464,x@x.com,9999123456,9999123451,9999123452,1,1
MP00013135,MP00013135,2023-09-07,13:58:27,PL011,MIL0335103,x@x.com,9999123456,9999123451,9999123452,1,1
MP00013136,MP00013136,2023-09-07,13:58:27,PL002,MIL0168192,x@x.com,9999123456,9999123451,9999123452,1,1
MP00013137,MP00013137,2023-09-07,13:58:27,PL008,MIL0556666,x@x.com,9999123456,9999123451,9999123452,1,1
MP00013138,MP00013138,2023-09-07,13:58:27,PL002,MIL0289481,x@x.com,9999123456,9999123451,9999123452,1,1
MP00013139,MP00013139,2023-09-07,13:58:27,PL013,MIL0316078,x@x.com,9999123456,9999123451,9999123452,1,1
MP00013140,MP00013140,2023-09-07,13:58:27,PL006,MIL0208259,x@x.com,9999123456,9999123451,9999123452,1,1
MP00013141,MP00013141,2023-09-07,13:58:27,PL005,MIL0017976,x@x.com,9999123456,9999123451,9999123452,1,1
MP00013142,MP00013142,2023-09-07,13:58:27,PL002,MIL0285247,x@x.com,9999123456,9999123451,9999123452,1,1
MP00013143,MP00013143,2023-09-07,13:58:27,PL013,MIL0300037,x@x.com,9999123456,9999123451,9999123452,1,1
MP00013144,MP00013144,2023-09-07,13:58:27,PL008,MIL0512166,x@x.com,9999123456,9999123451,9999123452,1,1
MP00013145,MP00013145,2023-09-07,13:58:27,PL005,MIL0280575,x@x.com,9999123456,9999123451,9999123452,1,1
MP00013146,MP00013146,2023-09-07,13:58:27,PL008,MIL0093489,x@x.com,9999123456,9999123451,9999123452,1,1
MP00013147,MP00013147,2023-09-07,13:58:27,PL008,MIL0453990,x@x.com,9999123456,9999123451,9999123452,1,1
MP00013148,MP00013148,2023-09-07,13:58:27,PL006,MIL0253599,x@x.com,9999123456,9999123451,9999123452,1,1
MP00013149,MP00013149,2023-09-07,13:58:27,PL003,MIL0555388,x@x.com,9999123456,9999123451,9999123452,1,1
MP00013150,MP00013150,2023-09-07,13:58:27,PL004,MIL0282465,x@x.com,9999123456,9999123451,9999123452,1,1
MP00013151,MP00013151,2023-09-07,13:58:27,PL008,MIL0141248,x@x.com,9999123456,9999123451,9999123452,1,1
MP00013152,MP00013152,2023-09-07,13:58:27,PL011,MIL0522818,x@x.com,9999123456,9999123451,9999123452,1,1
MP00013153,MP00013153,2023-09-07,13:58:27,PL005,MIL0244302,x@x.com,9999123456,9999123451,9999123452,1,1
MP00013154,MP00013154,2023-09-07,13:58:27,PL013,MIL0166690,x@x.com,9999123456,9999123451,9999123452,1,1
MP00013155,MP00013155,2023-09-07,13:58:27,PL005,MIL0552322,x@x.com,9999123456,9999123451,9999123452,1,1
MP00013156,MP00013156,2023-09-07,13:58:27,PL011,MIL0464291,x@x.com,9999123456,9999123451,9999123452,1,1
MP00013157,MP00013157,2023-09-07,13:58:27,PL010,MIL0526287,x@x.com,9999123456,9999123451,9999123452,1,1
MP00013158,MP00013158,2023-09-07,13:58:27,PL012,MIL0536714,x@x.com,9999123456,9999123451,9999123452,1,1
MP00013159,MP00013159,2023-09-07,13:58:27,PL006,MIL0295820,x@x.com,9999123456,9999123451,9999123452,1,1
MP00013160,MP00013160,2023-09-07,13:58:27,PL003,MIL0374153,x@x.com,9999123456,9999123451,9999123452,1,1
MP00013161,MP00013161,2023-09-07,13:58:27,PL006,MIL0200248,x@x.com,9999123456,9999123451,9999123452,1,1
MP00013162,MP00013162,2023-09-07,13:58:27,PL010,MIL0328874,x@x.com,9999123456,9999123451,9999123452,1,1
MP00013163,MP00013163,2023-09-07,13:58:27,PL004,MIL0212899,x@x.com,9999123456,9999123451,9999123452,1,1
MP00013164,MP00013164,2023-09-07,13:58:27,PL012,MIL0220945,x@x.com,9999123456,9999123451,9999123452,1,1
MP00013165,MP00013165,2023-09-07,13:58:27,PL003,MIL0025489,x@x.com,9999123456,9999123451,9999123452,1,1
MP00013166,MP00013166,2023-09-07,13:58:27,PL006,MIL0260055,x@x.com,9999123456,9999123451,9999123452,1,1
MP00013167,MP00013167,2023-09-07,13:58:27,PL005,MIL0136097,x@x.com,9999123456,9999123451,9999123452,1,1
MP00013168,MP00013168,2023-09-07,13:58:27,PL005,MIL0049598,x@x.com,9999123456,9999123451,9999123452,1,1
MP00013169,MP00013169,2023-09-07,13:58:27,PL006,MIL0307109,x@x.com,9999123456,9999123451,9999123452,1,1
MP00013170,MP00013170,2023-09-07,13:58:27,PL005,MIL0338461,x@x.com,9999123456,9999123451,9999123452,1,1
MP00013171,MP00013171,2023-09-07,13:58:27,PL008,MIL0352418,x@x.com,9999123456,9999123451,9999123452,1,1
MP00013172,MP00013172,2023-09-07,13:58:27,PL012,MIL0377403,x@x.com,9999123456,9999123451,9999123452,1,1
MP00013173,MP00013173,2023-09-07,13:58:27,PL005,MIL0075160,x@x.com,9999123456,9999123451,9999123452,1,1
MP00013174,MP00013174,2023-09-07,13:58:27,PL007,MIL0535002,x@x.com,9999123456,9999123451,9999123452,1,1
MP00013175,MP00013175,2023-09-07,13:58:27,PL003,MIL0076037,x@x.com,9999123456,9999123451,9999123452,1,1
MP00013176,MP00013176,2023-09-07,13:58:27,PL008,MIL0054243,x@x.com,9999123456,9999123451,9999123452,1,1
MP00013177,MP00013177,2023-09-07,13:58:27,PL005,MIL0567726,x@x.com,9999123456,9999123451,9999123452,1,1
MP00013178,MP00013178,2023-09-07,13:58:27,PL002,MIL0327555,x@x.com,9999123456,9999123451,9999123452,1,1
MP00013179,MP00013179,2023-09-07,13:58:27,PL003,MIL0133116,x@x.com,9999123456,9999123451,9999123452,1,1
MP00013180,MP00013180,2023-09-07,13:58:27,PL007,MIL0316960,x@x.com,9999123456,9999123451,9999123452,1,1
MP00013181,MP00013181,2023-09-07,13:58:27,PL002,MIL0148474,x@x.com,9999123456,9999123451,9999123452,1,1
MP00013182,MP00013182,2023-09-07,13:58:27,PL007,MIL0114967,x@x.com,9999123456,9999123451,9999123452,1,1
MP00013183,MP00013183,2023-09-07,13:58:27,PL010,MIL0382889,x@x.com,9999123456,9999123451,9999123452,1,1
MP00013184,MP00013184,2023-09-07,13:58:27,PL004,MIL0090602,x@x.com,9999123456,9999123451,9999123452,1,1
MP00013185,MP00013185,2023-09-07,13:58:27,PL009,MIL0149785,x@x.com,9999123456,9999123451,9999123452,1,1
MP00013186,MP00013186,2023-09-07,13:58:27,PL006,MIL0471696,x@x.com,9999123456,9999123451,9999123452,1,1
MP00013187,MP00013187,2023-09-07,13:58:27,PL013,MIL0507798,x@x.com,9999123456,9999123451,9999123452,1,1
MP00013188,MP00013188,2023-09-07,13:58:27,PL002,MIL0221528,x@x.com,9999123456,9999123451,9999123452,1,1
MP00013189,MP00013189,2023-09-07,13:58:27,PL004,MIL0504208,x@x.com,9999123456,9999123451,9999123452,1,1
MP00013190,MP00013190,2023-09-07,13:58:27,PL005,MIL0051093,x@x.com,9999123456,9999123451,9999123452,1,1
MP00013191,MP00013191,2023-09-07,13:58:27,PL010,MIL0219208,x@x.com,9999123456,9999123451,9999123452,1,1
MP00013192,MP00013192,2023-09-07,13:58:27,PL010,MIL0033220,x@x.com,9999123456,9999123451,9999123452,1,1
MP00013193,MP00013193,2023-09-07,13:58:27,PL005,MIL0326269,x@x.com,9999123456,9999123451,9999123452,1,1
MP00013194,MP00013194,2023-09-07,13:58:27,PL011,MIL0499174,x@x.com,9999123456,9999123451,9999123452,1,1
MP00013195,MP00013195,2023-09-07,13:58:27,PL005,MIL0572822,x@x.com,9999123456,9999123451,9999123452,1,1
MP00013196,MP00013196,2023-09-07,13:58:27,PL005,MIL0547737,x@x.com,9999123456,9999123451,9999123452,1,1
MP00013197,MP00013197,2023-09-07,13:58:27,PL011,MIL0025467,x@x.com,9999123456,9999123451,9999123452,1,1
MP00013198,MP00013198,2023-09-07,13:58:27,PL009,MIL0372421,x@x.com,9999123456,9999123451,9999123452,1,1
MP00013199,MP00013199,2023-09-07,13:58:27,PL008,MIL0141077,x@x.com,9999123456,9999123451,9999123452,1,1
MP00013200,MP00013200,2023-09-07,13:58:27,PL005,MIL0335266,x@x.com,9999123456,9999123451,9999123452,1,1
MP00013201,MP00013201,2023-09-07,13:58:27,PL013,MIL0280613,x@x.com,9999123456,9999123451,9999123452,1,1
MP00013202,MP00013202,2023-09-07,13:58:27,PL008,MIL0572682,x@x.com,9999123456,9999123451,9999123452,1,1
MP00013203,MP00013203,2023-09-07,13:58:27,PL011,MIL0169980,x@x.com,9999123456,9999123451,9999123452,1,1
MP00013204,MP00013204,2023-09-07,13:58:27,PL001,MIL0091479,x@x.com,9999123456,9999123451,9999123452,1,1
MP00013205,MP00013205,2023-09-07,13:58:27,PL002,MIL0158231,x@x.com,9999123456,9999123451,9999123452,1,1
MP00013206,MP00013206,2023-09-07,13:58:27,PL008,MIL0278699,x@x.com,9999123456,9999123451,9999123452,1,1
MP00013207,MP00013207,2023-09-07,13:58:27,PL006,MIL0243907,x@x.com,9999123456,9999123451,9999123452,1,1
MP00013208,MP00013208,2023-09-07,13:58:27,PL003,MIL0343357,x@x.com,9999123456,9999123451,9999123452,1,1
MP00013209,MP00013209,2023-09-07,13:58:27,PL010,MIL0352727,x@x.com,9999123456,9999123451,9999123452,1,1
MP00013210,MP00013210,2023-09-07,13:58:27,PL013,MIL0241422,x@x.com,9999123456,9999123451,9999123452,1,1
MP00013211,MP00013211,2023-09-07,13:58:27,PL011,MIL0186534,x@x.com,9999123456,9999123451,9999123452,1,1
MP00013212,MP00013212,2023-09-07,13:58:27,PL001,MIL0236584,x@x.com,9999123456,9999123451,9999123452,1,1
MP00013213,MP00013213,2023-09-07,13:58:27,PL010,MIL0044922,x@x.com,9999123456,9999123451,9999123452,1,1
MP00013214,MP00013214,2023-09-07,13:58:27,PL013,MIL0278594,x@x.com,9999123456,9999123451,9999123452,1,1
MP00013215,MP00013215,2023-09-07,13:58:27,PL002,MIL0207288,x@x.com,9999123456,9999123451,9999123452,1,1
MP00013216,MP00013216,2023-09-07,13:58:27,PL007,MIL0275314,x@x.com,9999123456,9999123451,9999123452,1,1
MP00013217,MP00013217,2023-09-07,13:58:27,PL012,MIL0123728,x@x.com,9999123456,9999123451,9999123452,1,1
MP00013218,MP00013218,2023-09-07,13:58:27,PL004,MIL0328567,x@x.com,9999123456,9999123451,9999123452,1,1
MP00013219,MP00013219,2023-09-07,13:58:27,PL009,MIL0493904,x@x.com,9999123456,9999123451,9999123452,1,1
MP00013220,MP00013220,2023-09-07,13:58:27,PL013,MIL0513290,x@x.com,9999123456,9999123451,9999123452,1,1
MP00013221,MP00013221,2023-09-07,13:58:27,PL005,MIL0373750,x@x.com,9999123456,9999123451,9999123452,1,1
MP00013222,MP00013222,2023-09-07,13:58:27,PL012,MIL0481020,x@x.com,9999123456,9999123451,9999123452,1,1
MP00013223,MP00013223,2023-09-07,13:58:27,PL009,MIL0526380,x@x.com,9999123456,9999123451,9999123452,1,1
MP00013224,MP00013224,2023-09-07,13:58:27,PL002,MIL0216681,x@x.com,9999123456,9999123451,9999123452,1,1
MP00013225,MP00013225,2023-09-07,13:58:27,PL009,MIL0138505,x@x.com,9999123456,9999123451,9999123452,1,1
MP00013226,MP00013226,2023-09-07,13:58:27,PL005,MIL0269073,x@x.com,9999123456,9999123451,9999123452,1,1
MP00013227,MP00013227,2023-09-07,13:58:27,PL001,MIL0449863,x@x.com,9999123456,9999123451,9999123452,1,1
MP00013228,MP00013228,2023-09-07,13:58:27,PL001,MIL0059770,x@x.com,9999123456,9999123451,9999123452,1,1
MP00013229,MP00013229,2023-09-07,13:58:27,PL010,MIL0529465,x@x.com,9999123456,9999123451,9999123452,1,1
MP00013230,MP00013230,2023-09-07,13:58:27,PL012,MIL0218495,x@x.com,9999123456,9999123451,9999123452,1,1
MP00013231,MP00013231,2023-09-07,13:58:27,PL012,MIL0166131,x@x.com,9999123456,9999123451,9999123452,1,1
MP00013232,MP00013232,2023-09-07,13:58:27,PL002,MIL0414502,x@x.com,9999123456,9999123451,9999123452,1,1
MP00013233,MP00013233,2023-09-07,13:58:27,PL006,MIL0063150,x@x.com,9999123456,9999123451,9999123452,1,1
MP00013234,MP00013234,2023-09-07,13:58:27,PL006,MIL0258797,x@x.com,9999123456,9999123451,9999123452,1,1
MP00013235,MP00013235,2023-09-07,13:58:27,PL013,MIL0341897,x@x.com,9999123456,9999123451,9999123452,1,1
MP00013236,MP00013236,2023-09-07,13:58:27,PL008,MIL0026544,x@x.com,9999123456,9999123451,9999123452,1,1
MP00013237,MP00013237,2023-09-07,13:58:27,PL009,MIL0090195,x@x.com,9999123456,9999123451,9999123452,1,1
MP00013238,MP00013238,2023-09-07,13:58:27,PL002,MIL0493019,x@x.com,9999123456,9999123451,9999123452,1,1
MP00013239,MP00013239,2023-09-07,13:58:27,PL002,MIL0136378,x@x.com,9999123456,9999123451,9999123452,1,1
MP00013240,MP00013240,2023-09-07,13:58:27,PL002,MIL0216186,x@x.com,9999123456,9999123451,9999123452,1,1
MP00013241,MP00013241,2023-09-07,13:58:27,PL012,MIL0420946,x@x.com,9999123456,9999123451,9999123452,1,1
MP00013242,MP00013242,2023-09-07,13:58:27,PL009,MIL0360336,x@x.com,9999123456,9999123451,9999123452,1,1
MP00013243,MP00013243,2023-09-07,13:58:27,PL003,MIL0339368,x@x.com,9999123456,9999123451,9999123452,1,1
MP00013244,MP00013244,2023-09-07,13:58:27,PL001,MIL0260674,x@x.com,9999123456,9999123451,9999123452,1,1
MP00013245,MP00013245,2023-09-07,13:58:27,PL013,MIL0185662,x@x.com,9999123456,9999123451,9999123452,1,1
MP00013246,MP00013246,2023-09-07,13:58:27,PL009,MIL0511018,x@x.com,9999123456,9999123451,9999123452,1,1
MP00013247,MP00013247,2023-09-07,13:58:27,PL012,MIL0411122,x@x.com,9999123456,9999123451,9999123452,1,1
MP00013248,MP00013248,2023-09-07,13:58:27,PL005,MIL0517543,x@x.com,9999123456,9999123451,9999123452,1,1
MP00013249,MP00013249,2023-09-07,13:58:27,PL009,MIL0232424,x@x.com,9999123456,9999123451,9999123452,1,1
MP00013250,MP00013250,2023-09-07,13:58:27,PL008,MIL0480727,x@x.com,9999123456,9999123451,9999123452,1,1
MP00013251,MP00013251,2023-09-07,13:58:27,PL001,MIL0320137,x@x.com,9999123456,9999123451,9999123452,1,1
MP00013252,MP00013252,2023-09-07,13:58:27,PL008,MIL0046604,x@x.com,9999123456,9999123451,9999123452,1,1
MP00013253,MP00013253,2023-09-07,13:58:27,PL010,MIL0375884,x@x.com,9999123456,9999123451,9999123452,1,1
MP00013254,MP00013254,2023-09-07,13:58:27,PL008,MIL0290706,x@x.com,9999123456,9999123451,9999123452,1,1
MP00013255,MP00013255,2023-09-07,13:58:27,PL003,MIL0228243,x@x.com,9999123456,9999123451,9999123452,1,1
MP00013256,MP00013256,2023-09-07,13:58:27,PL011,MIL0074265,x@x.com,9999123456,9999123451,9999123452,1,1
MP00013257,MP00013257,2023-09-07,13:58:27,PL007,MIL0208533,x@x.com,9999123456,9999123451,9999123452,1,1
MP00013258,MP00013258,2023-09-07,13:58:27,PL004,MIL0526050,x@x.com,9999123456,9999123451,9999123452,1,1
MP00013259,MP00013259,2023-09-07,13:58:27,PL002,MIL0215070,x@x.com,9999123456,9999123451,9999123452,1,1
MP00013260,MP00013260,2023-09-07,13:58:27,PL003,MIL0309292,x@x.com,9999123456,9999123451,9999123452,1,1
MP00013261,MP00013261,2023-09-07,13:58:27,PL011,MIL0208795,x@x.com,9999123456,9999123451,9999123452,1,1
MP00013262,MP00013262,2023-09-07,13:58:27,PL008,MIL0280831,x@x.com,9999123456,9999123451,9999123452,1,1
MP00013263,MP00013263,2023-09-07,13:58:27,PL012,MIL0336116,x@x.com,9999123456,9999123451,9999123452,1,1
MP00013264,MP00013264,2023-09-07,13:58:27,PL012,MIL0217246,x@x.com,9999123456,9999123451,9999123452,1,1
MP00013265,MP00013265,2023-09-07,13:58:27,PL004,MIL0504977,x@x.com,9999123456,9999123451,9999123452,1,1
MP00013266,MP00013266,2023-09-07,13:58:27,PL009,MIL0469995,x@x.com,9999123456,9999123451,9999123452,1,1
MP00013267,MP00013267,2023-09-07,13:58:27,PL004,MIL0164472,x@x.com,9999123456,9999123451,9999123452,1,1
MP00013268,MP00013268,2023-09-07,13:58:27,PL003,MIL0382630,x@x.com,9999123456,9999123451,9999123452,1,1
MP00013269,MP00013269,2023-09-07,13:58:27,PL007,MIL0372261,x@x.com,9999123456,9999123451,9999123452,1,1
MP00013270,MP00013270,2023-09-07,13:58:27,PL008,MIL0560682,x@x.com,9999123456,9999123451,9999123452,1,1
MP00013271,MP00013271,2023-09-07,13:58:27,PL010,MIL0237029,x@x.com,9999123456,9999123451,9999123452,1,1
MP00013272,MP00013272,2023-09-07,13:58:27,PL011,MIL0129926,x@x.com,9999123456,9999123451,9999123452,1,1
MP00013273,MP00013273,2023-09-07,13:58:27,PL001,MIL0394939,x@x.com,9999123456,9999123451,9999123452,1,1
MP00013274,MP00013274,2023-09-07,13:58:27,PL008,MIL0132039,x@x.com,9999123456,9999123451,9999123452,1,1
MP00013275,MP00013275,2023-09-07,13:58:27,PL008,MIL0372254,x@x.com,9999123456,9999123451,9999123452,1,1
MP00013276,MP00013276,2023-09-07,13:58:27,PL002,MIL0274468,x@x.com,9999123456,9999123451,9999123452,1,1
MP00013277,MP00013277,2023-09-07,13:58:27,PL002,MIL0556624,x@x.com,9999123456,9999123451,9999123452,1,1
MP00013278,MP00013278,2023-09-07,13:58:27,PL003,MIL0153398,x@x.com,9999123456,9999123451,9999123452,1,1
MP00013279,MP00013279,2023-09-07,13:58:27,PL009,MIL0102864,x@x.com,9999123456,9999123451,9999123452,1,1
MP00013280,MP00013280,2023-09-07,13:58:27,PL006,MIL0189700,x@x.com,9999123456,9999123451,9999123452,1,1
MP00013281,MP00013281,2023-09-07,13:58:27,PL008,MIL0187372,x@x.com,9999123456,9999123451,9999123452,1,1
MP00013282,MP00013282,2023-09-07,13:58:27,PL004,MIL0116380,x@x.com,9999123456,9999123451,9999123452,1,1
MP00013283,MP00013283,2023-09-07,13:58:27,PL002,MIL0447727,x@x.com,9999123456,9999123451,9999123452,1,1
MP00013284,MP00013284,2023-09-07,13:58:27,PL011,MIL0580133,x@x.com,9999123456,9999123451,9999123452,1,1
MP00013285,MP00013285,2023-09-07,13:58:27,PL012,MIL0085820,x@x.com,9999123456,9999123451,9999123452,1,1
MP00013286,MP00013286,2023-09-07,13:58:27,PL009,MIL0468720,x@x.com,9999123456,9999123451,9999123452,1,1
MP00013287,MP00013287,2023-09-07,13:58:27,PL008,MIL0153499,x@x.com,9999123456,9999123451,9999123452,1,1
MP00013288,MP00013288,2023-09-07,13:58:27,PL001,MIL0267981,x@x.com,9999123456,9999123451,9999123452,1,1
MP00013289,MP00013289,2023-09-07,13:58:27,PL012,MIL0089376,x@x.com,9999123456,9999123451,9999123452,1,1
MP00013290,MP00013290,2023-09-07,13:58:27,PL009,MIL0093198,x@x.com,9999123456,9999123451,9999123452,1,1
MP00013291,MP00013291,2023-09-07,13:58:27,PL007,MIL0444370,x@x.com,9999123456,9999123451,9999123452,1,1
MP00013292,MP00013292,2023-09-07,13:58:27,PL010,MIL0084032,x@x.com,9999123456,9999123451,9999123452,1,1
MP00013293,MP00013293,2023-09-07,13:58:27,PL008,MIL0453385,x@x.com,9999123456,9999123451,9999123452,1,1
MP00013294,MP00013294,2023-09-07,13:58:27,PL013,MIL0539405,x@x.com,9999123456,9999123451,9999123452,1,1
MP00013295,MP00013295,2023-09-07,13:58:27,PL009,MIL0393576,x@x.com,9999123456,9999123451,9999123452,1,1
MP00013296,MP00013296,2023-09-07,13:58:27,PL007,MIL0305356,x@x.com,9999123456,9999123451,9999123452,1,1
MP00013297,MP00013297,2023-09-07,13:58:27,PL012,MIL0028823,x@x.com,9999123456,9999123451,9999123452,1,1
MP00013298,MP00013298,2023-09-07,13:58:27,PL008,MIL0199657,x@x.com,9999123456,9999123451,9999123452,1,1
MP00013299,MP00013299,2023-09-07,13:58:27,PL006,MIL0120328,x@x.com,9999123456,9999123451,9999123452,1,1
MP00013300,MP00013300,2023-09-07,13:58:27,PL001,MIL0104229,x@x.com,9999123456,9999123451,9999123452,1,1
MP00013301,MP00013301,2023-09-07,13:58:27,PL003,MIL0406268,x@x.com,9999123456,9999123451,9999123452,1,1
MP00013302,MP00013302,2023-09-07,13:58:27,PL005,MIL0049829,x@x.com,9999123456,9999123451,9999123452,1,1
MP00013303,MP00013303,2023-09-07,13:58:27,PL002,MIL0141029,x@x.com,9999123456,9999123451,9999123452,1,1
MP00013304,MP00013304,2023-09-07,13:58:27,PL006,MIL0154409,x@x.com,9999123456,9999123451,9999123452,1,1
MP00013305,MP00013305,2023-09-07,13:58:27,PL008,MIL0245609,x@x.com,9999123456,9999123451,9999123452,1,1
MP00013306,MP00013306,2023-09-07,13:58:27,PL004,MIL0435444,x@x.com,9999123456,9999123451,9999123452,1,1
MP00013307,MP00013307,2023-09-07,13:58:27,PL001,MIL0436202,x@x.com,9999123456,9999123451,9999123452,1,1
MP00013308,MP00013308,2023-09-07,13:58:27,PL006,MIL0472809,x@x.com,9999123456,9999123451,9999123452,1,1
MP00013309,MP00013309,2023-09-07,13:58:27,PL007,MIL0130300,x@x.com,9999123456,9999123451,9999123452,1,1
MP00013310,MP00013310,2023-09-07,13:58:27,PL007,MIL0340193,x@x.com,9999123456,9999123451,9999123452,1,1
MP00013311,MP00013311,2023-09-07,13:58:27,PL002,MIL0363919,x@x.com,9999123456,9999123451,9999123452,1,1
MP00013312,MP00013312,2023-09-07,13:58:27,PL010,MIL0105909,x@x.com,9999123456,9999123451,9999123452,1,1
MP00013313,MP00013313,2023-09-07,13:58:27,PL006,MIL0020792,x@x.com,9999123456,9999123451,9999123452,1,1
MP00013314,MP00013314,2023-09-07,13:58:27,PL009,MIL0304318,x@x.com,9999123456,9999123451,9999123452,1,1
MP00013315,MP00013315,2023-09-07,13:58:27,PL012,MIL0452117,x@x.com,9999123456,9999123451,9999123452,1,1
MP00013316,MP00013316,2023-09-07,13:58:27,PL005,MIL0164998,x@x.com,9999123456,9999123451,9999123452,1,1
MP00013317,MP00013317,2023-09-07,13:58:27,PL007,MIL0178421,x@x.com,9999123456,9999123451,9999123452,1,1
MP00013318,MP00013318,2023-09-07,13:58:27,PL005,MIL0513231,x@x.com,9999123456,9999123451,9999123452,1,1
MP00013319,MP00013319,2023-09-07,13:58:27,PL011,MIL0315197,x@x.com,9999123456,9999123451,9999123452,1,1
MP00013320,MP00013320,2023-09-07,13:58:27,PL011,MIL0338020,x@x.com,9999123456,9999123451,9999123452,1,1
MP00013321,MP00013321,2023-09-07,13:58:27,PL008,MIL0454250,x@x.com,9999123456,9999123451,9999123452,1,1
MP00013322,MP00013322,2023-09-07,13:58:27,PL004,MIL0486360,x@x.com,9999123456,9999123451,9999123452,1,1
MP00013323,MP00013323,2023-09-07,13:58:27,PL003,MIL0035030,x@x.com,9999123456,9999123451,9999123452,1,1
MP00013324,MP00013324,2023-09-07,13:58:27,PL009,MIL0115558,x@x.com,9999123456,9999123451,9999123452,1,1
MP00013325,MP00013325,2023-09-07,13:58:27,PL004,MIL0070123,x@x.com,9999123456,9999123451,9999123452,1,1
MP00013326,MP00013326,2023-09-07,13:58:27,PL008,MIL0261612,x@x.com,9999123456,9999123451,9999123452,1,1
MP00013327,MP00013327,2023-09-07,13:58:27,PL011,MIL0090768,x@x.com,9999123456,9999123451,9999123452,1,1
MP00013328,MP00013328,2023-09-07,13:58:27,PL004,MIL0173019,x@x.com,9999123456,9999123451,9999123452,1,1
MP00013329,MP00013329,2023-09-07,13:58:27,PL010,MIL0406220,x@x.com,9999123456,9999123451,9999123452,1,1
MP00013330,MP00013330,2023-09-07,13:58:27,PL001,MIL0090970,x@x.com,9999123456,9999123451,9999123452,1,1
MP00013331,MP00013331,2023-09-07,13:58:27,PL006,MIL0415278,x@x.com,9999123456,9999123451,9999123452,1,1
MP00013332,MP00013332,2023-09-07,13:58:27,PL006,MIL0322599,x@x.com,9999123456,9999123451,9999123452,1,1
MP00013333,MP00013333,2023-09-07,13:58:27,PL013,MIL0482960,x@x.com,9999123456,9999123451,9999123452,1,1
MP00013334,MP00013334,2023-09-07,13:58:27,PL011,MIL0202199,x@x.com,9999123456,9999123451,9999123452,1,1
MP00013335,MP00013335,2023-09-07,13:58:27,PL002,MIL0157267,x@x.com,9999123456,9999123451,9999123452,1,1
MP00013336,MP00013336,2023-09-07,13:58:27,PL004,MIL0014953,x@x.com,9999123456,9999123451,9999123452,1,1
MP00013337,MP00013337,2023-09-07,13:58:27,PL012,MIL0379753,x@x.com,9999123456,9999123451,9999123452,1,1
MP00013338,MP00013338,2023-09-07,13:58:27,PL005,MIL0150740,x@x.com,9999123456,9999123451,9999123452,1,1
MP00013339,MP00013339,2023-09-07,13:58:27,PL001,MIL0129688,x@x.com,9999123456,9999123451,9999123452,1,1
MP00013340,MP00013340,2023-09-07,13:58:27,PL004,MIL0133326,x@x.com,9999123456,9999123451,9999123452,1,1
MP00013341,MP00013341,2023-09-07,13:58:27,PL001,MIL0108434,x@x.com,9999123456,9999123451,9999123452,1,1
MP00013342,MP00013342,2023-09-07,13:58:27,PL002,MIL0184775,x@x.com,9999123456,9999123451,9999123452,1,1
MP00013343,MP00013343,2023-09-07,13:58:27,PL001,MIL0210205,x@x.com,9999123456,9999123451,9999123452,1,1
MP00013344,MP00013344,2023-09-07,13:58:27,PL004,MIL0475626,x@x.com,9999123456,9999123451,9999123452,1,1
MP00013345,MP00013345,2023-09-07,13:58:27,PL005,MIL0398397,x@x.com,9999123456,9999123451,9999123452,1,1
MP00013346,MP00013346,2023-09-07,13:58:27,PL010,MIL0470052,x@x.com,9999123456,9999123451,9999123452,1,1
MP00013347,MP00013347,2023-09-07,13:58:27,PL010,MIL0027894,x@x.com,9999123456,9999123451,9999123452,1,1
MP00013348,MP00013348,2023-09-07,13:58:27,PL005,MIL0231054,x@x.com,9999123456,9999123451,9999123452,1,1
MP00013349,MP00013349,2023-09-07,13:58:27,PL003,MIL0327174,x@x.com,9999123456,9999123451,9999123452,1,1
MP00013350,MP00013350,2023-09-07,13:58:27,PL012,MIL0115411,x@x.com,9999123456,9999123451,9999123452,1,1
MP00013351,MP00013351,2023-09-07,13:58:27,PL002,MIL0274682,x@x.com,9999123456,9999123451,9999123452,1,1
MP00013352,MP00013352,2023-09-07,13:58:27,PL010,MIL0111307,x@x.com,9999123456,9999123451,9999123452,1,1
MP00013353,MP00013353,2023-09-07,13:58:27,PL007,MIL0419803,x@x.com,9999123456,9999123451,9999123452,1,1
MP00013354,MP00013354,2023-09-07,13:58:27,PL013,MIL0489577,x@x.com,9999123456,9999123451,9999123452,1,1
MP00013355,MP00013355,2023-09-07,13:58:27,PL003,MIL0253963,x@x.com,9999123456,9999123451,9999123452,1,1
MP00013356,MP00013356,2023-09-07,13:58:27,PL008,MIL0035149,x@x.com,9999123456,9999123451,9999123452,1,1
MP00013357,MP00013357,2023-09-07,13:58:27,PL005,MIL0008249,x@x.com,9999123456,9999123451,9999123452,1,1
MP00013358,MP00013358,2023-09-07,13:58:27,PL012,MIL0081134,x@x.com,9999123456,9999123451,9999123452,1,1
MP00013359,MP00013359,2023-09-07,13:58:27,PL011,MIL0218633,x@x.com,9999123456,9999123451,9999123452,1,1
MP00013360,MP00013360,2023-09-07,13:58:27,PL009,MIL0408480,x@x.com,9999123456,9999123451,9999123452,1,1
MP00013361,MP00013361,2023-09-07,13:58:27,PL004,MIL0030314,x@x.com,9999123456,9999123451,9999123452,1,1
MP00013362,MP00013362,2023-09-07,13:58:27,PL010,MIL0028799,x@x.com,9999123456,9999123451,9999123452,1,1
MP00013363,MP00013363,2023-09-07,13:58:27,PL004,MIL0480121,x@x.com,9999123456,9999123451,9999123452,1,1
MP00013364,MP00013364,2023-09-07,13:58:27,PL007,MIL0404613,x@x.com,9999123456,9999123451,9999123452,1,1
MP00013365,MP00013365,2023-09-07,13:58:27,PL010,MIL0538392,x@x.com,9999123456,9999123451,9999123452,1,1
MP00013366,MP00013366,2023-09-07,13:58:27,PL003,MIL0192984,x@x.com,9999123456,9999123451,9999123452,1,1
MP00013367,MP00013367,2023-09-07,13:58:27,PL007,MIL0302025,x@x.com,9999123456,9999123451,9999123452,1,1
MP00013368,MP00013368,2023-09-07,13:58:27,PL001,MIL0060392,x@x.com,9999123456,9999123451,9999123452,1,1
MP00013369,MP00013369,2023-09-07,13:58:27,PL007,MIL0314202,x@x.com,9999123456,9999123451,9999123452,1,1
MP00013370,MP00013370,2023-09-07,13:58:27,PL003,MIL0038615,x@x.com,9999123456,9999123451,9999123452,1,1
MP00013371,MP00013371,2023-09-07,13:58:27,PL002,MIL0370897,x@x.com,9999123456,9999123451,9999123452,1,1
MP00013372,MP00013372,2023-09-07,13:58:27,PL008,MIL0134978,x@x.com,9999123456,9999123451,9999123452,1,1
MP00013373,MP00013373,2023-09-07,13:58:27,PL001,MIL0194841,x@x.com,9999123456,9999123451,9999123452,1,1
MP00013374,MP00013374,2023-09-07,13:58:27,PL005,MIL0079936,x@x.com,9999123456,9999123451,9999123452,1,1
MP00013375,MP00013375,2023-09-07,13:58:27,PL010,MIL0399158,x@x.com,9999123456,9999123451,9999123452,1,1
MP00013376,MP00013376,2023-09-07,13:58:27,PL011,MIL0519643,x@x.com,9999123456,9999123451,9999123452,1,1
MP00013377,MP00013377,2023-09-07,13:58:27,PL005,MIL0079436,x@x.com,9999123456,9999123451,9999123452,1,1
MP00013378,MP00013378,2023-09-07,13:58:27,PL011,MIL0538821,x@x.com,9999123456,9999123451,9999123452,1,1
MP00013379,MP00013379,2023-09-07,13:58:27,PL001,MIL0494754,x@x.com,9999123456,9999123451,9999123452,1,1
MP00013380,MP00013380,2023-09-07,13:58:27,PL010,MIL0509770,x@x.com,9999123456,9999123451,9999123452,1,1
MP00013381,MP00013381,2023-09-07,13:58:27,PL002,MIL0154028,x@x.com,9999123456,9999123451,9999123452,1,1
MP00013382,MP00013382,2023-09-07,13:58:27,PL013,MIL0123669,x@x.com,9999123456,9999123451,9999123452,1,1
MP00013383,MP00013383,2023-09-07,13:58:27,PL003,MIL0163146,x@x.com,9999123456,9999123451,9999123452,1,1
MP00013384,MP00013384,2023-09-07,13:58:27,PL001,MIL0417025,x@x.com,9999123456,9999123451,9999123452,1,1
MP00013385,MP00013385,2023-09-07,13:58:27,PL002,MIL0281631,x@x.com,9999123456,9999123451,9999123452,1,1
MP00013386,MP00013386,2023-09-07,13:58:27,PL009,MIL0068525,x@x.com,9999123456,9999123451,9999123452,1,1
MP00013387,MP00013387,2023-09-07,13:58:27,PL012,MIL0048157,x@x.com,9999123456,9999123451,9999123452,1,1
MP00013388,MP00013388,2023-09-07,13:58:27,PL007,MIL0024473,x@x.com,9999123456,9999123451,9999123452,1,1
MP00013389,MP00013389,2023-09-07,13:58:27,PL008,MIL0149462,x@x.com,9999123456,9999123451,9999123452,1,1
MP00013390,MP00013390,2023-09-07,13:58:27,PL003,MIL0276024,x@x.com,9999123456,9999123451,9999123452,1,1
MP00013391,MP00013391,2023-09-07,13:58:27,PL002,MIL0031178,x@x.com,9999123456,9999123451,9999123452,1,1
MP00013392,MP00013392,2023-09-07,13:58:27,PL011,MIL0399217,x@x.com,9999123456,9999123451,9999123452,1,1
MP00013393,MP00013393,2023-09-07,13:58:27,PL005,MIL0349803,x@x.com,9999123456,9999123451,9999123452,1,1
MP00013394,MP00013394,2023-09-07,13:58:27,PL005,MIL0179407,x@x.com,9999123456,9999123451,9999123452,1,1
MP00013395,MP00013395,2023-09-07,13:58:27,PL013,MIL0354831,x@x.com,9999123456,9999123451,9999123452,1,1
MP00013396,MP00013396,2023-09-07,13:58:27,PL011,MIL0311563,x@x.com,9999123456,9999123451,9999123452,1,1
MP00013397,MP00013397,2023-09-07,13:58:27,PL009,MIL0185395,x@x.com,9999123456,9999123451,9999123452,1,1
MP00013398,MP00013398,2023-09-07,13:58:27,PL013,MIL0396321,x@x.com,9999123456,9999123451,9999123452,1,1
MP00013399,MP00013399,2023-09-07,13:58:27,PL003,MIL0439336,x@x.com,9999123456,9999123451,9999123452,1,1
MP00013400,MP00013400,2023-09-07,13:58:27,PL010,MIL0538794,x@x.com,9999123456,9999123451,9999123452,1,1
MP00013401,MP00013401,2023-09-07,13:58:27,PL001,MIL0576667,x@x.com,9999123456,9999123451,9999123452,1,1
MP00013402,MP00013402,2023-09-07,13:58:27,PL007,MIL0209774,x@x.com,9999123456,9999123451,9999123452,1,1
MP00013403,MP00013403,2023-09-07,13:58:27,PL002,MIL0083208,x@x.com,9999123456,9999123451,9999123452,1,1
MP00013404,MP00013404,2023-09-07,13:58:27,PL001,MIL0080913,x@x.com,9999123456,9999123451,9999123452,1,1
MP00013405,MP00013405,2023-09-07,13:58:27,PL011,MIL0141103,x@x.com,9999123456,9999123451,9999123452,1,1
MP00013406,MP00013406,2023-09-07,13:58:27,PL008,MIL0379478,x@x.com,9999123456,9999123451,9999123452,1,1
MP00013407,MP00013407,2023-09-07,13:58:27,PL005,MIL0010649,x@x.com,9999123456,9999123451,9999123452,1,1
MP00013408,MP00013408,2023-09-07,13:58:27,PL004,MIL0280474,x@x.com,9999123456,9999123451,9999123452,1,1
MP00013409,MP00013409,2023-09-07,13:58:27,PL011,MIL0351745,x@x.com,9999123456,9999123451,9999123452,1,1
MP00013410,MP00013410,2023-09-07,13:58:27,PL005,MIL0393665,x@x.com,9999123456,9999123451,9999123452,1,1
MP00013411,MP00013411,2023-09-07,13:58:27,PL012,MIL0376521,x@x.com,9999123456,9999123451,9999123452,1,1
MP00013412,MP00013412,2023-09-07,13:58:27,PL009,MIL0448073,x@x.com,9999123456,9999123451,9999123452,1,1
MP00013413,MP00013413,2023-09-07,13:58:27,PL012,MIL0156352,x@x.com,9999123456,9999123451,9999123452,1,1
MP00013414,MP00013414,2023-09-07,13:58:27,PL003,MIL0521835,x@x.com,9999123456,9999123451,9999123452,1,1
MP00013415,MP00013415,2023-09-07,13:58:27,PL001,MIL0509073,x@x.com,9999123456,9999123451,9999123452,1,1
MP00013416,MP00013416,2023-09-07,13:58:27,PL003,MIL0567750,x@x.com,9999123456,9999123451,9999123452,1,1
MP00013417,MP00013417,2023-09-07,13:58:27,PL010,MIL0253785,x@x.com,9999123456,9999123451,9999123452,1,1
MP00013418,MP00013418,2023-09-07,13:58:27,PL008,MIL0250373,x@x.com,9999123456,9999123451,9999123452,1,1
MP00013419,MP00013419,2023-09-07,13:58:27,PL011,MIL0173133,x@x.com,9999123456,9999123451,9999123452,1,1
MP00013420,MP00013420,2023-09-07,13:58:27,PL011,MIL0042263,x@x.com,9999123456,9999123451,9999123452,1,1
MP00013421,MP00013421,2023-09-07,13:58:27,PL008,MIL0133022,x@x.com,9999123456,9999123451,9999123452,1,1
MP00013422,MP00013422,2023-09-07,13:58:27,PL010,MIL0286282,x@x.com,9999123456,9999123451,9999123452,1,1
MP00013423,MP00013423,2023-09-07,13:58:27,PL008,MIL0545250,x@x.com,9999123456,9999123451,9999123452,1,1
MP00013424,MP00013424,2023-09-07,13:58:27,PL001,MIL0408719,x@x.com,9999123456,9999123451,9999123452,1,1
MP00013425,MP00013425,2023-09-07,13:58:27,PL011,MIL0013091,x@x.com,9999123456,9999123451,9999123452,1,1
MP00013426,MP00013426,2023-09-07,13:58:27,PL009,MIL0306560,x@x.com,9999123456,9999123451,9999123452,1,1
MP00013427,MP00013427,2023-09-07,13:58:27,PL005,MIL0130189,x@x.com,9999123456,9999123451,9999123452,1,1
MP00013428,MP00013428,2023-09-07,13:58:27,PL001,MIL0442157,x@x.com,9999123456,9999123451,9999123452,1,1
MP00013429,MP00013429,2023-09-07,13:58:27,PL001,MIL0531255,x@x.com,9999123456,9999123451,9999123452,1,1
MP00013430,MP00013430,2023-09-07,13:58:27,PL005,MIL0338645,x@x.com,9999123456,9999123451,9999123452,1,1
MP00013431,MP00013431,2023-09-07,13:58:27,PL002,MIL0209199,x@x.com,9999123456,9999123451,9999123452,1,1
MP00013432,MP00013432,2023-09-07,13:58:27,PL008,MIL0376853,x@x.com,9999123456,9999123451,9999123452,1,1
MP00013433,MP00013433,2023-09-07,13:58:27,PL008,MIL0086636,x@x.com,9999123456,9999123451,9999123452,1,1
MP00013434,MP00013434,2023-09-07,13:58:27,PL002,MIL0076769,x@x.com,9999123456,9999123451,9999123452,1,1
MP00013435,MP00013435,2023-09-07,13:58:27,PL010,MIL0379103,x@x.com,9999123456,9999123451,9999123452,1,1
MP00013436,MP00013436,2023-09-07,13:58:27,PL002,MIL0292877,x@x.com,9999123456,9999123451,9999123452,1,1
MP00013437,MP00013437,2023-09-07,13:58:27,PL013,MIL0191259,x@x.com,9999123456,9999123451,9999123452,1,1
MP00013438,MP00013438,2023-09-07,13:58:27,PL006,MIL0089168,x@x.com,9999123456,9999123451,9999123452,1,1
MP00013439,MP00013439,2023-09-07,13:58:27,PL001,MIL0280180,x@x.com,9999123456,9999123451,9999123452,1,1
MP00013440,MP00013440,2023-09-07,13:58:27,PL007,MIL0538383,x@x.com,9999123456,9999123451,9999123452,1,1
MP00013441,MP00013441,2023-09-07,13:58:27,PL010,MIL0248242,x@x.com,9999123456,9999123451,9999123452,1,1
MP00013442,MP00013442,2023-09-07,13:58:27,PL008,MIL0511986,x@x.com,9999123456,9999123451,9999123452,1,1
MP00013443,MP00013443,2023-09-07,13:58:27,PL009,MIL0300582,x@x.com,9999123456,9999123451,9999123452,1,1
MP00013444,MP00013444,2023-09-07,13:58:27,PL007,MIL0096961,x@x.com,9999123456,9999123451,9999123452,1,1
MP00013445,MP00013445,2023-09-07,13:58:27,PL013,MIL0105885,x@x.com,9999123456,9999123451,9999123452,1,1
MP00013446,MP00013446,2023-09-07,13:58:27,PL010,MIL0109491,x@x.com,9999123456,9999123451,9999123452,1,1
MP00013447,MP00013447,2023-09-07,13:58:27,PL005,MIL0127161,x@x.com,9999123456,9999123451,9999123452,1,1
MP00013448,MP00013448,2023-09-07,13:58:27,PL001,MIL0376193,x@x.com,9999123456,9999123451,9999123452,1,1
MP00013449,MP00013449,2023-09-07,13:58:27,PL003,MIL0469550,x@x.com,9999123456,9999123451,9999123452,1,1
MP00013450,MP00013450,2023-09-07,13:58:27,PL001,MIL0281340,x@x.com,9999123456,9999123451,9999123452,1,1
MP00013451,MP00013451,2023-09-07,13:58:27,PL004,MIL0539802,x@x.com,9999123456,9999123451,9999123452,1,1
MP00013452,MP00013452,2023-09-07,13:58:27,PL001,MIL0447417,x@x.com,9999123456,9999123451,9999123452,1,1
MP00013453,MP00013453,2023-09-07,13:58:27,PL002,MIL0027508,x@x.com,9999123456,9999123451,9999123452,1,1
MP00013454,MP00013454,2023-09-07,13:58:27,PL005,MIL0224294,x@x.com,9999123456,9999123451,9999123452,1,1
MP00013455,MP00013455,2023-09-07,13:58:27,PL003,MIL0356443,x@x.com,9999123456,9999123451,9999123452,1,1
MP00013456,MP00013456,2023-09-07,13:58:27,PL003,MIL0114793,x@x.com,9999123456,9999123451,9999123452,1,1
MP00013457,MP00013457,2023-09-07,13:58:27,PL002,MIL0179176,x@x.com,9999123456,9999123451,9999123452,1,1
MP00013458,MP00013458,2023-09-07,13:58:27,PL001,MIL0335350,x@x.com,9999123456,9999123451,9999123452,1,1
MP00013459,MP00013459,2023-09-07,13:58:27,PL008,MIL0547598,x@x.com,9999123456,9999123451,9999123452,1,1
MP00013460,MP00013460,2023-09-07,13:58:27,PL008,MIL0049222,x@x.com,9999123456,9999123451,9999123452,1,1
MP00013461,MP00013461,2023-09-07,13:58:27,PL001,MIL0056169,x@x.com,9999123456,9999123451,9999123452,1,1
MP00013462,MP00013462,2023-09-07,13:58:27,PL003,MIL0163352,x@x.com,9999123456,9999123451,9999123452,1,1
MP00013463,MP00013463,2023-09-07,13:58:27,PL009,MIL0274478,x@x.com,9999123456,9999123451,9999123452,1,1
MP00013464,MP00013464,2023-09-07,13:58:27,PL004,MIL0386788,x@x.com,9999123456,9999123451,9999123452,1,1
MP00013465,MP00013465,2023-09-07,13:58:27,PL007,MIL0031517,x@x.com,9999123456,9999123451,9999123452,1,1
MP00013466,MP00013466,2023-09-07,13:58:27,PL010,MIL0206921,x@x.com,9999123456,9999123451,9999123452,1,1
MP00013467,MP00013467,2023-09-07,13:58:27,PL011,MIL0141634,x@x.com,9999123456,9999123451,9999123452,1,1
MP00013468,MP00013468,2023-09-07,13:58:27,PL010,MIL0281460,x@x.com,9999123456,9999123451,9999123452,1,1
MP00013469,MP00013469,2023-09-07,13:58:27,PL012,MIL0244805,x@x.com,9999123456,9999123451,9999123452,1,1
MP00013470,MP00013470,2023-09-07,13:58:27,PL003,MIL0352797,x@x.com,9999123456,9999123451,9999123452,1,1
MP00013471,MP00013471,2023-09-07,13:58:27,PL008,MIL0510775,x@x.com,9999123456,9999123451,9999123452,1,1
MP00013472,MP00013472,2023-09-07,13:58:27,PL011,MIL0542211,x@x.com,9999123456,9999123451,9999123452,1,1
MP00013473,MP00013473,2023-09-07,13:58:27,PL003,MIL0442765,x@x.com,9999123456,9999123451,9999123452,1,1
MP00013474,MP00013474,2023-09-07,13:58:27,PL005,MIL0527520,x@x.com,9999123456,9999123451,9999123452,1,1
MP00013475,MP00013475,2023-09-07,13:58:27,PL013,MIL0107125,x@x.com,9999123456,9999123451,9999123452,1,1
MP00013476,MP00013476,2023-09-07,13:58:27,PL009,MIL0511357,x@x.com,9999123456,9999123451,9999123452,1,1
MP00013477,MP00013477,2023-09-07,13:58:27,PL002,MIL0541267,x@x.com,9999123456,9999123451,9999123452,1,1
MP00013478,MP00013478,2023-09-07,13:58:27,PL008,MIL0533874,x@x.com,9999123456,9999123451,9999123452,1,1
MP00013479,MP00013479,2023-09-07,13:58:27,PL009,MIL0068374,x@x.com,9999123456,9999123451,9999123452,1,1
MP00013480,MP00013480,2023-09-07,13:58:27,PL004,MIL0367028,x@x.com,9999123456,9999123451,9999123452,1,1
MP00013481,MP00013481,2023-09-07,13:58:27,PL004,MIL0328078,x@x.com,9999123456,9999123451,9999123452,1,1
MP00013482,MP00013482,2023-09-07,13:58:27,PL003,MIL0114666,x@x.com,9999123456,9999123451,9999123452,1,1
MP00013483,MP00013483,2023-09-07,13:58:27,PL010,MIL0003185,x@x.com,9999123456,9999123451,9999123452,1,1
MP00013484,MP00013484,2023-09-07,13:58:27,PL008,MIL0072353,x@x.com,9999123456,9999123451,9999123452,1,1
MP00013485,MP00013485,2023-09-07,13:58:27,PL007,MIL0064764,x@x.com,9999123456,9999123451,9999123452,1,1
MP00013486,MP00013486,2023-09-07,13:58:27,PL005,MIL0500496,x@x.com,9999123456,9999123451,9999123452,1,1
MP00013487,MP00013487,2023-09-07,13:58:27,PL010,MIL0082457,x@x.com,9999123456,9999123451,9999123452,1,1
MP00013488,MP00013488,2023-09-07,13:58:27,PL010,MIL0330552,x@x.com,9999123456,9999123451,9999123452,1,1
MP00013489,MP00013489,2023-09-07,13:58:27,PL006,MIL0150463,x@x.com,9999123456,9999123451,9999123452,1,1
MP00013490,MP00013490,2023-09-07,13:58:27,PL002,MIL0274729,x@x.com,9999123456,9999123451,9999123452,1,1
MP00013491,MP00013491,2023-09-07,13:58:27,PL002,MIL0142800,x@x.com,9999123456,9999123451,9999123452,1,1
MP00013492,MP00013492,2023-09-07,13:58:27,PL005,MIL0060828,x@x.com,9999123456,9999123451,9999123452,1,1
MP00013493,MP00013493,2023-09-07,13:58:27,PL003,MIL0480600,x@x.com,9999123456,9999123451,9999123452,1,1
MP00013494,MP00013494,2023-09-07,13:58:27,PL001,MIL0376826,x@x.com,9999123456,9999123451,9999123452,1,1
MP00013495,MP00013495,2023-09-07,13:58:27,PL003,MIL0130894,x@x.com,9999123456,9999123451,9999123452,1,1
MP00013496,MP00013496,2023-09-07,13:58:27,PL003,MIL0091026,x@x.com,9999123456,9999123451,9999123452,1,1
MP00013497,MP00013497,2023-09-07,13:58:27,PL004,MIL0390850,x@x.com,9999123456,9999123451,9999123452,1,1
MP00013498,MP00013498,2023-09-07,13:58:27,PL009,MIL0003626,x@x.com,9999123456,9999123451,9999123452,1,1
MP00013499,MP00013499,2023-09-07,13:58:27,PL003,MIL0111321,x@x.com,9999123456,9999123451,9999123452,1,1
MP00013500,MP00013500,2023-09-07,13:58:27,PL013,MIL0126933,x@x.com,9999123456,9999123451,9999123452,1,1
MP00013501,MP00013501,2023-09-07,13:58:27,PL011,MIL0317780,x@x.com,9999123456,9999123451,9999123452,1,1
MP00013502,MP00013502,2023-09-07,13:58:27,PL008,MIL0564792,x@x.com,9999123456,9999123451,9999123452,1,1
MP00013503,MP00013503,2023-09-07,13:58:27,PL010,MIL0379577,x@x.com,9999123456,9999123451,9999123452,1,1
MP00013504,MP00013504,2023-09-07,13:58:27,PL004,MIL0435430,x@x.com,9999123456,9999123451,9999123452,1,1
MP00013505,MP00013505,2023-09-07,13:58:27,PL012,MIL0218554,x@x.com,9999123456,9999123451,9999123452,1,1
MP00013506,MP00013506,2023-09-07,13:58:27,PL004,MIL0407726,x@x.com,9999123456,9999123451,9999123452,1,1
MP00013507,MP00013507,2023-09-07,13:58:27,PL001,MIL0301503,x@x.com,9999123456,9999123451,9999123452,1,1
MP00013508,MP00013508,2023-09-07,13:58:27,PL001,MIL0221728,x@x.com,9999123456,9999123451,9999123452,1,1
MP00013509,MP00013509,2023-09-07,13:58:27,PL009,MIL0221682,x@x.com,9999123456,9999123451,9999123452,1,1
MP00013510,MP00013510,2023-09-07,13:58:27,PL008,MIL0392269,x@x.com,9999123456,9999123451,9999123452,1,1
MP00013511,MP00013511,2023-09-07,13:58:27,PL012,MIL0148786,x@x.com,9999123456,9999123451,9999123452,1,1
MP00013512,MP00013512,2023-09-07,13:58:27,PL005,MIL0574428,x@x.com,9999123456,9999123451,9999123452,1,1
MP00013513,MP00013513,2023-09-07,13:58:27,PL002,MIL0469182,x@x.com,9999123456,9999123451,9999123452,1,1
MP00013514,MP00013514,2023-09-07,13:58:27,PL011,MIL0423966,x@x.com,9999123456,9999123451,9999123452,1,1
MP00013515,MP00013515,2023-09-07,13:58:27,PL003,MIL0223410,x@x.com,9999123456,9999123451,9999123452,1,1
MP00013516,MP00013516,2023-09-07,13:58:27,PL010,MIL0414689,x@x.com,9999123456,9999123451,9999123452,1,1
MP00013517,MP00013517,2023-09-07,13:58:27,PL007,MIL0495474,x@x.com,9999123456,9999123451,9999123452,1,1
MP00013518,MP00013518,2023-09-07,13:58:27,PL003,MIL0006584,x@x.com,9999123456,9999123451,9999123452,1,1
MP00013519,MP00013519,2023-09-07,13:58:27,PL012,MIL0271863,x@x.com,9999123456,9999123451,9999123452,1,1
MP00013520,MP00013520,2023-09-07,13:58:27,PL010,MIL0025921,x@x.com,9999123456,9999123451,9999123452,1,1
MP00013521,MP00013521,2023-09-07,13:58:27,PL001,MIL0190211,x@x.com,9999123456,9999123451,9999123452,1,1
MP00013522,MP00013522,2023-09-07,13:58:27,PL013,MIL0360975,x@x.com,9999123456,9999123451,9999123452,1,1
MP00013523,MP00013523,2023-09-07,13:58:27,PL004,MIL0403462,x@x.com,9999123456,9999123451,9999123452,1,1
MP00013524,MP00013524,2023-09-07,13:58:27,PL013,MIL0061845,x@x.com,9999123456,9999123451,9999123452,1,1
MP00013525,MP00013525,2023-09-07,13:58:27,PL009,MIL0419800,x@x.com,9999123456,9999123451,9999123452,1,1
MP00013526,MP00013526,2023-09-07,13:58:27,PL002,MIL0162635,x@x.com,9999123456,9999123451,9999123452,1,1
MP00013527,MP00013527,2023-09-07,13:58:27,PL011,MIL0121282,x@x.com,9999123456,9999123451,9999123452,1,1
MP00013528,MP00013528,2023-09-07,13:58:27,PL004,MIL0000161,x@x.com,9999123456,9999123451,9999123452,1,1
MP00013529,MP00013529,2023-09-07,13:58:27,PL009,MIL0305290,x@x.com,9999123456,9999123451,9999123452,1,1
MP00013530,MP00013530,2023-09-07,13:58:27,PL010,MIL0343782,x@x.com,9999123456,9999123451,9999123452,1,1
MP00013531,MP00013531,2023-09-07,13:58:27,PL001,MIL0085171,x@x.com,9999123456,9999123451,9999123452,1,1
MP00013532,MP00013532,2023-09-07,13:58:27,PL011,MIL0147866,x@x.com,9999123456,9999123451,9999123452,1,1
MP00013533,MP00013533,2023-09-07,13:58:27,PL007,MIL0529167,x@x.com,9999123456,9999123451,9999123452,1,1
MP00013534,MP00013534,2023-09-07,13:58:27,PL008,MIL0308916,x@x.com,9999123456,9999123451,9999123452,1,1
MP00013535,MP00013535,2023-09-07,13:58:27,PL002,MIL0275919,x@x.com,9999123456,9999123451,9999123452,1,1
MP00013536,MP00013536,2023-09-07,13:58:27,PL004,MIL0289244,x@x.com,9999123456,9999123451,9999123452,1,1
MP00013537,MP00013537,2023-09-07,13:58:27,PL005,MIL0491138,x@x.com,9999123456,9999123451,9999123452,1,1
MP00013538,MP00013538,2023-09-07,13:58:27,PL001,MIL0266131,x@x.com,9999123456,9999123451,9999123452,1,1
MP00013539,MP00013539,2023-09-07,13:58:27,PL012,MIL0106705,x@x.com,9999123456,9999123451,9999123452,1,1
MP00013540,MP00013540,2023-09-07,13:58:27,PL002,MIL0392411,x@x.com,9999123456,9999123451,9999123452,1,1
MP00013541,MP00013541,2023-09-07,13:58:27,PL010,MIL0377674,x@x.com,9999123456,9999123451,9999123452,1,1
MP00013542,MP00013542,2023-09-07,13:58:27,PL011,MIL0330460,x@x.com,9999123456,9999123451,9999123452,1,1
MP00013543,MP00013543,2023-09-07,13:58:27,PL007,MIL0026955,x@x.com,9999123456,9999123451,9999123452,1,1
MP00013544,MP00013544,2023-09-07,13:58:27,PL002,MIL0173876,x@x.com,9999123456,9999123451,9999123452,1,1
MP00013545,MP00013545,2023-09-07,13:58:27,PL009,MIL0423783,x@x.com,9999123456,9999123451,9999123452,1,1
MP00013546,MP00013546,2023-09-07,13:58:27,PL001,MIL0460570,x@x.com,9999123456,9999123451,9999123452,1,1
MP00013547,MP00013547,2023-09-07,13:58:27,PL012,MIL0498597,x@x.com,9999123456,9999123451,9999123452,1,1
MP00013548,MP00013548,2023-09-07,13:58:27,PL010,MIL0087897,x@x.com,9999123456,9999123451,9999123452,1,1
MP00013549,MP00013549,2023-09-07,13:58:27,PL005,MIL0323373,x@x.com,9999123456,9999123451,9999123452,1,1
MP00013550,MP00013550,2023-09-07,13:58:27,PL012,MIL0125313,x@x.com,9999123456,9999123451,9999123452,1,1
MP00013551,MP00013551,2023-09-07,13:58:27,PL006,MIL0164223,x@x.com,9999123456,9999123451,9999123452,1,1
MP00013552,MP00013552,2023-09-07,13:58:27,PL001,MIL0329490,x@x.com,9999123456,9999123451,9999123452,1,1
MP00013553,MP00013553,2023-09-07,13:58:27,PL006,MIL0355631,x@x.com,9999123456,9999123451,9999123452,1,1
MP00013554,MP00013554,2023-09-07,13:58:27,PL005,MIL0287718,x@x.com,9999123456,9999123451,9999123452,1,1
MP00013555,MP00013555,2023-09-07,13:58:27,PL001,MIL0191565,x@x.com,9999123456,9999123451,9999123452,1,1
MP00013556,MP00013556,2023-09-07,13:58:27,PL004,MIL0147132,x@x.com,9999123456,9999123451,9999123452,1,1
MP00013557,MP00013557,2023-09-07,13:58:27,PL012,MIL0536183,x@x.com,9999123456,9999123451,9999123452,1,1
MP00013558,MP00013558,2023-09-07,13:58:27,PL009,MIL0532258,x@x.com,9999123456,9999123451,9999123452,1,1
MP00013559,MP00013559,2023-09-07,13:58:27,PL003,MIL0540222,x@x.com,9999123456,9999123451,9999123452,1,1
MP00013560,MP00013560,2023-09-07,13:58:27,PL012,MIL0286350,x@x.com,9999123456,9999123451,9999123452,1,1
MP00013561,MP00013561,2023-09-07,13:58:27,PL010,MIL0567613,x@x.com,9999123456,9999123451,9999123452,1,1
MP00013562,MP00013562,2023-09-07,13:58:27,PL010,MIL0366959,x@x.com,9999123456,9999123451,9999123452,1,1
MP00013563,MP00013563,2023-09-07,13:58:27,PL010,MIL0337357,x@x.com,9999123456,9999123451,9999123452,1,1
MP00013564,MP00013564,2023-09-07,13:58:27,PL009,MIL0163593,x@x.com,9999123456,9999123451,9999123452,1,1
MP00013565,MP00013565,2023-09-07,13:58:27,PL007,MIL0141480,x@x.com,9999123456,9999123451,9999123452,1,1
MP00013566,MP00013566,2023-09-07,13:58:27,PL010,MIL0246231,x@x.com,9999123456,9999123451,9999123452,1,1
MP00013567,MP00013567,2023-09-07,13:58:27,PL005,MIL0485813,x@x.com,9999123456,9999123451,9999123452,1,1
MP00013568,MP00013568,2023-09-07,13:58:27,PL009,MIL0158072,x@x.com,9999123456,9999123451,9999123452,1,1
MP00013569,MP00013569,2023-09-07,13:58:27,PL002,MIL0374614,x@x.com,9999123456,9999123451,9999123452,1,1
MP00013570,MP00013570,2023-09-07,13:58:27,PL009,MIL0066889,x@x.com,9999123456,9999123451,9999123452,1,1
MP00013571,MP00013571,2023-09-07,13:58:27,PL003,MIL0113997,x@x.com,9999123456,9999123451,9999123452,1,1
MP00013572,MP00013572,2023-09-07,13:58:27,PL005,MIL0209714,x@x.com,9999123456,9999123451,9999123452,1,1
MP00013573,MP00013573,2023-09-07,13:58:27,PL004,MIL0569322,x@x.com,9999123456,9999123451,9999123452,1,1
MP00013574,MP00013574,2023-09-07,13:58:27,PL012,MIL0207379,x@x.com,9999123456,9999123451,9999123452,1,1
MP00013575,MP00013575,2023-09-07,13:58:27,PL006,MIL0548460,x@x.com,9999123456,9999123451,9999123452,1,1
MP00013576,MP00013576,2023-09-07,13:58:27,PL005,MIL0185720,x@x.com,9999123456,9999123451,9999123452,1,1
MP00013577,MP00013577,2023-09-07,13:58:27,PL011,MIL0058479,x@x.com,9999123456,9999123451,9999123452,1,1
MP00013578,MP00013578,2023-09-07,13:58:27,PL004,MIL0194310,x@x.com,9999123456,9999123451,9999123452,1,1
MP00013579,MP00013579,2023-09-07,13:58:27,PL007,MIL0032654,x@x.com,9999123456,9999123451,9999123452,1,1
MP00013580,MP00013580,2023-09-07,13:58:27,PL007,MIL0440331,x@x.com,9999123456,9999123451,9999123452,1,1
MP00013581,MP00013581,2023-09-07,13:58:27,PL001,MIL0300343,x@x.com,9999123456,9999123451,9999123452,1,1
MP00013582,MP00013582,2023-09-07,13:58:27,PL010,MIL0229752,x@x.com,9999123456,9999123451,9999123452,1,1
MP00013583,MP00013583,2023-09-07,13:58:27,PL003,MIL0120266,x@x.com,9999123456,9999123451,9999123452,1,1
MP00013584,MP00013584,2023-09-07,13:58:27,PL008,MIL0175472,x@x.com,9999123456,9999123451,9999123452,1,1
MP00013585,MP00013585,2023-09-07,13:58:27,PL013,MIL0435218,x@x.com,9999123456,9999123451,9999123452,1,1
MP00013586,MP00013586,2023-09-07,13:58:27,PL002,MIL0550015,x@x.com,9999123456,9999123451,9999123452,1,1
MP00013587,MP00013587,2023-09-07,13:58:27,PL004,MIL0555769,x@x.com,9999123456,9999123451,9999123452,1,1
MP00013588,MP00013588,2023-09-07,13:58:27,PL009,MIL0319525,x@x.com,9999123456,9999123451,9999123452,1,1
MP00013589,MP00013589,2023-09-07,13:58:27,PL008,MIL0355260,x@x.com,9999123456,9999123451,9999123452,1,1
MP00013590,MP00013590,2023-09-07,13:58:27,PL007,MIL0173467,x@x.com,9999123456,9999123451,9999123452,1,1
MP00013591,MP00013591,2023-09-07,13:58:27,PL011,MIL0259149,x@x.com,9999123456,9999123451,9999123452,1,1
MP00013592,MP00013592,2023-09-07,13:58:27,PL002,MIL0197295,x@x.com,9999123456,9999123451,9999123452,1,1
MP00013593,MP00013593,2023-09-07,13:58:27,PL002,MIL0132635,x@x.com,9999123456,9999123451,9999123452,1,1
MP00013594,MP00013594,2023-09-07,13:58:27,PL005,MIL0522517,x@x.com,9999123456,9999123451,9999123452,1,1
MP00013595,MP00013595,2023-09-07,13:58:27,PL010,MIL0302303,x@x.com,9999123456,9999123451,9999123452,1,1
MP00013596,MP00013596,2023-09-07,13:58:27,PL011,MIL0374106,x@x.com,9999123456,9999123451,9999123452,1,1
MP00013597,MP00013597,2023-09-07,13:58:27,PL009,MIL0227926,x@x.com,9999123456,9999123451,9999123452,1,1
MP00013598,MP00013598,2023-09-07,13:58:27,PL006,MIL0340410,x@x.com,9999123456,9999123451,9999123452,1,1
MP00013599,MP00013599,2023-09-07,13:58:27,PL001,MIL0144102,x@x.com,9999123456,9999123451,9999123452,1,1
MP00013600,MP00013600,2023-09-07,13:58:27,PL007,MIL0247864,x@x.com,9999123456,9999123451,9999123452,1,1
MP00013601,MP00013601,2023-09-07,13:58:27,PL001,MIL0383195,x@x.com,9999123456,9999123451,9999123452,1,1
MP00013602,MP00013602,2023-09-07,13:58:27,PL005,MIL0108622,x@x.com,9999123456,9999123451,9999123452,1,1
MP00013603,MP00013603,2023-09-07,13:58:27,PL002,MIL0449401,x@x.com,9999123456,9999123451,9999123452,1,1
MP00013604,MP00013604,2023-09-07,13:58:27,PL012,MIL0472640,x@x.com,9999123456,9999123451,9999123452,1,1
MP00013605,MP00013605,2023-09-07,13:58:27,PL001,MIL0481468,x@x.com,9999123456,9999123451,9999123452,1,1
MP00013606,MP00013606,2023-09-07,13:58:27,PL005,MIL0464749,x@x.com,9999123456,9999123451,9999123452,1,1
MP00013607,MP00013607,2023-09-07,13:58:27,PL008,MIL0233700,x@x.com,9999123456,9999123451,9999123452,1,1
MP00013608,MP00013608,2023-09-07,13:58:27,PL008,MIL0576268,x@x.com,9999123456,9999123451,9999123452,1,1
MP00013609,MP00013609,2023-09-07,13:58:27,PL003,MIL0399861,x@x.com,9999123456,9999123451,9999123452,1,1
MP00013610,MP00013610,2023-09-07,13:58:27,PL009,MIL0195451,x@x.com,9999123456,9999123451,9999123452,1,1
MP00013611,MP00013611,2023-09-07,13:58:27,PL011,MIL0546251,x@x.com,9999123456,9999123451,9999123452,1,1
MP00013612,MP00013612,2023-09-07,13:58:27,PL003,MIL0557348,x@x.com,9999123456,9999123451,9999123452,1,1
MP00013613,MP00013613,2023-09-07,13:58:27,PL009,MIL0037566,x@x.com,9999123456,9999123451,9999123452,1,1
MP00013614,MP00013614,2023-09-07,13:58:27,PL004,MIL0312658,x@x.com,9999123456,9999123451,9999123452,1,1
MP00013615,MP00013615,2023-09-07,13:58:27,PL002,MIL0000508,x@x.com,9999123456,9999123451,9999123452,1,1
MP00013616,MP00013616,2023-09-07,13:58:27,PL002,MIL0409025,x@x.com,9999123456,9999123451,9999123452,1,1
MP00013617,MP00013617,2023-09-07,13:58:27,PL008,MIL0413220,x@x.com,9999123456,9999123451,9999123452,1,1
MP00013618,MP00013618,2023-09-07,13:58:27,PL012,MIL0085026,x@x.com,9999123456,9999123451,9999123452,1,1
MP00013619,MP00013619,2023-09-07,13:58:27,PL009,MIL0546326,x@x.com,9999123456,9999123451,9999123452,1,1
MP00013620,MP00013620,2023-09-07,13:58:27,PL007,MIL0562096,x@x.com,9999123456,9999123451,9999123452,1,1
MP00013621,MP00013621,2023-09-07,13:58:27,PL006,MIL0450382,x@x.com,9999123456,9999123451,9999123452,1,1
MP00013622,MP00013622,2023-09-07,13:58:27,PL002,MIL0019778,x@x.com,9999123456,9999123451,9999123452,1,1
MP00013623,MP00013623,2023-09-07,13:58:27,PL013,MIL0562813,x@x.com,9999123456,9999123451,9999123452,1,1
MP00013624,MP00013624,2023-09-07,13:58:27,PL012,MIL0102126,x@x.com,9999123456,9999123451,9999123452,1,1
MP00013625,MP00013625,2023-09-07,13:58:27,PL010,MIL0270835,x@x.com,9999123456,9999123451,9999123452,1,1
MP00013626,MP00013626,2023-09-07,13:58:27,PL004,MIL0223946,x@x.com,9999123456,9999123451,9999123452,1,1
MP00013627,MP00013627,2023-09-07,13:58:27,PL011,MIL0200684,x@x.com,9999123456,9999123451,9999123452,1,1
MP00013628,MP00013628,2023-09-07,13:58:27,PL003,MIL0475741,x@x.com,9999123456,9999123451,9999123452,1,1
MP00013629,MP00013629,2023-09-07,13:58:27,PL008,MIL0523615,x@x.com,9999123456,9999123451,9999123452,1,1
MP00013630,MP00013630,2023-09-07,13:58:27,PL002,MIL0029885,x@x.com,9999123456,9999123451,9999123452,1,1
MP00013631,MP00013631,2023-09-07,13:58:27,PL010,MIL0541869,x@x.com,9999123456,9999123451,9999123452,1,1
MP00013632,MP00013632,2023-09-07,13:58:27,PL007,MIL0010140,x@x.com,9999123456,9999123451,9999123452,1,1
MP00013633,MP00013633,2023-09-07,13:58:27,PL007,MIL0439044,x@x.com,9999123456,9999123451,9999123452,1,1
MP00013634,MP00013634,2023-09-07,13:58:27,PL003,MIL0109657,x@x.com,9999123456,9999123451,9999123452,1,1
MP00013635,MP00013635,2023-09-07,13:58:27,PL010,MIL0468884,x@x.com,9999123456,9999123451,9999123452,1,1
MP00013636,MP00013636,2023-09-07,13:58:27,PL007,MIL0099407,x@x.com,9999123456,9999123451,9999123452,1,1
MP00013637,MP00013637,2023-09-07,13:58:27,PL007,MIL0116257,x@x.com,9999123456,9999123451,9999123452,1,1
MP00013638,MP00013638,2023-09-07,13:58:27,PL001,MIL0229601,x@x.com,9999123456,9999123451,9999123452,1,1
MP00013639,MP00013639,2023-09-07,13:58:27,PL002,MIL0072792,x@x.com,9999123456,9999123451,9999123452,1,1
MP00013640,MP00013640,2023-09-07,13:58:27,PL011,MIL0348858,x@x.com,9999123456,9999123451,9999123452,1,1
MP00013641,MP00013641,2023-09-07,13:58:27,PL007,MIL0353131,x@x.com,9999123456,9999123451,9999123452,1,1
MP00013642,MP00013642,2023-09-07,13:58:27,PL005,MIL0101107,x@x.com,9999123456,9999123451,9999123452,1,1
MP00013643,MP00013643,2023-09-07,13:58:27,PL001,MIL0495364,x@x.com,9999123456,9999123451,9999123452,1,1
MP00013644,MP00013644,2023-09-07,13:58:27,PL001,MIL0443574,x@x.com,9999123456,9999123451,9999123452,1,1
MP00013645,MP00013645,2023-09-07,13:58:27,PL008,MIL0173432,x@x.com,9999123456,9999123451,9999123452,1,1
MP00013646,MP00013646,2023-09-07,13:58:27,PL011,MIL0470617,x@x.com,9999123456,9999123451,9999123452,1,1
MP00013647,MP00013647,2023-09-07,13:58:27,PL012,MIL0190525,x@x.com,9999123456,9999123451,9999123452,1,1
MP00013648,MP00013648,2023-09-07,13:58:27,PL012,MIL0194020,x@x.com,9999123456,9999123451,9999123452,1,1
MP00013649,MP00013649,2023-09-07,13:58:27,PL012,MIL0365860,x@x.com,9999123456,9999123451,9999123452,1,1
MP00013650,MP00013650,2023-09-07,13:58:27,PL001,MIL0138267,x@x.com,9999123456,9999123451,9999123452,1,1
MP00013651,MP00013651,2023-09-07,13:58:27,PL011,MIL0194438,x@x.com,9999123456,9999123451,9999123452,1,1
MP00013652,MP00013652,2023-09-07,13:58:27,PL011,MIL0148740,x@x.com,9999123456,9999123451,9999123452,1,1
MP00013653,MP00013653,2023-09-07,13:58:27,PL006,MIL0205860,x@x.com,9999123456,9999123451,9999123452,1,1
MP00013654,MP00013654,2023-09-07,13:58:27,PL009,MIL0362701,x@x.com,9999123456,9999123451,9999123452,1,1
MP00013655,MP00013655,2023-09-07,13:58:27,PL013,MIL0173251,x@x.com,9999123456,9999123451,9999123452,1,1
MP00013656,MP00013656,2023-09-07,13:58:27,PL011,MIL0562646,x@x.com,9999123456,9999123451,9999123452,1,1
MP00013657,MP00013657,2023-09-07,13:58:27,PL008,MIL0462151,x@x.com,9999123456,9999123451,9999123452,1,1
MP00013658,MP00013658,2023-09-07,13:58:27,PL001,MIL0480932,x@x.com,9999123456,9999123451,9999123452,1,1
MP00013659,MP00013659,2023-09-07,13:58:27,PL002,MIL0284119,x@x.com,9999123456,9999123451,9999123452,1,1
MP00013660,MP00013660,2023-09-07,13:58:27,PL006,MIL0272421,x@x.com,9999123456,9999123451,9999123452,1,1
MP00013661,MP00013661,2023-09-07,13:58:27,PL011,MIL0298077,x@x.com,9999123456,9999123451,9999123452,1,1
MP00013662,MP00013662,2023-09-07,13:58:27,PL009,MIL0571677,x@x.com,9999123456,9999123451,9999123452,1,1
MP00013663,MP00013663,2023-09-07,13:58:27,PL002,MIL0135205,x@x.com,9999123456,9999123451,9999123452,1,1
MP00013664,MP00013664,2023-09-07,13:58:27,PL013,MIL0252065,x@x.com,9999123456,9999123451,9999123452,1,1
MP00013665,MP00013665,2023-09-07,13:58:27,PL010,MIL0272118,x@x.com,9999123456,9999123451,9999123452,1,1
MP00013666,MP00013666,2023-09-07,13:58:27,PL011,MIL0521277,x@x.com,9999123456,9999123451,9999123452,1,1
MP00013667,MP00013667,2023-09-07,13:58:27,PL010,MIL0249752,x@x.com,9999123456,9999123451,9999123452,1,1
MP00013668,MP00013668,2023-09-07,13:58:27,PL011,MIL0343995,x@x.com,9999123456,9999123451,9999123452,1,1
MP00013669,MP00013669,2023-09-07,13:58:27,PL012,MIL0561146,x@x.com,9999123456,9999123451,9999123452,1,1
MP00013670,MP00013670,2023-09-07,13:58:27,PL008,MIL0286501,x@x.com,9999123456,9999123451,9999123452,1,1
MP00013671,MP00013671,2023-09-07,13:58:27,PL007,MIL0127463,x@x.com,9999123456,9999123451,9999123452,1,1
MP00013672,MP00013672,2023-09-07,13:58:27,PL001,MIL0004681,x@x.com,9999123456,9999123451,9999123452,1,1
MP00013673,MP00013673,2023-09-07,13:58:27,PL003,MIL0264216,x@x.com,9999123456,9999123451,9999123452,1,1
MP00013674,MP00013674,2023-09-07,13:58:27,PL001,MIL0317579,x@x.com,9999123456,9999123451,9999123452,1,1
MP00013675,MP00013675,2023-09-07,13:58:27,PL004,MIL0251894,x@x.com,9999123456,9999123451,9999123452,1,1
MP00013676,MP00013676,2023-09-07,13:58:27,PL002,MIL0292101,x@x.com,9999123456,9999123451,9999123452,1,1
MP00013677,MP00013677,2023-09-07,13:58:27,PL005,MIL0565701,x@x.com,9999123456,9999123451,9999123452,1,1
MP00013678,MP00013678,2023-09-07,13:58:27,PL008,MIL0456754,x@x.com,9999123456,9999123451,9999123452,1,1
MP00013679,MP00013679,2023-09-07,13:58:27,PL002,MIL0532604,x@x.com,9999123456,9999123451,9999123452,1,1
MP00013680,MP00013680,2023-09-07,13:58:27,PL002,MIL0199609,x@x.com,9999123456,9999123451,9999123452,1,1
MP00013681,MP00013681,2023-09-07,13:58:27,PL012,MIL0164460,x@x.com,9999123456,9999123451,9999123452,1,1
MP00013682,MP00013682,2023-09-07,13:58:27,PL009,MIL0043982,x@x.com,9999123456,9999123451,9999123452,1,1
MP00013683,MP00013683,2023-09-07,13:58:27,PL005,MIL0096799,x@x.com,9999123456,9999123451,9999123452,1,1
MP00013684,MP00013684,2023-09-07,13:58:27,PL012,MIL0013276,x@x.com,9999123456,9999123451,9999123452,1,1
MP00013685,MP00013685,2023-09-07,13:58:27,PL012,MIL0230058,x@x.com,9999123456,9999123451,9999123452,1,1
MP00013686,MP00013686,2023-09-07,13:58:27,PL002,MIL0042540,x@x.com,9999123456,9999123451,9999123452,1,1
MP00013687,MP00013687,2023-09-07,13:58:27,PL003,MIL0452259,x@x.com,9999123456,9999123451,9999123452,1,1
MP00013688,MP00013688,2023-09-07,13:58:27,PL006,MIL0352535,x@x.com,9999123456,9999123451,9999123452,1,1
MP00013689,MP00013689,2023-09-07,13:58:27,PL007,MIL0360139,x@x.com,9999123456,9999123451,9999123452,1,1
MP00013690,MP00013690,2023-09-07,13:58:27,PL001,MIL0572838,x@x.com,9999123456,9999123451,9999123452,1,1
MP00013691,MP00013691,2023-09-07,13:58:27,PL006,MIL0216354,x@x.com,9999123456,9999123451,9999123452,1,1
MP00013692,MP00013692,2023-09-07,13:58:27,PL002,MIL0325752,x@x.com,9999123456,9999123451,9999123452,1,1
MP00013693,MP00013693,2023-09-07,13:58:27,PL013,MIL0498554,x@x.com,9999123456,9999123451,9999123452,1,1
MP00013694,MP00013694,2023-09-07,13:58:27,PL011,MIL0037207,x@x.com,9999123456,9999123451,9999123452,1,1
MP00013695,MP00013695,2023-09-07,13:58:27,PL009,MIL0548836,x@x.com,9999123456,9999123451,9999123452,1,1
MP00013696,MP00013696,2023-09-07,13:58:27,PL001,MIL0071653,x@x.com,9999123456,9999123451,9999123452,1,1
MP00013697,MP00013697,2023-09-07,13:58:27,PL009,MIL0345253,x@x.com,9999123456,9999123451,9999123452,1,1
MP00013698,MP00013698,2023-09-07,13:58:27,PL010,MIL0271003,x@x.com,9999123456,9999123451,9999123452,1,1
MP00013699,MP00013699,2023-09-07,13:58:27,PL006,MIL0309348,x@x.com,9999123456,9999123451,9999123452,1,1
MP00013700,MP00013700,2023-09-07,13:58:27,PL003,MIL0290551,x@x.com,9999123456,9999123451,9999123452,1,1
MP00013701,MP00013701,2023-09-07,13:58:27,PL010,MIL0166660,x@x.com,9999123456,9999123451,9999123452,1,1
MP00013702,MP00013702,2023-09-07,13:58:27,PL005,MIL0431273,x@x.com,9999123456,9999123451,9999123452,1,1
MP00013703,MP00013703,2023-09-07,13:58:27,PL011,MIL0568795,x@x.com,9999123456,9999123451,9999123452,1,1
MP00013704,MP00013704,2023-09-07,13:58:27,PL013,MIL0253900,x@x.com,9999123456,9999123451,9999123452,1,1
MP00013705,MP00013705,2023-09-07,13:58:27,PL004,MIL0371724,x@x.com,9999123456,9999123451,9999123452,1,1
MP00013706,MP00013706,2023-09-07,13:58:27,PL011,MIL0367383,x@x.com,9999123456,9999123451,9999123452,1,1
MP00013707,MP00013707,2023-09-07,13:58:27,PL013,MIL0006618,x@x.com,9999123456,9999123451,9999123452,1,1
MP00013708,MP00013708,2023-09-07,13:58:27,PL011,MIL0367849,x@x.com,9999123456,9999123451,9999123452,1,1
MP00013709,MP00013709,2023-09-07,13:58:27,PL003,MIL0066008,x@x.com,9999123456,9999123451,9999123452,1,1
MP00013710,MP00013710,2023-09-07,13:58:27,PL011,MIL0021312,x@x.com,9999123456,9999123451,9999123452,1,1
MP00013711,MP00013711,2023-09-07,13:58:27,PL011,MIL0529965,x@x.com,9999123456,9999123451,9999123452,1,1
MP00013712,MP00013712,2023-09-07,13:58:27,PL008,MIL0155753,x@x.com,9999123456,9999123451,9999123452,1,1
MP00013713,MP00013713,2023-09-07,13:58:27,PL001,MIL0528732,x@x.com,9999123456,9999123451,9999123452,1,1
MP00013714,MP00013714,2023-09-07,13:58:27,PL009,MIL0378809,x@x.com,9999123456,9999123451,9999123452,1,1
MP00013715,MP00013715,2023-09-07,13:58:27,PL011,MIL0068538,x@x.com,9999123456,9999123451,9999123452,1,1
MP00013716,MP00013716,2023-09-07,13:58:27,PL008,MIL0552877,x@x.com,9999123456,9999123451,9999123452,1,1
MP00013717,MP00013717,2023-09-07,13:58:27,PL005,MIL0308608,x@x.com,9999123456,9999123451,9999123452,1,1
MP00013718,MP00013718,2023-09-07,13:58:27,PL003,MIL0414156,x@x.com,9999123456,9999123451,9999123452,1,1
MP00013719,MP00013719,2023-09-07,13:58:27,PL007,MIL0472829,x@x.com,9999123456,9999123451,9999123452,1,1
MP00013720,MP00013720,2023-09-07,13:58:27,PL012,MIL0250641,x@x.com,9999123456,9999123451,9999123452,1,1
MP00013721,MP00013721,2023-09-07,13:58:27,PL009,MIL0308788,x@x.com,9999123456,9999123451,9999123452,1,1
MP00013722,MP00013722,2023-09-07,13:58:27,PL008,MIL0348153,x@x.com,9999123456,9999123451,9999123452,1,1
MP00013723,MP00013723,2023-09-07,13:58:27,PL012,MIL0366826,x@x.com,9999123456,9999123451,9999123452,1,1
MP00013724,MP00013724,2023-09-07,13:58:27,PL010,MIL0517527,x@x.com,9999123456,9999123451,9999123452,1,1
MP00013725,MP00013725,2023-09-07,13:58:27,PL003,MIL0101203,x@x.com,9999123456,9999123451,9999123452,1,1
MP00013726,MP00013726,2023-09-07,13:58:27,PL012,MIL0144413,x@x.com,9999123456,9999123451,9999123452,1,1
MP00013727,MP00013727,2023-09-07,13:58:27,PL006,MIL0056554,x@x.com,9999123456,9999123451,9999123452,1,1
MP00013728,MP00013728,2023-09-07,13:58:27,PL013,MIL0179175,x@x.com,9999123456,9999123451,9999123452,1,1
MP00013729,MP00013729,2023-09-07,13:58:27,PL009,MIL0552487,x@x.com,9999123456,9999123451,9999123452,1,1
MP00013730,MP00013730,2023-09-07,13:58:27,PL001,MIL0101619,x@x.com,9999123456,9999123451,9999123452,1,1
MP00013731,MP00013731,2023-09-07,13:58:27,PL009,MIL0145620,x@x.com,9999123456,9999123451,9999123452,1,1
MP00013732,MP00013732,2023-09-07,13:58:27,PL011,MIL0227533,x@x.com,9999123456,9999123451,9999123452,1,1
MP00013733,MP00013733,2023-09-07,13:58:27,PL003,MIL0176190,x@x.com,9999123456,9999123451,9999123452,1,1
MP00013734,MP00013734,2023-09-07,13:58:27,PL001,MIL0450479,x@x.com,9999123456,9999123451,9999123452,1,1
MP00013735,MP00013735,2023-09-07,13:58:27,PL002,MIL0088570,x@x.com,9999123456,9999123451,9999123452,1,1
MP00013736,MP00013736,2023-09-07,13:58:27,PL004,MIL0456528,x@x.com,9999123456,9999123451,9999123452,1,1
MP00013737,MP00013737,2023-09-07,13:58:27,PL004,MIL0558064,x@x.com,9999123456,9999123451,9999123452,1,1
MP00013738,MP00013738,2023-09-07,13:58:27,PL011,MIL0474224,x@x.com,9999123456,9999123451,9999123452,1,1
MP00013739,MP00013739,2023-09-07,13:58:27,PL001,MIL0438421,x@x.com,9999123456,9999123451,9999123452,1,1
MP00013740,MP00013740,2023-09-07,13:58:27,PL011,MIL0423630,x@x.com,9999123456,9999123451,9999123452,1,1
MP00013741,MP00013741,2023-09-07,13:58:27,PL012,MIL0517064,x@x.com,9999123456,9999123451,9999123452,1,1
MP00013742,MP00013742,2023-09-07,13:58:27,PL007,MIL0398458,x@x.com,9999123456,9999123451,9999123452,1,1
MP00013743,MP00013743,2023-09-07,13:58:27,PL010,MIL0021549,x@x.com,9999123456,9999123451,9999123452,1,1
MP00013744,MP00013744,2023-09-07,13:58:27,PL007,MIL0453900,x@x.com,9999123456,9999123451,9999123452,1,1
MP00013745,MP00013745,2023-09-07,13:58:27,PL013,MIL0137124,x@x.com,9999123456,9999123451,9999123452,1,1
MP00013746,MP00013746,2023-09-07,13:58:27,PL003,MIL0029172,x@x.com,9999123456,9999123451,9999123452,1,1
MP00013747,MP00013747,2023-09-07,13:58:27,PL007,MIL0204641,x@x.com,9999123456,9999123451,9999123452,1,1
MP00013748,MP00013748,2023-09-07,13:58:27,PL012,MIL0317532,x@x.com,9999123456,9999123451,9999123452,1,1
MP00013749,MP00013749,2023-09-07,13:58:27,PL003,MIL0082003,x@x.com,9999123456,9999123451,9999123452,1,1
MP00013750,MP00013750,2023-09-07,13:58:27,PL007,MIL0095817,x@x.com,9999123456,9999123451,9999123452,1,1
MP00013751,MP00013751,2023-09-07,13:58:27,PL004,MIL0385795,x@x.com,9999123456,9999123451,9999123452,1,1
MP00013752,MP00013752,2023-09-07,13:58:27,PL009,MIL0456388,x@x.com,9999123456,9999123451,9999123452,1,1
MP00013753,MP00013753,2023-09-07,13:58:27,PL006,MIL0523385,x@x.com,9999123456,9999123451,9999123452,1,1
MP00013754,MP00013754,2023-09-07,13:58:27,PL013,MIL0523093,x@x.com,9999123456,9999123451,9999123452,1,1
MP00013755,MP00013755,2023-09-07,13:58:27,PL004,MIL0150375,x@x.com,9999123456,9999123451,9999123452,1,1
MP00013756,MP00013756,2023-09-07,13:58:27,PL004,MIL0346744,x@x.com,9999123456,9999123451,9999123452,1,1
MP00013757,MP00013757,2023-09-07,13:58:27,PL001,MIL0040324,x@x.com,9999123456,9999123451,9999123452,1,1
MP00013758,MP00013758,2023-09-07,13:58:27,PL008,MIL0122606,x@x.com,9999123456,9999123451,9999123452,1,1
MP00013759,MP00013759,2023-09-07,13:58:27,PL009,MIL0275910,x@x.com,9999123456,9999123451,9999123452,1,1
MP00013760,MP00013760,2023-09-07,13:58:27,PL010,MIL0491533,x@x.com,9999123456,9999123451,9999123452,1,1
MP00013761,MP00013761,2023-09-07,13:58:27,PL005,MIL0131358,x@x.com,9999123456,9999123451,9999123452,1,1
MP00013762,MP00013762,2023-09-07,13:58:27,PL002,MIL0424251,x@x.com,9999123456,9999123451,9999123452,1,1
MP00013763,MP00013763,2023-09-07,13:58:27,PL012,MIL0123234,x@x.com,9999123456,9999123451,9999123452,1,1
MP00013764,MP00013764,2023-09-07,13:58:27,PL005,MIL0517954,x@x.com,9999123456,9999123451,9999123452,1,1
MP00013765,MP00013765,2023-09-07,13:58:27,PL009,MIL0299297,x@x.com,9999123456,9999123451,9999123452,1,1
MP00013766,MP00013766,2023-09-07,13:58:27,PL007,MIL0515341,x@x.com,9999123456,9999123451,9999123452,1,1
MP00013767,MP00013767,2023-09-07,13:58:27,PL002,MIL0485150,x@x.com,9999123456,9999123451,9999123452,1,1
MP00013768,MP00013768,2023-09-07,13:58:27,PL003,MIL0422046,x@x.com,9999123456,9999123451,9999123452,1,1
MP00013769,MP00013769,2023-09-07,13:58:27,PL010,MIL0209150,x@x.com,9999123456,9999123451,9999123452,1,1
MP00013770,MP00013770,2023-09-07,13:58:27,PL012,MIL0115685,x@x.com,9999123456,9999123451,9999123452,1,1
MP00013771,MP00013771,2023-09-07,13:58:27,PL013,MIL0487281,x@x.com,9999123456,9999123451,9999123452,1,1
MP00013772,MP00013772,2023-09-07,13:58:27,PL013,MIL0047946,x@x.com,9999123456,9999123451,9999123452,1,1
MP00013773,MP00013773,2023-09-07,13:58:27,PL011,MIL0538263,x@x.com,9999123456,9999123451,9999123452,1,1
MP00013774,MP00013774,2023-09-07,13:58:27,PL011,MIL0244006,x@x.com,9999123456,9999123451,9999123452,1,1
MP00013775,MP00013775,2023-09-07,13:58:27,PL009,MIL0558782,x@x.com,9999123456,9999123451,9999123452,1,1
MP00013776,MP00013776,2023-09-07,13:58:27,PL003,MIL0016798,x@x.com,9999123456,9999123451,9999123452,1,1
MP00013777,MP00013777,2023-09-07,13:58:27,PL007,MIL0233261,x@x.com,9999123456,9999123451,9999123452,1,1
MP00013778,MP00013778,2023-09-07,13:58:27,PL007,MIL0216171,x@x.com,9999123456,9999123451,9999123452,1,1
MP00013779,MP00013779,2023-09-07,13:58:27,PL006,MIL0464625,x@x.com,9999123456,9999123451,9999123452,1,1
MP00013780,MP00013780,2023-09-07,13:58:27,PL012,MIL0437628,x@x.com,9999123456,9999123451,9999123452,1,1
MP00013781,MP00013781,2023-09-07,13:58:27,PL010,MIL0138826,x@x.com,9999123456,9999123451,9999123452,1,1
MP00013782,MP00013782,2023-09-07,13:58:27,PL006,MIL0227853,x@x.com,9999123456,9999123451,9999123452,1,1
MP00013783,MP00013783,2023-09-07,13:58:27,PL013,MIL0088113,x@x.com,9999123456,9999123451,9999123452,1,1
MP00013784,MP00013784,2023-09-07,13:58:27,PL002,MIL0557691,x@x.com,9999123456,9999123451,9999123452,1,1
MP00013785,MP00013785,2023-09-07,13:58:27,PL010,MIL0406375,x@x.com,9999123456,9999123451,9999123452,1,1
MP00013786,MP00013786,2023-09-07,13:58:27,PL007,MIL0181855,x@x.com,9999123456,9999123451,9999123452,1,1
MP00013787,MP00013787,2023-09-07,13:58:27,PL003,MIL0340714,x@x.com,9999123456,9999123451,9999123452,1,1
MP00013788,MP00013788,2023-09-07,13:58:27,PL008,MIL0354996,x@x.com,9999123456,9999123451,9999123452,1,1
MP00013789,MP00013789,2023-09-07,13:58:27,PL002,MIL0525522,x@x.com,9999123456,9999123451,9999123452,1,1
MP00013790,MP00013790,2023-09-07,13:58:27,PL007,MIL0254811,x@x.com,9999123456,9999123451,9999123452,1,1
MP00013791,MP00013791,2023-09-07,13:58:27,PL001,MIL0077578,x@x.com,9999123456,9999123451,9999123452,1,1
MP00013792,MP00013792,2023-09-07,13:58:27,PL011,MIL0358256,x@x.com,9999123456,9999123451,9999123452,1,1
MP00013793,MP00013793,2023-09-07,13:58:27,PL013,MIL0198207,x@x.com,9999123456,9999123451,9999123452,1,1
MP00013794,MP00013794,2023-09-07,13:58:27,PL005,MIL0467502,x@x.com,9999123456,9999123451,9999123452,1,1
MP00013795,MP00013795,2023-09-07,13:58:27,PL011,MIL0417893,x@x.com,9999123456,9999123451,9999123452,1,1
MP00013796,MP00013796,2023-09-07,13:58:27,PL010,MIL0145274,x@x.com,9999123456,9999123451,9999123452,1,1
MP00013797,MP00013797,2023-09-07,13:58:27,PL001,MIL0522658,x@x.com,9999123456,9999123451,9999123452,1,1
MP00013798,MP00013798,2023-09-07,13:58:27,PL011,MIL0289907,x@x.com,9999123456,9999123451,9999123452,1,1
MP00013799,MP00013799,2023-09-07,13:58:27,PL008,MIL0294877,x@x.com,9999123456,9999123451,9999123452,1,1
MP00013800,MP00013800,2023-09-07,13:58:27,PL010,MIL0132214,x@x.com,9999123456,9999123451,9999123452,1,1
MP00013801,MP00013801,2023-09-07,13:58:27,PL012,MIL0336253,x@x.com,9999123456,9999123451,9999123452,1,1
MP00013802,MP00013802,2023-09-07,13:58:27,PL001,MIL0029093,x@x.com,9999123456,9999123451,9999123452,1,1
MP00013803,MP00013803,2023-09-07,13:58:27,PL012,MIL0461870,x@x.com,9999123456,9999123451,9999123452,1,1
MP00013804,MP00013804,2023-09-07,13:58:27,PL010,MIL0195601,x@x.com,9999123456,9999123451,9999123452,1,1
MP00013805,MP00013805,2023-09-07,13:58:27,PL013,MIL0566758,x@x.com,9999123456,9999123451,9999123452,1,1
MP00013806,MP00013806,2023-09-07,13:58:27,PL006,MIL0191349,x@x.com,9999123456,9999123451,9999123452,1,1
MP00013807,MP00013807,2023-09-07,13:58:27,PL008,MIL0370681,x@x.com,9999123456,9999123451,9999123452,1,1
MP00013808,MP00013808,2023-09-07,13:58:27,PL001,MIL0187459,x@x.com,9999123456,9999123451,9999123452,1,1
MP00013809,MP00013809,2023-09-07,13:58:27,PL011,MIL0431147,x@x.com,9999123456,9999123451,9999123452,1,1
MP00013810,MP00013810,2023-09-07,13:58:27,PL003,MIL0499715,x@x.com,9999123456,9999123451,9999123452,1,1
MP00013811,MP00013811,2023-09-07,13:58:27,PL001,MIL0017282,x@x.com,9999123456,9999123451,9999123452,1,1
MP00013812,MP00013812,2023-09-07,13:58:27,PL012,MIL0007595,x@x.com,9999123456,9999123451,9999123452,1,1
MP00013813,MP00013813,2023-09-07,13:58:27,PL013,MIL0528937,x@x.com,9999123456,9999123451,9999123452,1,1
MP00013814,MP00013814,2023-09-07,13:58:27,PL006,MIL0075642,x@x.com,9999123456,9999123451,9999123452,1,1
MP00013815,MP00013815,2023-09-07,13:58:27,PL006,MIL0439874,x@x.com,9999123456,9999123451,9999123452,1,1
MP00013816,MP00013816,2023-09-07,13:58:27,PL005,MIL0478300,x@x.com,9999123456,9999123451,9999123452,1,1
MP00013817,MP00013817,2023-09-07,13:58:27,PL012,MIL0562388,x@x.com,9999123456,9999123451,9999123452,1,1
MP00013818,MP00013818,2023-09-07,13:58:27,PL003,MIL0470556,x@x.com,9999123456,9999123451,9999123452,1,1
MP00013819,MP00013819,2023-09-07,13:58:27,PL012,MIL0373339,x@x.com,9999123456,9999123451,9999123452,1,1
MP00013820,MP00013820,2023-09-07,13:58:27,PL001,MIL0320515,x@x.com,9999123456,9999123451,9999123452,1,1
MP00013821,MP00013821,2023-09-07,13:58:27,PL012,MIL0359473,x@x.com,9999123456,9999123451,9999123452,1,1
MP00013822,MP00013822,2023-09-07,13:58:27,PL013,MIL0342149,x@x.com,9999123456,9999123451,9999123452,1,1
MP00013823,MP00013823,2023-09-07,13:58:27,PL012,MIL0012529,x@x.com,9999123456,9999123451,9999123452,1,1
MP00013824,MP00013824,2023-09-07,13:58:27,PL010,MIL0281912,x@x.com,9999123456,9999123451,9999123452,1,1
MP00013825,MP00013825,2023-09-07,13:58:27,PL011,MIL0046417,x@x.com,9999123456,9999123451,9999123452,1,1
MP00013826,MP00013826,2023-09-07,13:58:27,PL003,MIL0359270,x@x.com,9999123456,9999123451,9999123452,1,1
MP00013827,MP00013827,2023-09-07,13:58:27,PL013,MIL0177052,x@x.com,9999123456,9999123451,9999123452,1,1
MP00013828,MP00013828,2023-09-07,13:58:27,PL002,MIL0446982,x@x.com,9999123456,9999123451,9999123452,1,1
MP00013829,MP00013829,2023-09-07,13:58:27,PL013,MIL0516645,x@x.com,9999123456,9999123451,9999123452,1,1
MP00013830,MP00013830,2023-09-07,13:58:27,PL012,MIL0324991,x@x.com,9999123456,9999123451,9999123452,1,1
MP00013831,MP00013831,2023-09-07,13:58:27,PL003,MIL0257944,x@x.com,9999123456,9999123451,9999123452,1,1
MP00013832,MP00013832,2023-09-07,13:58:27,PL011,MIL0549547,x@x.com,9999123456,9999123451,9999123452,1,1
MP00013833,MP00013833,2023-09-07,13:58:27,PL003,MIL0207005,x@x.com,9999123456,9999123451,9999123452,1,1
MP00013834,MP00013834,2023-09-07,13:58:27,PL006,MIL0281274,x@x.com,9999123456,9999123451,9999123452,1,1
MP00013835,MP00013835,2023-09-07,13:58:27,PL002,MIL0268416,x@x.com,9999123456,9999123451,9999123452,1,1
MP00013836,MP00013836,2023-09-07,13:58:27,PL013,MIL0091987,x@x.com,9999123456,9999123451,9999123452,1,1
MP00013837,MP00013837,2023-09-07,13:58:27,PL004,MIL0171134,x@x.com,9999123456,9999123451,9999123452,1,1
MP00013838,MP00013838,2023-09-07,13:58:27,PL011,MIL0347647,x@x.com,9999123456,9999123451,9999123452,1,1
MP00013839,MP00013839,2023-09-07,13:58:27,PL003,MIL0510054,x@x.com,9999123456,9999123451,9999123452,1,1
MP00013840,MP00013840,2023-09-07,13:58:27,PL009,MIL0288658,x@x.com,9999123456,9999123451,9999123452,1,1
MP00013841,MP00013841,2023-09-07,13:58:27,PL003,MIL0410132,x@x.com,9999123456,9999123451,9999123452,1,1
MP00013842,MP00013842,2023-09-07,13:58:27,PL006,MIL0213689,x@x.com,9999123456,9999123451,9999123452,1,1
MP00013843,MP00013843,2023-09-07,13:58:27,PL010,MIL0176669,x@x.com,9999123456,9999123451,9999123452,1,1
MP00013844,MP00013844,2023-09-07,13:58:27,PL013,MIL0176589,x@x.com,9999123456,9999123451,9999123452,1,1
MP00013845,MP00013845,2023-09-07,13:58:27,PL011,MIL0321617,x@x.com,9999123456,9999123451,9999123452,1,1
MP00013846,MP00013846,2023-09-07,13:58:27,PL008,MIL0432321,x@x.com,9999123456,9999123451,9999123452,1,1
MP00013847,MP00013847,2023-09-07,13:58:27,PL005,MIL0466836,x@x.com,9999123456,9999123451,9999123452,1,1
MP00013848,MP00013848,2023-09-07,13:58:27,PL004,MIL0470659,x@x.com,9999123456,9999123451,9999123452,1,1
MP00013849,MP00013849,2023-09-07,13:58:27,PL008,MIL0190504,x@x.com,9999123456,9999123451,9999123452,1,1
MP00013850,MP00013850,2023-09-07,13:58:27,PL001,MIL0274608,x@x.com,9999123456,9999123451,9999123452,1,1
MP00013851,MP00013851,2023-09-07,13:58:27,PL003,MIL0184031,x@x.com,9999123456,9999123451,9999123452,1,1
MP00013852,MP00013852,2023-09-07,13:58:27,PL010,MIL0553298,x@x.com,9999123456,9999123451,9999123452,1,1
MP00013853,MP00013853,2023-09-07,13:58:27,PL006,MIL0341631,x@x.com,9999123456,9999123451,9999123452,1,1
MP00013854,MP00013854,2023-09-07,13:58:27,PL005,MIL0565633,x@x.com,9999123456,9999123451,9999123452,1,1
MP00013855,MP00013855,2023-09-07,13:58:27,PL009,MIL0017503,x@x.com,9999123456,9999123451,9999123452,1,1
MP00013856,MP00013856,2023-09-07,13:58:27,PL012,MIL0424477,x@x.com,9999123456,9999123451,9999123452,1,1
MP00013857,MP00013857,2023-09-07,13:58:27,PL001,MIL0278939,x@x.com,9999123456,9999123451,9999123452,1,1
MP00013858,MP00013858,2023-09-07,13:58:27,PL003,MIL0062757,x@x.com,9999123456,9999123451,9999123452,1,1
MP00013859,MP00013859,2023-09-07,13:58:27,PL004,MIL0170961,x@x.com,9999123456,9999123451,9999123452,1,1
MP00013860,MP00013860,2023-09-07,13:58:27,PL001,MIL0466746,x@x.com,9999123456,9999123451,9999123452,1,1
MP00013861,MP00013861,2023-09-07,13:58:27,PL007,MIL0271616,x@x.com,9999123456,9999123451,9999123452,1,1
MP00013862,MP00013862,2023-09-07,13:58:27,PL003,MIL0064289,x@x.com,9999123456,9999123451,9999123452,1,1
MP00013863,MP00013863,2023-09-07,13:58:27,PL006,MIL0524923,x@x.com,9999123456,9999123451,9999123452,1,1
MP00013864,MP00013864,2023-09-07,13:58:27,PL007,MIL0162223,x@x.com,9999123456,9999123451,9999123452,1,1
MP00013865,MP00013865,2023-09-07,13:58:27,PL004,MIL0397554,x@x.com,9999123456,9999123451,9999123452,1,1
MP00013866,MP00013866,2023-09-07,13:58:27,PL012,MIL0136895,x@x.com,9999123456,9999123451,9999123452,1,1
MP00013867,MP00013867,2023-09-07,13:58:27,PL006,MIL0319295,x@x.com,9999123456,9999123451,9999123452,1,1
MP00013868,MP00013868,2023-09-07,13:58:27,PL013,MIL0213908,x@x.com,9999123456,9999123451,9999123452,1,1
MP00013869,MP00013869,2023-09-07,13:58:27,PL011,MIL0481439,x@x.com,9999123456,9999123451,9999123452,1,1
MP00013870,MP00013870,2023-09-07,13:58:27,PL012,MIL0543426,x@x.com,9999123456,9999123451,9999123452,1,1
MP00013871,MP00013871,2023-09-07,13:58:27,PL010,MIL0504477,x@x.com,9999123456,9999123451,9999123452,1,1
MP00013872,MP00013872,2023-09-07,13:58:27,PL002,MIL0421729,x@x.com,9999123456,9999123451,9999123452,1,1
MP00013873,MP00013873,2023-09-07,13:58:27,PL001,MIL0173700,x@x.com,9999123456,9999123451,9999123452,1,1
MP00013874,MP00013874,2023-09-07,13:58:27,PL010,MIL0404308,x@x.com,9999123456,9999123451,9999123452,1,1
MP00013875,MP00013875,2023-09-07,13:58:27,PL011,MIL0025430,x@x.com,9999123456,9999123451,9999123452,1,1
MP00013876,MP00013876,2023-09-07,13:58:27,PL003,MIL0081739,x@x.com,9999123456,9999123451,9999123452,1,1
MP00013877,MP00013877,2023-09-07,13:58:27,PL013,MIL0433817,x@x.com,9999123456,9999123451,9999123452,1,1
MP00013878,MP00013878,2023-09-07,13:58:27,PL001,MIL0256267,x@x.com,9999123456,9999123451,9999123452,1,1
MP00013879,MP00013879,2023-09-07,13:58:27,PL011,MIL0312370,x@x.com,9999123456,9999123451,9999123452,1,1
MP00013880,MP00013880,2023-09-07,13:58:27,PL001,MIL0296783,x@x.com,9999123456,9999123451,9999123452,1,1
MP00013881,MP00013881,2023-09-07,13:58:27,PL010,MIL0052512,x@x.com,9999123456,9999123451,9999123452,1,1
MP00013882,MP00013882,2023-09-07,13:58:27,PL012,MIL0272250,x@x.com,9999123456,9999123451,9999123452,1,1
MP00013883,MP00013883,2023-09-07,13:58:27,PL002,MIL0491738,x@x.com,9999123456,9999123451,9999123452,1,1
MP00013884,MP00013884,2023-09-07,13:58:27,PL003,MIL0372275,x@x.com,9999123456,9999123451,9999123452,1,1
MP00013885,MP00013885,2023-09-07,13:58:27,PL008,MIL0130015,x@x.com,9999123456,9999123451,9999123452,1,1
MP00013886,MP00013886,2023-09-07,13:58:27,PL004,MIL0107549,x@x.com,9999123456,9999123451,9999123452,1,1
MP00013887,MP00013887,2023-09-07,13:58:27,PL009,MIL0367876,x@x.com,9999123456,9999123451,9999123452,1,1
MP00013888,MP00013888,2023-09-07,13:58:27,PL004,MIL0379823,x@x.com,9999123456,9999123451,9999123452,1,1
MP00013889,MP00013889,2023-09-07,13:58:27,PL007,MIL0559332,x@x.com,9999123456,9999123451,9999123452,1,1
MP00013890,MP00013890,2023-09-07,13:58:27,PL002,MIL0577548,x@x.com,9999123456,9999123451,9999123452,1,1
MP00013891,MP00013891,2023-09-07,13:58:27,PL002,MIL0277161,x@x.com,9999123456,9999123451,9999123452,1,1
MP00013892,MP00013892,2023-09-07,13:58:27,PL006,MIL0550761,x@x.com,9999123456,9999123451,9999123452,1,1
MP00013893,MP00013893,2023-09-07,13:58:27,PL002,MIL0174044,x@x.com,9999123456,9999123451,9999123452,1,1
MP00013894,MP00013894,2023-09-07,13:58:27,PL007,MIL0179766,x@x.com,9999123456,9999123451,9999123452,1,1
MP00013895,MP00013895,2023-09-07,13:58:27,PL005,MIL0456652,x@x.com,9999123456,9999123451,9999123452,1,1
MP00013896,MP00013896,2023-09-07,13:58:27,PL012,MIL0437067,x@x.com,9999123456,9999123451,9999123452,1,1
MP00013897,MP00013897,2023-09-07,13:58:27,PL005,MIL0354420,x@x.com,9999123456,9999123451,9999123452,1,1
MP00013898,MP00013898,2023-09-07,13:58:27,PL013,MIL0332709,x@x.com,9999123456,9999123451,9999123452,1,1
MP00013899,MP00013899,2023-09-07,13:58:27,PL001,MIL0455474,x@x.com,9999123456,9999123451,9999123452,1,1
MP00013900,MP00013900,2023-09-07,13:58:27,PL010,MIL0528001,x@x.com,9999123456,9999123451,9999123452,1,1
MP00013901,MP00013901,2023-09-07,13:58:27,PL011,MIL0357747,x@x.com,9999123456,9999123451,9999123452,1,1
MP00013902,MP00013902,2023-09-07,13:58:27,PL004,MIL0379145,x@x.com,9999123456,9999123451,9999123452,1,1
MP00013903,MP00013903,2023-09-07,13:58:27,PL001,MIL0347180,x@x.com,9999123456,9999123451,9999123452,1,1
MP00013904,MP00013904,2023-09-07,13:58:27,PL010,MIL0513203,x@x.com,9999123456,9999123451,9999123452,1,1
MP00013905,MP00013905,2023-09-07,13:58:27,PL005,MIL0499745,x@x.com,9999123456,9999123451,9999123452,1,1
MP00013906,MP00013906,2023-09-07,13:58:27,PL003,MIL0179993,x@x.com,9999123456,9999123451,9999123452,1,1
MP00013907,MP00013907,2023-09-07,13:58:27,PL003,MIL0202068,x@x.com,9999123456,9999123451,9999123452,1,1
MP00013908,MP00013908,2023-09-07,13:58:27,PL008,MIL0536164,x@x.com,9999123456,9999123451,9999123452,1,1
MP00013909,MP00013909,2023-09-07,13:58:27,PL003,MIL0360411,x@x.com,9999123456,9999123451,9999123452,1,1
MP00013910,MP00013910,2023-09-07,13:58:27,PL007,MIL0221172,x@x.com,9999123456,9999123451,9999123452,1,1
MP00013911,MP00013911,2023-09-07,13:58:27,PL009,MIL0319671,x@x.com,9999123456,9999123451,9999123452,1,1
MP00013912,MP00013912,2023-09-07,13:58:27,PL007,MIL0267080,x@x.com,9999123456,9999123451,9999123452,1,1
MP00013913,MP00013913,2023-09-07,13:58:27,PL001,MIL0060873,x@x.com,9999123456,9999123451,9999123452,1,1
MP00013914,MP00013914,2023-09-07,13:58:27,PL008,MIL0177954,x@x.com,9999123456,9999123451,9999123452,1,1
MP00013915,MP00013915,2023-09-07,13:58:27,PL011,MIL0473621,x@x.com,9999123456,9999123451,9999123452,1,1
MP00013916,MP00013916,2023-09-07,13:58:27,PL005,MIL0085706,x@x.com,9999123456,9999123451,9999123452,1,1
MP00013917,MP00013917,2023-09-07,13:58:27,PL003,MIL0429279,x@x.com,9999123456,9999123451,9999123452,1,1
MP00013918,MP00013918,2023-09-07,13:58:27,PL009,MIL0338970,x@x.com,9999123456,9999123451,9999123452,1,1
MP00013919,MP00013919,2023-09-07,13:58:27,PL006,MIL0485463,x@x.com,9999123456,9999123451,9999123452,1,1
MP00013920,MP00013920,2023-09-07,13:58:27,PL002,MIL0013422,x@x.com,9999123456,9999123451,9999123452,1,1
MP00013921,MP00013921,2023-09-07,13:58:27,PL012,MIL0158382,x@x.com,9999123456,9999123451,9999123452,1,1
MP00013922,MP00013922,2023-09-07,13:58:27,PL011,MIL0250513,x@x.com,9999123456,9999123451,9999123452,1,1
MP00013923,MP00013923,2023-09-07,13:58:27,PL007,MIL0134428,x@x.com,9999123456,9999123451,9999123452,1,1
MP00013924,MP00013924,2023-09-07,13:58:27,PL007,MIL0029301,x@x.com,9999123456,9999123451,9999123452,1,1
MP00013925,MP00013925,2023-09-07,13:58:27,PL003,MIL0485301,x@x.com,9999123456,9999123451,9999123452,1,1
MP00013926,MP00013926,2023-09-07,13:58:27,PL007,MIL0577486,x@x.com,9999123456,9999123451,9999123452,1,1
MP00013927,MP00013927,2023-09-07,13:58:27,PL006,MIL0233417,x@x.com,9999123456,9999123451,9999123452,1,1
MP00013928,MP00013928,2023-09-07,13:58:27,PL012,MIL0083812,x@x.com,9999123456,9999123451,9999123452,1,1
MP00013929,MP00013929,2023-09-07,13:58:27,PL004,MIL0409131,x@x.com,9999123456,9999123451,9999123452,1,1
MP00013930,MP00013930,2023-09-07,13:58:27,PL011,MIL0374213,x@x.com,9999123456,9999123451,9999123452,1,1
MP00013931,MP00013931,2023-09-07,13:58:27,PL001,MIL0510950,x@x.com,9999123456,9999123451,9999123452,1,1
MP00013932,MP00013932,2023-09-07,13:58:27,PL012,MIL0398905,x@x.com,9999123456,9999123451,9999123452,1,1
MP00013933,MP00013933,2023-09-07,13:58:27,PL007,MIL0183953,x@x.com,9999123456,9999123451,9999123452,1,1
MP00013934,MP00013934,2023-09-07,13:58:27,PL009,MIL0074469,x@x.com,9999123456,9999123451,9999123452,1,1
MP00013935,MP00013935,2023-09-07,13:58:27,PL007,MIL0580688,x@x.com,9999123456,9999123451,9999123452,1,1
MP00013936,MP00013936,2023-09-07,13:58:27,PL009,MIL0318380,x@x.com,9999123456,9999123451,9999123452,1,1
MP00013937,MP00013937,2023-09-07,13:58:27,PL007,MIL0531968,x@x.com,9999123456,9999123451,9999123452,1,1
MP00013938,MP00013938,2023-09-07,13:58:27,PL010,MIL0194353,x@x.com,9999123456,9999123451,9999123452,1,1
MP00013939,MP00013939,2023-09-07,13:58:27,PL006,MIL0022596,x@x.com,9999123456,9999123451,9999123452,1,1
MP00013940,MP00013940,2023-09-07,13:58:27,PL012,MIL0438607,x@x.com,9999123456,9999123451,9999123452,1,1
MP00013941,MP00013941,2023-09-07,13:58:27,PL007,MIL0160038,x@x.com,9999123456,9999123451,9999123452,1,1
MP00013942,MP00013942,2023-09-07,13:58:27,PL004,MIL0242198,x@x.com,9999123456,9999123451,9999123452,1,1
MP00013943,MP00013943,2023-09-07,13:58:27,PL008,MIL0556016,x@x.com,9999123456,9999123451,9999123452,1,1
MP00013944,MP00013944,2023-09-07,13:58:27,PL004,MIL0070914,x@x.com,9999123456,9999123451,9999123452,1,1
MP00013945,MP00013945,2023-09-07,13:58:27,PL002,MIL0448364,x@x.com,9999123456,9999123451,9999123452,1,1
MP00013946,MP00013946,2023-09-07,13:58:27,PL003,MIL0248682,x@x.com,9999123456,9999123451,9999123452,1,1
MP00013947,MP00013947,2023-09-07,13:58:27,PL004,MIL0366333,x@x.com,9999123456,9999123451,9999123452,1,1
MP00013948,MP00013948,2023-09-07,13:58:27,PL008,MIL0542240,x@x.com,9999123456,9999123451,9999123452,1,1
MP00013949,MP00013949,2023-09-07,13:58:27,PL006,MIL0023869,x@x.com,9999123456,9999123451,9999123452,1,1
MP00013950,MP00013950,2023-09-07,13:58:27,PL012,MIL0528321,x@x.com,9999123456,9999123451,9999123452,1,1
MP00013951,MP00013951,2023-09-07,13:58:27,PL003,MIL0150420,x@x.com,9999123456,9999123451,9999123452,1,1
MP00013952,MP00013952,2023-09-07,13:58:27,PL005,MIL0091552,x@x.com,9999123456,9999123451,9999123452,1,1
MP00013953,MP00013953,2023-09-07,13:58:27,PL001,MIL0191665,x@x.com,9999123456,9999123451,9999123452,1,1
MP00013954,MP00013954,2023-09-07,13:58:27,PL011,MIL0016045,x@x.com,9999123456,9999123451,9999123452,1,1
MP00013955,MP00013955,2023-09-07,13:58:27,PL012,MIL0510627,x@x.com,9999123456,9999123451,9999123452,1,1
MP00013956,MP00013956,2023-09-07,13:58:27,PL009,MIL0342154,x@x.com,9999123456,9999123451,9999123452,1,1
MP00013957,MP00013957,2023-09-07,13:58:27,PL013,MIL0156158,x@x.com,9999123456,9999123451,9999123452,1,1
MP00013958,MP00013958,2023-09-07,13:58:27,PL001,MIL0319228,x@x.com,9999123456,9999123451,9999123452,1,1
MP00013959,MP00013959,2023-09-07,13:58:27,PL004,MIL0244694,x@x.com,9999123456,9999123451,9999123452,1,1
MP00013960,MP00013960,2023-09-07,13:58:27,PL004,MIL0014779,x@x.com,9999123456,9999123451,9999123452,1,1
MP00013961,MP00013961,2023-09-07,13:58:27,PL010,MIL0101248,x@x.com,9999123456,9999123451,9999123452,1,1
MP00013962,MP00013962,2023-09-07,13:58:27,PL002,MIL0503032,x@x.com,9999123456,9999123451,9999123452,1,1
MP00013963,MP00013963,2023-09-07,13:58:27,PL009,MIL0021170,x@x.com,9999123456,9999123451,9999123452,1,1
MP00013964,MP00013964,2023-09-07,13:58:27,PL006,MIL0036593,x@x.com,9999123456,9999123451,9999123452,1,1
MP00013965,MP00013965,2023-09-07,13:58:27,PL010,MIL0339831,x@x.com,9999123456,9999123451,9999123452,1,1
MP00013966,MP00013966,2023-09-07,13:58:27,PL011,MIL0046477,x@x.com,9999123456,9999123451,9999123452,1,1
MP00013967,MP00013967,2023-09-07,13:58:27,PL005,MIL0413499,x@x.com,9999123456,9999123451,9999123452,1,1
MP00013968,MP00013968,2023-09-07,13:58:27,PL012,MIL0399627,x@x.com,9999123456,9999123451,9999123452,1,1
MP00013969,MP00013969,2023-09-07,13:58:27,PL006,MIL0016958,x@x.com,9999123456,9999123451,9999123452,1,1
MP00013970,MP00013970,2023-09-07,13:58:27,PL007,MIL0224469,x@x.com,9999123456,9999123451,9999123452,1,1
MP00013971,MP00013971,2023-09-07,13:58:27,PL008,MIL0069997,x@x.com,9999123456,9999123451,9999123452,1,1
MP00013972,MP00013972,2023-09-07,13:58:27,PL004,MIL0516636,x@x.com,9999123456,9999123451,9999123452,1,1
MP00013973,MP00013973,2023-09-07,13:58:27,PL011,MIL0396118,x@x.com,9999123456,9999123451,9999123452,1,1
MP00013974,MP00013974,2023-09-07,13:58:27,PL001,MIL0462905,x@x.com,9999123456,9999123451,9999123452,1,1
MP00013975,MP00013975,2023-09-07,13:58:27,PL004,MIL0502563,x@x.com,9999123456,9999123451,9999123452,1,1
MP00013976,MP00013976,2023-09-07,13:58:27,PL006,MIL0400406,x@x.com,9999123456,9999123451,9999123452,1,1
MP00013977,MP00013977,2023-09-07,13:58:27,PL009,MIL0110937,x@x.com,9999123456,9999123451,9999123452,1,1
MP00013978,MP00013978,2023-09-07,13:58:27,PL002,MIL0244472,x@x.com,9999123456,9999123451,9999123452,1,1
MP00013979,MP00013979,2023-09-07,13:58:27,PL008,MIL0103275,x@x.com,9999123456,9999123451,9999123452,1,1
MP00013980,MP00013980,2023-09-07,13:58:27,PL006,MIL0092770,x@x.com,9999123456,9999123451,9999123452,1,1
MP00013981,MP00013981,2023-09-07,13:58:27,PL003,MIL0053115,x@x.com,9999123456,9999123451,9999123452,1,1
MP00013982,MP00013982,2023-09-07,13:58:27,PL013,MIL0294306,x@x.com,9999123456,9999123451,9999123452,1,1
MP00013983,MP00013983,2023-09-07,13:58:27,PL004,MIL0419941,x@x.com,9999123456,9999123451,9999123452,1,1
MP00013984,MP00013984,2023-09-07,13:58:27,PL010,MIL0167430,x@x.com,9999123456,9999123451,9999123452,1,1
MP00013985,MP00013985,2023-09-07,13:58:27,PL012,MIL0446611,x@x.com,9999123456,9999123451,9999123452,1,1
MP00013986,MP00013986,2023-09-07,13:58:27,PL007,MIL0064559,x@x.com,9999123456,9999123451,9999123452,1,1
