clave,folio,fecha,hora,clave_partido_legado,clave_ciudadano,correo_electronico,whatsapp,telefono,celular,obseravaciones,status
clave,folio,fecha,hora,clave_partido_legado,clave_ciudadano,correo_electronico,whatsapp,telefono,celular,obseravaciones,status
MP00001999,MP00001999,2023-09-07,13:58:27,PL013,MIL0146637,x@x.com,9999123456,9999123451,9999123452,1,1
MP00002000,MP00002000,2023-09-07,13:58:27,PL010,MIL0382965,x@x.com,9999123456,9999123451,9999123452,1,1
MP00002001,MP00002001,2023-09-07,13:58:27,PL008,MIL0387750,x@x.com,9999123456,9999123451,9999123452,1,1
MP00002002,MP00002002,2023-09-07,13:58:27,PL009,MIL0193850,x@x.com,9999123456,9999123451,9999123452,1,1
MP00002003,MP00002003,2023-09-07,13:58:27,PL006,MIL0354069,x@x.com,9999123456,9999123451,9999123452,1,1
MP00002004,MP00002004,2023-09-07,13:58:27,PL003,MIL0092867,x@x.com,9999123456,9999123451,9999123452,1,1
MP00002005,MP00002005,2023-09-07,13:58:27,PL013,MIL0514795,x@x.com,9999123456,9999123451,9999123452,1,1
MP00002006,MP00002006,2023-09-07,13:58:27,PL003,MIL0249178,x@x.com,9999123456,9999123451,9999123452,1,1
MP00002007,MP00002007,2023-09-07,13:58:27,PL012,MIL0073024,x@x.com,9999123456,9999123451,9999123452,1,1
MP00002008,MP00002008,2023-09-07,13:58:27,PL009,MIL0040008,x@x.com,9999123456,9999123451,9999123452,1,1
MP00002009,MP00002009,2023-09-07,13:58:27,PL010,MIL0059768,x@x.com,9999123456,9999123451,9999123452,1,1
MP00002010,MP00002010,2023-09-07,13:58:27,PL008,MIL0268286,x@x.com,9999123456,9999123451,9999123452,1,1
MP00002011,MP00002011,2023-09-07,13:58:27,PL002,MIL0366010,x@x.com,9999123456,9999123451,9999123452,1,1
MP00002012,MP00002012,2023-09-07,13:58:27,PL002,MIL0202082,x@x.com,9999123456,9999123451,9999123452,1,1
MP00002013,MP00002013,2023-09-07,13:58:27,PL010,MIL0001266,x@x.com,9999123456,9999123451,9999123452,1,1
MP00002014,MP00002014,2023-09-07,13:58:27,PL004,MIL0562189,x@x.com,9999123456,9999123451,9999123452,1,1
MP00002015,MP00002015,2023-09-07,13:58:27,PL001,MIL0034271,x@x.com,9999123456,9999123451,9999123452,1,1
MP00002016,MP00002016,2023-09-07,13:58:27,PL010,MIL0143728,x@x.com,9999123456,9999123451,9999123452,1,1
MP00002017,MP00002017,2023-09-07,13:58:27,PL011,MIL0158689,x@x.com,9999123456,9999123451,9999123452,1,1
MP00002018,MP00002018,2023-09-07,13:58:27,PL007,MIL0441740,x@x.com,9999123456,9999123451,9999123452,1,1
MP00002019,MP00002019,2023-09-07,13:58:27,PL010,MIL0396608,x@x.com,9999123456,9999123451,9999123452,1,1
MP00002020,MP00002020,2023-09-07,13:58:27,PL010,MIL0374867,x@x.com,9999123456,9999123451,9999123452,1,1
MP00002021,MP00002021,2023-09-07,13:58:27,PL008,MIL0570005,x@x.com,9999123456,9999123451,9999123452,1,1
MP00002022,MP00002022,2023-09-07,13:58:27,PL009,MIL0190490,x@x.com,9999123456,9999123451,9999123452,1,1
MP00002023,MP00002023,2023-09-07,13:58:27,PL013,MIL0272517,x@x.com,9999123456,9999123451,9999123452,1,1
MP00002024,MP00002024,2023-09-07,13:58:27,PL013,MIL0186496,x@x.com,9999123456,9999123451,9999123452,1,1
MP00002025,MP00002025,2023-09-07,13:58:27,PL011,MIL0118922,x@x.com,9999123456,9999123451,9999123452,1,1
MP00002026,MP00002026,2023-09-07,13:58:27,PL008,MIL0025705,x@x.com,9999123456,9999123451,9999123452,1,1
MP00002027,MP00002027,2023-09-07,13:58:27,PL007,MIL0115115,x@x.com,9999123456,9999123451,9999123452,1,1
MP00002028,MP00002028,2023-09-07,13:58:27,PL001,MIL0373238,x@x.com,9999123456,9999123451,9999123452,1,1
MP00002029,MP00002029,2023-09-07,13:58:27,PL007,MIL0036047,x@x.com,9999123456,9999123451,9999123452,1,1
MP00002030,MP00002030,2023-09-07,13:58:27,PL007,MIL0273343,x@x.com,9999123456,9999123451,9999123452,1,1
MP00002031,MP00002031,2023-09-07,13:58:27,PL004,MIL0260945,x@x.com,9999123456,9999123451,9999123452,1,1
MP00002032,MP00002032,2023-09-07,13:58:27,PL006,MIL0122547,x@x.com,9999123456,9999123451,9999123452,1,1
MP00002033,MP00002033,2023-09-07,13:58:27,PL010,MIL0035210,x@x.com,9999123456,9999123451,9999123452,1,1
MP00002034,MP00002034,2023-09-07,13:58:27,PL013,MIL0303050,x@x.com,9999123456,9999123451,9999123452,1,1
MP00002035,MP00002035,2023-09-07,13:58:27,PL004,MIL0252240,x@x.com,9999123456,9999123451,9999123452,1,1
MP00002036,MP00002036,2023-09-07,13:58:27,PL001,MIL0147830,x@x.com,9999123456,9999123451,9999123452,1,1
MP00002037,MP00002037,2023-09-07,13:58:27,PL012,MIL0157344,x@x.com,9999123456,9999123451,9999123452,1,1
MP00002038,MP00002038,2023-09-07,13:58:27,PL010,MIL0388693,x@x.com,9999123456,9999123451,9999123452,1,1
MP00002039,MP00002039,2023-09-07,13:58:27,PL004,MIL0338947,x@x.com,9999123456,9999123451,9999123452,1,1
MP00002040,MP00002040,2023-09-07,13:58:27,PL006,MIL0531116,x@x.com,9999123456,9999123451,9999123452,1,1
MP00002041,MP00002041,2023-09-07,13:58:27,PL002,MIL0559303,x@x.com,9999123456,9999123451,9999123452,1,1
MP00002042,MP00002042,2023-09-07,13:58:27,PL011,MIL0131982,x@x.com,9999123456,9999123451,9999123452,1,1
MP00002043,MP00002043,2023-09-07,13:58:27,PL011,MIL0376037,x@x.com,9999123456,9999123451,9999123452,1,1
MP00002044,MP00002044,2023-09-07,13:58:27,PL007,MIL0236652,x@x.com,9999123456,9999123451,9999123452,1,1
MP00002045,MP00002045,2023-09-07,13:58:27,PL011,MIL0363372,x@x.com,9999123456,9999123451,9999123452,1,1
MP00002046,MP00002046,2023-09-07,13:58:27,PL008,MIL0246241,x@x.com,9999123456,9999123451,9999123452,1,1
MP00002047,MP00002047,2023-09-07,13:58:27,PL006,MIL0061612,x@x.com,9999123456,9999123451,9999123452,1,1
MP00002048,MP00002048,2023-09-07,13:58:27,PL007,MIL0188358,x@x.com,9999123456,9999123451,9999123452,1,1
MP00002049,MP00002049,2023-09-07,13:58:27,PL007,MIL0055991,x@x.com,9999123456,9999123451,9999123452,1,1
MP00002050,MP00002050,2023-09-07,13:58:27,PL002,MIL0334066,x@x.com,9999123456,9999123451,9999123452,1,1
MP00002051,MP00002051,2023-09-07,13:58:27,PL003,MIL0300910,x@x.com,9999123456,9999123451,9999123452,1,1
MP00002052,MP00002052,2023-09-07,13:58:27,PL003,MIL0211894,x@x.com,9999123456,9999123451,9999123452,1,1
MP00002053,MP00002053,2023-09-07,13:58:27,PL009,MIL0573305,x@x.com,9999123456,9999123451,9999123452,1,1
MP00002054,MP00002054,2023-09-07,13:58:27,PL009,MIL0291710,x@x.com,9999123456,9999123451,9999123452,1,1
MP00002055,MP00002055,2023-09-07,13:58:27,PL013,MIL0363540,x@x.com,9999123456,9999123451,9999123452,1,1
MP00002056,MP00002056,2023-09-07,13:58:27,PL010,MIL0294089,x@x.com,9999123456,9999123451,9999123452,1,1
MP00002057,MP00002057,2023-09-07,13:58:27,PL012,MIL0505802,x@x.com,9999123456,9999123451,9999123452,1,1
MP00002058,MP00002058,2023-09-07,13:58:27,PL003,MIL0082134,x@x.com,9999123456,9999123451,9999123452,1,1
MP00002059,MP00002059,2023-09-07,13:58:27,PL013,MIL0492586,x@x.com,9999123456,9999123451,9999123452,1,1
MP00002060,MP00002060,2023-09-07,13:58:27,PL002,MIL0489715,x@x.com,9999123456,9999123451,9999123452,1,1
MP00002061,MP00002061,2023-09-07,13:58:27,PL009,MIL0251430,x@x.com,9999123456,9999123451,9999123452,1,1
MP00002062,MP00002062,2023-09-07,13:58:27,PL009,MIL0044250,x@x.com,9999123456,9999123451,9999123452,1,1
MP00002063,MP00002063,2023-09-07,13:58:27,PL007,MIL0015369,x@x.com,9999123456,9999123451,9999123452,1,1
MP00002064,MP00002064,2023-09-07,13:58:27,PL007,MIL0021940,x@x.com,9999123456,9999123451,9999123452,1,1
MP00002065,MP00002065,2023-09-07,13:58:27,PL013,MIL0373903,x@x.com,9999123456,9999123451,9999123452,1,1
MP00002066,MP00002066,2023-09-07,13:58:27,PL002,MIL0022210,x@x.com,9999123456,9999123451,9999123452,1,1
MP00002067,MP00002067,2023-09-07,13:58:27,PL002,MIL0280491,x@x.com,9999123456,9999123451,9999123452,1,1
MP00002068,MP00002068,2023-09-07,13:58:27,PL003,MIL0470050,x@x.com,9999123456,9999123451,9999123452,1,1
MP00002069,MP00002069,2023-09-07,13:58:27,PL003,MIL0026850,x@x.com,9999123456,9999123451,9999123452,1,1
MP00002070,MP00002070,2023-09-07,13:58:27,PL008,MIL0270321,x@x.com,9999123456,9999123451,9999123452,1,1
MP00002071,MP00002071,2023-09-07,13:58:27,PL001,MIL0479434,x@x.com,9999123456,9999123451,9999123452,1,1
MP00002072,MP00002072,2023-09-07,13:58:27,PL001,MIL0137052,x@x.com,9999123456,9999123451,9999123452,1,1
MP00002073,MP00002073,2023-09-07,13:58:27,PL004,MIL0519160,x@x.com,9999123456,9999123451,9999123452,1,1
MP00002074,MP00002074,2023-09-07,13:58:27,PL013,MIL0152121,x@x.com,9999123456,9999123451,9999123452,1,1
MP00002075,MP00002075,2023-09-07,13:58:27,PL012,MIL0225242,x@x.com,9999123456,9999123451,9999123452,1,1
MP00002076,MP00002076,2023-09-07,13:58:27,PL006,MIL0538842,x@x.com,9999123456,9999123451,9999123452,1,1
MP00002077,MP00002077,2023-09-07,13:58:27,PL013,MIL0086134,x@x.com,9999123456,9999123451,9999123452,1,1
MP00002078,MP00002078,2023-09-07,13:58:27,PL011,MIL0053339,x@x.com,9999123456,9999123451,9999123452,1,1
MP00002079,MP00002079,2023-09-07,13:58:27,PL008,MIL0197125,x@x.com,9999123456,9999123451,9999123452,1,1
MP00002080,MP00002080,2023-09-07,13:58:27,PL001,MIL0294001,x@x.com,9999123456,9999123451,9999123452,1,1
MP00002081,MP00002081,2023-09-07,13:58:27,PL008,MIL0385777,x@x.com,9999123456,9999123451,9999123452,1,1
MP00002082,MP00002082,2023-09-07,13:58:27,PL011,MIL0423506,x@x.com,9999123456,9999123451,9999123452,1,1
MP00002083,MP00002083,2023-09-07,13:58:27,PL004,MIL0245017,x@x.com,9999123456,9999123451,9999123452,1,1
MP00002084,MP00002084,2023-09-07,13:58:27,PL005,MIL0492299,x@x.com,9999123456,9999123451,9999123452,1,1
MP00002085,MP00002085,2023-09-07,13:58:27,PL010,MIL0532489,x@x.com,9999123456,9999123451,9999123452,1,1
MP00002086,MP00002086,2023-09-07,13:58:27,PL005,MIL0157285,x@x.com,9999123456,9999123451,9999123452,1,1
MP00002087,MP00002087,2023-09-07,13:58:27,PL008,MIL0534794,x@x.com,9999123456,9999123451,9999123452,1,1
MP00002088,MP00002088,2023-09-07,13:58:27,PL002,MIL0571445,x@x.com,9999123456,9999123451,9999123452,1,1
MP00002089,MP00002089,2023-09-07,13:58:27,PL004,MIL0513657,x@x.com,9999123456,9999123451,9999123452,1,1
MP00002090,MP00002090,2023-09-07,13:58:27,PL010,MIL0201860,x@x.com,9999123456,9999123451,9999123452,1,1
MP00002091,MP00002091,2023-09-07,13:58:27,PL004,MIL0213867,x@x.com,9999123456,9999123451,9999123452,1,1
MP00002092,MP00002092,2023-09-07,13:58:27,PL005,MIL0139533,x@x.com,9999123456,9999123451,9999123452,1,1
MP00002093,MP00002093,2023-09-07,13:58:27,PL001,MIL0431972,x@x.com,9999123456,9999123451,9999123452,1,1
MP00002094,MP00002094,2023-09-07,13:58:27,PL003,MIL0130928,x@x.com,9999123456,9999123451,9999123452,1,1
MP00002095,MP00002095,2023-09-07,13:58:27,PL009,MIL0392946,x@x.com,9999123456,9999123451,9999123452,1,1
MP00002096,MP00002096,2023-09-07,13:58:27,PL005,MIL0368012,x@x.com,9999123456,9999123451,9999123452,1,1
MP00002097,MP00002097,2023-09-07,13:58:27,PL006,MIL0417117,x@x.com,9999123456,9999123451,9999123452,1,1
MP00002098,MP00002098,2023-09-07,13:58:27,PL003,MIL0260036,x@x.com,9999123456,9999123451,9999123452,1,1
MP00002099,MP00002099,2023-09-07,13:58:27,PL001,MIL0214522,x@x.com,9999123456,9999123451,9999123452,1,1
MP00002100,MP00002100,2023-09-07,13:58:27,PL008,MIL0377128,x@x.com,9999123456,9999123451,9999123452,1,1
MP00002101,MP00002101,2023-09-07,13:58:27,PL003,MIL0560376,x@x.com,9999123456,9999123451,9999123452,1,1
MP00002102,MP00002102,2023-09-07,13:58:27,PL006,MIL0456530,x@x.com,9999123456,9999123451,9999123452,1,1
MP00002103,MP00002103,2023-09-07,13:58:27,PL004,MIL0050863,x@x.com,9999123456,9999123451,9999123452,1,1
MP00002104,MP00002104,2023-09-07,13:58:27,PL008,MIL0113899,x@x.com,9999123456,9999123451,9999123452,1,1
MP00002105,MP00002105,2023-09-07,13:58:27,PL011,MIL0300155,x@x.com,9999123456,9999123451,9999123452,1,1
MP00002106,MP00002106,2023-09-07,13:58:27,PL012,MIL0199363,x@x.com,9999123456,9999123451,9999123452,1,1
MP00002107,MP00002107,2023-09-07,13:58:27,PL002,MIL0394572,x@x.com,9999123456,9999123451,9999123452,1,1
MP00002108,MP00002108,2023-09-07,13:58:27,PL003,MIL0368387,x@x.com,9999123456,9999123451,9999123452,1,1
MP00002109,MP00002109,2023-09-07,13:58:27,PL009,MIL0307609,x@x.com,9999123456,9999123451,9999123452,1,1
MP00002110,MP00002110,2023-09-07,13:58:27,PL001,MIL0319672,x@x.com,9999123456,9999123451,9999123452,1,1
MP00002111,MP00002111,2023-09-07,13:58:27,PL008,MIL0113046,x@x.com,9999123456,9999123451,9999123452,1,1
MP00002112,MP00002112,2023-09-07,13:58:27,PL013,MIL0446762,x@x.com,9999123456,9999123451,9999123452,1,1
MP00002113,MP00002113,2023-09-07,13:58:27,PL001,MIL0079150,x@x.com,9999123456,9999123451,9999123452,1,1
MP00002114,MP00002114,2023-09-07,13:58:27,PL002,MIL0363593,x@x.com,9999123456,9999123451,9999123452,1,1
MP00002115,MP00002115,2023-09-07,13:58:27,PL013,MIL0353620,x@x.com,9999123456,9999123451,9999123452,1,1
MP00002116,MP00002116,2023-09-07,13:58:27,PL002,MIL0466948,x@x.com,9999123456,9999123451,9999123452,1,1
MP00002117,MP00002117,2023-09-07,13:58:27,PL008,MIL0353128,x@x.com,9999123456,9999123451,9999123452,1,1
MP00002118,MP00002118,2023-09-07,13:58:27,PL013,MIL0170278,x@x.com,9999123456,9999123451,9999123452,1,1
MP00002119,MP00002119,2023-09-07,13:58:27,PL011,MIL0013879,x@x.com,9999123456,9999123451,9999123452,1,1
MP00002120,MP00002120,2023-09-07,13:58:27,PL007,MIL0266382,x@x.com,9999123456,9999123451,9999123452,1,1
MP00002121,MP00002121,2023-09-07,13:58:27,PL007,MIL0454336,x@x.com,9999123456,9999123451,9999123452,1,1
MP00002122,MP00002122,2023-09-07,13:58:27,PL012,MIL0042008,x@x.com,9999123456,9999123451,9999123452,1,1
MP00002123,MP00002123,2023-09-07,13:58:27,PL012,MIL0445204,x@x.com,9999123456,9999123451,9999123452,1,1
MP00002124,MP00002124,2023-09-07,13:58:27,PL003,MIL0579472,x@x.com,9999123456,9999123451,9999123452,1,1
MP00002125,MP00002125,2023-09-07,13:58:27,PL011,MIL0449799,x@x.com,9999123456,9999123451,9999123452,1,1
MP00002126,MP00002126,2023-09-07,13:58:27,PL002,MIL0264098,x@x.com,9999123456,9999123451,9999123452,1,1
MP00002127,MP00002127,2023-09-07,13:58:27,PL010,MIL0031209,x@x.com,9999123456,9999123451,9999123452,1,1
MP00002128,MP00002128,2023-09-07,13:58:27,PL005,MIL0343153,x@x.com,9999123456,9999123451,9999123452,1,1
MP00002129,MP00002129,2023-09-07,13:58:27,PL011,MIL0265605,x@x.com,9999123456,9999123451,9999123452,1,1
MP00002130,MP00002130,2023-09-07,13:58:27,PL010,MIL0470081,x@x.com,9999123456,9999123451,9999123452,1,1
MP00002131,MP00002131,2023-09-07,13:58:27,PL005,MIL0102937,x@x.com,9999123456,9999123451,9999123452,1,1
MP00002132,MP00002132,2023-09-07,13:58:27,PL004,MIL0120108,x@x.com,9999123456,9999123451,9999123452,1,1
MP00002133,MP00002133,2023-09-07,13:58:27,PL004,MIL0557444,x@x.com,9999123456,9999123451,9999123452,1,1
MP00002134,MP00002134,2023-09-07,13:58:27,PL008,MIL0357772,x@x.com,9999123456,9999123451,9999123452,1,1
MP00002135,MP00002135,2023-09-07,13:58:27,PL003,MIL0221141,x@x.com,9999123456,9999123451,9999123452,1,1
MP00002136,MP00002136,2023-09-07,13:58:27,PL003,MIL0312341,x@x.com,9999123456,9999123451,9999123452,1,1
MP00002137,MP00002137,2023-09-07,13:58:27,PL008,MIL0510504,x@x.com,9999123456,9999123451,9999123452,1,1
MP00002138,MP00002138,2023-09-07,13:58:27,PL003,MIL0058371,x@x.com,9999123456,9999123451,9999123452,1,1
MP00002139,MP00002139,2023-09-07,13:58:27,PL013,MIL0550793,x@x.com,9999123456,9999123451,9999123452,1,1
MP00002140,MP00002140,2023-09-07,13:58:27,PL006,MIL0339324,x@x.com,9999123456,9999123451,9999123452,1,1
MP00002141,MP00002141,2023-09-07,13:58:27,PL013,MIL0238151,x@x.com,9999123456,9999123451,9999123452,1,1
MP00002142,MP00002142,2023-09-07,13:58:27,PL005,MIL0441598,x@x.com,9999123456,9999123451,9999123452,1,1
MP00002143,MP00002143,2023-09-07,13:58:27,PL009,MIL0177877,x@x.com,9999123456,9999123451,9999123452,1,1
MP00002144,MP00002144,2023-09-07,13:58:27,PL009,MIL0372827,x@x.com,9999123456,9999123451,9999123452,1,1
MP00002145,MP00002145,2023-09-07,13:58:27,PL008,MIL0053137,x@x.com,9999123456,9999123451,9999123452,1,1
MP00002146,MP00002146,2023-09-07,13:58:27,PL003,MIL0531442,x@x.com,9999123456,9999123451,9999123452,1,1
MP00002147,MP00002147,2023-09-07,13:58:27,PL011,MIL0276886,x@x.com,9999123456,9999123451,9999123452,1,1
MP00002148,MP00002148,2023-09-07,13:58:27,PL007,MIL0227263,x@x.com,9999123456,9999123451,9999123452,1,1
MP00002149,MP00002149,2023-09-07,13:58:27,PL006,MIL0533045,x@x.com,9999123456,9999123451,9999123452,1,1
MP00002150,MP00002150,2023-09-07,13:58:27,PL008,MIL0346101,x@x.com,9999123456,9999123451,9999123452,1,1
MP00002151,MP00002151,2023-09-07,13:58:27,PL005,MIL0084330,x@x.com,9999123456,9999123451,9999123452,1,1
MP00002152,MP00002152,2023-09-07,13:58:27,PL002,MIL0471789,x@x.com,9999123456,9999123451,9999123452,1,1
MP00002153,MP00002153,2023-09-07,13:58:27,PL012,MIL0066370,x@x.com,9999123456,9999123451,9999123452,1,1
MP00002154,MP00002154,2023-09-07,13:58:27,PL013,MIL0520813,x@x.com,9999123456,9999123451,9999123452,1,1
MP00002155,MP00002155,2023-09-07,13:58:27,PL001,MIL0334071,x@x.com,9999123456,9999123451,9999123452,1,1
MP00002156,MP00002156,2023-09-07,13:58:27,PL004,MIL0440088,x@x.com,9999123456,9999123451,9999123452,1,1
MP00002157,MP00002157,2023-09-07,13:58:27,PL011,MIL0581208,x@x.com,9999123456,9999123451,9999123452,1,1
MP00002158,MP00002158,2023-09-07,13:58:27,PL013,MIL0011923,x@x.com,9999123456,9999123451,9999123452,1,1
MP00002159,MP00002159,2023-09-07,13:58:27,PL007,MIL0289495,x@x.com,9999123456,9999123451,9999123452,1,1
MP00002160,MP00002160,2023-09-07,13:58:27,PL008,MIL0162287,x@x.com,9999123456,9999123451,9999123452,1,1
MP00002161,MP00002161,2023-09-07,13:58:27,PL009,MIL0198705,x@x.com,9999123456,9999123451,9999123452,1,1
MP00002162,MP00002162,2023-09-07,13:58:27,PL002,MIL0571446,x@x.com,9999123456,9999123451,9999123452,1,1
MP00002163,MP00002163,2023-09-07,13:58:27,PL008,MIL0190294,x@x.com,9999123456,9999123451,9999123452,1,1
MP00002164,MP00002164,2023-09-07,13:58:27,PL006,MIL0368897,x@x.com,9999123456,9999123451,9999123452,1,1
MP00002165,MP00002165,2023-09-07,13:58:27,PL005,MIL0550970,x@x.com,9999123456,9999123451,9999123452,1,1
MP00002166,MP00002166,2023-09-07,13:58:27,PL002,MIL0058572,x@x.com,9999123456,9999123451,9999123452,1,1
MP00002167,MP00002167,2023-09-07,13:58:27,PL006,MIL0246455,x@x.com,9999123456,9999123451,9999123452,1,1
MP00002168,MP00002168,2023-09-07,13:58:27,PL009,MIL0428855,x@x.com,9999123456,9999123451,9999123452,1,1
MP00002169,MP00002169,2023-09-07,13:58:27,PL009,MIL0551694,x@x.com,9999123456,9999123451,9999123452,1,1
MP00002170,MP00002170,2023-09-07,13:58:27,PL010,MIL0246155,x@x.com,9999123456,9999123451,9999123452,1,1
MP00002171,MP00002171,2023-09-07,13:58:27,PL010,MIL0558277,x@x.com,9999123456,9999123451,9999123452,1,1
MP00002172,MP00002172,2023-09-07,13:58:27,PL006,MIL0437382,x@x.com,9999123456,9999123451,9999123452,1,1
MP00002173,MP00002173,2023-09-07,13:58:27,PL001,MIL0293275,x@x.com,9999123456,9999123451,9999123452,1,1
MP00002174,MP00002174,2023-09-07,13:58:27,PL010,MIL0186291,x@x.com,9999123456,9999123451,9999123452,1,1
MP00002175,MP00002175,2023-09-07,13:58:27,PL004,MIL0070367,x@x.com,9999123456,9999123451,9999123452,1,1
MP00002176,MP00002176,2023-09-07,13:58:27,PL002,MIL0580102,x@x.com,9999123456,9999123451,9999123452,1,1
MP00002177,MP00002177,2023-09-07,13:58:27,PL005,MIL0470534,x@x.com,9999123456,9999123451,9999123452,1,1
MP00002178,MP00002178,2023-09-07,13:58:27,PL001,MIL0124428,x@x.com,9999123456,9999123451,9999123452,1,1
MP00002179,MP00002179,2023-09-07,13:58:27,PL006,MIL0565492,x@x.com,9999123456,9999123451,9999123452,1,1
MP00002180,MP00002180,2023-09-07,13:58:27,PL004,MIL0516787,x@x.com,9999123456,9999123451,9999123452,1,1
MP00002181,MP00002181,2023-09-07,13:58:27,PL003,MIL0413824,x@x.com,9999123456,9999123451,9999123452,1,1
MP00002182,MP00002182,2023-09-07,13:58:27,PL010,MIL0355294,x@x.com,9999123456,9999123451,9999123452,1,1
MP00002183,MP00002183,2023-09-07,13:58:27,PL004,MIL0307286,x@x.com,9999123456,9999123451,9999123452,1,1
MP00002184,MP00002184,2023-09-07,13:58:27,PL002,MIL0068550,x@x.com,9999123456,9999123451,9999123452,1,1
MP00002185,MP00002185,2023-09-07,13:58:27,PL004,MIL0496691,x@x.com,9999123456,9999123451,9999123452,1,1
MP00002186,MP00002186,2023-09-07,13:58:27,PL009,MIL0387441,x@x.com,9999123456,9999123451,9999123452,1,1
MP00002187,MP00002187,2023-09-07,13:58:27,PL004,MIL0571780,x@x.com,9999123456,9999123451,9999123452,1,1
MP00002188,MP00002188,2023-09-07,13:58:27,PL013,MIL0444806,x@x.com,9999123456,9999123451,9999123452,1,1
MP00002189,MP00002189,2023-09-07,13:58:27,PL012,MIL0014941,x@x.com,9999123456,9999123451,9999123452,1,1
MP00002190,MP00002190,2023-09-07,13:58:27,PL008,MIL0304193,x@x.com,9999123456,9999123451,9999123452,1,1
MP00002191,MP00002191,2023-09-07,13:58:27,PL008,MIL0049200,x@x.com,9999123456,9999123451,9999123452,1,1
MP00002192,MP00002192,2023-09-07,13:58:27,PL006,MIL0557269,x@x.com,9999123456,9999123451,9999123452,1,1
MP00002193,MP00002193,2023-09-07,13:58:27,PL012,MIL0411020,x@x.com,9999123456,9999123451,9999123452,1,1
MP00002194,MP00002194,2023-09-07,13:58:27,PL010,MIL0029404,x@x.com,9999123456,9999123451,9999123452,1,1
MP00002195,MP00002195,2023-09-07,13:58:27,PL008,MIL0234895,x@x.com,9999123456,9999123451,9999123452,1,1
MP00002196,MP00002196,2023-09-07,13:58:27,PL004,MIL0566140,x@x.com,9999123456,9999123451,9999123452,1,1
MP00002197,MP00002197,2023-09-07,13:58:27,PL005,MIL0496747,x@x.com,9999123456,9999123451,9999123452,1,1
MP00002198,MP00002198,2023-09-07,13:58:27,PL008,MIL0427408,x@x.com,9999123456,9999123451,9999123452,1,1
MP00002199,MP00002199,2023-09-07,13:58:27,PL013,MIL0257206,x@x.com,9999123456,9999123451,9999123452,1,1
MP00002200,MP00002200,2023-09-07,13:58:27,PL013,MIL0104194,x@x.com,9999123456,9999123451,9999123452,1,1
MP00002201,MP00002201,2023-09-07,13:58:27,PL010,MIL0491480,x@x.com,9999123456,9999123451,9999123452,1,1
MP00002202,MP00002202,2023-09-07,13:58:27,PL006,MIL0232513,x@x.com,9999123456,9999123451,9999123452,1,1
MP00002203,MP00002203,2023-09-07,13:58:27,PL009,MIL0124872,x@x.com,9999123456,9999123451,9999123452,1,1
MP00002204,MP00002204,2023-09-07,13:58:27,PL011,MIL0397607,x@x.com,9999123456,9999123451,9999123452,1,1
MP00002205,MP00002205,2023-09-07,13:58:27,PL004,MIL0167663,x@x.com,9999123456,9999123451,9999123452,1,1
MP00002206,MP00002206,2023-09-07,13:58:27,PL009,MIL0238703,x@x.com,9999123456,9999123451,9999123452,1,1
MP00002207,MP00002207,2023-09-07,13:58:27,PL005,MIL0475716,x@x.com,9999123456,9999123451,9999123452,1,1
MP00002208,MP00002208,2023-09-07,13:58:27,PL005,MIL0024791,x@x.com,9999123456,9999123451,9999123452,1,1
MP00002209,MP00002209,2023-09-07,13:58:27,PL002,MIL0023508,x@x.com,9999123456,9999123451,9999123452,1,1
MP00002210,MP00002210,2023-09-07,13:58:27,PL013,MIL0159486,x@x.com,9999123456,9999123451,9999123452,1,1
MP00002211,MP00002211,2023-09-07,13:58:27,PL005,MIL0081012,x@x.com,9999123456,9999123451,9999123452,1,1
MP00002212,MP00002212,2023-09-07,13:58:27,PL002,MIL0558192,x@x.com,9999123456,9999123451,9999123452,1,1
MP00002213,MP00002213,2023-09-07,13:58:27,PL011,MIL0048213,x@x.com,9999123456,9999123451,9999123452,1,1
MP00002214,MP00002214,2023-09-07,13:58:27,PL006,MIL0402401,x@x.com,9999123456,9999123451,9999123452,1,1
MP00002215,MP00002215,2023-09-07,13:58:27,PL001,MIL0032724,x@x.com,9999123456,9999123451,9999123452,1,1
MP00002216,MP00002216,2023-09-07,13:58:27,PL005,MIL0007046,x@x.com,9999123456,9999123451,9999123452,1,1
MP00002217,MP00002217,2023-09-07,13:58:27,PL009,MIL0191115,x@x.com,9999123456,9999123451,9999123452,1,1
MP00002218,MP00002218,2023-09-07,13:58:27,PL009,MIL0381620,x@x.com,9999123456,9999123451,9999123452,1,1
MP00002219,MP00002219,2023-09-07,13:58:27,PL008,MIL0229213,x@x.com,9999123456,9999123451,9999123452,1,1
MP00002220,MP00002220,2023-09-07,13:58:27,PL007,MIL0258647,x@x.com,9999123456,9999123451,9999123452,1,1
MP00002221,MP00002221,2023-09-07,13:58:27,PL001,MIL0308043,x@x.com,9999123456,9999123451,9999123452,1,1
MP00002222,MP00002222,2023-09-07,13:58:27,PL013,MIL0137019,x@x.com,9999123456,9999123451,9999123452,1,1
MP00002223,MP00002223,2023-09-07,13:58:27,PL005,MIL0207066,x@x.com,9999123456,9999123451,9999123452,1,1
MP00002224,MP00002224,2023-09-07,13:58:27,PL008,MIL0194401,x@x.com,9999123456,9999123451,9999123452,1,1
MP00002225,MP00002225,2023-09-07,13:58:27,PL001,MIL0219634,x@x.com,9999123456,9999123451,9999123452,1,1
MP00002226,MP00002226,2023-09-07,13:58:27,PL012,MIL0077510,x@x.com,9999123456,9999123451,9999123452,1,1
MP00002227,MP00002227,2023-09-07,13:58:27,PL005,MIL0401168,x@x.com,9999123456,9999123451,9999123452,1,1
MP00002228,MP00002228,2023-09-07,13:58:27,PL010,MIL0194935,x@x.com,9999123456,9999123451,9999123452,1,1
MP00002229,MP00002229,2023-09-07,13:58:27,PL008,MIL0047566,x@x.com,9999123456,9999123451,9999123452,1,1
MP00002230,MP00002230,2023-09-07,13:58:27,PL005,MIL0462890,x@x.com,9999123456,9999123451,9999123452,1,1
MP00002231,MP00002231,2023-09-07,13:58:27,PL001,MIL0390269,x@x.com,9999123456,9999123451,9999123452,1,1
MP00002232,MP00002232,2023-09-07,13:58:27,PL007,MIL0477574,x@x.com,9999123456,9999123451,9999123452,1,1
MP00002233,MP00002233,2023-09-07,13:58:27,PL007,MIL0193576,x@x.com,9999123456,9999123451,9999123452,1,1
MP00002234,MP00002234,2023-09-07,13:58:27,PL006,MIL0420184,x@x.com,9999123456,9999123451,9999123452,1,1
MP00002235,MP00002235,2023-09-07,13:58:27,PL009,MIL0042714,x@x.com,9999123456,9999123451,9999123452,1,1
MP00002236,MP00002236,2023-09-07,13:58:27,PL003,MIL0266947,x@x.com,9999123456,9999123451,9999123452,1,1
MP00002237,MP00002237,2023-09-07,13:58:27,PL006,MIL0077558,x@x.com,9999123456,9999123451,9999123452,1,1
MP00002238,MP00002238,2023-09-07,13:58:27,PL013,MIL0327504,x@x.com,9999123456,9999123451,9999123452,1,1
MP00002239,MP00002239,2023-09-07,13:58:27,PL008,MIL0410032,x@x.com,9999123456,9999123451,9999123452,1,1
MP00002240,MP00002240,2023-09-07,13:58:27,PL010,MIL0512725,x@x.com,9999123456,9999123451,9999123452,1,1
MP00002241,MP00002241,2023-09-07,13:58:27,PL012,MIL0144231,x@x.com,9999123456,9999123451,9999123452,1,1
MP00002242,MP00002242,2023-09-07,13:58:27,PL005,MIL0300254,x@x.com,9999123456,9999123451,9999123452,1,1
MP00002243,MP00002243,2023-09-07,13:58:27,PL007,MIL0446680,x@x.com,9999123456,9999123451,9999123452,1,1
MP00002244,MP00002244,2023-09-07,13:58:27,PL006,MIL0274070,x@x.com,9999123456,9999123451,9999123452,1,1
MP00002245,MP00002245,2023-09-07,13:58:27,PL003,MIL0271077,x@x.com,9999123456,9999123451,9999123452,1,1
MP00002246,MP00002246,2023-09-07,13:58:27,PL012,MIL0322987,x@x.com,9999123456,9999123451,9999123452,1,1
MP00002247,MP00002247,2023-09-07,13:58:27,PL011,MIL0159515,x@x.com,9999123456,9999123451,9999123452,1,1
MP00002248,MP00002248,2023-09-07,13:58:27,PL005,MIL0277124,x@x.com,9999123456,9999123451,9999123452,1,1
MP00002249,MP00002249,2023-09-07,13:58:27,PL005,MIL0484069,x@x.com,9999123456,9999123451,9999123452,1,1
MP00002250,MP00002250,2023-09-07,13:58:27,PL009,MIL0346088,x@x.com,9999123456,9999123451,9999123452,1,1
MP00002251,MP00002251,2023-09-07,13:58:27,PL013,MIL0387442,x@x.com,9999123456,9999123451,9999123452,1,1
MP00002252,MP00002252,2023-09-07,13:58:27,PL013,MIL0301102,x@x.com,9999123456,9999123451,9999123452,1,1
MP00002253,MP00002253,2023-09-07,13:58:27,PL009,MIL0157440,x@x.com,9999123456,9999123451,9999123452,1,1
MP00002254,MP00002254,2023-09-07,13:58:27,PL009,MIL0536344,x@x.com,9999123456,9999123451,9999123452,1,1
MP00002255,MP00002255,2023-09-07,13:58:27,PL013,MIL0102508,x@x.com,9999123456,9999123451,9999123452,1,1
MP00002256,MP00002256,2023-09-07,13:58:27,PL004,MIL0546281,x@x.com,9999123456,9999123451,9999123452,1,1
MP00002257,MP00002257,2023-09-07,13:58:27,PL009,MIL0271323,x@x.com,9999123456,9999123451,9999123452,1,1
MP00002258,MP00002258,2023-09-07,13:58:27,PL001,MIL0171076,x@x.com,9999123456,9999123451,9999123452,1,1
MP00002259,MP00002259,2023-09-07,13:58:27,PL009,MIL0039357,x@x.com,9999123456,9999123451,9999123452,1,1
MP00002260,MP00002260,2023-09-07,13:58:27,PL006,MIL0507035,x@x.com,9999123456,9999123451,9999123452,1,1
MP00002261,MP00002261,2023-09-07,13:58:27,PL010,MIL0348411,x@x.com,9999123456,9999123451,9999123452,1,1
MP00002262,MP00002262,2023-09-07,13:58:27,PL011,MIL0142698,x@x.com,9999123456,9999123451,9999123452,1,1
MP00002263,MP00002263,2023-09-07,13:58:27,PL007,MIL0400347,x@x.com,9999123456,9999123451,9999123452,1,1
MP00002264,MP00002264,2023-09-07,13:58:27,PL004,MIL0396788,x@x.com,9999123456,9999123451,9999123452,1,1
MP00002265,MP00002265,2023-09-07,13:58:27,PL010,MIL0392080,x@x.com,9999123456,9999123451,9999123452,1,1
MP00002266,MP00002266,2023-09-07,13:58:27,PL007,MIL0043798,x@x.com,9999123456,9999123451,9999123452,1,1
MP00002267,MP00002267,2023-09-07,13:58:27,PL011,MIL0160001,x@x.com,9999123456,9999123451,9999123452,1,1
MP00002268,MP00002268,2023-09-07,13:58:27,PL009,MIL0122341,x@x.com,9999123456,9999123451,9999123452,1,1
MP00002269,MP00002269,2023-09-07,13:58:27,PL005,MIL0336334,x@x.com,9999123456,9999123451,9999123452,1,1
MP00002270,MP00002270,2023-09-07,13:58:27,PL011,MIL0437092,x@x.com,9999123456,9999123451,9999123452,1,1
MP00002271,MP00002271,2023-09-07,13:58:27,PL001,MIL0291777,x@x.com,9999123456,9999123451,9999123452,1,1
MP00002272,MP00002272,2023-09-07,13:58:27,PL005,MIL0481543,x@x.com,9999123456,9999123451,9999123452,1,1
MP00002273,MP00002273,2023-09-07,13:58:27,PL003,MIL0191483,x@x.com,9999123456,9999123451,9999123452,1,1
MP00002274,MP00002274,2023-09-07,13:58:27,PL009,MIL0572895,x@x.com,9999123456,9999123451,9999123452,1,1
MP00002275,MP00002275,2023-09-07,13:58:27,PL013,MIL0282897,x@x.com,9999123456,9999123451,9999123452,1,1
MP00002276,MP00002276,2023-09-07,13:58:27,PL005,MIL0460566,x@x.com,9999123456,9999123451,9999123452,1,1
MP00002277,MP00002277,2023-09-07,13:58:27,PL005,MIL0238512,x@x.com,9999123456,9999123451,9999123452,1,1
MP00002278,MP00002278,2023-09-07,13:58:27,PL003,MIL0251837,x@x.com,9999123456,9999123451,9999123452,1,1
MP00002279,MP00002279,2023-09-07,13:58:27,PL010,MIL0504119,x@x.com,9999123456,9999123451,9999123452,1,1
MP00002280,MP00002280,2023-09-07,13:58:27,PL006,MIL0298713,x@x.com,9999123456,9999123451,9999123452,1,1
MP00002281,MP00002281,2023-09-07,13:58:27,PL005,MIL0119509,x@x.com,9999123456,9999123451,9999123452,1,1
MP00002282,MP00002282,2023-09-07,13:58:27,PL001,MIL0254938,x@x.com,9999123456,9999123451,9999123452,1,1
MP00002283,MP00002283,2023-09-07,13:58:27,PL005,MIL0501757,x@x.com,9999123456,9999123451,9999123452,1,1
MP00002284,MP00002284,2023-09-07,13:58:27,PL012,MIL0483678,x@x.com,9999123456,9999123451,9999123452,1,1
MP00002285,MP00002285,2023-09-07,13:58:27,PL005,MIL0110062,x@x.com,9999123456,9999123451,9999123452,1,1
MP00002286,MP00002286,2023-09-07,13:58:27,PL008,MIL0303902,x@x.com,9999123456,9999123451,9999123452,1,1
MP00002287,MP00002287,2023-09-07,13:58:27,PL007,MIL0509889,x@x.com,9999123456,9999123451,9999123452,1,1
MP00002288,MP00002288,2023-09-07,13:58:27,PL003,MIL0042200,x@x.com,9999123456,9999123451,9999123452,1,1
MP00002289,MP00002289,2023-09-07,13:58:27,PL010,MIL0382384,x@x.com,9999123456,9999123451,9999123452,1,1
MP00002290,MP00002290,2023-09-07,13:58:27,PL009,MIL0082139,x@x.com,9999123456,9999123451,9999123452,1,1
MP00002291,MP00002291,2023-09-07,13:58:27,PL004,MIL0397651,x@x.com,9999123456,9999123451,9999123452,1,1
MP00002292,MP00002292,2023-09-07,13:58:27,PL011,MIL0014824,x@x.com,9999123456,9999123451,9999123452,1,1
MP00002293,MP00002293,2023-09-07,13:58:27,PL009,MIL0476720,x@x.com,9999123456,9999123451,9999123452,1,1
MP00002294,MP00002294,2023-09-07,13:58:27,PL006,MIL0208059,x@x.com,9999123456,9999123451,9999123452,1,1
MP00002295,MP00002295,2023-09-07,13:58:27,PL007,MIL0051546,x@x.com,9999123456,9999123451,9999123452,1,1
MP00002296,MP00002296,2023-09-07,13:58:27,PL005,MIL0028478,x@x.com,9999123456,9999123451,9999123452,1,1
MP00002297,MP00002297,2023-09-07,13:58:27,PL013,MIL0253232,x@x.com,9999123456,9999123451,9999123452,1,1
MP00002298,MP00002298,2023-09-07,13:58:27,PL013,MIL0108684,x@x.com,9999123456,9999123451,9999123452,1,1
MP00002299,MP00002299,2023-09-07,13:58:27,PL006,MIL0130431,x@x.com,9999123456,9999123451,9999123452,1,1
MP00002300,MP00002300,2023-09-07,13:58:27,PL010,MIL0561007,x@x.com,9999123456,9999123451,9999123452,1,1
MP00002301,MP00002301,2023-09-07,13:58:27,PL001,MIL0428511,x@x.com,9999123456,9999123451,9999123452,1,1
MP00002302,MP00002302,2023-09-07,13:58:27,PL002,MIL0352489,x@x.com,9999123456,9999123451,9999123452,1,1
MP00002303,MP00002303,2023-09-07,13:58:27,PL012,MIL0183717,x@x.com,9999123456,9999123451,9999123452,1,1
MP00002304,MP00002304,2023-09-07,13:58:27,PL011,MIL0057118,x@x.com,9999123456,9999123451,9999123452,1,1
MP00002305,MP00002305,2023-09-07,13:58:27,PL011,MIL0132929,x@x.com,9999123456,9999123451,9999123452,1,1
MP00002306,MP00002306,2023-09-07,13:58:27,PL007,MIL0278617,x@x.com,9999123456,9999123451,9999123452,1,1
MP00002307,MP00002307,2023-09-07,13:58:27,PL009,MIL0569271,x@x.com,9999123456,9999123451,9999123452,1,1
MP00002308,MP00002308,2023-09-07,13:58:27,PL006,MIL0279719,x@x.com,9999123456,9999123451,9999123452,1,1
MP00002309,MP00002309,2023-09-07,13:58:27,PL005,MIL0405625,x@x.com,9999123456,9999123451,9999123452,1,1
MP00002310,MP00002310,2023-09-07,13:58:27,PL004,MIL0482967,x@x.com,9999123456,9999123451,9999123452,1,1
MP00002311,MP00002311,2023-09-07,13:58:27,PL001,MIL0408754,x@x.com,9999123456,9999123451,9999123452,1,1
MP00002312,MP00002312,2023-09-07,13:58:27,PL012,MIL0429222,x@x.com,9999123456,9999123451,9999123452,1,1
MP00002313,MP00002313,2023-09-07,13:58:27,PL002,MIL0433607,x@x.com,9999123456,9999123451,9999123452,1,1
MP00002314,MP00002314,2023-09-07,13:58:27,PL010,MIL0074922,x@x.com,9999123456,9999123451,9999123452,1,1
MP00002315,MP00002315,2023-09-07,13:58:27,PL004,MIL0435383,x@x.com,9999123456,9999123451,9999123452,1,1
MP00002316,MP00002316,2023-09-07,13:58:27,PL007,MIL0332235,x@x.com,9999123456,9999123451,9999123452,1,1
MP00002317,MP00002317,2023-09-07,13:58:27,PL004,MIL0508503,x@x.com,9999123456,9999123451,9999123452,1,1
MP00002318,MP00002318,2023-09-07,13:58:27,PL009,MIL0019100,x@x.com,9999123456,9999123451,9999123452,1,1
MP00002319,MP00002319,2023-09-07,13:58:27,PL005,MIL0183786,x@x.com,9999123456,9999123451,9999123452,1,1
MP00002320,MP00002320,2023-09-07,13:58:27,PL008,MIL0557148,x@x.com,9999123456,9999123451,9999123452,1,1
MP00002321,MP00002321,2023-09-07,13:58:27,PL008,MIL0026933,x@x.com,9999123456,9999123451,9999123452,1,1
MP00002322,MP00002322,2023-09-07,13:58:27,PL002,MIL0209430,x@x.com,9999123456,9999123451,9999123452,1,1
MP00002323,MP00002323,2023-09-07,13:58:27,PL011,MIL0352164,x@x.com,9999123456,9999123451,9999123452,1,1
MP00002324,MP00002324,2023-09-07,13:58:27,PL008,MIL0269579,x@x.com,9999123456,9999123451,9999123452,1,1
MP00002325,MP00002325,2023-09-07,13:58:27,PL004,MIL0546285,x@x.com,9999123456,9999123451,9999123452,1,1
MP00002326,MP00002326,2023-09-07,13:58:27,PL007,MIL0126646,x@x.com,9999123456,9999123451,9999123452,1,1
MP00002327,MP00002327,2023-09-07,13:58:27,PL007,MIL0133113,x@x.com,9999123456,9999123451,9999123452,1,1
MP00002328,MP00002328,2023-09-07,13:58:27,PL012,MIL0290913,x@x.com,9999123456,9999123451,9999123452,1,1
MP00002329,MP00002329,2023-09-07,13:58:27,PL004,MIL0143242,x@x.com,9999123456,9999123451,9999123452,1,1
MP00002330,MP00002330,2023-09-07,13:58:27,PL006,MIL0239852,x@x.com,9999123456,9999123451,9999123452,1,1
MP00002331,MP00002331,2023-09-07,13:58:27,PL002,MIL0353852,x@x.com,9999123456,9999123451,9999123452,1,1
MP00002332,MP00002332,2023-09-07,13:58:27,PL005,MIL0534380,x@x.com,9999123456,9999123451,9999123452,1,1
MP00002333,MP00002333,2023-09-07,13:58:27,PL009,MIL0135389,x@x.com,9999123456,9999123451,9999123452,1,1
MP00002334,MP00002334,2023-09-07,13:58:27,PL013,MIL0476957,x@x.com,9999123456,9999123451,9999123452,1,1
MP00002335,MP00002335,2023-09-07,13:58:27,PL002,MIL0010527,x@x.com,9999123456,9999123451,9999123452,1,1
MP00002336,MP00002336,2023-09-07,13:58:27,PL013,MIL0147413,x@x.com,9999123456,9999123451,9999123452,1,1
MP00002337,MP00002337,2023-09-07,13:58:27,PL005,MIL0454166,x@x.com,9999123456,9999123451,9999123452,1,1
MP00002338,MP00002338,2023-09-07,13:58:27,PL005,MIL0245285,x@x.com,9999123456,9999123451,9999123452,1,1
MP00002339,MP00002339,2023-09-07,13:58:27,PL003,MIL0159286,x@x.com,9999123456,9999123451,9999123452,1,1
MP00002340,MP00002340,2023-09-07,13:58:27,PL004,MIL0242063,x@x.com,9999123456,9999123451,9999123452,1,1
MP00002341,MP00002341,2023-09-07,13:58:27,PL013,MIL0089552,x@x.com,9999123456,9999123451,9999123452,1,1
MP00002342,MP00002342,2023-09-07,13:58:27,PL010,MIL0032584,x@x.com,9999123456,9999123451,9999123452,1,1
MP00002343,MP00002343,2023-09-07,13:58:27,PL004,MIL0090975,x@x.com,9999123456,9999123451,9999123452,1,1
MP00002344,MP00002344,2023-09-07,13:58:27,PL009,MIL0259283,x@x.com,9999123456,9999123451,9999123452,1,1
MP00002345,MP00002345,2023-09-07,13:58:27,PL008,MIL0136349,x@x.com,9999123456,9999123451,9999123452,1,1
MP00002346,MP00002346,2023-09-07,13:58:27,PL006,MIL0050779,x@x.com,9999123456,9999123451,9999123452,1,1
MP00002347,MP00002347,2023-09-07,13:58:27,PL010,MIL0138942,x@x.com,9999123456,9999123451,9999123452,1,1
MP00002348,MP00002348,2023-09-07,13:58:27,PL007,MIL0412804,x@x.com,9999123456,9999123451,9999123452,1,1
MP00002349,MP00002349,2023-09-07,13:58:27,PL008,MIL0129136,x@x.com,9999123456,9999123451,9999123452,1,1
MP00002350,MP00002350,2023-09-07,13:58:27,PL013,MIL0422978,x@x.com,9999123456,9999123451,9999123452,1,1
MP00002351,MP00002351,2023-09-07,13:58:27,PL009,MIL0106704,x@x.com,9999123456,9999123451,9999123452,1,1
MP00002352,MP00002352,2023-09-07,13:58:27,PL004,MIL0501190,x@x.com,9999123456,9999123451,9999123452,1,1
MP00002353,MP00002353,2023-09-07,13:58:27,PL005,MIL0127598,x@x.com,9999123456,9999123451,9999123452,1,1
MP00002354,MP00002354,2023-09-07,13:58:27,PL008,MIL0250464,x@x.com,9999123456,9999123451,9999123452,1,1
MP00002355,MP00002355,2023-09-07,13:58:27,PL005,MIL0131500,x@x.com,9999123456,9999123451,9999123452,1,1
MP00002356,MP00002356,2023-09-07,13:58:27,PL004,MIL0323136,x@x.com,9999123456,9999123451,9999123452,1,1
MP00002357,MP00002357,2023-09-07,13:58:27,PL001,MIL0278450,x@x.com,9999123456,9999123451,9999123452,1,1
MP00002358,MP00002358,2023-09-07,13:58:27,PL006,MIL0069824,x@x.com,9999123456,9999123451,9999123452,1,1
MP00002359,MP00002359,2023-09-07,13:58:27,PL010,MIL0008813,x@x.com,9999123456,9999123451,9999123452,1,1
MP00002360,MP00002360,2023-09-07,13:58:27,PL011,MIL0568906,x@x.com,9999123456,9999123451,9999123452,1,1
MP00002361,MP00002361,2023-09-07,13:58:27,PL006,MIL0393550,x@x.com,9999123456,9999123451,9999123452,1,1
MP00002362,MP00002362,2023-09-07,13:58:27,PL005,MIL0255836,x@x.com,9999123456,9999123451,9999123452,1,1
MP00002363,MP00002363,2023-09-07,13:58:27,PL004,MIL0006088,x@x.com,9999123456,9999123451,9999123452,1,1
MP00002364,MP00002364,2023-09-07,13:58:27,PL009,MIL0036595,x@x.com,9999123456,9999123451,9999123452,1,1
MP00002365,MP00002365,2023-09-07,13:58:27,PL001,MIL0123349,x@x.com,9999123456,9999123451,9999123452,1,1
MP00002366,MP00002366,2023-09-07,13:58:27,PL011,MIL0036468,x@x.com,9999123456,9999123451,9999123452,1,1
MP00002367,MP00002367,2023-09-07,13:58:27,PL011,MIL0093896,x@x.com,9999123456,9999123451,9999123452,1,1
MP00002368,MP00002368,2023-09-07,13:58:27,PL007,MIL0125082,x@x.com,9999123456,9999123451,9999123452,1,1
MP00002369,MP00002369,2023-09-07,13:58:27,PL003,MIL0574151,x@x.com,9999123456,9999123451,9999123452,1,1
MP00002370,MP00002370,2023-09-07,13:58:27,PL003,MIL0526147,x@x.com,9999123456,9999123451,9999123452,1,1
MP00002371,MP00002371,2023-09-07,13:58:27,PL010,MIL0055115,x@x.com,9999123456,9999123451,9999123452,1,1
MP00002372,MP00002372,2023-09-07,13:58:27,PL012,MIL0385881,x@x.com,9999123456,9999123451,9999123452,1,1
MP00002373,MP00002373,2023-09-07,13:58:27,PL006,MIL0002170,x@x.com,9999123456,9999123451,9999123452,1,1
MP00002374,MP00002374,2023-09-07,13:58:27,PL010,MIL0433292,x@x.com,9999123456,9999123451,9999123452,1,1
MP00002375,MP00002375,2023-09-07,13:58:27,PL006,MIL0006908,x@x.com,9999123456,9999123451,9999123452,1,1
MP00002376,MP00002376,2023-09-07,13:58:27,PL001,MIL0251321,x@x.com,9999123456,9999123451,9999123452,1,1
MP00002377,MP00002377,2023-09-07,13:58:27,PL008,MIL0271329,x@x.com,9999123456,9999123451,9999123452,1,1
MP00002378,MP00002378,2023-09-07,13:58:27,PL012,MIL0033307,x@x.com,9999123456,9999123451,9999123452,1,1
MP00002379,MP00002379,2023-09-07,13:58:27,PL001,MIL0345247,x@x.com,9999123456,9999123451,9999123452,1,1
MP00002380,MP00002380,2023-09-07,13:58:27,PL001,MIL0511998,x@x.com,9999123456,9999123451,9999123452,1,1
MP00002381,MP00002381,2023-09-07,13:58:27,PL003,MIL0170043,x@x.com,9999123456,9999123451,9999123452,1,1
MP00002382,MP00002382,2023-09-07,13:58:27,PL010,MIL0321508,x@x.com,9999123456,9999123451,9999123452,1,1
MP00002383,MP00002383,2023-09-07,13:58:27,PL002,MIL0140703,x@x.com,9999123456,9999123451,9999123452,1,1
MP00002384,MP00002384,2023-09-07,13:58:27,PL010,MIL0165544,x@x.com,9999123456,9999123451,9999123452,1,1
MP00002385,MP00002385,2023-09-07,13:58:27,PL001,MIL0006291,x@x.com,9999123456,9999123451,9999123452,1,1
MP00002386,MP00002386,2023-09-07,13:58:27,PL010,MIL0418467,x@x.com,9999123456,9999123451,9999123452,1,1
MP00002387,MP00002387,2023-09-07,13:58:27,PL006,MIL0509896,x@x.com,9999123456,9999123451,9999123452,1,1
MP00002388,MP00002388,2023-09-07,13:58:27,PL009,MIL0375372,x@x.com,9999123456,9999123451,9999123452,1,1
MP00002389,MP00002389,2023-09-07,13:58:27,PL010,MIL0218165,x@x.com,9999123456,9999123451,9999123452,1,1
MP00002390,MP00002390,2023-09-07,13:58:27,PL010,MIL0224187,x@x.com,9999123456,9999123451,9999123452,1,1
MP00002391,MP00002391,2023-09-07,13:58:27,PL002,MIL0433105,x@x.com,9999123456,9999123451,9999123452,1,1
MP00002392,MP00002392,2023-09-07,13:58:27,PL013,MIL0534646,x@x.com,9999123456,9999123451,9999123452,1,1
MP00002393,MP00002393,2023-09-07,13:58:27,PL003,MIL0291870,x@x.com,9999123456,9999123451,9999123452,1,1
MP00002394,MP00002394,2023-09-07,13:58:27,PL007,MIL0475660,x@x.com,9999123456,9999123451,9999123452,1,1
MP00002395,MP00002395,2023-09-07,13:58:27,PL006,MIL0560552,x@x.com,9999123456,9999123451,9999123452,1,1
MP00002396,MP00002396,2023-09-07,13:58:27,PL013,MIL0387780,x@x.com,9999123456,9999123451,9999123452,1,1
MP00002397,MP00002397,2023-09-07,13:58:27,PL002,MIL0164011,x@x.com,9999123456,9999123451,9999123452,1,1
MP00002398,MP00002398,2023-09-07,13:58:27,PL004,MIL0240674,x@x.com,9999123456,9999123451,9999123452,1,1
MP00002399,MP00002399,2023-09-07,13:58:27,PL011,MIL0116483,x@x.com,9999123456,9999123451,9999123452,1,1
MP00002400,MP00002400,2023-09-07,13:58:27,PL009,MIL0284570,x@x.com,9999123456,9999123451,9999123452,1,1
MP00002401,MP00002401,2023-09-07,13:58:27,PL005,MIL0418097,x@x.com,9999123456,9999123451,9999123452,1,1
MP00002402,MP00002402,2023-09-07,13:58:27,PL008,MIL0399182,x@x.com,9999123456,9999123451,9999123452,1,1
MP00002403,MP00002403,2023-09-07,13:58:27,PL005,MIL0004871,x@x.com,9999123456,9999123451,9999123452,1,1
MP00002404,MP00002404,2023-09-07,13:58:27,PL013,MIL0359710,x@x.com,9999123456,9999123451,9999123452,1,1
MP00002405,MP00002405,2023-09-07,13:58:27,PL013,MIL0001131,x@x.com,9999123456,9999123451,9999123452,1,1
MP00002406,MP00002406,2023-09-07,13:58:27,PL012,MIL0178689,x@x.com,9999123456,9999123451,9999123452,1,1
MP00002407,MP00002407,2023-09-07,13:58:27,PL005,MIL0300237,x@x.com,9999123456,9999123451,9999123452,1,1
MP00002408,MP00002408,2023-09-07,13:58:27,PL004,MIL0139775,x@x.com,9999123456,9999123451,9999123452,1,1
MP00002409,MP00002409,2023-09-07,13:58:27,PL009,MIL0138444,x@x.com,9999123456,9999123451,9999123452,1,1
MP00002410,MP00002410,2023-09-07,13:58:27,PL001,MIL0145205,x@x.com,9999123456,9999123451,9999123452,1,1
MP00002411,MP00002411,2023-09-07,13:58:27,PL001,MIL0336086,x@x.com,9999123456,9999123451,9999123452,1,1
MP00002412,MP00002412,2023-09-07,13:58:27,PL011,MIL0090093,x@x.com,9999123456,9999123451,9999123452,1,1
MP00002413,MP00002413,2023-09-07,13:58:27,PL010,MIL0148816,x@x.com,9999123456,9999123451,9999123452,1,1
MP00002414,MP00002414,2023-09-07,13:58:27,PL001,MIL0305561,x@x.com,9999123456,9999123451,9999123452,1,1
MP00002415,MP00002415,2023-09-07,13:58:27,PL011,MIL0066548,x@x.com,9999123456,9999123451,9999123452,1,1
MP00002416,MP00002416,2023-09-07,13:58:27,PL002,MIL0360159,x@x.com,9999123456,9999123451,9999123452,1,1
MP00002417,MP00002417,2023-09-07,13:58:27,PL003,MIL0412058,x@x.com,9999123456,9999123451,9999123452,1,1
MP00002418,MP00002418,2023-09-07,13:58:27,PL002,MIL0040884,x@x.com,9999123456,9999123451,9999123452,1,1
MP00002419,MP00002419,2023-09-07,13:58:27,PL009,MIL0059512,x@x.com,9999123456,9999123451,9999123452,1,1
MP00002420,MP00002420,2023-09-07,13:58:27,PL013,MIL0006193,x@x.com,9999123456,9999123451,9999123452,1,1
MP00002421,MP00002421,2023-09-07,13:58:27,PL008,MIL0129652,x@x.com,9999123456,9999123451,9999123452,1,1
MP00002422,MP00002422,2023-09-07,13:58:27,PL002,MIL0069560,x@x.com,9999123456,9999123451,9999123452,1,1
MP00002423,MP00002423,2023-09-07,13:58:27,PL001,MIL0173771,x@x.com,9999123456,9999123451,9999123452,1,1
MP00002424,MP00002424,2023-09-07,13:58:27,PL002,MIL0011377,x@x.com,9999123456,9999123451,9999123452,1,1
MP00002425,MP00002425,2023-09-07,13:58:27,PL005,MIL0400059,x@x.com,9999123456,9999123451,9999123452,1,1
MP00002426,MP00002426,2023-09-07,13:58:27,PL013,MIL0097303,x@x.com,9999123456,9999123451,9999123452,1,1
MP00002427,MP00002427,2023-09-07,13:58:27,PL003,MIL0320979,x@x.com,9999123456,9999123451,9999123452,1,1
MP00002428,MP00002428,2023-09-07,13:58:27,PL002,MIL0404119,x@x.com,9999123456,9999123451,9999123452,1,1
MP00002429,MP00002429,2023-09-07,13:58:27,PL006,MIL0409410,x@x.com,9999123456,9999123451,9999123452,1,1
MP00002430,MP00002430,2023-09-07,13:58:27,PL010,MIL0262704,x@x.com,9999123456,9999123451,9999123452,1,1
MP00002431,MP00002431,2023-09-07,13:58:27,PL007,MIL0083222,x@x.com,9999123456,9999123451,9999123452,1,1
MP00002432,MP00002432,2023-09-07,13:58:27,PL008,MIL0305139,x@x.com,9999123456,9999123451,9999123452,1,1
MP00002433,MP00002433,2023-09-07,13:58:27,PL006,MIL0091813,x@x.com,9999123456,9999123451,9999123452,1,1
MP00002434,MP00002434,2023-09-07,13:58:27,PL013,MIL0467271,x@x.com,9999123456,9999123451,9999123452,1,1
MP00002435,MP00002435,2023-09-07,13:58:27,PL005,MIL0528394,x@x.com,9999123456,9999123451,9999123452,1,1
MP00002436,MP00002436,2023-09-07,13:58:27,PL004,MIL0229244,x@x.com,9999123456,9999123451,9999123452,1,1
MP00002437,MP00002437,2023-09-07,13:58:27,PL003,MIL0099370,x@x.com,9999123456,9999123451,9999123452,1,1
MP00002438,MP00002438,2023-09-07,13:58:27,PL001,MIL0143735,x@x.com,9999123456,9999123451,9999123452,1,1
MP00002439,MP00002439,2023-09-07,13:58:27,PL001,MIL0303098,x@x.com,9999123456,9999123451,9999123452,1,1
MP00002440,MP00002440,2023-09-07,13:58:27,PL009,MIL0554749,x@x.com,9999123456,9999123451,9999123452,1,1
MP00002441,MP00002441,2023-09-07,13:58:27,PL012,MIL0533525,x@x.com,9999123456,9999123451,9999123452,1,1
MP00002442,MP00002442,2023-09-07,13:58:27,PL010,MIL0423006,x@x.com,9999123456,9999123451,9999123452,1,1
MP00002443,MP00002443,2023-09-07,13:58:27,PL008,MIL0075748,x@x.com,9999123456,9999123451,9999123452,1,1
MP00002444,MP00002444,2023-09-07,13:58:27,PL008,MIL0155785,x@x.com,9999123456,9999123451,9999123452,1,1
MP00002445,MP00002445,2023-09-07,13:58:27,PL008,MIL0104881,x@x.com,9999123456,9999123451,9999123452,1,1
MP00002446,MP00002446,2023-09-07,13:58:27,PL001,MIL0279174,x@x.com,9999123456,9999123451,9999123452,1,1
MP00002447,MP00002447,2023-09-07,13:58:27,PL012,MIL0221743,x@x.com,9999123456,9999123451,9999123452,1,1
MP00002448,MP00002448,2023-09-07,13:58:27,PL008,MIL0309643,x@x.com,9999123456,9999123451,9999123452,1,1
MP00002449,MP00002449,2023-09-07,13:58:27,PL008,MIL0117827,x@x.com,9999123456,9999123451,9999123452,1,1
MP00002450,MP00002450,2023-09-07,13:58:27,PL002,MIL0398742,x@x.com,9999123456,9999123451,9999123452,1,1
MP00002451,MP00002451,2023-09-07,13:58:27,PL003,MIL0159831,x@x.com,9999123456,9999123451,9999123452,1,1
MP00002452,MP00002452,2023-09-07,13:58:27,PL005,MIL0326869,x@x.com,9999123456,9999123451,9999123452,1,1
MP00002453,MP00002453,2023-09-07,13:58:27,PL005,MIL0345724,x@x.com,9999123456,9999123451,9999123452,1,1
MP00002454,MP00002454,2023-09-07,13:58:27,PL008,MIL0543262,x@x.com,9999123456,9999123451,9999123452,1,1
MP00002455,MP00002455,2023-09-07,13:58:27,PL002,MIL0554733,x@x.com,9999123456,9999123451,9999123452,1,1
MP00002456,MP00002456,2023-09-07,13:58:27,PL013,MIL0274852,x@x.com,9999123456,9999123451,9999123452,1,1
MP00002457,MP00002457,2023-09-07,13:58:27,PL004,MIL0332436,x@x.com,9999123456,9999123451,9999123452,1,1
MP00002458,MP00002458,2023-09-07,13:58:27,PL005,MIL0188491,x@x.com,9999123456,9999123451,9999123452,1,1
MP00002459,MP00002459,2023-09-07,13:58:27,PL010,MIL0564449,x@x.com,9999123456,9999123451,9999123452,1,1
MP00002460,MP00002460,2023-09-07,13:58:27,PL011,MIL0264097,x@x.com,9999123456,9999123451,9999123452,1,1
MP00002461,MP00002461,2023-09-07,13:58:27,PL004,MIL0471276,x@x.com,9999123456,9999123451,9999123452,1,1
MP00002462,MP00002462,2023-09-07,13:58:27,PL011,MIL0284501,x@x.com,9999123456,9999123451,9999123452,1,1
MP00002463,MP00002463,2023-09-07,13:58:27,PL002,MIL0231295,x@x.com,9999123456,9999123451,9999123452,1,1
MP00002464,MP00002464,2023-09-07,13:58:27,PL008,MIL0540305,x@x.com,9999123456,9999123451,9999123452,1,1
MP00002465,MP00002465,2023-09-07,13:58:27,PL013,MIL0244249,x@x.com,9999123456,9999123451,9999123452,1,1
MP00002466,MP00002466,2023-09-07,13:58:27,PL009,MIL0435814,x@x.com,9999123456,9999123451,9999123452,1,1
MP00002467,MP00002467,2023-09-07,13:58:27,PL008,MIL0410711,x@x.com,9999123456,9999123451,9999123452,1,1
MP00002468,MP00002468,2023-09-07,13:58:27,PL008,MIL0085170,x@x.com,9999123456,9999123451,9999123452,1,1
MP00002469,MP00002469,2023-09-07,13:58:27,PL011,MIL0442894,x@x.com,9999123456,9999123451,9999123452,1,1
MP00002470,MP00002470,2023-09-07,13:58:27,PL011,MIL0070825,x@x.com,9999123456,9999123451,9999123452,1,1
MP00002471,MP00002471,2023-09-07,13:58:27,PL007,MIL0135025,x@x.com,9999123456,9999123451,9999123452,1,1
MP00002472,MP00002472,2023-09-07,13:58:27,PL008,MIL0051502,x@x.com,9999123456,9999123451,9999123452,1,1
MP00002473,MP00002473,2023-09-07,13:58:27,PL010,MIL0037099,x@x.com,9999123456,9999123451,9999123452,1,1
MP00002474,MP00002474,2023-09-07,13:58:27,PL006,MIL0566814,x@x.com,9999123456,9999123451,9999123452,1,1
MP00002475,MP00002475,2023-09-07,13:58:27,PL007,MIL0438378,x@x.com,9999123456,9999123451,9999123452,1,1
MP00002476,MP00002476,2023-09-07,13:58:27,PL010,MIL0550009,x@x.com,9999123456,9999123451,9999123452,1,1
MP00002477,MP00002477,2023-09-07,13:58:27,PL008,MIL0324684,x@x.com,9999123456,9999123451,9999123452,1,1
MP00002478,MP00002478,2023-09-07,13:58:27,PL009,MIL0210065,x@x.com,9999123456,9999123451,9999123452,1,1
MP00002479,MP00002479,2023-09-07,13:58:27,PL003,MIL0374493,x@x.com,9999123456,9999123451,9999123452,1,1
MP00002480,MP00002480,2023-09-07,13:58:27,PL002,MIL0497570,x@x.com,9999123456,9999123451,9999123452,1,1
MP00002481,MP00002481,2023-09-07,13:58:27,PL001,MIL0118054,x@x.com,9999123456,9999123451,9999123452,1,1
MP00002482,MP00002482,2023-09-07,13:58:27,PL005,MIL0142762,x@x.com,9999123456,9999123451,9999123452,1,1
MP00002483,MP00002483,2023-09-07,13:58:27,PL005,MIL0245453,x@x.com,9999123456,9999123451,9999123452,1,1
MP00002484,MP00002484,2023-09-07,13:58:27,PL012,MIL0516449,x@x.com,9999123456,9999123451,9999123452,1,1
MP00002485,MP00002485,2023-09-07,13:58:27,PL003,MIL0164416,x@x.com,9999123456,9999123451,9999123452,1,1
MP00002486,MP00002486,2023-09-07,13:58:27,PL012,MIL0352567,x@x.com,9999123456,9999123451,9999123452,1,1
MP00002487,MP00002487,2023-09-07,13:58:27,PL006,MIL0186695,x@x.com,9999123456,9999123451,9999123452,1,1
MP00002488,MP00002488,2023-09-07,13:58:27,PL013,MIL0369095,x@x.com,9999123456,9999123451,9999123452,1,1
MP00002489,MP00002489,2023-09-07,13:58:27,PL012,MIL0334875,x@x.com,9999123456,9999123451,9999123452,1,1
MP00002490,MP00002490,2023-09-07,13:58:27,PL011,MIL0406055,x@x.com,9999123456,9999123451,9999123452,1,1
MP00002491,MP00002491,2023-09-07,13:58:27,PL005,MIL0252384,x@x.com,9999123456,9999123451,9999123452,1,1
MP00002492,MP00002492,2023-09-07,13:58:27,PL001,MIL0551721,x@x.com,9999123456,9999123451,9999123452,1,1
MP00002493,MP00002493,2023-09-07,13:58:27,PL008,MIL0492571,x@x.com,9999123456,9999123451,9999123452,1,1
MP00002494,MP00002494,2023-09-07,13:58:27,PL002,MIL0489465,x@x.com,9999123456,9999123451,9999123452,1,1
MP00002495,MP00002495,2023-09-07,13:58:27,PL007,MIL0308975,x@x.com,9999123456,9999123451,9999123452,1,1
MP00002496,MP00002496,2023-09-07,13:58:27,PL003,MIL0301185,x@x.com,9999123456,9999123451,9999123452,1,1
MP00002497,MP00002497,2023-09-07,13:58:27,PL005,MIL0472910,x@x.com,9999123456,9999123451,9999123452,1,1
MP00002498,MP00002498,2023-09-07,13:58:27,PL013,MIL0324696,x@x.com,9999123456,9999123451,9999123452,1,1
MP00002499,MP00002499,2023-09-07,13:58:27,PL011,MIL0031163,x@x.com,9999123456,9999123451,9999123452,1,1
MP00002500,MP00002500,2023-09-07,13:58:27,PL011,MIL0337513,x@x.com,9999123456,9999123451,9999123452,1,1
MP00002501,MP00002501,2023-09-07,13:58:27,PL003,MIL0086044,x@x.com,9999123456,9999123451,9999123452,1,1
MP00002502,MP00002502,2023-09-07,13:58:27,PL002,MIL0269744,x@x.com,9999123456,9999123451,9999123452,1,1
MP00002503,MP00002503,2023-09-07,13:58:27,PL004,MIL0259348,x@x.com,9999123456,9999123451,9999123452,1,1
MP00002504,MP00002504,2023-09-07,13:58:27,PL006,MIL0393070,x@x.com,9999123456,9999123451,9999123452,1,1
MP00002505,MP00002505,2023-09-07,13:58:27,PL011,MIL0117201,x@x.com,9999123456,9999123451,9999123452,1,1
MP00002506,MP00002506,2023-09-07,13:58:27,PL002,MIL0547005,x@x.com,9999123456,9999123451,9999123452,1,1
MP00002507,MP00002507,2023-09-07,13:58:27,PL009,MIL0458418,x@x.com,9999123456,9999123451,9999123452,1,1
MP00002508,MP00002508,2023-09-07,13:58:27,PL005,MIL0380837,x@x.com,9999123456,9999123451,9999123452,1,1
MP00002509,MP00002509,2023-09-07,13:58:27,PL013,MIL0280066,x@x.com,9999123456,9999123451,9999123452,1,1
MP00002510,MP00002510,2023-09-07,13:58:27,PL003,MIL0079997,x@x.com,9999123456,9999123451,9999123452,1,1
MP00002511,MP00002511,2023-09-07,13:58:27,PL002,MIL0055172,x@x.com,9999123456,9999123451,9999123452,1,1
MP00002512,MP00002512,2023-09-07,13:58:27,PL010,MIL0303031,x@x.com,9999123456,9999123451,9999123452,1,1
MP00002513,MP00002513,2023-09-07,13:58:27,PL010,MIL0375921,x@x.com,9999123456,9999123451,9999123452,1,1
MP00002514,MP00002514,2023-09-07,13:58:27,PL003,MIL0121346,x@x.com,9999123456,9999123451,9999123452,1,1
MP00002515,MP00002515,2023-09-07,13:58:27,PL009,MIL0449384,x@x.com,9999123456,9999123451,9999123452,1,1
MP00002516,MP00002516,2023-09-07,13:58:27,PL011,MIL0153004,x@x.com,9999123456,9999123451,9999123452,1,1
MP00002517,MP00002517,2023-09-07,13:58:27,PL008,MIL0336036,x@x.com,9999123456,9999123451,9999123452,1,1
MP00002518,MP00002518,2023-09-07,13:58:27,PL007,MIL0443515,x@x.com,9999123456,9999123451,9999123452,1,1
MP00002519,MP00002519,2023-09-07,13:58:27,PL013,MIL0532804,x@x.com,9999123456,9999123451,9999123452,1,1
MP00002520,MP00002520,2023-09-07,13:58:27,PL007,MIL0484891,x@x.com,9999123456,9999123451,9999123452,1,1
MP00002521,MP00002521,2023-09-07,13:58:27,PL011,MIL0357780,x@x.com,9999123456,9999123451,9999123452,1,1
MP00002522,MP00002522,2023-09-07,13:58:27,PL008,MIL0427743,x@x.com,9999123456,9999123451,9999123452,1,1
MP00002523,MP00002523,2023-09-07,13:58:27,PL004,MIL0459655,x@x.com,9999123456,9999123451,9999123452,1,1
MP00002524,MP00002524,2023-09-07,13:58:27,PL008,MIL0556992,x@x.com,9999123456,9999123451,9999123452,1,1
MP00002525,MP00002525,2023-09-07,13:58:27,PL007,MIL0220179,x@x.com,9999123456,9999123451,9999123452,1,1
MP00002526,MP00002526,2023-09-07,13:58:27,PL013,MIL0125844,x@x.com,9999123456,9999123451,9999123452,1,1
MP00002527,MP00002527,2023-09-07,13:58:27,PL012,MIL0045743,x@x.com,9999123456,9999123451,9999123452,1,1
MP00002528,MP00002528,2023-09-07,13:58:27,PL012,MIL0433365,x@x.com,9999123456,9999123451,9999123452,1,1
MP00002529,MP00002529,2023-09-07,13:58:27,PL006,MIL0204629,x@x.com,9999123456,9999123451,9999123452,1,1
MP00002530,MP00002530,2023-09-07,13:58:27,PL012,MIL0079115,x@x.com,9999123456,9999123451,9999123452,1,1
MP00002531,MP00002531,2023-09-07,13:58:27,PL002,MIL0366058,x@x.com,9999123456,9999123451,9999123452,1,1
MP00002532,MP00002532,2023-09-07,13:58:27,PL011,MIL0481964,x@x.com,9999123456,9999123451,9999123452,1,1
MP00002533,MP00002533,2023-09-07,13:58:27,PL002,MIL0531155,x@x.com,9999123456,9999123451,9999123452,1,1
MP00002534,MP00002534,2023-09-07,13:58:27,PL001,MIL0244890,x@x.com,9999123456,9999123451,9999123452,1,1
MP00002535,MP00002535,2023-09-07,13:58:27,PL005,MIL0341669,x@x.com,9999123456,9999123451,9999123452,1,1
MP00002536,MP00002536,2023-09-07,13:58:27,PL009,MIL0464605,x@x.com,9999123456,9999123451,9999123452,1,1
MP00002537,MP00002537,2023-09-07,13:58:27,PL005,MIL0324869,x@x.com,9999123456,9999123451,9999123452,1,1
MP00002538,MP00002538,2023-09-07,13:58:27,PL003,MIL0079325,x@x.com,9999123456,9999123451,9999123452,1,1
MP00002539,MP00002539,2023-09-07,13:58:27,PL012,MIL0430536,x@x.com,9999123456,9999123451,9999123452,1,1
MP00002540,MP00002540,2023-09-07,13:58:27,PL005,MIL0042003,x@x.com,9999123456,9999123451,9999123452,1,1
MP00002541,MP00002541,2023-09-07,13:58:27,PL010,MIL0194251,x@x.com,9999123456,9999123451,9999123452,1,1
MP00002542,MP00002542,2023-09-07,13:58:27,PL003,MIL0474054,x@x.com,9999123456,9999123451,9999123452,1,1
MP00002543,MP00002543,2023-09-07,13:58:27,PL008,MIL0133011,x@x.com,9999123456,9999123451,9999123452,1,1
MP00002544,MP00002544,2023-09-07,13:58:27,PL013,MIL0338743,x@x.com,9999123456,9999123451,9999123452,1,1
MP00002545,MP00002545,2023-09-07,13:58:27,PL013,MIL0031863,x@x.com,9999123456,9999123451,9999123452,1,1
MP00002546,MP00002546,2023-09-07,13:58:27,PL003,MIL0571568,x@x.com,9999123456,9999123451,9999123452,1,1
MP00002547,MP00002547,2023-09-07,13:58:27,PL008,MIL0199015,x@x.com,9999123456,9999123451,9999123452,1,1
MP00002548,MP00002548,2023-09-07,13:58:27,PL009,MIL0068332,x@x.com,9999123456,9999123451,9999123452,1,1
MP00002549,MP00002549,2023-09-07,13:58:27,PL002,MIL0518767,x@x.com,9999123456,9999123451,9999123452,1,1
MP00002550,MP00002550,2023-09-07,13:58:27,PL001,MIL0570655,x@x.com,9999123456,9999123451,9999123452,1,1
MP00002551,MP00002551,2023-09-07,13:58:27,PL008,MIL0263597,x@x.com,9999123456,9999123451,9999123452,1,1
MP00002552,MP00002552,2023-09-07,13:58:27,PL012,MIL0509289,x@x.com,9999123456,9999123451,9999123452,1,1
MP00002553,MP00002553,2023-09-07,13:58:27,PL012,MIL0322948,x@x.com,9999123456,9999123451,9999123452,1,1
MP00002554,MP00002554,2023-09-07,13:58:27,PL012,MIL0108214,x@x.com,9999123456,9999123451,9999123452,1,1
MP00002555,MP00002555,2023-09-07,13:58:27,PL011,MIL0483102,x@x.com,9999123456,9999123451,9999123452,1,1
MP00002556,MP00002556,2023-09-07,13:58:27,PL013,MIL0244198,x@x.com,9999123456,9999123451,9999123452,1,1
MP00002557,MP00002557,2023-09-07,13:58:27,PL004,MIL0077851,x@x.com,9999123456,9999123451,9999123452,1,1
MP00002558,MP00002558,2023-09-07,13:58:27,PL006,MIL0416391,x@x.com,9999123456,9999123451,9999123452,1,1
MP00002559,MP00002559,2023-09-07,13:58:27,PL010,MIL0168863,x@x.com,9999123456,9999123451,9999123452,1,1
MP00002560,MP00002560,2023-09-07,13:58:27,PL010,MIL0087757,x@x.com,9999123456,9999123451,9999123452,1,1
MP00002561,MP00002561,2023-09-07,13:58:27,PL001,MIL0136362,x@x.com,9999123456,9999123451,9999123452,1,1
MP00002562,MP00002562,2023-09-07,13:58:27,PL003,MIL0494760,x@x.com,9999123456,9999123451,9999123452,1,1
MP00002563,MP00002563,2023-09-07,13:58:27,PL005,MIL0378272,x@x.com,9999123456,9999123451,9999123452,1,1
MP00002564,MP00002564,2023-09-07,13:58:27,PL004,MIL0169975,x@x.com,9999123456,9999123451,9999123452,1,1
MP00002565,MP00002565,2023-09-07,13:58:27,PL002,MIL0235228,x@x.com,9999123456,9999123451,9999123452,1,1
MP00002566,MP00002566,2023-09-07,13:58:27,PL008,MIL0457740,x@x.com,9999123456,9999123451,9999123452,1,1
MP00002567,MP00002567,2023-09-07,13:58:27,PL011,MIL0157202,x@x.com,9999123456,9999123451,9999123452,1,1
MP00002568,MP00002568,2023-09-07,13:58:27,PL003,MIL0375709,x@x.com,9999123456,9999123451,9999123452,1,1
MP00002569,MP00002569,2023-09-07,13:58:27,PL004,MIL0247377,x@x.com,9999123456,9999123451,9999123452,1,1
MP00002570,MP00002570,2023-09-07,13:58:27,PL005,MIL0014929,x@x.com,9999123456,9999123451,9999123452,1,1
MP00002571,MP00002571,2023-09-07,13:58:27,PL005,MIL0284594,x@x.com,9999123456,9999123451,9999123452,1,1
MP00002572,MP00002572,2023-09-07,13:58:27,PL006,MIL0512833,x@x.com,9999123456,9999123451,9999123452,1,1
MP00002573,MP00002573,2023-09-07,13:58:27,PL010,MIL0184599,x@x.com,9999123456,9999123451,9999123452,1,1
MP00002574,MP00002574,2023-09-07,13:58:27,PL009,MIL0352454,x@x.com,9999123456,9999123451,9999123452,1,1
MP00002575,MP00002575,2023-09-07,13:58:27,PL004,MIL0533945,x@x.com,9999123456,9999123451,9999123452,1,1
MP00002576,MP00002576,2023-09-07,13:58:27,PL011,MIL0093725,x@x.com,9999123456,9999123451,9999123452,1,1
MP00002577,MP00002577,2023-09-07,13:58:27,PL007,MIL0254948,x@x.com,9999123456,9999123451,9999123452,1,1
MP00002578,MP00002578,2023-09-07,13:58:27,PL001,MIL0057764,x@x.com,9999123456,9999123451,9999123452,1,1
MP00002579,MP00002579,2023-09-07,13:58:27,PL009,MIL0417442,x@x.com,9999123456,9999123451,9999123452,1,1
MP00002580,MP00002580,2023-09-07,13:58:27,PL002,MIL0497328,x@x.com,9999123456,9999123451,9999123452,1,1
MP00002581,MP00002581,2023-09-07,13:58:27,PL006,MIL0057794,x@x.com,9999123456,9999123451,9999123452,1,1
MP00002582,MP00002582,2023-09-07,13:58:27,PL001,MIL0097925,x@x.com,9999123456,9999123451,9999123452,1,1
MP00002583,MP00002583,2023-09-07,13:58:27,PL005,MIL0163438,x@x.com,9999123456,9999123451,9999123452,1,1
MP00002584,MP00002584,2023-09-07,13:58:27,PL010,MIL0014963,x@x.com,9999123456,9999123451,9999123452,1,1
MP00002585,MP00002585,2023-09-07,13:58:27,PL008,MIL0133177,x@x.com,9999123456,9999123451,9999123452,1,1
MP00002586,MP00002586,2023-09-07,13:58:27,PL008,MIL0355254,x@x.com,9999123456,9999123451,9999123452,1,1
MP00002587,MP00002587,2023-09-07,13:58:27,PL008,MIL0536785,x@x.com,9999123456,9999123451,9999123452,1,1
MP00002588,MP00002588,2023-09-07,13:58:27,PL013,MIL0186608,x@x.com,9999123456,9999123451,9999123452,1,1
MP00002589,MP00002589,2023-09-07,13:58:27,PL008,MIL0252886,x@x.com,9999123456,9999123451,9999123452,1,1
MP00002590,MP00002590,2023-09-07,13:58:27,PL004,MIL0126407,x@x.com,9999123456,9999123451,9999123452,1,1
MP00002591,MP00002591,2023-09-07,13:58:27,PL003,MIL0033818,x@x.com,9999123456,9999123451,9999123452,1,1
MP00002592,MP00002592,2023-09-07,13:58:27,PL008,MIL0350142,x@x.com,9999123456,9999123451,9999123452,1,1
MP00002593,MP00002593,2023-09-07,13:58:27,PL002,MIL0553725,x@x.com,9999123456,9999123451,9999123452,1,1
MP00002594,MP00002594,2023-09-07,13:58:27,PL007,MIL0447122,x@x.com,9999123456,9999123451,9999123452,1,1
MP00002595,MP00002595,2023-09-07,13:58:27,PL008,MIL0147603,x@x.com,9999123456,9999123451,9999123452,1,1
MP00002596,MP00002596,2023-09-07,13:58:27,PL011,MIL0409788,x@x.com,9999123456,9999123451,9999123452,1,1
MP00002597,MP00002597,2023-09-07,13:58:27,PL013,MIL0010251,x@x.com,9999123456,9999123451,9999123452,1,1
MP00002598,MP00002598,2023-09-07,13:58:27,PL003,MIL0136052,x@x.com,9999123456,9999123451,9999123452,1,1
MP00002599,MP00002599,2023-09-07,13:58:27,PL002,MIL0092427,x@x.com,9999123456,9999123451,9999123452,1,1
MP00002600,MP00002600,2023-09-07,13:58:27,PL011,MIL0149673,x@x.com,9999123456,9999123451,9999123452,1,1
MP00002601,MP00002601,2023-09-07,13:58:27,PL006,MIL0423273,x@x.com,9999123456,9999123451,9999123452,1,1
MP00002602,MP00002602,2023-09-07,13:58:27,PL005,MIL0079269,x@x.com,9999123456,9999123451,9999123452,1,1
MP00002603,MP00002603,2023-09-07,13:58:27,PL011,MIL0432905,x@x.com,9999123456,9999123451,9999123452,1,1
MP00002604,MP00002604,2023-09-07,13:58:27,PL009,MIL0159798,x@x.com,9999123456,9999123451,9999123452,1,1
MP00002605,MP00002605,2023-09-07,13:58:27,PL011,MIL0376285,x@x.com,9999123456,9999123451,9999123452,1,1
MP00002606,MP00002606,2023-09-07,13:58:27,PL010,MIL0484163,x@x.com,9999123456,9999123451,9999123452,1,1
MP00002607,MP00002607,2023-09-07,13:58:27,PL007,MIL0532986,x@x.com,9999123456,9999123451,9999123452,1,1
MP00002608,MP00002608,2023-09-07,13:58:27,PL007,MIL0082037,x@x.com,9999123456,9999123451,9999123452,1,1
MP00002609,MP00002609,2023-09-07,13:58:27,PL012,MIL0371303,x@x.com,9999123456,9999123451,9999123452,1,1
MP00002610,MP00002610,2023-09-07,13:58:27,PL011,MIL0096330,x@x.com,9999123456,9999123451,9999123452,1,1
MP00002611,MP00002611,2023-09-07,13:58:27,PL004,MIL0373803,x@x.com,9999123456,9999123451,9999123452,1,1
MP00002612,MP00002612,2023-09-07,13:58:27,PL005,MIL0532217,x@x.com,9999123456,9999123451,9999123452,1,1
MP00002613,MP00002613,2023-09-07,13:58:27,PL009,MIL0076902,x@x.com,9999123456,9999123451,9999123452,1,1
MP00002614,MP00002614,2023-09-07,13:58:27,PL013,MIL0459033,x@x.com,9999123456,9999123451,9999123452,1,1
MP00002615,MP00002615,2023-09-07,13:58:27,PL011,MIL0241556,x@x.com,9999123456,9999123451,9999123452,1,1
MP00002616,MP00002616,2023-09-07,13:58:27,PL006,MIL0536328,x@x.com,9999123456,9999123451,9999123452,1,1
MP00002617,MP00002617,2023-09-07,13:58:27,PL001,MIL0561420,x@x.com,9999123456,9999123451,9999123452,1,1
MP00002618,MP00002618,2023-09-07,13:58:27,PL009,MIL0298774,x@x.com,9999123456,9999123451,9999123452,1,1
MP00002619,MP00002619,2023-09-07,13:58:27,PL013,MIL0209213,x@x.com,9999123456,9999123451,9999123452,1,1
MP00002620,MP00002620,2023-09-07,13:58:27,PL005,MIL0537533,x@x.com,9999123456,9999123451,9999123452,1,1
MP00002621,MP00002621,2023-09-07,13:58:27,PL013,MIL0134805,x@x.com,9999123456,9999123451,9999123452,1,1
MP00002622,MP00002622,2023-09-07,13:58:27,PL012,MIL0499605,x@x.com,9999123456,9999123451,9999123452,1,1
MP00002623,MP00002623,2023-09-07,13:58:27,PL012,MIL0490395,x@x.com,9999123456,9999123451,9999123452,1,1
MP00002624,MP00002624,2023-09-07,13:58:27,PL011,MIL0519346,x@x.com,9999123456,9999123451,9999123452,1,1
MP00002625,MP00002625,2023-09-07,13:58:27,PL007,MIL0181741,x@x.com,9999123456,9999123451,9999123452,1,1
MP00002626,MP00002626,2023-09-07,13:58:27,PL008,MIL0145601,x@x.com,9999123456,9999123451,9999123452,1,1
MP00002627,MP00002627,2023-09-07,13:58:27,PL012,MIL0144139,x@x.com,9999123456,9999123451,9999123452,1,1
MP00002628,MP00002628,2023-09-07,13:58:27,PL004,MIL0313754,x@x.com,9999123456,9999123451,9999123452,1,1
MP00002629,MP00002629,2023-09-07,13:58:27,PL005,MIL0463044,x@x.com,9999123456,9999123451,9999123452,1,1
MP00002630,MP00002630,2023-09-07,13:58:27,PL011,MIL0224427,x@x.com,9999123456,9999123451,9999123452,1,1
MP00002631,MP00002631,2023-09-07,13:58:27,PL003,MIL0011596,x@x.com,9999123456,9999123451,9999123452,1,1
MP00002632,MP00002632,2023-09-07,13:58:27,PL009,MIL0246063,x@x.com,9999123456,9999123451,9999123452,1,1
MP00002633,MP00002633,2023-09-07,13:58:27,PL010,MIL0270252,x@x.com,9999123456,9999123451,9999123452,1,1
MP00002634,MP00002634,2023-09-07,13:58:27,PL011,MIL0275695,x@x.com,9999123456,9999123451,9999123452,1,1
MP00002635,MP00002635,2023-09-07,13:58:27,PL009,MIL0437879,x@x.com,9999123456,9999123451,9999123452,1,1
MP00002636,MP00002636,2023-09-07,13:58:27,PL010,MIL0490249,x@x.com,9999123456,9999123451,9999123452,1,1
MP00002637,MP00002637,2023-09-07,13:58:27,PL013,MIL0106937,x@x.com,9999123456,9999123451,9999123452,1,1
MP00002638,MP00002638,2023-09-07,13:58:27,PL006,MIL0193658,x@x.com,9999123456,9999123451,9999123452,1,1
MP00002639,MP00002639,2023-09-07,13:58:27,PL009,MIL0389005,x@x.com,9999123456,9999123451,9999123452,1,1
MP00002640,MP00002640,2023-09-07,13:58:27,PL009,MIL0091758,x@x.com,9999123456,9999123451,9999123452,1,1
MP00002641,MP00002641,2023-09-07,13:58:27,PL005,MIL0161980,x@x.com,9999123456,9999123451,9999123452,1,1
MP00002642,MP00002642,2023-09-07,13:58:27,PL013,MIL0294314,x@x.com,9999123456,9999123451,9999123452,1,1
MP00002643,MP00002643,2023-09-07,13:58:27,PL012,MIL0018504,x@x.com,9999123456,9999123451,9999123452,1,1
MP00002644,MP00002644,2023-09-07,13:58:27,PL006,MIL0079616,x@x.com,9999123456,9999123451,9999123452,1,1
MP00002645,MP00002645,2023-09-07,13:58:27,PL013,MIL0042948,x@x.com,9999123456,9999123451,9999123452,1,1
MP00002646,MP00002646,2023-09-07,13:58:27,PL010,MIL0072225,x@x.com,9999123456,9999123451,9999123452,1,1
MP00002647,MP00002647,2023-09-07,13:58:27,PL013,MIL0331596,x@x.com,9999123456,9999123451,9999123452,1,1
MP00002648,MP00002648,2023-09-07,13:58:27,PL001,MIL0064924,x@x.com,9999123456,9999123451,9999123452,1,1
MP00002649,MP00002649,2023-09-07,13:58:27,PL009,MIL0079084,x@x.com,9999123456,9999123451,9999123452,1,1
MP00002650,MP00002650,2023-09-07,13:58:27,PL012,MIL0480274,x@x.com,9999123456,9999123451,9999123452,1,1
MP00002651,MP00002651,2023-09-07,13:58:27,PL013,MIL0559229,x@x.com,9999123456,9999123451,9999123452,1,1
MP00002652,MP00002652,2023-09-07,13:58:27,PL006,MIL0107064,x@x.com,9999123456,9999123451,9999123452,1,1
MP00002653,MP00002653,2023-09-07,13:58:27,PL007,MIL0466210,x@x.com,9999123456,9999123451,9999123452,1,1
MP00002654,MP00002654,2023-09-07,13:58:27,PL003,MIL0577216,x@x.com,9999123456,9999123451,9999123452,1,1
MP00002655,MP00002655,2023-09-07,13:58:27,PL001,MIL0574057,x@x.com,9999123456,9999123451,9999123452,1,1
MP00002656,MP00002656,2023-09-07,13:58:27,PL013,MIL0098472,x@x.com,9999123456,9999123451,9999123452,1,1
MP00002657,MP00002657,2023-09-07,13:58:27,PL004,MIL0556629,x@x.com,9999123456,9999123451,9999123452,1,1
MP00002658,MP00002658,2023-09-07,13:58:27,PL010,MIL0477581,x@x.com,9999123456,9999123451,9999123452,1,1
MP00002659,MP00002659,2023-09-07,13:58:27,PL005,MIL0504730,x@x.com,9999123456,9999123451,9999123452,1,1
MP00002660,MP00002660,2023-09-07,13:58:27,PL011,MIL0240944,x@x.com,9999123456,9999123451,9999123452,1,1
MP00002661,MP00002661,2023-09-07,13:58:27,PL012,MIL0180989,x@x.com,9999123456,9999123451,9999123452,1,1
MP00002662,MP00002662,2023-09-07,13:58:27,PL008,MIL0437620,x@x.com,9999123456,9999123451,9999123452,1,1
MP00002663,MP00002663,2023-09-07,13:58:27,PL011,MIL0428820,x@x.com,9999123456,9999123451,9999123452,1,1
MP00002664,MP00002664,2023-09-07,13:58:27,PL011,MIL0553154,x@x.com,9999123456,9999123451,9999123452,1,1
MP00002665,MP00002665,2023-09-07,13:58:27,PL013,MIL0009356,x@x.com,9999123456,9999123451,9999123452,1,1
MP00002666,MP00002666,2023-09-07,13:58:27,PL009,MIL0556556,x@x.com,9999123456,9999123451,9999123452,1,1
MP00002667,MP00002667,2023-09-07,13:58:27,PL013,MIL0134961,x@x.com,9999123456,9999123451,9999123452,1,1
MP00002668,MP00002668,2023-09-07,13:58:27,PL013,MIL0410102,x@x.com,9999123456,9999123451,9999123452,1,1
MP00002669,MP00002669,2023-09-07,13:58:27,PL011,MIL0158177,x@x.com,9999123456,9999123451,9999123452,1,1
MP00002670,MP00002670,2023-09-07,13:58:27,PL011,MIL0043891,x@x.com,9999123456,9999123451,9999123452,1,1
MP00002671,MP00002671,2023-09-07,13:58:27,PL002,MIL0264833,x@x.com,9999123456,9999123451,9999123452,1,1
MP00002672,MP00002672,2023-09-07,13:58:27,PL006,MIL0019669,x@x.com,9999123456,9999123451,9999123452,1,1
MP00002673,MP00002673,2023-09-07,13:58:27,PL013,MIL0111458,x@x.com,9999123456,9999123451,9999123452,1,1
MP00002674,MP00002674,2023-09-07,13:58:27,PL004,MIL0465090,x@x.com,9999123456,9999123451,9999123452,1,1
MP00002675,MP00002675,2023-09-07,13:58:27,PL009,MIL0223667,x@x.com,9999123456,9999123451,9999123452,1,1
MP00002676,MP00002676,2023-09-07,13:58:27,PL012,MIL0426838,x@x.com,9999123456,9999123451,9999123452,1,1
MP00002677,MP00002677,2023-09-07,13:58:27,PL001,MIL0335120,x@x.com,9999123456,9999123451,9999123452,1,1
MP00002678,MP00002678,2023-09-07,13:58:27,PL002,MIL0371569,x@x.com,9999123456,9999123451,9999123452,1,1
MP00002679,MP00002679,2023-09-07,13:58:27,PL004,MIL0408466,x@x.com,9999123456,9999123451,9999123452,1,1
MP00002680,MP00002680,2023-09-07,13:58:27,PL011,MIL0528780,x@x.com,9999123456,9999123451,9999123452,1,1
MP00002681,MP00002681,2023-09-07,13:58:27,PL002,MIL0579777,x@x.com,9999123456,9999123451,9999123452,1,1
MP00002682,MP00002682,2023-09-07,13:58:27,PL001,MIL0080258,x@x.com,9999123456,9999123451,9999123452,1,1
MP00002683,MP00002683,2023-09-07,13:58:27,PL011,MIL0061806,x@x.com,9999123456,9999123451,9999123452,1,1
MP00002684,MP00002684,2023-09-07,13:58:27,PL008,MIL0078902,x@x.com,9999123456,9999123451,9999123452,1,1
MP00002685,MP00002685,2023-09-07,13:58:27,PL012,MIL0439763,x@x.com,9999123456,9999123451,9999123452,1,1
MP00002686,MP00002686,2023-09-07,13:58:27,PL007,MIL0273282,x@x.com,9999123456,9999123451,9999123452,1,1
MP00002687,MP00002687,2023-09-07,13:58:27,PL004,MIL0181205,x@x.com,9999123456,9999123451,9999123452,1,1
MP00002688,MP00002688,2023-09-07,13:58:27,PL002,MIL0199742,x@x.com,9999123456,9999123451,9999123452,1,1
MP00002689,MP00002689,2023-09-07,13:58:27,PL012,MIL0107949,x@x.com,9999123456,9999123451,9999123452,1,1
MP00002690,MP00002690,2023-09-07,13:58:27,PL004,MIL0051157,x@x.com,9999123456,9999123451,9999123452,1,1
MP00002691,MP00002691,2023-09-07,13:58:27,PL013,MIL0142357,x@x.com,9999123456,9999123451,9999123452,1,1
MP00002692,MP00002692,2023-09-07,13:58:27,PL006,MIL0428825,x@x.com,9999123456,9999123451,9999123452,1,1
MP00002693,MP00002693,2023-09-07,13:58:27,PL002,MIL0579175,x@x.com,9999123456,9999123451,9999123452,1,1
MP00002694,MP00002694,2023-09-07,13:58:27,PL012,MIL0195568,x@x.com,9999123456,9999123451,9999123452,1,1
MP00002695,MP00002695,2023-09-07,13:58:27,PL009,MIL0442103,x@x.com,9999123456,9999123451,9999123452,1,1
MP00002696,MP00002696,2023-09-07,13:58:27,PL003,MIL0233228,x@x.com,9999123456,9999123451,9999123452,1,1
MP00002697,MP00002697,2023-09-07,13:58:27,PL009,MIL0054843,x@x.com,9999123456,9999123451,9999123452,1,1
MP00002698,MP00002698,2023-09-07,13:58:27,PL001,MIL0280919,x@x.com,9999123456,9999123451,9999123452,1,1
MP00002699,MP00002699,2023-09-07,13:58:27,PL001,MIL0252263,x@x.com,9999123456,9999123451,9999123452,1,1
MP00002700,MP00002700,2023-09-07,13:58:27,PL002,MIL0204814,x@x.com,9999123456,9999123451,9999123452,1,1
MP00002701,MP00002701,2023-09-07,13:58:27,PL010,MIL0150052,x@x.com,9999123456,9999123451,9999123452,1,1
MP00002702,MP00002702,2023-09-07,13:58:27,PL002,MIL0025951,x@x.com,9999123456,9999123451,9999123452,1,1
MP00002703,MP00002703,2023-09-07,13:58:27,PL008,MIL0405067,x@x.com,9999123456,9999123451,9999123452,1,1
MP00002704,MP00002704,2023-09-07,13:58:27,PL012,MIL0406168,x@x.com,9999123456,9999123451,9999123452,1,1
MP00002705,MP00002705,2023-09-07,13:58:27,PL009,MIL0541644,x@x.com,9999123456,9999123451,9999123452,1,1
MP00002706,MP00002706,2023-09-07,13:58:27,PL005,MIL0377442,x@x.com,9999123456,9999123451,9999123452,1,1
MP00002707,MP00002707,2023-09-07,13:58:27,PL005,MIL0546146,x@x.com,9999123456,9999123451,9999123452,1,1
MP00002708,MP00002708,2023-09-07,13:58:27,PL007,MIL0290090,x@x.com,9999123456,9999123451,9999123452,1,1
MP00002709,MP00002709,2023-09-07,13:58:27,PL011,MIL0359908,x@x.com,9999123456,9999123451,9999123452,1,1
MP00002710,MP00002710,2023-09-07,13:58:27,PL012,MIL0296228,x@x.com,9999123456,9999123451,9999123452,1,1
MP00002711,MP00002711,2023-09-07,13:58:27,PL009,MIL0094904,x@x.com,9999123456,9999123451,9999123452,1,1
MP00002712,MP00002712,2023-09-07,13:58:27,PL009,MIL0107626,x@x.com,9999123456,9999123451,9999123452,1,1
MP00002713,MP00002713,2023-09-07,13:58:27,PL006,MIL0284076,x@x.com,9999123456,9999123451,9999123452,1,1
MP00002714,MP00002714,2023-09-07,13:58:27,PL012,MIL0400900,x@x.com,9999123456,9999123451,9999123452,1,1
MP00002715,MP00002715,2023-09-07,13:58:27,PL009,MIL0194234,x@x.com,9999123456,9999123451,9999123452,1,1
MP00002716,MP00002716,2023-09-07,13:58:27,PL010,MIL0173173,x@x.com,9999123456,9999123451,9999123452,1,1
MP00002717,MP00002717,2023-09-07,13:58:27,PL001,MIL0081141,x@x.com,9999123456,9999123451,9999123452,1,1
MP00002718,MP00002718,2023-09-07,13:58:27,PL008,MIL0200369,x@x.com,9999123456,9999123451,9999123452,1,1
MP00002719,MP00002719,2023-09-07,13:58:27,PL002,MIL0416003,x@x.com,9999123456,9999123451,9999123452,1,1
MP00002720,MP00002720,2023-09-07,13:58:27,PL006,MIL0561373,x@x.com,9999123456,9999123451,9999123452,1,1
MP00002721,MP00002721,2023-09-07,13:58:27,PL001,MIL0082518,x@x.com,9999123456,9999123451,9999123452,1,1
MP00002722,MP00002722,2023-09-07,13:58:27,PL012,MIL0402818,x@x.com,9999123456,9999123451,9999123452,1,1
MP00002723,MP00002723,2023-09-07,13:58:27,PL002,MIL0453196,x@x.com,9999123456,9999123451,9999123452,1,1
MP00002724,MP00002724,2023-09-07,13:58:27,PL002,MIL0466773,x@x.com,9999123456,9999123451,9999123452,1,1
MP00002725,MP00002725,2023-09-07,13:58:27,PL011,MIL0465529,x@x.com,9999123456,9999123451,9999123452,1,1
MP00002726,MP00002726,2023-09-07,13:58:27,PL007,MIL0180633,x@x.com,9999123456,9999123451,9999123452,1,1
MP00002727,MP00002727,2023-09-07,13:58:27,PL001,MIL0011624,x@x.com,9999123456,9999123451,9999123452,1,1
MP00002728,MP00002728,2023-09-07,13:58:27,PL001,MIL0572910,x@x.com,9999123456,9999123451,9999123452,1,1
MP00002729,MP00002729,2023-09-07,13:58:27,PL013,MIL0534868,x@x.com,9999123456,9999123451,9999123452,1,1
MP00002730,MP00002730,2023-09-07,13:58:27,PL007,MIL0122270,x@x.com,9999123456,9999123451,9999123452,1,1
MP00002731,MP00002731,2023-09-07,13:58:27,PL011,MIL0514056,x@x.com,9999123456,9999123451,9999123452,1,1
MP00002732,MP00002732,2023-09-07,13:58:27,PL002,MIL0274137,x@x.com,9999123456,9999123451,9999123452,1,1
MP00002733,MP00002733,2023-09-07,13:58:27,PL006,MIL0070786,x@x.com,9999123456,9999123451,9999123452,1,1
MP00002734,MP00002734,2023-09-07,13:58:27,PL005,MIL0207573,x@x.com,9999123456,9999123451,9999123452,1,1
MP00002735,MP00002735,2023-09-07,13:58:27,PL003,MIL0573839,x@x.com,9999123456,9999123451,9999123452,1,1
MP00002736,MP00002736,2023-09-07,13:58:27,PL011,MIL0229375,x@x.com,9999123456,9999123451,9999123452,1,1
MP00002737,MP00002737,2023-09-07,13:58:27,PL004,MIL0130758,x@x.com,9999123456,9999123451,9999123452,1,1
MP00002738,MP00002738,2023-09-07,13:58:27,PL004,MIL0322203,x@x.com,9999123456,9999123451,9999123452,1,1
MP00002739,MP00002739,2023-09-07,13:58:27,PL002,MIL0033911,x@x.com,9999123456,9999123451,9999123452,1,1
MP00002740,MP00002740,2023-09-07,13:58:27,PL012,MIL0458829,x@x.com,9999123456,9999123451,9999123452,1,1
MP00002741,MP00002741,2023-09-07,13:58:27,PL002,MIL0262574,x@x.com,9999123456,9999123451,9999123452,1,1
MP00002742,MP00002742,2023-09-07,13:58:27,PL012,MIL0072696,x@x.com,9999123456,9999123451,9999123452,1,1
MP00002743,MP00002743,2023-09-07,13:58:27,PL005,MIL0398024,x@x.com,9999123456,9999123451,9999123452,1,1
MP00002744,MP00002744,2023-09-07,13:58:27,PL010,MIL0056312,x@x.com,9999123456,9999123451,9999123452,1,1
MP00002745,MP00002745,2023-09-07,13:58:27,PL007,MIL0541438,x@x.com,9999123456,9999123451,9999123452,1,1
MP00002746,MP00002746,2023-09-07,13:58:27,PL003,MIL0530250,x@x.com,9999123456,9999123451,9999123452,1,1
MP00002747,MP00002747,2023-09-07,13:58:27,PL008,MIL0457176,x@x.com,9999123456,9999123451,9999123452,1,1
MP00002748,MP00002748,2023-09-07,13:58:27,PL001,MIL0423436,x@x.com,9999123456,9999123451,9999123452,1,1
MP00002749,MP00002749,2023-09-07,13:58:27,PL003,MIL0289293,x@x.com,9999123456,9999123451,9999123452,1,1
MP00002750,MP00002750,2023-09-07,13:58:27,PL002,MIL0346331,x@x.com,9999123456,9999123451,9999123452,1,1
MP00002751,MP00002751,2023-09-07,13:58:27,PL005,MIL0080590,x@x.com,9999123456,9999123451,9999123452,1,1
MP00002752,MP00002752,2023-09-07,13:58:27,PL010,MIL0462670,x@x.com,9999123456,9999123451,9999123452,1,1
MP00002753,MP00002753,2023-09-07,13:58:27,PL002,MIL0225677,x@x.com,9999123456,9999123451,9999123452,1,1
MP00002754,MP00002754,2023-09-07,13:58:27,PL009,MIL0284937,x@x.com,9999123456,9999123451,9999123452,1,1
MP00002755,MP00002755,2023-09-07,13:58:27,PL012,MIL0212960,x@x.com,9999123456,9999123451,9999123452,1,1
MP00002756,MP00002756,2023-09-07,13:58:27,PL002,MIL0203661,x@x.com,9999123456,9999123451,9999123452,1,1
MP00002757,MP00002757,2023-09-07,13:58:27,PL005,MIL0041198,x@x.com,9999123456,9999123451,9999123452,1,1
MP00002758,MP00002758,2023-09-07,13:58:27,PL002,MIL0490710,x@x.com,9999123456,9999123451,9999123452,1,1
MP00002759,MP00002759,2023-09-07,13:58:27,PL005,MIL0116513,x@x.com,9999123456,9999123451,9999123452,1,1
MP00002760,MP00002760,2023-09-07,13:58:27,PL011,MIL0029284,x@x.com,9999123456,9999123451,9999123452,1,1
MP00002761,MP00002761,2023-09-07,13:58:27,PL001,MIL0201170,x@x.com,9999123456,9999123451,9999123452,1,1
MP00002762,MP00002762,2023-09-07,13:58:27,PL008,MIL0097844,x@x.com,9999123456,9999123451,9999123452,1,1
MP00002763,MP00002763,2023-09-07,13:58:27,PL012,MIL0060834,x@x.com,9999123456,9999123451,9999123452,1,1
MP00002764,MP00002764,2023-09-07,13:58:27,PL012,MIL0547319,x@x.com,9999123456,9999123451,9999123452,1,1
MP00002765,MP00002765,2023-09-07,13:58:27,PL009,MIL0143658,x@x.com,9999123456,9999123451,9999123452,1,1
MP00002766,MP00002766,2023-09-07,13:58:27,PL003,MIL0031681,x@x.com,9999123456,9999123451,9999123452,1,1
MP00002767,MP00002767,2023-09-07,13:58:27,PL010,MIL0277015,x@x.com,9999123456,9999123451,9999123452,1,1
MP00002768,MP00002768,2023-09-07,13:58:27,PL007,MIL0176792,x@x.com,9999123456,9999123451,9999123452,1,1
MP00002769,MP00002769,2023-09-07,13:58:27,PL001,MIL0519485,x@x.com,9999123456,9999123451,9999123452,1,1
MP00002770,MP00002770,2023-09-07,13:58:27,PL001,MIL0164387,x@x.com,9999123456,9999123451,9999123452,1,1
MP00002771,MP00002771,2023-09-07,13:58:27,PL006,MIL0107208,x@x.com,9999123456,9999123451,9999123452,1,1
MP00002772,MP00002772,2023-09-07,13:58:27,PL002,MIL0216332,x@x.com,9999123456,9999123451,9999123452,1,1
MP00002773,MP00002773,2023-09-07,13:58:27,PL007,MIL0283325,x@x.com,9999123456,9999123451,9999123452,1,1
MP00002774,MP00002774,2023-09-07,13:58:27,PL006,MIL0198888,x@x.com,9999123456,9999123451,9999123452,1,1
MP00002775,MP00002775,2023-09-07,13:58:27,PL005,MIL0253252,x@x.com,9999123456,9999123451,9999123452,1,1
MP00002776,MP00002776,2023-09-07,13:58:27,PL010,MIL0046410,x@x.com,9999123456,9999123451,9999123452,1,1
MP00002777,MP00002777,2023-09-07,13:58:27,PL009,MIL0383787,x@x.com,9999123456,9999123451,9999123452,1,1
MP00002778,MP00002778,2023-09-07,13:58:27,PL004,MIL0534894,x@x.com,9999123456,9999123451,9999123452,1,1
MP00002779,MP00002779,2023-09-07,13:58:27,PL002,MIL0098655,x@x.com,9999123456,9999123451,9999123452,1,1
MP00002780,MP00002780,2023-09-07,13:58:27,PL003,MIL0337551,x@x.com,9999123456,9999123451,9999123452,1,1
MP00002781,MP00002781,2023-09-07,13:58:27,PL008,MIL0237513,x@x.com,9999123456,9999123451,9999123452,1,1
MP00002782,MP00002782,2023-09-07,13:58:27,PL006,MIL0206075,x@x.com,9999123456,9999123451,9999123452,1,1
MP00002783,MP00002783,2023-09-07,13:58:27,PL001,MIL0282849,x@x.com,9999123456,9999123451,9999123452,1,1
MP00002784,MP00002784,2023-09-07,13:58:27,PL003,MIL0011928,x@x.com,9999123456,9999123451,9999123452,1,1
MP00002785,MP00002785,2023-09-07,13:58:27,PL004,MIL0071059,x@x.com,9999123456,9999123451,9999123452,1,1
MP00002786,MP00002786,2023-09-07,13:58:27,PL001,MIL0142102,x@x.com,9999123456,9999123451,9999123452,1,1
MP00002787,MP00002787,2023-09-07,13:58:27,PL009,MIL0480795,x@x.com,9999123456,9999123451,9999123452,1,1
MP00002788,MP00002788,2023-09-07,13:58:27,PL008,MIL0057406,x@x.com,9999123456,9999123451,9999123452,1,1
MP00002789,MP00002789,2023-09-07,13:58:27,PL005,MIL0054247,x@x.com,9999123456,9999123451,9999123452,1,1
MP00002790,MP00002790,2023-09-07,13:58:27,PL011,MIL0016065,x@x.com,9999123456,9999123451,9999123452,1,1
MP00002791,MP00002791,2023-09-07,13:58:27,PL004,MIL0318024,x@x.com,9999123456,9999123451,9999123452,1,1
MP00002792,MP00002792,2023-09-07,13:58:27,PL013,MIL0094372,x@x.com,9999123456,9999123451,9999123452,1,1
MP00002793,MP00002793,2023-09-07,13:58:27,PL006,MIL0316785,x@x.com,9999123456,9999123451,9999123452,1,1
MP00002794,MP00002794,2023-09-07,13:58:27,PL006,MIL0312842,x@x.com,9999123456,9999123451,9999123452,1,1
MP00002795,MP00002795,2023-09-07,13:58:27,PL011,MIL0129583,x@x.com,9999123456,9999123451,9999123452,1,1
MP00002796,MP00002796,2023-09-07,13:58:27,PL002,MIL0501759,x@x.com,9999123456,9999123451,9999123452,1,1
MP00002797,MP00002797,2023-09-07,13:58:27,PL003,MIL0103713,x@x.com,9999123456,9999123451,9999123452,1,1
MP00002798,MP00002798,2023-09-07,13:58:27,PL007,MIL0331016,x@x.com,9999123456,9999123451,9999123452,1,1
MP00002799,MP00002799,2023-09-07,13:58:27,PL009,MIL0554703,x@x.com,9999123456,9999123451,9999123452,1,1
MP00002800,MP00002800,2023-09-07,13:58:27,PL009,MIL0079506,x@x.com,9999123456,9999123451,9999123452,1,1
MP00002801,MP00002801,2023-09-07,13:58:27,PL012,MIL0202386,x@x.com,9999123456,9999123451,9999123452,1,1
MP00002802,MP00002802,2023-09-07,13:58:27,PL008,MIL0409118,x@x.com,9999123456,9999123451,9999123452,1,1
MP00002803,MP00002803,2023-09-07,13:58:27,PL001,MIL0485262,x@x.com,9999123456,9999123451,9999123452,1,1
MP00002804,MP00002804,2023-09-07,13:58:27,PL007,MIL0032458,x@x.com,9999123456,9999123451,9999123452,1,1
MP00002805,MP00002805,2023-09-07,13:58:27,PL006,MIL0214408,x@x.com,9999123456,9999123451,9999123452,1,1
MP00002806,MP00002806,2023-09-07,13:58:27,PL006,MIL0531940,x@x.com,9999123456,9999123451,9999123452,1,1
MP00002807,MP00002807,2023-09-07,13:58:27,PL003,MIL0362721,x@x.com,9999123456,9999123451,9999123452,1,1
MP00002808,MP00002808,2023-09-07,13:58:27,PL003,MIL0203680,x@x.com,9999123456,9999123451,9999123452,1,1
MP00002809,MP00002809,2023-09-07,13:58:27,PL013,MIL0429968,x@x.com,9999123456,9999123451,9999123452,1,1
MP00002810,MP00002810,2023-09-07,13:58:27,PL001,MIL0147687,x@x.com,9999123456,9999123451,9999123452,1,1
MP00002811,MP00002811,2023-09-07,13:58:27,PL010,MIL0332478,x@x.com,9999123456,9999123451,9999123452,1,1
MP00002812,MP00002812,2023-09-07,13:58:27,PL009,MIL0552868,x@x.com,9999123456,9999123451,9999123452,1,1
MP00002813,MP00002813,2023-09-07,13:58:27,PL002,MIL0070895,x@x.com,9999123456,9999123451,9999123452,1,1
MP00002814,MP00002814,2023-09-07,13:58:27,PL002,MIL0359672,x@x.com,9999123456,9999123451,9999123452,1,1
MP00002815,MP00002815,2023-09-07,13:58:27,PL009,MIL0263286,x@x.com,9999123456,9999123451,9999123452,1,1
MP00002816,MP00002816,2023-09-07,13:58:27,PL002,MIL0546358,x@x.com,9999123456,9999123451,9999123452,1,1
MP00002817,MP00002817,2023-09-07,13:58:27,PL001,MIL0115522,x@x.com,9999123456,9999123451,9999123452,1,1
MP00002818,MP00002818,2023-09-07,13:58:27,PL006,MIL0316624,x@x.com,9999123456,9999123451,9999123452,1,1
MP00002819,MP00002819,2023-09-07,13:58:27,PL001,MIL0289783,x@x.com,9999123456,9999123451,9999123452,1,1
MP00002820,MP00002820,2023-09-07,13:58:27,PL006,MIL0323245,x@x.com,9999123456,9999123451,9999123452,1,1
MP00002821,MP00002821,2023-09-07,13:58:27,PL012,MIL0142986,x@x.com,9999123456,9999123451,9999123452,1,1
MP00002822,MP00002822,2023-09-07,13:58:27,PL012,MIL0053079,x@x.com,9999123456,9999123451,9999123452,1,1
MP00002823,MP00002823,2023-09-07,13:58:27,PL008,MIL0081196,x@x.com,9999123456,9999123451,9999123452,1,1
MP00002824,MP00002824,2023-09-07,13:58:27,PL005,MIL0076110,x@x.com,9999123456,9999123451,9999123452,1,1
MP00002825,MP00002825,2023-09-07,13:58:27,PL011,MIL0233936,x@x.com,9999123456,9999123451,9999123452,1,1
MP00002826,MP00002826,2023-09-07,13:58:27,PL007,MIL0160547,x@x.com,9999123456,9999123451,9999123452,1,1
MP00002827,MP00002827,2023-09-07,13:58:27,PL004,MIL0181688,x@x.com,9999123456,9999123451,9999123452,1,1
MP00002828,MP00002828,2023-09-07,13:58:27,PL012,MIL0054131,x@x.com,9999123456,9999123451,9999123452,1,1
MP00002829,MP00002829,2023-09-07,13:58:27,PL009,MIL0259039,x@x.com,9999123456,9999123451,9999123452,1,1
MP00002830,MP00002830,2023-09-07,13:58:27,PL011,MIL0041762,x@x.com,9999123456,9999123451,9999123452,1,1
MP00002831,MP00002831,2023-09-07,13:58:27,PL012,MIL0382660,x@x.com,9999123456,9999123451,9999123452,1,1
MP00002832,MP00002832,2023-09-07,13:58:27,PL005,MIL0350777,x@x.com,9999123456,9999123451,9999123452,1,1
MP00002833,MP00002833,2023-09-07,13:58:27,PL009,MIL0073727,x@x.com,9999123456,9999123451,9999123452,1,1
MP00002834,MP00002834,2023-09-07,13:58:27,PL004,MIL0307981,x@x.com,9999123456,9999123451,9999123452,1,1
MP00002835,MP00002835,2023-09-07,13:58:27,PL002,MIL0052408,x@x.com,9999123456,9999123451,9999123452,1,1
MP00002836,MP00002836,2023-09-07,13:58:27,PL009,MIL0267195,x@x.com,9999123456,9999123451,9999123452,1,1
MP00002837,MP00002837,2023-09-07,13:58:27,PL008,MIL0457024,x@x.com,9999123456,9999123451,9999123452,1,1
MP00002838,MP00002838,2023-09-07,13:58:27,PL009,MIL0095969,x@x.com,9999123456,9999123451,9999123452,1,1
MP00002839,MP00002839,2023-09-07,13:58:27,PL002,MIL0202292,x@x.com,9999123456,9999123451,9999123452,1,1
MP00002840,MP00002840,2023-09-07,13:58:27,PL009,MIL0350759,x@x.com,9999123456,9999123451,9999123452,1,1
MP00002841,MP00002841,2023-09-07,13:58:27,PL010,MIL0543184,x@x.com,9999123456,9999123451,9999123452,1,1
MP00002842,MP00002842,2023-09-07,13:58:27,PL001,MIL0351033,x@x.com,9999123456,9999123451,9999123452,1,1
MP00002843,MP00002843,2023-09-07,13:58:27,PL005,MIL0169879,x@x.com,9999123456,9999123451,9999123452,1,1
MP00002844,MP00002844,2023-09-07,13:58:27,PL009,MIL0440606,x@x.com,9999123456,9999123451,9999123452,1,1
MP00002845,MP00002845,2023-09-07,13:58:27,PL011,MIL0455770,x@x.com,9999123456,9999123451,9999123452,1,1
MP00002846,MP00002846,2023-09-07,13:58:27,PL003,MIL0342536,x@x.com,9999123456,9999123451,9999123452,1,1
MP00002847,MP00002847,2023-09-07,13:58:27,PL009,MIL0164442,x@x.com,9999123456,9999123451,9999123452,1,1
MP00002848,MP00002848,2023-09-07,13:58:27,PL010,MIL0455510,x@x.com,9999123456,9999123451,9999123452,1,1
MP00002849,MP00002849,2023-09-07,13:58:27,PL007,MIL0576080,x@x.com,9999123456,9999123451,9999123452,1,1
MP00002850,MP00002850,2023-09-07,13:58:27,PL009,MIL0536721,x@x.com,9999123456,9999123451,9999123452,1,1
MP00002851,MP00002851,2023-09-07,13:58:27,PL013,MIL0325106,x@x.com,9999123456,9999123451,9999123452,1,1
MP00002852,MP00002852,2023-09-07,13:58:27,PL012,MIL0461504,x@x.com,9999123456,9999123451,9999123452,1,1
MP00002853,MP00002853,2023-09-07,13:58:27,PL010,MIL0416964,x@x.com,9999123456,9999123451,9999123452,1,1
MP00002854,MP00002854,2023-09-07,13:58:27,PL003,MIL0460747,x@x.com,9999123456,9999123451,9999123452,1,1
MP00002855,MP00002855,2023-09-07,13:58:27,PL001,MIL0234573,x@x.com,9999123456,9999123451,9999123452,1,1
MP00002856,MP00002856,2023-09-07,13:58:27,PL012,MIL0532090,x@x.com,9999123456,9999123451,9999123452,1,1
MP00002857,MP00002857,2023-09-07,13:58:27,PL011,MIL0426909,x@x.com,9999123456,9999123451,9999123452,1,1
MP00002858,MP00002858,2023-09-07,13:58:27,PL001,MIL0479284,x@x.com,9999123456,9999123451,9999123452,1,1
MP00002859,MP00002859,2023-09-07,13:58:27,PL008,MIL0003501,x@x.com,9999123456,9999123451,9999123452,1,1
MP00002860,MP00002860,2023-09-07,13:58:27,PL007,MIL0115617,x@x.com,9999123456,9999123451,9999123452,1,1
MP00002861,MP00002861,2023-09-07,13:58:27,PL002,MIL0253825,x@x.com,9999123456,9999123451,9999123452,1,1
MP00002862,MP00002862,2023-09-07,13:58:27,PL008,MIL0349257,x@x.com,9999123456,9999123451,9999123452,1,1
MP00002863,MP00002863,2023-09-07,13:58:27,PL009,MIL0008200,x@x.com,9999123456,9999123451,9999123452,1,1
MP00002864,MP00002864,2023-09-07,13:58:27,PL009,MIL0072270,x@x.com,9999123456,9999123451,9999123452,1,1
MP00002865,MP00002865,2023-09-07,13:58:27,PL011,MIL0555065,x@x.com,9999123456,9999123451,9999123452,1,1
MP00002866,MP00002866,2023-09-07,13:58:27,PL005,MIL0443856,x@x.com,9999123456,9999123451,9999123452,1,1
MP00002867,MP00002867,2023-09-07,13:58:27,PL002,MIL0029657,x@x.com,9999123456,9999123451,9999123452,1,1
MP00002868,MP00002868,2023-09-07,13:58:27,PL005,MIL0527555,x@x.com,9999123456,9999123451,9999123452,1,1
MP00002869,MP00002869,2023-09-07,13:58:27,PL007,MIL0510010,x@x.com,9999123456,9999123451,9999123452,1,1
MP00002870,MP00002870,2023-09-07,13:58:27,PL012,MIL0344114,x@x.com,9999123456,9999123451,9999123452,1,1
MP00002871,MP00002871,2023-09-07,13:58:27,PL002,MIL0148317,x@x.com,9999123456,9999123451,9999123452,1,1
MP00002872,MP00002872,2023-09-07,13:58:27,PL011,MIL0427101,x@x.com,9999123456,9999123451,9999123452,1,1
MP00002873,MP00002873,2023-09-07,13:58:27,PL007,MIL0329947,x@x.com,9999123456,9999123451,9999123452,1,1
MP00002874,MP00002874,2023-09-07,13:58:27,PL007,MIL0384141,x@x.com,9999123456,9999123451,9999123452,1,1
MP00002875,MP00002875,2023-09-07,13:58:27,PL009,MIL0230894,x@x.com,9999123456,9999123451,9999123452,1,1
MP00002876,MP00002876,2023-09-07,13:58:27,PL012,MIL0525270,x@x.com,9999123456,9999123451,9999123452,1,1
MP00002877,MP00002877,2023-09-07,13:58:27,PL001,MIL0042868,x@x.com,9999123456,9999123451,9999123452,1,1
MP00002878,MP00002878,2023-09-07,13:58:27,PL002,MIL0232389,x@x.com,9999123456,9999123451,9999123452,1,1
MP00002879,MP00002879,2023-09-07,13:58:27,PL005,MIL0453246,x@x.com,9999123456,9999123451,9999123452,1,1
MP00002880,MP00002880,2023-09-07,13:58:27,PL012,MIL0501151,x@x.com,9999123456,9999123451,9999123452,1,1
MP00002881,MP00002881,2023-09-07,13:58:27,PL004,MIL0203339,x@x.com,9999123456,9999123451,9999123452,1,1
MP00002882,MP00002882,2023-09-07,13:58:27,PL006,MIL0152126,x@x.com,9999123456,9999123451,9999123452,1,1
MP00002883,MP00002883,2023-09-07,13:58:27,PL011,MIL0028974,x@x.com,9999123456,9999123451,9999123452,1,1
MP00002884,MP00002884,2023-09-07,13:58:27,PL005,MIL0192847,x@x.com,9999123456,9999123451,9999123452,1,1
MP00002885,MP00002885,2023-09-07,13:58:27,PL006,MIL0037654,x@x.com,9999123456,9999123451,9999123452,1,1
MP00002886,MP00002886,2023-09-07,13:58:27,PL009,MIL0578009,x@x.com,9999123456,9999123451,9999123452,1,1
MP00002887,MP00002887,2023-09-07,13:58:27,PL008,MIL0410898,x@x.com,9999123456,9999123451,9999123452,1,1
MP00002888,MP00002888,2023-09-07,13:58:27,PL004,MIL0557784,x@x.com,9999123456,9999123451,9999123452,1,1
MP00002889,MP00002889,2023-09-07,13:58:27,PL001,MIL0416569,x@x.com,9999123456,9999123451,9999123452,1,1
MP00002890,MP00002890,2023-09-07,13:58:27,PL009,MIL0046145,x@x.com,9999123456,9999123451,9999123452,1,1
MP00002891,MP00002891,2023-09-07,13:58:27,PL004,MIL0436787,x@x.com,9999123456,9999123451,9999123452,1,1
MP00002892,MP00002892,2023-09-07,13:58:27,PL003,MIL0352792,x@x.com,9999123456,9999123451,9999123452,1,1
MP00002893,MP00002893,2023-09-07,13:58:27,PL006,MIL0504468,x@x.com,9999123456,9999123451,9999123452,1,1
MP00002894,MP00002894,2023-09-07,13:58:27,PL012,MIL0377912,x@x.com,9999123456,9999123451,9999123452,1,1
MP00002895,MP00002895,2023-09-07,13:58:27,PL010,MIL0031495,x@x.com,9999123456,9999123451,9999123452,1,1
MP00002896,MP00002896,2023-09-07,13:58:27,PL006,MIL0297419,x@x.com,9999123456,9999123451,9999123452,1,1
MP00002897,MP00002897,2023-09-07,13:58:27,PL004,MIL0066879,x@x.com,9999123456,9999123451,9999123452,1,1
MP00002898,MP00002898,2023-09-07,13:58:27,PL011,MIL0387440,x@x.com,9999123456,9999123451,9999123452,1,1
MP00002899,MP00002899,2023-09-07,13:58:27,PL005,MIL0259444,x@x.com,9999123456,9999123451,9999123452,1,1
MP00002900,MP00002900,2023-09-07,13:58:27,PL007,MIL0558627,x@x.com,9999123456,9999123451,9999123452,1,1
MP00002901,MP00002901,2023-09-07,13:58:27,PL004,MIL0184941,x@x.com,9999123456,9999123451,9999123452,1,1
MP00002902,MP00002902,2023-09-07,13:58:27,PL012,MIL0037357,x@x.com,9999123456,9999123451,9999123452,1,1
MP00002903,MP00002903,2023-09-07,13:58:27,PL003,MIL0325819,x@x.com,9999123456,9999123451,9999123452,1,1
MP00002904,MP00002904,2023-09-07,13:58:27,PL013,MIL0539180,x@x.com,9999123456,9999123451,9999123452,1,1
MP00002905,MP00002905,2023-09-07,13:58:27,PL011,MIL0330781,x@x.com,9999123456,9999123451,9999123452,1,1
MP00002906,MP00002906,2023-09-07,13:58:27,PL013,MIL0498596,x@x.com,9999123456,9999123451,9999123452,1,1
MP00002907,MP00002907,2023-09-07,13:58:27,PL013,MIL0388714,x@x.com,9999123456,9999123451,9999123452,1,1
MP00002908,MP00002908,2023-09-07,13:58:27,PL010,MIL0304053,x@x.com,9999123456,9999123451,9999123452,1,1
MP00002909,MP00002909,2023-09-07,13:58:27,PL001,MIL0577653,x@x.com,9999123456,9999123451,9999123452,1,1
MP00002910,MP00002910,2023-09-07,13:58:27,PL009,MIL0318889,x@x.com,9999123456,9999123451,9999123452,1,1
MP00002911,MP00002911,2023-09-07,13:58:27,PL011,MIL0474796,x@x.com,9999123456,9999123451,9999123452,1,1
MP00002912,MP00002912,2023-09-07,13:58:27,PL010,MIL0155994,x@x.com,9999123456,9999123451,9999123452,1,1
MP00002913,MP00002913,2023-09-07,13:58:27,PL010,MIL0561435,x@x.com,9999123456,9999123451,9999123452,1,1
MP00002914,MP00002914,2023-09-07,13:58:27,PL013,MIL0523480,x@x.com,9999123456,9999123451,9999123452,1,1
MP00002915,MP00002915,2023-09-07,13:58:27,PL012,MIL0203222,x@x.com,9999123456,9999123451,9999123452,1,1
MP00002916,MP00002916,2023-09-07,13:58:27,PL005,MIL0464811,x@x.com,9999123456,9999123451,9999123452,1,1
MP00002917,MP00002917,2023-09-07,13:58:27,PL002,MIL0279109,x@x.com,9999123456,9999123451,9999123452,1,1
MP00002918,MP00002918,2023-09-07,13:58:27,PL013,MIL0084641,x@x.com,9999123456,9999123451,9999123452,1,1
MP00002919,MP00002919,2023-09-07,13:58:27,PL004,MIL0431569,x@x.com,9999123456,9999123451,9999123452,1,1
MP00002920,MP00002920,2023-09-07,13:58:27,PL002,MIL0129700,x@x.com,9999123456,9999123451,9999123452,1,1
MP00002921,MP00002921,2023-09-07,13:58:27,PL009,MIL0233873,x@x.com,9999123456,9999123451,9999123452,1,1
MP00002922,MP00002922,2023-09-07,13:58:27,PL007,MIL0367081,x@x.com,9999123456,9999123451,9999123452,1,1
MP00002923,MP00002923,2023-09-07,13:58:27,PL002,MIL0136219,x@x.com,9999123456,9999123451,9999123452,1,1
MP00002924,MP00002924,2023-09-07,13:58:27,PL005,MIL0203575,x@x.com,9999123456,9999123451,9999123452,1,1
MP00002925,MP00002925,2023-09-07,13:58:27,PL007,MIL0237085,x@x.com,9999123456,9999123451,9999123452,1,1
MP00002926,MP00002926,2023-09-07,13:58:27,PL002,MIL0006190,x@x.com,9999123456,9999123451,9999123452,1,1
MP00002927,MP00002927,2023-09-07,13:58:27,PL012,MIL0099291,x@x.com,9999123456,9999123451,9999123452,1,1
MP00002928,MP00002928,2023-09-07,13:58:27,PL007,MIL0095113,x@x.com,9999123456,9999123451,9999123452,1,1
MP00002929,MP00002929,2023-09-07,13:58:27,PL007,MIL0161241,x@x.com,9999123456,9999123451,9999123452,1,1
MP00002930,MP00002930,2023-09-07,13:58:27,PL006,MIL0454000,x@x.com,9999123456,9999123451,9999123452,1,1
MP00002931,MP00002931,2023-09-07,13:58:27,PL002,MIL0365382,x@x.com,9999123456,9999123451,9999123452,1,1
MP00002932,MP00002932,2023-09-07,13:58:27,PL005,MIL0478815,x@x.com,9999123456,9999123451,9999123452,1,1
MP00002933,MP00002933,2023-09-07,13:58:27,PL002,MIL0320506,x@x.com,9999123456,9999123451,9999123452,1,1
MP00002934,MP00002934,2023-09-07,13:58:27,PL012,MIL0094614,x@x.com,9999123456,9999123451,9999123452,1,1
MP00002935,MP00002935,2023-09-07,13:58:27,PL012,MIL0532807,x@x.com,9999123456,9999123451,9999123452,1,1
MP00002936,MP00002936,2023-09-07,13:58:27,PL013,MIL0382983,x@x.com,9999123456,9999123451,9999123452,1,1
MP00002937,MP00002937,2023-09-07,13:58:27,PL011,MIL0369507,x@x.com,9999123456,9999123451,9999123452,1,1
MP00002938,MP00002938,2023-09-07,13:58:27,PL007,MIL0169037,x@x.com,9999123456,9999123451,9999123452,1,1
MP00002939,MP00002939,2023-09-07,13:58:27,PL011,MIL0240664,x@x.com,9999123456,9999123451,9999123452,1,1
MP00002940,MP00002940,2023-09-07,13:58:27,PL003,MIL0306262,x@x.com,9999123456,9999123451,9999123452,1,1
MP00002941,MP00002941,2023-09-07,13:58:27,PL002,MIL0492798,x@x.com,9999123456,9999123451,9999123452,1,1
MP00002942,MP00002942,2023-09-07,13:58:27,PL003,MIL0511629,x@x.com,9999123456,9999123451,9999123452,1,1
MP00002943,MP00002943,2023-09-07,13:58:27,PL012,MIL0013610,x@x.com,9999123456,9999123451,9999123452,1,1
MP00002944,MP00002944,2023-09-07,13:58:27,PL009,MIL0391727,x@x.com,9999123456,9999123451,9999123452,1,1
MP00002945,MP00002945,2023-09-07,13:58:27,PL010,MIL0078450,x@x.com,9999123456,9999123451,9999123452,1,1
MP00002946,MP00002946,2023-09-07,13:58:27,PL002,MIL0305828,x@x.com,9999123456,9999123451,9999123452,1,1
MP00002947,MP00002947,2023-09-07,13:58:27,PL009,MIL0110398,x@x.com,9999123456,9999123451,9999123452,1,1
MP00002948,MP00002948,2023-09-07,13:58:27,PL011,MIL0159297,x@x.com,9999123456,9999123451,9999123452,1,1
MP00002949,MP00002949,2023-09-07,13:58:27,PL005,MIL0505777,x@x.com,9999123456,9999123451,9999123452,1,1
MP00002950,MP00002950,2023-09-07,13:58:27,PL007,MIL0174976,x@x.com,9999123456,9999123451,9999123452,1,1
MP00002951,MP00002951,2023-09-07,13:58:27,PL006,MIL0217216,x@x.com,9999123456,9999123451,9999123452,1,1
MP00002952,MP00002952,2023-09-07,13:58:27,PL007,MIL0301649,x@x.com,9999123456,9999123451,9999123452,1,1
MP00002953,MP00002953,2023-09-07,13:58:27,PL008,MIL0110633,x@x.com,9999123456,9999123451,9999123452,1,1
MP00002954,MP00002954,2023-09-07,13:58:27,PL009,MIL0367702,x@x.com,9999123456,9999123451,9999123452,1,1
MP00002955,MP00002955,2023-09-07,13:58:27,PL002,MIL0238806,x@x.com,9999123456,9999123451,9999123452,1,1
MP00002956,MP00002956,2023-09-07,13:58:27,PL011,MIL0128362,x@x.com,9999123456,9999123451,9999123452,1,1
MP00002957,MP00002957,2023-09-07,13:58:27,PL011,MIL0267834,x@x.com,9999123456,9999123451,9999123452,1,1
MP00002958,MP00002958,2023-09-07,13:58:27,PL007,MIL0225412,x@x.com,9999123456,9999123451,9999123452,1,1
MP00002959,MP00002959,2023-09-07,13:58:27,PL005,MIL0172252,x@x.com,9999123456,9999123451,9999123452,1,1
MP00002960,MP00002960,2023-09-07,13:58:27,PL007,MIL0057903,x@x.com,9999123456,9999123451,9999123452,1,1
MP00002961,MP00002961,2023-09-07,13:58:27,PL004,MIL0258270,x@x.com,9999123456,9999123451,9999123452,1,1
MP00002962,MP00002962,2023-09-07,13:58:27,PL011,MIL0439792,x@x.com,9999123456,9999123451,9999123452,1,1
MP00002963,MP00002963,2023-09-07,13:58:27,PL008,MIL0358828,x@x.com,9999123456,9999123451,9999123452,1,1
MP00002964,MP00002964,2023-09-07,13:58:27,PL003,MIL0404418,x@x.com,9999123456,9999123451,9999123452,1,1
MP00002965,MP00002965,2023-09-07,13:58:27,PL007,MIL0172541,x@x.com,9999123456,9999123451,9999123452,1,1
MP00002966,MP00002966,2023-09-07,13:58:27,PL007,MIL0053001,x@x.com,9999123456,9999123451,9999123452,1,1
MP00002967,MP00002967,2023-09-07,13:58:27,PL001,MIL0102473,x@x.com,9999123456,9999123451,9999123452,1,1
MP00002968,MP00002968,2023-09-07,13:58:27,PL010,MIL0096598,x@x.com,9999123456,9999123451,9999123452,1,1
MP00002969,MP00002969,2023-09-07,13:58:27,PL009,MIL0055050,x@x.com,9999123456,9999123451,9999123452,1,1
MP00002970,MP00002970,2023-09-07,13:58:27,PL010,MIL0382111,x@x.com,9999123456,9999123451,9999123452,1,1
MP00002971,MP00002971,2023-09-07,13:58:27,PL009,MIL0119185,x@x.com,9999123456,9999123451,9999123452,1,1
MP00002972,MP00002972,2023-09-07,13:58:27,PL009,MIL0015945,x@x.com,9999123456,9999123451,9999123452,1,1
MP00002973,MP00002973,2023-09-07,13:58:27,PL007,MIL0169341,x@x.com,9999123456,9999123451,9999123452,1,1
MP00002974,MP00002974,2023-09-07,13:58:27,PL011,MIL0557420,x@x.com,9999123456,9999123451,9999123452,1,1
MP00002975,MP00002975,2023-09-07,13:58:27,PL010,MIL0165006,x@x.com,9999123456,9999123451,9999123452,1,1
MP00002976,MP00002976,2023-09-07,13:58:27,PL011,MIL0054480,x@x.com,9999123456,9999123451,9999123452,1,1
MP00002977,MP00002977,2023-09-07,13:58:27,PL008,MIL0330965,x@x.com,9999123456,9999123451,9999123452,1,1
MP00002978,MP00002978,2023-09-07,13:58:27,PL007,MIL0025969,x@x.com,9999123456,9999123451,9999123452,1,1
MP00002979,MP00002979,2023-09-07,13:58:27,PL010,MIL0092185,x@x.com,9999123456,9999123451,9999123452,1,1
MP00002980,MP00002980,2023-09-07,13:58:27,PL003,MIL0117965,x@x.com,9999123456,9999123451,9999123452,1,1
MP00002981,MP00002981,2023-09-07,13:58:27,PL013,MIL0270667,x@x.com,9999123456,9999123451,9999123452,1,1
MP00002982,MP00002982,2023-09-07,13:58:27,PL010,MIL0489744,x@x.com,9999123456,9999123451,9999123452,1,1
MP00002983,MP00002983,2023-09-07,13:58:27,PL010,MIL0159370,x@x.com,9999123456,9999123451,9999123452,1,1
MP00002984,MP00002984,2023-09-07,13:58:27,PL007,MIL0234068,x@x.com,9999123456,9999123451,9999123452,1,1
MP00002985,MP00002985,2023-09-07,13:58:27,PL011,MIL0270803,x@x.com,9999123456,9999123451,9999123452,1,1
MP00002986,MP00002986,2023-09-07,13:58:27,PL008,MIL0028560,x@x.com,9999123456,9999123451,9999123452,1,1
MP00002987,MP00002987,2023-09-07,13:58:27,PL007,MIL0188941,x@x.com,9999123456,9999123451,9999123452,1,1
MP00002988,MP00002988,2023-09-07,13:58:27,PL005,MIL0344826,x@x.com,9999123456,9999123451,9999123452,1,1
MP00002989,MP00002989,2023-09-07,13:58:27,PL002,MIL0198350,x@x.com,9999123456,9999123451,9999123452,1,1
MP00002990,MP00002990,2023-09-07,13:58:27,PL013,MIL0023270,x@x.com,9999123456,9999123451,9999123452,1,1
MP00002991,MP00002991,2023-09-07,13:58:27,PL001,MIL0169609,x@x.com,9999123456,9999123451,9999123452,1,1
MP00002992,MP00002992,2023-09-07,13:58:27,PL010,MIL0422325,x@x.com,9999123456,9999123451,9999123452,1,1
MP00002993,MP00002993,2023-09-07,13:58:27,PL008,MIL0286081,x@x.com,9999123456,9999123451,9999123452,1,1
MP00002994,MP00002994,2023-09-07,13:58:27,PL008,MIL0361247,x@x.com,9999123456,9999123451,9999123452,1,1
MP00002995,MP00002995,2023-09-07,13:58:27,PL011,MIL0547587,x@x.com,9999123456,9999123451,9999123452,1,1
MP00002996,MP00002996,2023-09-07,13:58:27,PL003,MIL0328487,x@x.com,9999123456,9999123451,9999123452,1,1
MP00002997,MP00002997,2023-09-07,13:58:27,PL005,MIL0049709,x@x.com,9999123456,9999123451,9999123452,1,1
