clave,folio,fecha,hora,clave_partido_legado,clave_ciudadano,correo_electronico,whatsapp,telefono,celular,obseravaciones,status
clave,folio,fecha,hora,clave_partido_legado,clave_ciudadano,correo_electronico,whatsapp,telefono,celular,obseravaciones,status
MP00006994,MP00006994,2023-09-07,13:58:27,PL003,MIL0082980,x@x.com,9999123456,9999123451,9999123452,1,1
MP00006995,MP00006995,2023-09-07,13:58:27,PL003,MIL0483300,x@x.com,9999123456,9999123451,9999123452,1,1
MP00006996,MP00006996,2023-09-07,13:58:27,PL002,MIL0447265,x@x.com,9999123456,9999123451,9999123452,1,1
MP00006997,MP00006997,2023-09-07,13:58:27,PL013,MIL0521962,x@x.com,9999123456,9999123451,9999123452,1,1
MP00006998,MP00006998,2023-09-07,13:58:27,PL013,MIL0429473,x@x.com,9999123456,9999123451,9999123452,1,1
MP00006999,MP00006999,2023-09-07,13:58:27,PL007,MIL0057891,x@x.com,9999123456,9999123451,9999123452,1,1
MP00007000,MP00007000,2023-09-07,13:58:27,PL008,MIL0064597,x@x.com,9999123456,9999123451,9999123452,1,1
MP00007001,MP00007001,2023-09-07,13:58:27,PL011,MIL0285239,x@x.com,9999123456,9999123451,9999123452,1,1
MP00007002,MP00007002,2023-09-07,13:58:27,PL006,MIL0198080,x@x.com,9999123456,9999123451,9999123452,1,1
MP00007003,MP00007003,2023-09-07,13:58:27,PL011,MIL0407194,x@x.com,9999123456,9999123451,9999123452,1,1
MP00007004,MP00007004,2023-09-07,13:58:27,PL004,MIL0383330,x@x.com,9999123456,9999123451,9999123452,1,1
MP00007005,MP00007005,2023-09-07,13:58:27,PL002,MIL0140910,x@x.com,9999123456,9999123451,9999123452,1,1
MP00007006,MP00007006,2023-09-07,13:58:27,PL013,MIL0532635,x@x.com,9999123456,9999123451,9999123452,1,1
MP00007007,MP00007007,2023-09-07,13:58:27,PL009,MIL0046877,x@x.com,9999123456,9999123451,9999123452,1,1
MP00007008,MP00007008,2023-09-07,13:58:27,PL007,MIL0250184,x@x.com,9999123456,9999123451,9999123452,1,1
MP00007009,MP00007009,2023-09-07,13:58:27,PL001,MIL0184231,x@x.com,9999123456,9999123451,9999123452,1,1
MP00007010,MP00007010,2023-09-07,13:58:27,PL009,MIL0137553,x@x.com,9999123456,9999123451,9999123452,1,1
MP00007011,MP00007011,2023-09-07,13:58:27,PL001,MIL0171947,x@x.com,9999123456,9999123451,9999123452,1,1
MP00007012,MP00007012,2023-09-07,13:58:27,PL008,MIL0341146,x@x.com,9999123456,9999123451,9999123452,1,1
MP00007013,MP00007013,2023-09-07,13:58:27,PL007,MIL0212047,x@x.com,9999123456,9999123451,9999123452,1,1
MP00007014,MP00007014,2023-09-07,13:58:27,PL011,MIL0021063,x@x.com,9999123456,9999123451,9999123452,1,1
MP00007015,MP00007015,2023-09-07,13:58:27,PL012,MIL0425855,x@x.com,9999123456,9999123451,9999123452,1,1
MP00007016,MP00007016,2023-09-07,13:58:27,PL005,MIL0470642,x@x.com,9999123456,9999123451,9999123452,1,1
MP00007017,MP00007017,2023-09-07,13:58:27,PL004,MIL0136567,x@x.com,9999123456,9999123451,9999123452,1,1
MP00007018,MP00007018,2023-09-07,13:58:27,PL010,MIL0431423,x@x.com,9999123456,9999123451,9999123452,1,1
MP00007019,MP00007019,2023-09-07,13:58:27,PL001,MIL0502880,x@x.com,9999123456,9999123451,9999123452,1,1
MP00007020,MP00007020,2023-09-07,13:58:27,PL005,MIL0489797,x@x.com,9999123456,9999123451,9999123452,1,1
MP00007021,MP00007021,2023-09-07,13:58:27,PL004,MIL0576819,x@x.com,9999123456,9999123451,9999123452,1,1
MP00007022,MP00007022,2023-09-07,13:58:27,PL009,MIL0077827,x@x.com,9999123456,9999123451,9999123452,1,1
MP00007023,MP00007023,2023-09-07,13:58:27,PL005,MIL0314539,x@x.com,9999123456,9999123451,9999123452,1,1
MP00007024,MP00007024,2023-09-07,13:58:27,PL008,MIL0234183,x@x.com,9999123456,9999123451,9999123452,1,1
MP00007025,MP00007025,2023-09-07,13:58:27,PL005,MIL0072020,x@x.com,9999123456,9999123451,9999123452,1,1
MP00007026,MP00007026,2023-09-07,13:58:27,PL009,MIL0136009,x@x.com,9999123456,9999123451,9999123452,1,1
MP00007027,MP00007027,2023-09-07,13:58:27,PL005,MIL0476046,x@x.com,9999123456,9999123451,9999123452,1,1
MP00007028,MP00007028,2023-09-07,13:58:27,PL012,MIL0514377,x@x.com,9999123456,9999123451,9999123452,1,1
MP00007029,MP00007029,2023-09-07,13:58:27,PL010,MIL0562330,x@x.com,9999123456,9999123451,9999123452,1,1
MP00007030,MP00007030,2023-09-07,13:58:27,PL004,MIL0103659,x@x.com,9999123456,9999123451,9999123452,1,1
MP00007031,MP00007031,2023-09-07,13:58:27,PL011,MIL0012064,x@x.com,9999123456,9999123451,9999123452,1,1
MP00007032,MP00007032,2023-09-07,13:58:27,PL013,MIL0511870,x@x.com,9999123456,9999123451,9999123452,1,1
MP00007033,MP00007033,2023-09-07,13:58:27,PL008,MIL0118334,x@x.com,9999123456,9999123451,9999123452,1,1
MP00007034,MP00007034,2023-09-07,13:58:27,PL002,MIL0460017,x@x.com,9999123456,9999123451,9999123452,1,1
MP00007035,MP00007035,2023-09-07,13:58:27,PL008,MIL0270544,x@x.com,9999123456,9999123451,9999123452,1,1
MP00007036,MP00007036,2023-09-07,13:58:27,PL008,MIL0374613,x@x.com,9999123456,9999123451,9999123452,1,1
MP00007037,MP00007037,2023-09-07,13:58:27,PL010,MIL0068018,x@x.com,9999123456,9999123451,9999123452,1,1
MP00007038,MP00007038,2023-09-07,13:58:27,PL004,MIL0309204,x@x.com,9999123456,9999123451,9999123452,1,1
MP00007039,MP00007039,2023-09-07,13:58:27,PL008,MIL0248906,x@x.com,9999123456,9999123451,9999123452,1,1
MP00007040,MP00007040,2023-09-07,13:58:27,PL006,MIL0401909,x@x.com,9999123456,9999123451,9999123452,1,1
MP00007041,MP00007041,2023-09-07,13:58:27,PL006,MIL0186825,x@x.com,9999123456,9999123451,9999123452,1,1
MP00007042,MP00007042,2023-09-07,13:58:27,PL009,MIL0294803,x@x.com,9999123456,9999123451,9999123452,1,1
MP00007043,MP00007043,2023-09-07,13:58:27,PL008,MIL0537512,x@x.com,9999123456,9999123451,9999123452,1,1
MP00007044,MP00007044,2023-09-07,13:58:27,PL002,MIL0354116,x@x.com,9999123456,9999123451,9999123452,1,1
MP00007045,MP00007045,2023-09-07,13:58:27,PL009,MIL0379638,x@x.com,9999123456,9999123451,9999123452,1,1
MP00007046,MP00007046,2023-09-07,13:58:27,PL002,MIL0460635,x@x.com,9999123456,9999123451,9999123452,1,1
MP00007047,MP00007047,2023-09-07,13:58:27,PL007,MIL0217013,x@x.com,9999123456,9999123451,9999123452,1,1
MP00007048,MP00007048,2023-09-07,13:58:27,PL002,MIL0093110,x@x.com,9999123456,9999123451,9999123452,1,1
MP00007049,MP00007049,2023-09-07,13:58:27,PL008,MIL0026875,x@x.com,9999123456,9999123451,9999123452,1,1
MP00007050,MP00007050,2023-09-07,13:58:27,PL008,MIL0178808,x@x.com,9999123456,9999123451,9999123452,1,1
MP00007051,MP00007051,2023-09-07,13:58:27,PL009,MIL0502981,x@x.com,9999123456,9999123451,9999123452,1,1
MP00007052,MP00007052,2023-09-07,13:58:27,PL011,MIL0174093,x@x.com,9999123456,9999123451,9999123452,1,1
MP00007053,MP00007053,2023-09-07,13:58:27,PL006,MIL0337567,x@x.com,9999123456,9999123451,9999123452,1,1
MP00007054,MP00007054,2023-09-07,13:58:27,PL005,MIL0093231,x@x.com,9999123456,9999123451,9999123452,1,1
MP00007055,MP00007055,2023-09-07,13:58:27,PL004,MIL0310959,x@x.com,9999123456,9999123451,9999123452,1,1
MP00007056,MP00007056,2023-09-07,13:58:27,PL011,MIL0097312,x@x.com,9999123456,9999123451,9999123452,1,1
MP00007057,MP00007057,2023-09-07,13:58:27,PL009,MIL0084192,x@x.com,9999123456,9999123451,9999123452,1,1
MP00007058,MP00007058,2023-09-07,13:58:27,PL001,MIL0335041,x@x.com,9999123456,9999123451,9999123452,1,1
MP00007059,MP00007059,2023-09-07,13:58:27,PL007,MIL0069037,x@x.com,9999123456,9999123451,9999123452,1,1
MP00007060,MP00007060,2023-09-07,13:58:27,PL011,MIL0044394,x@x.com,9999123456,9999123451,9999123452,1,1
MP00007061,MP00007061,2023-09-07,13:58:27,PL011,MIL0507437,x@x.com,9999123456,9999123451,9999123452,1,1
MP00007062,MP00007062,2023-09-07,13:58:27,PL010,MIL0580397,x@x.com,9999123456,9999123451,9999123452,1,1
MP00007063,MP00007063,2023-09-07,13:58:27,PL009,MIL0292708,x@x.com,9999123456,9999123451,9999123452,1,1
MP00007064,MP00007064,2023-09-07,13:58:27,PL005,MIL0488803,x@x.com,9999123456,9999123451,9999123452,1,1
MP00007065,MP00007065,2023-09-07,13:58:27,PL006,MIL0226715,x@x.com,9999123456,9999123451,9999123452,1,1
MP00007066,MP00007066,2023-09-07,13:58:27,PL002,MIL0550509,x@x.com,9999123456,9999123451,9999123452,1,1
MP00007067,MP00007067,2023-09-07,13:58:27,PL013,MIL0036915,x@x.com,9999123456,9999123451,9999123452,1,1
MP00007068,MP00007068,2023-09-07,13:58:27,PL009,MIL0447662,x@x.com,9999123456,9999123451,9999123452,1,1
MP00007069,MP00007069,2023-09-07,13:58:27,PL013,MIL0063489,x@x.com,9999123456,9999123451,9999123452,1,1
MP00007070,MP00007070,2023-09-07,13:58:27,PL007,MIL0002907,x@x.com,9999123456,9999123451,9999123452,1,1
MP00007071,MP00007071,2023-09-07,13:58:27,PL005,MIL0280101,x@x.com,9999123456,9999123451,9999123452,1,1
MP00007072,MP00007072,2023-09-07,13:58:27,PL012,MIL0092754,x@x.com,9999123456,9999123451,9999123452,1,1
MP00007073,MP00007073,2023-09-07,13:58:27,PL012,MIL0290990,x@x.com,9999123456,9999123451,9999123452,1,1
MP00007074,MP00007074,2023-09-07,13:58:27,PL008,MIL0479906,x@x.com,9999123456,9999123451,9999123452,1,1
MP00007075,MP00007075,2023-09-07,13:58:27,PL010,MIL0487804,x@x.com,9999123456,9999123451,9999123452,1,1
MP00007076,MP00007076,2023-09-07,13:58:27,PL005,MIL0151454,x@x.com,9999123456,9999123451,9999123452,1,1
MP00007077,MP00007077,2023-09-07,13:58:27,PL010,MIL0549425,x@x.com,9999123456,9999123451,9999123452,1,1
MP00007078,MP00007078,2023-09-07,13:58:27,PL001,MIL0017748,x@x.com,9999123456,9999123451,9999123452,1,1
MP00007079,MP00007079,2023-09-07,13:58:27,PL012,MIL0087544,x@x.com,9999123456,9999123451,9999123452,1,1
MP00007080,MP00007080,2023-09-07,13:58:27,PL008,MIL0309549,x@x.com,9999123456,9999123451,9999123452,1,1
MP00007081,MP00007081,2023-09-07,13:58:27,PL003,MIL0373260,x@x.com,9999123456,9999123451,9999123452,1,1
MP00007082,MP00007082,2023-09-07,13:58:27,PL010,MIL0066944,x@x.com,9999123456,9999123451,9999123452,1,1
MP00007083,MP00007083,2023-09-07,13:58:27,PL010,MIL0082404,x@x.com,9999123456,9999123451,9999123452,1,1
MP00007084,MP00007084,2023-09-07,13:58:27,PL008,MIL0407036,x@x.com,9999123456,9999123451,9999123452,1,1
MP00007085,MP00007085,2023-09-07,13:58:27,PL008,MIL0209490,x@x.com,9999123456,9999123451,9999123452,1,1
MP00007086,MP00007086,2023-09-07,13:58:27,PL010,MIL0508355,x@x.com,9999123456,9999123451,9999123452,1,1
MP00007087,MP00007087,2023-09-07,13:58:27,PL009,MIL0448945,x@x.com,9999123456,9999123451,9999123452,1,1
MP00007088,MP00007088,2023-09-07,13:58:27,PL006,MIL0346660,x@x.com,9999123456,9999123451,9999123452,1,1
MP00007089,MP00007089,2023-09-07,13:58:27,PL004,MIL0192924,x@x.com,9999123456,9999123451,9999123452,1,1
MP00007090,MP00007090,2023-09-07,13:58:27,PL012,MIL0154449,x@x.com,9999123456,9999123451,9999123452,1,1
MP00007091,MP00007091,2023-09-07,13:58:27,PL008,MIL0470830,x@x.com,9999123456,9999123451,9999123452,1,1
MP00007092,MP00007092,2023-09-07,13:58:27,PL007,MIL0160098,x@x.com,9999123456,9999123451,9999123452,1,1
MP00007093,MP00007093,2023-09-07,13:58:27,PL010,MIL0302520,x@x.com,9999123456,9999123451,9999123452,1,1
MP00007094,MP00007094,2023-09-07,13:58:27,PL005,MIL0051684,x@x.com,9999123456,9999123451,9999123452,1,1
MP00007095,MP00007095,2023-09-07,13:58:27,PL004,MIL0136133,x@x.com,9999123456,9999123451,9999123452,1,1
MP00007096,MP00007096,2023-09-07,13:58:27,PL012,MIL0500933,x@x.com,9999123456,9999123451,9999123452,1,1
MP00007097,MP00007097,2023-09-07,13:58:27,PL002,MIL0199079,x@x.com,9999123456,9999123451,9999123452,1,1
MP00007098,MP00007098,2023-09-07,13:58:27,PL012,MIL0140720,x@x.com,9999123456,9999123451,9999123452,1,1
MP00007099,MP00007099,2023-09-07,13:58:27,PL008,MIL0279677,x@x.com,9999123456,9999123451,9999123452,1,1
MP00007100,MP00007100,2023-09-07,13:58:27,PL004,MIL0551487,x@x.com,9999123456,9999123451,9999123452,1,1
MP00007101,MP00007101,2023-09-07,13:58:27,PL002,MIL0465754,x@x.com,9999123456,9999123451,9999123452,1,1
MP00007102,MP00007102,2023-09-07,13:58:27,PL008,MIL0081560,x@x.com,9999123456,9999123451,9999123452,1,1
MP00007103,MP00007103,2023-09-07,13:58:27,PL013,MIL0242814,x@x.com,9999123456,9999123451,9999123452,1,1
MP00007104,MP00007104,2023-09-07,13:58:27,PL004,MIL0063696,x@x.com,9999123456,9999123451,9999123452,1,1
MP00007105,MP00007105,2023-09-07,13:58:27,PL004,MIL0527570,x@x.com,9999123456,9999123451,9999123452,1,1
MP00007106,MP00007106,2023-09-07,13:58:27,PL007,MIL0375222,x@x.com,9999123456,9999123451,9999123452,1,1
MP00007107,MP00007107,2023-09-07,13:58:27,PL004,MIL0538573,x@x.com,9999123456,9999123451,9999123452,1,1
MP00007108,MP00007108,2023-09-07,13:58:27,PL013,MIL0089613,x@x.com,9999123456,9999123451,9999123452,1,1
MP00007109,MP00007109,2023-09-07,13:58:27,PL003,MIL0575775,x@x.com,9999123456,9999123451,9999123452,1,1
MP00007110,MP00007110,2023-09-07,13:58:27,PL010,MIL0169883,x@x.com,9999123456,9999123451,9999123452,1,1
MP00007111,MP00007111,2023-09-07,13:58:27,PL004,MIL0085195,x@x.com,9999123456,9999123451,9999123452,1,1
MP00007112,MP00007112,2023-09-07,13:58:27,PL002,MIL0343123,x@x.com,9999123456,9999123451,9999123452,1,1
MP00007113,MP00007113,2023-09-07,13:58:27,PL003,MIL0314565,x@x.com,9999123456,9999123451,9999123452,1,1
MP00007114,MP00007114,2023-09-07,13:58:27,PL013,MIL0197610,x@x.com,9999123456,9999123451,9999123452,1,1
MP00007115,MP00007115,2023-09-07,13:58:27,PL012,MIL0450321,x@x.com,9999123456,9999123451,9999123452,1,1
MP00007116,MP00007116,2023-09-07,13:58:27,PL011,MIL0565980,x@x.com,9999123456,9999123451,9999123452,1,1
MP00007117,MP00007117,2023-09-07,13:58:27,PL002,MIL0542077,x@x.com,9999123456,9999123451,9999123452,1,1
MP00007118,MP00007118,2023-09-07,13:58:27,PL010,MIL0295406,x@x.com,9999123456,9999123451,9999123452,1,1
MP00007119,MP00007119,2023-09-07,13:58:27,PL009,MIL0066542,x@x.com,9999123456,9999123451,9999123452,1,1
MP00007120,MP00007120,2023-09-07,13:58:27,PL008,MIL0376977,x@x.com,9999123456,9999123451,9999123452,1,1
MP00007121,MP00007121,2023-09-07,13:58:27,PL013,MIL0207267,x@x.com,9999123456,9999123451,9999123452,1,1
MP00007122,MP00007122,2023-09-07,13:58:27,PL012,MIL0008717,x@x.com,9999123456,9999123451,9999123452,1,1
MP00007123,MP00007123,2023-09-07,13:58:27,PL004,MIL0464717,x@x.com,9999123456,9999123451,9999123452,1,1
MP00007124,MP00007124,2023-09-07,13:58:27,PL013,MIL0538648,x@x.com,9999123456,9999123451,9999123452,1,1
MP00007125,MP00007125,2023-09-07,13:58:27,PL003,MIL0179746,x@x.com,9999123456,9999123451,9999123452,1,1
MP00007126,MP00007126,2023-09-07,13:58:27,PL007,MIL0267013,x@x.com,9999123456,9999123451,9999123452,1,1
MP00007127,MP00007127,2023-09-07,13:58:27,PL011,MIL0379820,x@x.com,9999123456,9999123451,9999123452,1,1
MP00007128,MP00007128,2023-09-07,13:58:27,PL013,MIL0261360,x@x.com,9999123456,9999123451,9999123452,1,1
MP00007129,MP00007129,2023-09-07,13:58:27,PL010,MIL0442694,x@x.com,9999123456,9999123451,9999123452,1,1
MP00007130,MP00007130,2023-09-07,13:58:27,PL002,MIL0481956,x@x.com,9999123456,9999123451,9999123452,1,1
MP00007131,MP00007131,2023-09-07,13:58:27,PL002,MIL0185926,x@x.com,9999123456,9999123451,9999123452,1,1
MP00007132,MP00007132,2023-09-07,13:58:27,PL009,MIL0378099,x@x.com,9999123456,9999123451,9999123452,1,1
MP00007133,MP00007133,2023-09-07,13:58:27,PL013,MIL0225995,x@x.com,9999123456,9999123451,9999123452,1,1
MP00007134,MP00007134,2023-09-07,13:58:27,PL009,MIL0160534,x@x.com,9999123456,9999123451,9999123452,1,1
MP00007135,MP00007135,2023-09-07,13:58:27,PL003,MIL0479671,x@x.com,9999123456,9999123451,9999123452,1,1
MP00007136,MP00007136,2023-09-07,13:58:27,PL004,MIL0201546,x@x.com,9999123456,9999123451,9999123452,1,1
MP00007137,MP00007137,2023-09-07,13:58:27,PL009,MIL0242287,x@x.com,9999123456,9999123451,9999123452,1,1
MP00007138,MP00007138,2023-09-07,13:58:27,PL010,MIL0307037,x@x.com,9999123456,9999123451,9999123452,1,1
MP00007139,MP00007139,2023-09-07,13:58:27,PL006,MIL0392533,x@x.com,9999123456,9999123451,9999123452,1,1
MP00007140,MP00007140,2023-09-07,13:58:27,PL007,MIL0053797,x@x.com,9999123456,9999123451,9999123452,1,1
MP00007141,MP00007141,2023-09-07,13:58:27,PL004,MIL0418597,x@x.com,9999123456,9999123451,9999123452,1,1
MP00007142,MP00007142,2023-09-07,13:58:27,PL001,MIL0177047,x@x.com,9999123456,9999123451,9999123452,1,1
MP00007143,MP00007143,2023-09-07,13:58:27,PL010,MIL0287353,x@x.com,9999123456,9999123451,9999123452,1,1
MP00007144,MP00007144,2023-09-07,13:58:27,PL003,MIL0308668,x@x.com,9999123456,9999123451,9999123452,1,1
MP00007145,MP00007145,2023-09-07,13:58:27,PL008,MIL0420998,x@x.com,9999123456,9999123451,9999123452,1,1
MP00007146,MP00007146,2023-09-07,13:58:27,PL006,MIL0347001,x@x.com,9999123456,9999123451,9999123452,1,1
MP00007147,MP00007147,2023-09-07,13:58:27,PL011,MIL0042661,x@x.com,9999123456,9999123451,9999123452,1,1
MP00007148,MP00007148,2023-09-07,13:58:27,PL010,MIL0486420,x@x.com,9999123456,9999123451,9999123452,1,1
MP00007149,MP00007149,2023-09-07,13:58:27,PL013,MIL0027210,x@x.com,9999123456,9999123451,9999123452,1,1
MP00007150,MP00007150,2023-09-07,13:58:27,PL004,MIL0145066,x@x.com,9999123456,9999123451,9999123452,1,1
MP00007151,MP00007151,2023-09-07,13:58:27,PL012,MIL0520029,x@x.com,9999123456,9999123451,9999123452,1,1
MP00007152,MP00007152,2023-09-07,13:58:27,PL001,MIL0340812,x@x.com,9999123456,9999123451,9999123452,1,1
MP00007153,MP00007153,2023-09-07,13:58:27,PL010,MIL0351450,x@x.com,9999123456,9999123451,9999123452,1,1
MP00007154,MP00007154,2023-09-07,13:58:27,PL002,MIL0451623,x@x.com,9999123456,9999123451,9999123452,1,1
MP00007155,MP00007155,2023-09-07,13:58:27,PL005,MIL0419021,x@x.com,9999123456,9999123451,9999123452,1,1
MP00007156,MP00007156,2023-09-07,13:58:27,PL003,MIL0531018,x@x.com,9999123456,9999123451,9999123452,1,1
MP00007157,MP00007157,2023-09-07,13:58:27,PL002,MIL0081905,x@x.com,9999123456,9999123451,9999123452,1,1
MP00007158,MP00007158,2023-09-07,13:58:27,PL011,MIL0281750,x@x.com,9999123456,9999123451,9999123452,1,1
MP00007159,MP00007159,2023-09-07,13:58:27,PL002,MIL0308513,x@x.com,9999123456,9999123451,9999123452,1,1
MP00007160,MP00007160,2023-09-07,13:58:27,PL007,MIL0409145,x@x.com,9999123456,9999123451,9999123452,1,1
MP00007161,MP00007161,2023-09-07,13:58:27,PL008,MIL0377393,x@x.com,9999123456,9999123451,9999123452,1,1
MP00007162,MP00007162,2023-09-07,13:58:27,PL012,MIL0343939,x@x.com,9999123456,9999123451,9999123452,1,1
MP00007163,MP00007163,2023-09-07,13:58:27,PL002,MIL0043259,x@x.com,9999123456,9999123451,9999123452,1,1
MP00007164,MP00007164,2023-09-07,13:58:27,PL010,MIL0333281,x@x.com,9999123456,9999123451,9999123452,1,1
MP00007165,MP00007165,2023-09-07,13:58:27,PL010,MIL0101328,x@x.com,9999123456,9999123451,9999123452,1,1
MP00007166,MP00007166,2023-09-07,13:58:27,PL007,MIL0195258,x@x.com,9999123456,9999123451,9999123452,1,1
MP00007167,MP00007167,2023-09-07,13:58:27,PL012,MIL0372381,x@x.com,9999123456,9999123451,9999123452,1,1
MP00007168,MP00007168,2023-09-07,13:58:27,PL012,MIL0202625,x@x.com,9999123456,9999123451,9999123452,1,1
MP00007169,MP00007169,2023-09-07,13:58:27,PL007,MIL0401825,x@x.com,9999123456,9999123451,9999123452,1,1
MP00007170,MP00007170,2023-09-07,13:58:27,PL012,MIL0382638,x@x.com,9999123456,9999123451,9999123452,1,1
MP00007171,MP00007171,2023-09-07,13:58:27,PL004,MIL0394289,x@x.com,9999123456,9999123451,9999123452,1,1
MP00007172,MP00007172,2023-09-07,13:58:27,PL009,MIL0039409,x@x.com,9999123456,9999123451,9999123452,1,1
MP00007173,MP00007173,2023-09-07,13:58:27,PL007,MIL0122444,x@x.com,9999123456,9999123451,9999123452,1,1
MP00007174,MP00007174,2023-09-07,13:58:27,PL012,MIL0510044,x@x.com,9999123456,9999123451,9999123452,1,1
MP00007175,MP00007175,2023-09-07,13:58:27,PL005,MIL0034897,x@x.com,9999123456,9999123451,9999123452,1,1
MP00007176,MP00007176,2023-09-07,13:58:27,PL001,MIL0065387,x@x.com,9999123456,9999123451,9999123452,1,1
MP00007177,MP00007177,2023-09-07,13:58:27,PL008,MIL0394357,x@x.com,9999123456,9999123451,9999123452,1,1
MP00007178,MP00007178,2023-09-07,13:58:27,PL008,MIL0209646,x@x.com,9999123456,9999123451,9999123452,1,1
MP00007179,MP00007179,2023-09-07,13:58:27,PL013,MIL0253005,x@x.com,9999123456,9999123451,9999123452,1,1
MP00007180,MP00007180,2023-09-07,13:58:27,PL009,MIL0229865,x@x.com,9999123456,9999123451,9999123452,1,1
MP00007181,MP00007181,2023-09-07,13:58:27,PL012,MIL0305197,x@x.com,9999123456,9999123451,9999123452,1,1
MP00007182,MP00007182,2023-09-07,13:58:27,PL005,MIL0263644,x@x.com,9999123456,9999123451,9999123452,1,1
MP00007183,MP00007183,2023-09-07,13:58:27,PL012,MIL0299994,x@x.com,9999123456,9999123451,9999123452,1,1
MP00007184,MP00007184,2023-09-07,13:58:27,PL012,MIL0393366,x@x.com,9999123456,9999123451,9999123452,1,1
MP00007185,MP00007185,2023-09-07,13:58:27,PL008,MIL0162886,x@x.com,9999123456,9999123451,9999123452,1,1
MP00007186,MP00007186,2023-09-07,13:58:27,PL012,MIL0425435,x@x.com,9999123456,9999123451,9999123452,1,1
MP00007187,MP00007187,2023-09-07,13:58:27,PL006,MIL0188865,x@x.com,9999123456,9999123451,9999123452,1,1
MP00007188,MP00007188,2023-09-07,13:58:27,PL005,MIL0119348,x@x.com,9999123456,9999123451,9999123452,1,1
MP00007189,MP00007189,2023-09-07,13:58:27,PL006,MIL0380540,x@x.com,9999123456,9999123451,9999123452,1,1
MP00007190,MP00007190,2023-09-07,13:58:27,PL008,MIL0092654,x@x.com,9999123456,9999123451,9999123452,1,1
MP00007191,MP00007191,2023-09-07,13:58:27,PL013,MIL0216702,x@x.com,9999123456,9999123451,9999123452,1,1
MP00007192,MP00007192,2023-09-07,13:58:27,PL013,MIL0203000,x@x.com,9999123456,9999123451,9999123452,1,1
MP00007193,MP00007193,2023-09-07,13:58:27,PL007,MIL0348193,x@x.com,9999123456,9999123451,9999123452,1,1
MP00007194,MP00007194,2023-09-07,13:58:27,PL001,MIL0411019,x@x.com,9999123456,9999123451,9999123452,1,1
MP00007195,MP00007195,2023-09-07,13:58:27,PL009,MIL0512661,x@x.com,9999123456,9999123451,9999123452,1,1
MP00007196,MP00007196,2023-09-07,13:58:27,PL002,MIL0530291,x@x.com,9999123456,9999123451,9999123452,1,1
MP00007197,MP00007197,2023-09-07,13:58:27,PL004,MIL0333163,x@x.com,9999123456,9999123451,9999123452,1,1
MP00007198,MP00007198,2023-09-07,13:58:27,PL007,MIL0191384,x@x.com,9999123456,9999123451,9999123452,1,1
MP00007199,MP00007199,2023-09-07,13:58:27,PL004,MIL0181417,x@x.com,9999123456,9999123451,9999123452,1,1
MP00007200,MP00007200,2023-09-07,13:58:27,PL012,MIL0575662,x@x.com,9999123456,9999123451,9999123452,1,1
MP00007201,MP00007201,2023-09-07,13:58:27,PL013,MIL0029879,x@x.com,9999123456,9999123451,9999123452,1,1
MP00007202,MP00007202,2023-09-07,13:58:27,PL007,MIL0017745,x@x.com,9999123456,9999123451,9999123452,1,1
MP00007203,MP00007203,2023-09-07,13:58:27,PL004,MIL0126634,x@x.com,9999123456,9999123451,9999123452,1,1
MP00007204,MP00007204,2023-09-07,13:58:27,PL004,MIL0219978,x@x.com,9999123456,9999123451,9999123452,1,1
MP00007205,MP00007205,2023-09-07,13:58:27,PL003,MIL0307589,x@x.com,9999123456,9999123451,9999123452,1,1
MP00007206,MP00007206,2023-09-07,13:58:27,PL005,MIL0185329,x@x.com,9999123456,9999123451,9999123452,1,1
MP00007207,MP00007207,2023-09-07,13:58:27,PL009,MIL0547747,x@x.com,9999123456,9999123451,9999123452,1,1
MP00007208,MP00007208,2023-09-07,13:58:27,PL013,MIL0349301,x@x.com,9999123456,9999123451,9999123452,1,1
MP00007209,MP00007209,2023-09-07,13:58:27,PL009,MIL0481304,x@x.com,9999123456,9999123451,9999123452,1,1
MP00007210,MP00007210,2023-09-07,13:58:27,PL012,MIL0487983,x@x.com,9999123456,9999123451,9999123452,1,1
MP00007211,MP00007211,2023-09-07,13:58:27,PL004,MIL0311944,x@x.com,9999123456,9999123451,9999123452,1,1
MP00007212,MP00007212,2023-09-07,13:58:27,PL013,MIL0536935,x@x.com,9999123456,9999123451,9999123452,1,1
MP00007213,MP00007213,2023-09-07,13:58:27,PL012,MIL0057022,x@x.com,9999123456,9999123451,9999123452,1,1
MP00007214,MP00007214,2023-09-07,13:58:27,PL008,MIL0385589,x@x.com,9999123456,9999123451,9999123452,1,1
MP00007215,MP00007215,2023-09-07,13:58:27,PL007,MIL0026797,x@x.com,9999123456,9999123451,9999123452,1,1
MP00007216,MP00007216,2023-09-07,13:58:27,PL010,MIL0535007,x@x.com,9999123456,9999123451,9999123452,1,1
MP00007217,MP00007217,2023-09-07,13:58:27,PL002,MIL0554036,x@x.com,9999123456,9999123451,9999123452,1,1
MP00007218,MP00007218,2023-09-07,13:58:27,PL006,MIL0028561,x@x.com,9999123456,9999123451,9999123452,1,1
MP00007219,MP00007219,2023-09-07,13:58:27,PL010,MIL0307180,x@x.com,9999123456,9999123451,9999123452,1,1
MP00007220,MP00007220,2023-09-07,13:58:27,PL004,MIL0393874,x@x.com,9999123456,9999123451,9999123452,1,1
MP00007221,MP00007221,2023-09-07,13:58:27,PL003,MIL0272931,x@x.com,9999123456,9999123451,9999123452,1,1
MP00007222,MP00007222,2023-09-07,13:58:27,PL006,MIL0499020,x@x.com,9999123456,9999123451,9999123452,1,1
MP00007223,MP00007223,2023-09-07,13:58:27,PL008,MIL0402891,x@x.com,9999123456,9999123451,9999123452,1,1
MP00007224,MP00007224,2023-09-07,13:58:27,PL005,MIL0111562,x@x.com,9999123456,9999123451,9999123452,1,1
MP00007225,MP00007225,2023-09-07,13:58:27,PL009,MIL0137462,x@x.com,9999123456,9999123451,9999123452,1,1
MP00007226,MP00007226,2023-09-07,13:58:27,PL009,MIL0541083,x@x.com,9999123456,9999123451,9999123452,1,1
MP00007227,MP00007227,2023-09-07,13:58:27,PL006,MIL0330582,x@x.com,9999123456,9999123451,9999123452,1,1
MP00007228,MP00007228,2023-09-07,13:58:27,PL013,MIL0376624,x@x.com,9999123456,9999123451,9999123452,1,1
MP00007229,MP00007229,2023-09-07,13:58:27,PL008,MIL0290044,x@x.com,9999123456,9999123451,9999123452,1,1
MP00007230,MP00007230,2023-09-07,13:58:27,PL007,MIL0555646,x@x.com,9999123456,9999123451,9999123452,1,1
MP00007231,MP00007231,2023-09-07,13:58:27,PL004,MIL0154527,x@x.com,9999123456,9999123451,9999123452,1,1
MP00007232,MP00007232,2023-09-07,13:58:27,PL003,MIL0323789,x@x.com,9999123456,9999123451,9999123452,1,1
MP00007233,MP00007233,2023-09-07,13:58:27,PL003,MIL0365399,x@x.com,9999123456,9999123451,9999123452,1,1
MP00007234,MP00007234,2023-09-07,13:58:27,PL002,MIL0162348,x@x.com,9999123456,9999123451,9999123452,1,1
MP00007235,MP00007235,2023-09-07,13:58:27,PL008,MIL0220283,x@x.com,9999123456,9999123451,9999123452,1,1
MP00007236,MP00007236,2023-09-07,13:58:27,PL005,MIL0548368,x@x.com,9999123456,9999123451,9999123452,1,1
MP00007237,MP00007237,2023-09-07,13:58:27,PL008,MIL0330644,x@x.com,9999123456,9999123451,9999123452,1,1
MP00007238,MP00007238,2023-09-07,13:58:27,PL004,MIL0563904,x@x.com,9999123456,9999123451,9999123452,1,1
MP00007239,MP00007239,2023-09-07,13:58:27,PL011,MIL0547381,x@x.com,9999123456,9999123451,9999123452,1,1
MP00007240,MP00007240,2023-09-07,13:58:27,PL008,MIL0031022,x@x.com,9999123456,9999123451,9999123452,1,1
MP00007241,MP00007241,2023-09-07,13:58:27,PL004,MIL0177997,x@x.com,9999123456,9999123451,9999123452,1,1
MP00007242,MP00007242,2023-09-07,13:58:27,PL003,MIL0043541,x@x.com,9999123456,9999123451,9999123452,1,1
MP00007243,MP00007243,2023-09-07,13:58:27,PL003,MIL0448553,x@x.com,9999123456,9999123451,9999123452,1,1
MP00007244,MP00007244,2023-09-07,13:58:27,PL002,MIL0388812,x@x.com,9999123456,9999123451,9999123452,1,1
MP00007245,MP00007245,2023-09-07,13:58:27,PL010,MIL0483507,x@x.com,9999123456,9999123451,9999123452,1,1
MP00007246,MP00007246,2023-09-07,13:58:27,PL010,MIL0047448,x@x.com,9999123456,9999123451,9999123452,1,1
MP00007247,MP00007247,2023-09-07,13:58:27,PL010,MIL0455992,x@x.com,9999123456,9999123451,9999123452,1,1
MP00007248,MP00007248,2023-09-07,13:58:27,PL009,MIL0066937,x@x.com,9999123456,9999123451,9999123452,1,1
MP00007249,MP00007249,2023-09-07,13:58:27,PL003,MIL0315279,x@x.com,9999123456,9999123451,9999123452,1,1
MP00007250,MP00007250,2023-09-07,13:58:27,PL009,MIL0020926,x@x.com,9999123456,9999123451,9999123452,1,1
MP00007251,MP00007251,2023-09-07,13:58:27,PL010,MIL0393450,x@x.com,9999123456,9999123451,9999123452,1,1
MP00007252,MP00007252,2023-09-07,13:58:27,PL008,MIL0152493,x@x.com,9999123456,9999123451,9999123452,1,1
MP00007253,MP00007253,2023-09-07,13:58:27,PL008,MIL0094565,x@x.com,9999123456,9999123451,9999123452,1,1
MP00007254,MP00007254,2023-09-07,13:58:27,PL005,MIL0139957,x@x.com,9999123456,9999123451,9999123452,1,1
MP00007255,MP00007255,2023-09-07,13:58:27,PL013,MIL0236519,x@x.com,9999123456,9999123451,9999123452,1,1
MP00007256,MP00007256,2023-09-07,13:58:27,PL008,MIL0220820,x@x.com,9999123456,9999123451,9999123452,1,1
MP00007257,MP00007257,2023-09-07,13:58:27,PL005,MIL0455810,x@x.com,9999123456,9999123451,9999123452,1,1
MP00007258,MP00007258,2023-09-07,13:58:27,PL011,MIL0479830,x@x.com,9999123456,9999123451,9999123452,1,1
MP00007259,MP00007259,2023-09-07,13:58:27,PL004,MIL0490434,x@x.com,9999123456,9999123451,9999123452,1,1
MP00007260,MP00007260,2023-09-07,13:58:27,PL008,MIL0497867,x@x.com,9999123456,9999123451,9999123452,1,1
MP00007261,MP00007261,2023-09-07,13:58:27,PL006,MIL0439440,x@x.com,9999123456,9999123451,9999123452,1,1
MP00007262,MP00007262,2023-09-07,13:58:27,PL001,MIL0030870,x@x.com,9999123456,9999123451,9999123452,1,1
MP00007263,MP00007263,2023-09-07,13:58:27,PL004,MIL0357181,x@x.com,9999123456,9999123451,9999123452,1,1
MP00007264,MP00007264,2023-09-07,13:58:27,PL007,MIL0349534,x@x.com,9999123456,9999123451,9999123452,1,1
MP00007265,MP00007265,2023-09-07,13:58:27,PL007,MIL0513373,x@x.com,9999123456,9999123451,9999123452,1,1
MP00007266,MP00007266,2023-09-07,13:58:27,PL002,MIL0160990,x@x.com,9999123456,9999123451,9999123452,1,1
MP00007267,MP00007267,2023-09-07,13:58:27,PL007,MIL0274155,x@x.com,9999123456,9999123451,9999123452,1,1
MP00007268,MP00007268,2023-09-07,13:58:27,PL001,MIL0187715,x@x.com,9999123456,9999123451,9999123452,1,1
MP00007269,MP00007269,2023-09-07,13:58:27,PL010,MIL0284417,x@x.com,9999123456,9999123451,9999123452,1,1
MP00007270,MP00007270,2023-09-07,13:58:27,PL007,MIL0077393,x@x.com,9999123456,9999123451,9999123452,1,1
MP00007271,MP00007271,2023-09-07,13:58:27,PL001,MIL0249215,x@x.com,9999123456,9999123451,9999123452,1,1
MP00007272,MP00007272,2023-09-07,13:58:27,PL011,MIL0487722,x@x.com,9999123456,9999123451,9999123452,1,1
MP00007273,MP00007273,2023-09-07,13:58:27,PL001,MIL0528688,x@x.com,9999123456,9999123451,9999123452,1,1
MP00007274,MP00007274,2023-09-07,13:58:27,PL005,MIL0532840,x@x.com,9999123456,9999123451,9999123452,1,1
MP00007275,MP00007275,2023-09-07,13:58:27,PL005,MIL0445481,x@x.com,9999123456,9999123451,9999123452,1,1
MP00007276,MP00007276,2023-09-07,13:58:27,PL005,MIL0011155,x@x.com,9999123456,9999123451,9999123452,1,1
MP00007277,MP00007277,2023-09-07,13:58:27,PL004,MIL0573087,x@x.com,9999123456,9999123451,9999123452,1,1
MP00007278,MP00007278,2023-09-07,13:58:27,PL009,MIL0262091,x@x.com,9999123456,9999123451,9999123452,1,1
MP00007279,MP00007279,2023-09-07,13:58:27,PL007,MIL0547082,x@x.com,9999123456,9999123451,9999123452,1,1
MP00007280,MP00007280,2023-09-07,13:58:27,PL004,MIL0195425,x@x.com,9999123456,9999123451,9999123452,1,1
MP00007281,MP00007281,2023-09-07,13:58:27,PL005,MIL0166132,x@x.com,9999123456,9999123451,9999123452,1,1
MP00007282,MP00007282,2023-09-07,13:58:27,PL008,MIL0164741,x@x.com,9999123456,9999123451,9999123452,1,1
MP00007283,MP00007283,2023-09-07,13:58:27,PL003,MIL0458378,x@x.com,9999123456,9999123451,9999123452,1,1
MP00007284,MP00007284,2023-09-07,13:58:27,PL011,MIL0226686,x@x.com,9999123456,9999123451,9999123452,1,1
MP00007285,MP00007285,2023-09-07,13:58:27,PL002,MIL0030319,x@x.com,9999123456,9999123451,9999123452,1,1
MP00007286,MP00007286,2023-09-07,13:58:27,PL002,MIL0038154,x@x.com,9999123456,9999123451,9999123452,1,1
MP00007287,MP00007287,2023-09-07,13:58:27,PL009,MIL0481867,x@x.com,9999123456,9999123451,9999123452,1,1
MP00007288,MP00007288,2023-09-07,13:58:27,PL013,MIL0443092,x@x.com,9999123456,9999123451,9999123452,1,1
MP00007289,MP00007289,2023-09-07,13:58:27,PL002,MIL0025863,x@x.com,9999123456,9999123451,9999123452,1,1
MP00007290,MP00007290,2023-09-07,13:58:27,PL005,MIL0012857,x@x.com,9999123456,9999123451,9999123452,1,1
MP00007291,MP00007291,2023-09-07,13:58:27,PL012,MIL0564818,x@x.com,9999123456,9999123451,9999123452,1,1
MP00007292,MP00007292,2023-09-07,13:58:27,PL001,MIL0421107,x@x.com,9999123456,9999123451,9999123452,1,1
MP00007293,MP00007293,2023-09-07,13:58:27,PL002,MIL0271188,x@x.com,9999123456,9999123451,9999123452,1,1
MP00007294,MP00007294,2023-09-07,13:58:27,PL006,MIL0545060,x@x.com,9999123456,9999123451,9999123452,1,1
MP00007295,MP00007295,2023-09-07,13:58:27,PL002,MIL0444130,x@x.com,9999123456,9999123451,9999123452,1,1
MP00007296,MP00007296,2023-09-07,13:58:27,PL006,MIL0467638,x@x.com,9999123456,9999123451,9999123452,1,1
MP00007297,MP00007297,2023-09-07,13:58:27,PL003,MIL0000757,x@x.com,9999123456,9999123451,9999123452,1,1
MP00007298,MP00007298,2023-09-07,13:58:27,PL011,MIL0307522,x@x.com,9999123456,9999123451,9999123452,1,1
MP00007299,MP00007299,2023-09-07,13:58:27,PL008,MIL0077197,x@x.com,9999123456,9999123451,9999123452,1,1
MP00007300,MP00007300,2023-09-07,13:58:27,PL011,MIL0530314,x@x.com,9999123456,9999123451,9999123452,1,1
MP00007301,MP00007301,2023-09-07,13:58:27,PL012,MIL0092466,x@x.com,9999123456,9999123451,9999123452,1,1
MP00007302,MP00007302,2023-09-07,13:58:27,PL003,MIL0570790,x@x.com,9999123456,9999123451,9999123452,1,1
MP00007303,MP00007303,2023-09-07,13:58:27,PL002,MIL0184286,x@x.com,9999123456,9999123451,9999123452,1,1
MP00007304,MP00007304,2023-09-07,13:58:27,PL013,MIL0332033,x@x.com,9999123456,9999123451,9999123452,1,1
MP00007305,MP00007305,2023-09-07,13:58:27,PL009,MIL0504573,x@x.com,9999123456,9999123451,9999123452,1,1
MP00007306,MP00007306,2023-09-07,13:58:27,PL008,MIL0003105,x@x.com,9999123456,9999123451,9999123452,1,1
MP00007307,MP00007307,2023-09-07,13:58:27,PL007,MIL0178729,x@x.com,9999123456,9999123451,9999123452,1,1
MP00007308,MP00007308,2023-09-07,13:58:27,PL006,MIL0408781,x@x.com,9999123456,9999123451,9999123452,1,1
MP00007309,MP00007309,2023-09-07,13:58:27,PL002,MIL0464033,x@x.com,9999123456,9999123451,9999123452,1,1
MP00007310,MP00007310,2023-09-07,13:58:27,PL002,MIL0157655,x@x.com,9999123456,9999123451,9999123452,1,1
MP00007311,MP00007311,2023-09-07,13:58:27,PL007,MIL0002714,x@x.com,9999123456,9999123451,9999123452,1,1
MP00007312,MP00007312,2023-09-07,13:58:27,PL001,MIL0083501,x@x.com,9999123456,9999123451,9999123452,1,1
MP00007313,MP00007313,2023-09-07,13:58:27,PL003,MIL0365296,x@x.com,9999123456,9999123451,9999123452,1,1
MP00007314,MP00007314,2023-09-07,13:58:27,PL011,MIL0045457,x@x.com,9999123456,9999123451,9999123452,1,1
MP00007315,MP00007315,2023-09-07,13:58:27,PL003,MIL0526288,x@x.com,9999123456,9999123451,9999123452,1,1
MP00007316,MP00007316,2023-09-07,13:58:27,PL005,MIL0485862,x@x.com,9999123456,9999123451,9999123452,1,1
MP00007317,MP00007317,2023-09-07,13:58:27,PL009,MIL0337535,x@x.com,9999123456,9999123451,9999123452,1,1
MP00007318,MP00007318,2023-09-07,13:58:27,PL005,MIL0236515,x@x.com,9999123456,9999123451,9999123452,1,1
MP00007319,MP00007319,2023-09-07,13:58:27,PL005,MIL0350275,x@x.com,9999123456,9999123451,9999123452,1,1
MP00007320,MP00007320,2023-09-07,13:58:27,PL009,MIL0433108,x@x.com,9999123456,9999123451,9999123452,1,1
MP00007321,MP00007321,2023-09-07,13:58:27,PL003,MIL0076797,x@x.com,9999123456,9999123451,9999123452,1,1
MP00007322,MP00007322,2023-09-07,13:58:27,PL006,MIL0523236,x@x.com,9999123456,9999123451,9999123452,1,1
MP00007323,MP00007323,2023-09-07,13:58:27,PL010,MIL0237941,x@x.com,9999123456,9999123451,9999123452,1,1
MP00007324,MP00007324,2023-09-07,13:58:27,PL006,MIL0233932,x@x.com,9999123456,9999123451,9999123452,1,1
MP00007325,MP00007325,2023-09-07,13:58:27,PL002,MIL0016240,x@x.com,9999123456,9999123451,9999123452,1,1
MP00007326,MP00007326,2023-09-07,13:58:27,PL011,MIL0060430,x@x.com,9999123456,9999123451,9999123452,1,1
MP00007327,MP00007327,2023-09-07,13:58:27,PL003,MIL0569555,x@x.com,9999123456,9999123451,9999123452,1,1
MP00007328,MP00007328,2023-09-07,13:58:27,PL005,MIL0353286,x@x.com,9999123456,9999123451,9999123452,1,1
MP00007329,MP00007329,2023-09-07,13:58:27,PL001,MIL0271276,x@x.com,9999123456,9999123451,9999123452,1,1
MP00007330,MP00007330,2023-09-07,13:58:27,PL013,MIL0394766,x@x.com,9999123456,9999123451,9999123452,1,1
MP00007331,MP00007331,2023-09-07,13:58:27,PL004,MIL0115476,x@x.com,9999123456,9999123451,9999123452,1,1
MP00007332,MP00007332,2023-09-07,13:58:27,PL001,MIL0398278,x@x.com,9999123456,9999123451,9999123452,1,1
MP00007333,MP00007333,2023-09-07,13:58:27,PL002,MIL0314534,x@x.com,9999123456,9999123451,9999123452,1,1
MP00007334,MP00007334,2023-09-07,13:58:27,PL011,MIL0345997,x@x.com,9999123456,9999123451,9999123452,1,1
MP00007335,MP00007335,2023-09-07,13:58:27,PL006,MIL0047417,x@x.com,9999123456,9999123451,9999123452,1,1
MP00007336,MP00007336,2023-09-07,13:58:27,PL008,MIL0321017,x@x.com,9999123456,9999123451,9999123452,1,1
MP00007337,MP00007337,2023-09-07,13:58:27,PL004,MIL0068095,x@x.com,9999123456,9999123451,9999123452,1,1
MP00007338,MP00007338,2023-09-07,13:58:27,PL007,MIL0224545,x@x.com,9999123456,9999123451,9999123452,1,1
MP00007339,MP00007339,2023-09-07,13:58:27,PL007,MIL0123269,x@x.com,9999123456,9999123451,9999123452,1,1
MP00007340,MP00007340,2023-09-07,13:58:27,PL008,MIL0190933,x@x.com,9999123456,9999123451,9999123452,1,1
MP00007341,MP00007341,2023-09-07,13:58:27,PL005,MIL0493017,x@x.com,9999123456,9999123451,9999123452,1,1
MP00007342,MP00007342,2023-09-07,13:58:27,PL008,MIL0140830,x@x.com,9999123456,9999123451,9999123452,1,1
MP00007343,MP00007343,2023-09-07,13:58:27,PL011,MIL0369669,x@x.com,9999123456,9999123451,9999123452,1,1
MP00007344,MP00007344,2023-09-07,13:58:27,PL010,MIL0310310,x@x.com,9999123456,9999123451,9999123452,1,1
MP00007345,MP00007345,2023-09-07,13:58:27,PL001,MIL0082225,x@x.com,9999123456,9999123451,9999123452,1,1
MP00007346,MP00007346,2023-09-07,13:58:27,PL007,MIL0193167,x@x.com,9999123456,9999123451,9999123452,1,1
MP00007347,MP00007347,2023-09-07,13:58:27,PL012,MIL0128375,x@x.com,9999123456,9999123451,9999123452,1,1
MP00007348,MP00007348,2023-09-07,13:58:27,PL001,MIL0535633,x@x.com,9999123456,9999123451,9999123452,1,1
MP00007349,MP00007349,2023-09-07,13:58:27,PL010,MIL0525041,x@x.com,9999123456,9999123451,9999123452,1,1
MP00007350,MP00007350,2023-09-07,13:58:27,PL012,MIL0087675,x@x.com,9999123456,9999123451,9999123452,1,1
MP00007351,MP00007351,2023-09-07,13:58:27,PL011,MIL0103274,x@x.com,9999123456,9999123451,9999123452,1,1
MP00007352,MP00007352,2023-09-07,13:58:27,PL004,MIL0577889,x@x.com,9999123456,9999123451,9999123452,1,1
MP00007353,MP00007353,2023-09-07,13:58:27,PL010,MIL0212413,x@x.com,9999123456,9999123451,9999123452,1,1
MP00007354,MP00007354,2023-09-07,13:58:27,PL008,MIL0100747,x@x.com,9999123456,9999123451,9999123452,1,1
MP00007355,MP00007355,2023-09-07,13:58:27,PL008,MIL0211083,x@x.com,9999123456,9999123451,9999123452,1,1
MP00007356,MP00007356,2023-09-07,13:58:27,PL012,MIL0498537,x@x.com,9999123456,9999123451,9999123452,1,1
MP00007357,MP00007357,2023-09-07,13:58:27,PL001,MIL0282414,x@x.com,9999123456,9999123451,9999123452,1,1
MP00007358,MP00007358,2023-09-07,13:58:27,PL007,MIL0471885,x@x.com,9999123456,9999123451,9999123452,1,1
MP00007359,MP00007359,2023-09-07,13:58:27,PL013,MIL0444819,x@x.com,9999123456,9999123451,9999123452,1,1
MP00007360,MP00007360,2023-09-07,13:58:27,PL008,MIL0532087,x@x.com,9999123456,9999123451,9999123452,1,1
MP00007361,MP00007361,2023-09-07,13:58:27,PL010,MIL0245116,x@x.com,9999123456,9999123451,9999123452,1,1
MP00007362,MP00007362,2023-09-07,13:58:27,PL007,MIL0307735,x@x.com,9999123456,9999123451,9999123452,1,1
MP00007363,MP00007363,2023-09-07,13:58:27,PL012,MIL0228538,x@x.com,9999123456,9999123451,9999123452,1,1
MP00007364,MP00007364,2023-09-07,13:58:27,PL012,MIL0292499,x@x.com,9999123456,9999123451,9999123452,1,1
MP00007365,MP00007365,2023-09-07,13:58:27,PL012,MIL0220906,x@x.com,9999123456,9999123451,9999123452,1,1
MP00007366,MP00007366,2023-09-07,13:58:27,PL001,MIL0249176,x@x.com,9999123456,9999123451,9999123452,1,1
MP00007367,MP00007367,2023-09-07,13:58:27,PL013,MIL0480102,x@x.com,9999123456,9999123451,9999123452,1,1
MP00007368,MP00007368,2023-09-07,13:58:27,PL013,MIL0216140,x@x.com,9999123456,9999123451,9999123452,1,1
MP00007369,MP00007369,2023-09-07,13:58:27,PL003,MIL0023899,x@x.com,9999123456,9999123451,9999123452,1,1
MP00007370,MP00007370,2023-09-07,13:58:27,PL004,MIL0255171,x@x.com,9999123456,9999123451,9999123452,1,1
MP00007371,MP00007371,2023-09-07,13:58:27,PL010,MIL0461545,x@x.com,9999123456,9999123451,9999123452,1,1
MP00007372,MP00007372,2023-09-07,13:58:27,PL010,MIL0563817,x@x.com,9999123456,9999123451,9999123452,1,1
MP00007373,MP00007373,2023-09-07,13:58:27,PL007,MIL0307432,x@x.com,9999123456,9999123451,9999123452,1,1
MP00007374,MP00007374,2023-09-07,13:58:27,PL013,MIL0173386,x@x.com,9999123456,9999123451,9999123452,1,1
MP00007375,MP00007375,2023-09-07,13:58:27,PL007,MIL0167437,x@x.com,9999123456,9999123451,9999123452,1,1
MP00007376,MP00007376,2023-09-07,13:58:27,PL002,MIL0020354,x@x.com,9999123456,9999123451,9999123452,1,1
MP00007377,MP00007377,2023-09-07,13:58:27,PL008,MIL0353983,x@x.com,9999123456,9999123451,9999123452,1,1
MP00007378,MP00007378,2023-09-07,13:58:27,PL003,MIL0268217,x@x.com,9999123456,9999123451,9999123452,1,1
MP00007379,MP00007379,2023-09-07,13:58:27,PL004,MIL0164116,x@x.com,9999123456,9999123451,9999123452,1,1
MP00007380,MP00007380,2023-09-07,13:58:27,PL006,MIL0286954,x@x.com,9999123456,9999123451,9999123452,1,1
MP00007381,MP00007381,2023-09-07,13:58:27,PL008,MIL0135076,x@x.com,9999123456,9999123451,9999123452,1,1
MP00007382,MP00007382,2023-09-07,13:58:27,PL004,MIL0454276,x@x.com,9999123456,9999123451,9999123452,1,1
MP00007383,MP00007383,2023-09-07,13:58:27,PL008,MIL0220470,x@x.com,9999123456,9999123451,9999123452,1,1
MP00007384,MP00007384,2023-09-07,13:58:27,PL002,MIL0519309,x@x.com,9999123456,9999123451,9999123452,1,1
MP00007385,MP00007385,2023-09-07,13:58:27,PL006,MIL0132009,x@x.com,9999123456,9999123451,9999123452,1,1
MP00007386,MP00007386,2023-09-07,13:58:27,PL005,MIL0569270,x@x.com,9999123456,9999123451,9999123452,1,1
MP00007387,MP00007387,2023-09-07,13:58:27,PL013,MIL0048887,x@x.com,9999123456,9999123451,9999123452,1,1
MP00007388,MP00007388,2023-09-07,13:58:27,PL002,MIL0059250,x@x.com,9999123456,9999123451,9999123452,1,1
MP00007389,MP00007389,2023-09-07,13:58:27,PL010,MIL0517263,x@x.com,9999123456,9999123451,9999123452,1,1
MP00007390,MP00007390,2023-09-07,13:58:27,PL001,MIL0128014,x@x.com,9999123456,9999123451,9999123452,1,1
MP00007391,MP00007391,2023-09-07,13:58:27,PL006,MIL0410659,x@x.com,9999123456,9999123451,9999123452,1,1
MP00007392,MP00007392,2023-09-07,13:58:27,PL004,MIL0116415,x@x.com,9999123456,9999123451,9999123452,1,1
MP00007393,MP00007393,2023-09-07,13:58:27,PL008,MIL0368262,x@x.com,9999123456,9999123451,9999123452,1,1
MP00007394,MP00007394,2023-09-07,13:58:27,PL011,MIL0234149,x@x.com,9999123456,9999123451,9999123452,1,1
MP00007395,MP00007395,2023-09-07,13:58:27,PL002,MIL0506098,x@x.com,9999123456,9999123451,9999123452,1,1
MP00007396,MP00007396,2023-09-07,13:58:27,PL010,MIL0386319,x@x.com,9999123456,9999123451,9999123452,1,1
MP00007397,MP00007397,2023-09-07,13:58:27,PL001,MIL0443577,x@x.com,9999123456,9999123451,9999123452,1,1
MP00007398,MP00007398,2023-09-07,13:58:27,PL011,MIL0510984,x@x.com,9999123456,9999123451,9999123452,1,1
MP00007399,MP00007399,2023-09-07,13:58:27,PL013,MIL0000866,x@x.com,9999123456,9999123451,9999123452,1,1
MP00007400,MP00007400,2023-09-07,13:58:27,PL011,MIL0366536,x@x.com,9999123456,9999123451,9999123452,1,1
MP00007401,MP00007401,2023-09-07,13:58:27,PL013,MIL0173344,x@x.com,9999123456,9999123451,9999123452,1,1
MP00007402,MP00007402,2023-09-07,13:58:27,PL004,MIL0514518,x@x.com,9999123456,9999123451,9999123452,1,1
MP00007403,MP00007403,2023-09-07,13:58:27,PL007,MIL0193857,x@x.com,9999123456,9999123451,9999123452,1,1
MP00007404,MP00007404,2023-09-07,13:58:27,PL010,MIL0558931,x@x.com,9999123456,9999123451,9999123452,1,1
MP00007405,MP00007405,2023-09-07,13:58:27,PL001,MIL0083534,x@x.com,9999123456,9999123451,9999123452,1,1
MP00007406,MP00007406,2023-09-07,13:58:27,PL003,MIL0455944,x@x.com,9999123456,9999123451,9999123452,1,1
MP00007407,MP00007407,2023-09-07,13:58:27,PL012,MIL0534584,x@x.com,9999123456,9999123451,9999123452,1,1
MP00007408,MP00007408,2023-09-07,13:58:27,PL013,MIL0501828,x@x.com,9999123456,9999123451,9999123452,1,1
MP00007409,MP00007409,2023-09-07,13:58:27,PL009,MIL0155945,x@x.com,9999123456,9999123451,9999123452,1,1
MP00007410,MP00007410,2023-09-07,13:58:27,PL006,MIL0135766,x@x.com,9999123456,9999123451,9999123452,1,1
MP00007411,MP00007411,2023-09-07,13:58:27,PL008,MIL0077167,x@x.com,9999123456,9999123451,9999123452,1,1
MP00007412,MP00007412,2023-09-07,13:58:27,PL008,MIL0124403,x@x.com,9999123456,9999123451,9999123452,1,1
MP00007413,MP00007413,2023-09-07,13:58:27,PL003,MIL0100156,x@x.com,9999123456,9999123451,9999123452,1,1
MP00007414,MP00007414,2023-09-07,13:58:27,PL011,MIL0405915,x@x.com,9999123456,9999123451,9999123452,1,1
MP00007415,MP00007415,2023-09-07,13:58:27,PL009,MIL0259268,x@x.com,9999123456,9999123451,9999123452,1,1
MP00007416,MP00007416,2023-09-07,13:58:27,PL004,MIL0173204,x@x.com,9999123456,9999123451,9999123452,1,1
MP00007417,MP00007417,2023-09-07,13:58:27,PL013,MIL0406527,x@x.com,9999123456,9999123451,9999123452,1,1
MP00007418,MP00007418,2023-09-07,13:58:27,PL003,MIL0312812,x@x.com,9999123456,9999123451,9999123452,1,1
MP00007419,MP00007419,2023-09-07,13:58:27,PL011,MIL0528572,x@x.com,9999123456,9999123451,9999123452,1,1
MP00007420,MP00007420,2023-09-07,13:58:27,PL007,MIL0218226,x@x.com,9999123456,9999123451,9999123452,1,1
MP00007421,MP00007421,2023-09-07,13:58:27,PL012,MIL0139793,x@x.com,9999123456,9999123451,9999123452,1,1
MP00007422,MP00007422,2023-09-07,13:58:27,PL003,MIL0476314,x@x.com,9999123456,9999123451,9999123452,1,1
MP00007423,MP00007423,2023-09-07,13:58:27,PL011,MIL0086834,x@x.com,9999123456,9999123451,9999123452,1,1
MP00007424,MP00007424,2023-09-07,13:58:27,PL004,MIL0480136,x@x.com,9999123456,9999123451,9999123452,1,1
MP00007425,MP00007425,2023-09-07,13:58:27,PL010,MIL0488103,x@x.com,9999123456,9999123451,9999123452,1,1
MP00007426,MP00007426,2023-09-07,13:58:27,PL013,MIL0067583,x@x.com,9999123456,9999123451,9999123452,1,1
MP00007427,MP00007427,2023-09-07,13:58:27,PL001,MIL0526536,x@x.com,9999123456,9999123451,9999123452,1,1
MP00007428,MP00007428,2023-09-07,13:58:27,PL008,MIL0329464,x@x.com,9999123456,9999123451,9999123452,1,1
MP00007429,MP00007429,2023-09-07,13:58:27,PL012,MIL0376256,x@x.com,9999123456,9999123451,9999123452,1,1
MP00007430,MP00007430,2023-09-07,13:58:27,PL013,MIL0452145,x@x.com,9999123456,9999123451,9999123452,1,1
MP00007431,MP00007431,2023-09-07,13:58:27,PL002,MIL0189204,x@x.com,9999123456,9999123451,9999123452,1,1
MP00007432,MP00007432,2023-09-07,13:58:27,PL010,MIL0218461,x@x.com,9999123456,9999123451,9999123452,1,1
MP00007433,MP00007433,2023-09-07,13:58:27,PL013,MIL0203506,x@x.com,9999123456,9999123451,9999123452,1,1
MP00007434,MP00007434,2023-09-07,13:58:27,PL006,MIL0111708,x@x.com,9999123456,9999123451,9999123452,1,1
MP00007435,MP00007435,2023-09-07,13:58:27,PL004,MIL0371572,x@x.com,9999123456,9999123451,9999123452,1,1
MP00007436,MP00007436,2023-09-07,13:58:27,PL005,MIL0504690,x@x.com,9999123456,9999123451,9999123452,1,1
MP00007437,MP00007437,2023-09-07,13:58:27,PL008,MIL0319494,x@x.com,9999123456,9999123451,9999123452,1,1
MP00007438,MP00007438,2023-09-07,13:58:27,PL004,MIL0197152,x@x.com,9999123456,9999123451,9999123452,1,1
MP00007439,MP00007439,2023-09-07,13:58:27,PL002,MIL0294866,x@x.com,9999123456,9999123451,9999123452,1,1
MP00007440,MP00007440,2023-09-07,13:58:27,PL008,MIL0025087,x@x.com,9999123456,9999123451,9999123452,1,1
MP00007441,MP00007441,2023-09-07,13:58:27,PL009,MIL0127541,x@x.com,9999123456,9999123451,9999123452,1,1
MP00007442,MP00007442,2023-09-07,13:58:27,PL005,MIL0542105,x@x.com,9999123456,9999123451,9999123452,1,1
MP00007443,MP00007443,2023-09-07,13:58:27,PL013,MIL0517707,x@x.com,9999123456,9999123451,9999123452,1,1
MP00007444,MP00007444,2023-09-07,13:58:27,PL004,MIL0294615,x@x.com,9999123456,9999123451,9999123452,1,1
MP00007445,MP00007445,2023-09-07,13:58:27,PL012,MIL0448252,x@x.com,9999123456,9999123451,9999123452,1,1
MP00007446,MP00007446,2023-09-07,13:58:27,PL008,MIL0291959,x@x.com,9999123456,9999123451,9999123452,1,1
MP00007447,MP00007447,2023-09-07,13:58:27,PL006,MIL0166748,x@x.com,9999123456,9999123451,9999123452,1,1
MP00007448,MP00007448,2023-09-07,13:58:27,PL012,MIL0300898,x@x.com,9999123456,9999123451,9999123452,1,1
MP00007449,MP00007449,2023-09-07,13:58:27,PL001,MIL0269161,x@x.com,9999123456,9999123451,9999123452,1,1
MP00007450,MP00007450,2023-09-07,13:58:27,PL009,MIL0514217,x@x.com,9999123456,9999123451,9999123452,1,1
MP00007451,MP00007451,2023-09-07,13:58:27,PL003,MIL0379067,x@x.com,9999123456,9999123451,9999123452,1,1
MP00007452,MP00007452,2023-09-07,13:58:27,PL006,MIL0253681,x@x.com,9999123456,9999123451,9999123452,1,1
MP00007453,MP00007453,2023-09-07,13:58:27,PL009,MIL0351037,x@x.com,9999123456,9999123451,9999123452,1,1
MP00007454,MP00007454,2023-09-07,13:58:27,PL001,MIL0282078,x@x.com,9999123456,9999123451,9999123452,1,1
MP00007455,MP00007455,2023-09-07,13:58:27,PL009,MIL0434699,x@x.com,9999123456,9999123451,9999123452,1,1
MP00007456,MP00007456,2023-09-07,13:58:27,PL001,MIL0075803,x@x.com,9999123456,9999123451,9999123452,1,1
MP00007457,MP00007457,2023-09-07,13:58:27,PL005,MIL0155232,x@x.com,9999123456,9999123451,9999123452,1,1
MP00007458,MP00007458,2023-09-07,13:58:27,PL012,MIL0090668,x@x.com,9999123456,9999123451,9999123452,1,1
MP00007459,MP00007459,2023-09-07,13:58:27,PL007,MIL0173267,x@x.com,9999123456,9999123451,9999123452,1,1
MP00007460,MP00007460,2023-09-07,13:58:27,PL012,MIL0058133,x@x.com,9999123456,9999123451,9999123452,1,1
MP00007461,MP00007461,2023-09-07,13:58:27,PL001,MIL0275911,x@x.com,9999123456,9999123451,9999123452,1,1
MP00007462,MP00007462,2023-09-07,13:58:27,PL009,MIL0087620,x@x.com,9999123456,9999123451,9999123452,1,1
MP00007463,MP00007463,2023-09-07,13:58:27,PL003,MIL0014893,x@x.com,9999123456,9999123451,9999123452,1,1
MP00007464,MP00007464,2023-09-07,13:58:27,PL005,MIL0074822,x@x.com,9999123456,9999123451,9999123452,1,1
MP00007465,MP00007465,2023-09-07,13:58:27,PL005,MIL0004600,x@x.com,9999123456,9999123451,9999123452,1,1
MP00007466,MP00007466,2023-09-07,13:58:27,PL008,MIL0462328,x@x.com,9999123456,9999123451,9999123452,1,1
MP00007467,MP00007467,2023-09-07,13:58:27,PL009,MIL0127830,x@x.com,9999123456,9999123451,9999123452,1,1
MP00007468,MP00007468,2023-09-07,13:58:27,PL008,MIL0515381,x@x.com,9999123456,9999123451,9999123452,1,1
MP00007469,MP00007469,2023-09-07,13:58:27,PL002,MIL0522854,x@x.com,9999123456,9999123451,9999123452,1,1
MP00007470,MP00007470,2023-09-07,13:58:27,PL002,MIL0169309,x@x.com,9999123456,9999123451,9999123452,1,1
MP00007471,MP00007471,2023-09-07,13:58:27,PL010,MIL0411722,x@x.com,9999123456,9999123451,9999123452,1,1
MP00007472,MP00007472,2023-09-07,13:58:27,PL012,MIL0130857,x@x.com,9999123456,9999123451,9999123452,1,1
MP00007473,MP00007473,2023-09-07,13:58:27,PL008,MIL0531124,x@x.com,9999123456,9999123451,9999123452,1,1
MP00007474,MP00007474,2023-09-07,13:58:27,PL002,MIL0145011,x@x.com,9999123456,9999123451,9999123452,1,1
MP00007475,MP00007475,2023-09-07,13:58:27,PL006,MIL0354935,x@x.com,9999123456,9999123451,9999123452,1,1
MP00007476,MP00007476,2023-09-07,13:58:27,PL009,MIL0292846,x@x.com,9999123456,9999123451,9999123452,1,1
MP00007477,MP00007477,2023-09-07,13:58:27,PL005,MIL0163175,x@x.com,9999123456,9999123451,9999123452,1,1
MP00007478,MP00007478,2023-09-07,13:58:27,PL005,MIL0228960,x@x.com,9999123456,9999123451,9999123452,1,1
MP00007479,MP00007479,2023-09-07,13:58:27,PL013,MIL0235141,x@x.com,9999123456,9999123451,9999123452,1,1
MP00007480,MP00007480,2023-09-07,13:58:27,PL002,MIL0550326,x@x.com,9999123456,9999123451,9999123452,1,1
MP00007481,MP00007481,2023-09-07,13:58:27,PL007,MIL0199457,x@x.com,9999123456,9999123451,9999123452,1,1
MP00007482,MP00007482,2023-09-07,13:58:27,PL001,MIL0007228,x@x.com,9999123456,9999123451,9999123452,1,1
MP00007483,MP00007483,2023-09-07,13:58:27,PL002,MIL0461801,x@x.com,9999123456,9999123451,9999123452,1,1
MP00007484,MP00007484,2023-09-07,13:58:27,PL008,MIL0161436,x@x.com,9999123456,9999123451,9999123452,1,1
MP00007485,MP00007485,2023-09-07,13:58:27,PL002,MIL0095890,x@x.com,9999123456,9999123451,9999123452,1,1
MP00007486,MP00007486,2023-09-07,13:58:27,PL001,MIL0126419,x@x.com,9999123456,9999123451,9999123452,1,1
MP00007487,MP00007487,2023-09-07,13:58:27,PL010,MIL0163444,x@x.com,9999123456,9999123451,9999123452,1,1
MP00007488,MP00007488,2023-09-07,13:58:27,PL011,MIL0115372,x@x.com,9999123456,9999123451,9999123452,1,1
MP00007489,MP00007489,2023-09-07,13:58:27,PL011,MIL0156599,x@x.com,9999123456,9999123451,9999123452,1,1
MP00007490,MP00007490,2023-09-07,13:58:27,PL005,MIL0554384,x@x.com,9999123456,9999123451,9999123452,1,1
MP00007491,MP00007491,2023-09-07,13:58:27,PL001,MIL0090682,x@x.com,9999123456,9999123451,9999123452,1,1
MP00007492,MP00007492,2023-09-07,13:58:27,PL003,MIL0029037,x@x.com,9999123456,9999123451,9999123452,1,1
MP00007493,MP00007493,2023-09-07,13:58:27,PL008,MIL0004139,x@x.com,9999123456,9999123451,9999123452,1,1
MP00007494,MP00007494,2023-09-07,13:58:27,PL013,MIL0287537,x@x.com,9999123456,9999123451,9999123452,1,1
MP00007495,MP00007495,2023-09-07,13:58:27,PL002,MIL0402587,x@x.com,9999123456,9999123451,9999123452,1,1
MP00007496,MP00007496,2023-09-07,13:58:27,PL009,MIL0394750,x@x.com,9999123456,9999123451,9999123452,1,1
MP00007497,MP00007497,2023-09-07,13:58:27,PL007,MIL0251736,x@x.com,9999123456,9999123451,9999123452,1,1
MP00007498,MP00007498,2023-09-07,13:58:27,PL008,MIL0535919,x@x.com,9999123456,9999123451,9999123452,1,1
MP00007499,MP00007499,2023-09-07,13:58:27,PL010,MIL0093464,x@x.com,9999123456,9999123451,9999123452,1,1
MP00007500,MP00007500,2023-09-07,13:58:27,PL012,MIL0110416,x@x.com,9999123456,9999123451,9999123452,1,1
MP00007501,MP00007501,2023-09-07,13:58:27,PL005,MIL0438396,x@x.com,9999123456,9999123451,9999123452,1,1
MP00007502,MP00007502,2023-09-07,13:58:27,PL008,MIL0165921,x@x.com,9999123456,9999123451,9999123452,1,1
MP00007503,MP00007503,2023-09-07,13:58:27,PL009,MIL0237045,x@x.com,9999123456,9999123451,9999123452,1,1
MP00007504,MP00007504,2023-09-07,13:58:27,PL010,MIL0209830,x@x.com,9999123456,9999123451,9999123452,1,1
MP00007505,MP00007505,2023-09-07,13:58:27,PL003,MIL0306087,x@x.com,9999123456,9999123451,9999123452,1,1
MP00007506,MP00007506,2023-09-07,13:58:27,PL007,MIL0114558,x@x.com,9999123456,9999123451,9999123452,1,1
MP00007507,MP00007507,2023-09-07,13:58:27,PL013,MIL0140748,x@x.com,9999123456,9999123451,9999123452,1,1
MP00007508,MP00007508,2023-09-07,13:58:27,PL002,MIL0450248,x@x.com,9999123456,9999123451,9999123452,1,1
MP00007509,MP00007509,2023-09-07,13:58:27,PL010,MIL0486442,x@x.com,9999123456,9999123451,9999123452,1,1
MP00007510,MP00007510,2023-09-07,13:58:27,PL009,MIL0100536,x@x.com,9999123456,9999123451,9999123452,1,1
MP00007511,MP00007511,2023-09-07,13:58:27,PL011,MIL0074702,x@x.com,9999123456,9999123451,9999123452,1,1
MP00007512,MP00007512,2023-09-07,13:58:27,PL006,MIL0435697,x@x.com,9999123456,9999123451,9999123452,1,1
MP00007513,MP00007513,2023-09-07,13:58:27,PL002,MIL0420243,x@x.com,9999123456,9999123451,9999123452,1,1
MP00007514,MP00007514,2023-09-07,13:58:27,PL010,MIL0348729,x@x.com,9999123456,9999123451,9999123452,1,1
MP00007515,MP00007515,2023-09-07,13:58:27,PL003,MIL0540134,x@x.com,9999123456,9999123451,9999123452,1,1
MP00007516,MP00007516,2023-09-07,13:58:27,PL003,MIL0122480,x@x.com,9999123456,9999123451,9999123452,1,1
MP00007517,MP00007517,2023-09-07,13:58:27,PL013,MIL0201618,x@x.com,9999123456,9999123451,9999123452,1,1
MP00007518,MP00007518,2023-09-07,13:58:27,PL005,MIL0114324,x@x.com,9999123456,9999123451,9999123452,1,1
MP00007519,MP00007519,2023-09-07,13:58:27,PL002,MIL0146186,x@x.com,9999123456,9999123451,9999123452,1,1
MP00007520,MP00007520,2023-09-07,13:58:27,PL004,MIL0307829,x@x.com,9999123456,9999123451,9999123452,1,1
MP00007521,MP00007521,2023-09-07,13:58:27,PL003,MIL0463720,x@x.com,9999123456,9999123451,9999123452,1,1
MP00007522,MP00007522,2023-09-07,13:58:27,PL005,MIL0115208,x@x.com,9999123456,9999123451,9999123452,1,1
MP00007523,MP00007523,2023-09-07,13:58:27,PL006,MIL0406074,x@x.com,9999123456,9999123451,9999123452,1,1
MP00007524,MP00007524,2023-09-07,13:58:27,PL006,MIL0090389,x@x.com,9999123456,9999123451,9999123452,1,1
MP00007525,MP00007525,2023-09-07,13:58:27,PL004,MIL0546389,x@x.com,9999123456,9999123451,9999123452,1,1
MP00007526,MP00007526,2023-09-07,13:58:27,PL007,MIL0426689,x@x.com,9999123456,9999123451,9999123452,1,1
MP00007527,MP00007527,2023-09-07,13:58:27,PL005,MIL0455489,x@x.com,9999123456,9999123451,9999123452,1,1
MP00007528,MP00007528,2023-09-07,13:58:27,PL011,MIL0540758,x@x.com,9999123456,9999123451,9999123452,1,1
MP00007529,MP00007529,2023-09-07,13:58:27,PL011,MIL0323787,x@x.com,9999123456,9999123451,9999123452,1,1
MP00007530,MP00007530,2023-09-07,13:58:27,PL010,MIL0313142,x@x.com,9999123456,9999123451,9999123452,1,1
MP00007531,MP00007531,2023-09-07,13:58:27,PL005,MIL0200773,x@x.com,9999123456,9999123451,9999123452,1,1
MP00007532,MP00007532,2023-09-07,13:58:27,PL008,MIL0220182,x@x.com,9999123456,9999123451,9999123452,1,1
MP00007533,MP00007533,2023-09-07,13:58:27,PL002,MIL0291050,x@x.com,9999123456,9999123451,9999123452,1,1
MP00007534,MP00007534,2023-09-07,13:58:27,PL003,MIL0157182,x@x.com,9999123456,9999123451,9999123452,1,1
MP00007535,MP00007535,2023-09-07,13:58:27,PL005,MIL0517333,x@x.com,9999123456,9999123451,9999123452,1,1
MP00007536,MP00007536,2023-09-07,13:58:27,PL003,MIL0175503,x@x.com,9999123456,9999123451,9999123452,1,1
MP00007537,MP00007537,2023-09-07,13:58:27,PL008,MIL0139144,x@x.com,9999123456,9999123451,9999123452,1,1
MP00007538,MP00007538,2023-09-07,13:58:27,PL012,MIL0525855,x@x.com,9999123456,9999123451,9999123452,1,1
MP00007539,MP00007539,2023-09-07,13:58:27,PL005,MIL0301854,x@x.com,9999123456,9999123451,9999123452,1,1
MP00007540,MP00007540,2023-09-07,13:58:27,PL002,MIL0377154,x@x.com,9999123456,9999123451,9999123452,1,1
MP00007541,MP00007541,2023-09-07,13:58:27,PL012,MIL0291127,x@x.com,9999123456,9999123451,9999123452,1,1
MP00007542,MP00007542,2023-09-07,13:58:27,PL013,MIL0098068,x@x.com,9999123456,9999123451,9999123452,1,1
MP00007543,MP00007543,2023-09-07,13:58:27,PL007,MIL0059960,x@x.com,9999123456,9999123451,9999123452,1,1
MP00007544,MP00007544,2023-09-07,13:58:27,PL011,MIL0388864,x@x.com,9999123456,9999123451,9999123452,1,1
MP00007545,MP00007545,2023-09-07,13:58:27,PL002,MIL0463122,x@x.com,9999123456,9999123451,9999123452,1,1
MP00007546,MP00007546,2023-09-07,13:58:27,PL001,MIL0117668,x@x.com,9999123456,9999123451,9999123452,1,1
MP00007547,MP00007547,2023-09-07,13:58:27,PL006,MIL0404690,x@x.com,9999123456,9999123451,9999123452,1,1
MP00007548,MP00007548,2023-09-07,13:58:27,PL012,MIL0096786,x@x.com,9999123456,9999123451,9999123452,1,1
MP00007549,MP00007549,2023-09-07,13:58:27,PL008,MIL0048610,x@x.com,9999123456,9999123451,9999123452,1,1
MP00007550,MP00007550,2023-09-07,13:58:27,PL013,MIL0473629,x@x.com,9999123456,9999123451,9999123452,1,1
MP00007551,MP00007551,2023-09-07,13:58:27,PL003,MIL0429880,x@x.com,9999123456,9999123451,9999123452,1,1
MP00007552,MP00007552,2023-09-07,13:58:27,PL008,MIL0344744,x@x.com,9999123456,9999123451,9999123452,1,1
MP00007553,MP00007553,2023-09-07,13:58:27,PL010,MIL0069638,x@x.com,9999123456,9999123451,9999123452,1,1
MP00007554,MP00007554,2023-09-07,13:58:27,PL013,MIL0338216,x@x.com,9999123456,9999123451,9999123452,1,1
MP00007555,MP00007555,2023-09-07,13:58:27,PL013,MIL0032669,x@x.com,9999123456,9999123451,9999123452,1,1
MP00007556,MP00007556,2023-09-07,13:58:27,PL005,MIL0548847,x@x.com,9999123456,9999123451,9999123452,1,1
MP00007557,MP00007557,2023-09-07,13:58:27,PL003,MIL0508108,x@x.com,9999123456,9999123451,9999123452,1,1
MP00007558,MP00007558,2023-09-07,13:58:27,PL011,MIL0015900,x@x.com,9999123456,9999123451,9999123452,1,1
MP00007559,MP00007559,2023-09-07,13:58:27,PL010,MIL0072095,x@x.com,9999123456,9999123451,9999123452,1,1
MP00007560,MP00007560,2023-09-07,13:58:27,PL009,MIL0268402,x@x.com,9999123456,9999123451,9999123452,1,1
MP00007561,MP00007561,2023-09-07,13:58:27,PL001,MIL0175241,x@x.com,9999123456,9999123451,9999123452,1,1
MP00007562,MP00007562,2023-09-07,13:58:27,PL002,MIL0565111,x@x.com,9999123456,9999123451,9999123452,1,1
MP00007563,MP00007563,2023-09-07,13:58:27,PL008,MIL0575422,x@x.com,9999123456,9999123451,9999123452,1,1
MP00007564,MP00007564,2023-09-07,13:58:27,PL002,MIL0303234,x@x.com,9999123456,9999123451,9999123452,1,1
MP00007565,MP00007565,2023-09-07,13:58:27,PL007,MIL0436014,x@x.com,9999123456,9999123451,9999123452,1,1
MP00007566,MP00007566,2023-09-07,13:58:27,PL008,MIL0014149,x@x.com,9999123456,9999123451,9999123452,1,1
MP00007567,MP00007567,2023-09-07,13:58:27,PL005,MIL0217192,x@x.com,9999123456,9999123451,9999123452,1,1
MP00007568,MP00007568,2023-09-07,13:58:27,PL010,MIL0359018,x@x.com,9999123456,9999123451,9999123452,1,1
MP00007569,MP00007569,2023-09-07,13:58:27,PL013,MIL0441068,x@x.com,9999123456,9999123451,9999123452,1,1
MP00007570,MP00007570,2023-09-07,13:58:27,PL010,MIL0536108,x@x.com,9999123456,9999123451,9999123452,1,1
MP00007571,MP00007571,2023-09-07,13:58:27,PL008,MIL0492773,x@x.com,9999123456,9999123451,9999123452,1,1
MP00007572,MP00007572,2023-09-07,13:58:27,PL009,MIL0094285,x@x.com,9999123456,9999123451,9999123452,1,1
MP00007573,MP00007573,2023-09-07,13:58:27,PL006,MIL0279334,x@x.com,9999123456,9999123451,9999123452,1,1
MP00007574,MP00007574,2023-09-07,13:58:27,PL003,MIL0186520,x@x.com,9999123456,9999123451,9999123452,1,1
MP00007575,MP00007575,2023-09-07,13:58:27,PL002,MIL0062563,x@x.com,9999123456,9999123451,9999123452,1,1
MP00007576,MP00007576,2023-09-07,13:58:27,PL010,MIL0439325,x@x.com,9999123456,9999123451,9999123452,1,1
MP00007577,MP00007577,2023-09-07,13:58:27,PL005,MIL0040826,x@x.com,9999123456,9999123451,9999123452,1,1
MP00007578,MP00007578,2023-09-07,13:58:27,PL003,MIL0528497,x@x.com,9999123456,9999123451,9999123452,1,1
MP00007579,MP00007579,2023-09-07,13:58:27,PL003,MIL0230568,x@x.com,9999123456,9999123451,9999123452,1,1
MP00007580,MP00007580,2023-09-07,13:58:27,PL002,MIL0514750,x@x.com,9999123456,9999123451,9999123452,1,1
MP00007581,MP00007581,2023-09-07,13:58:27,PL006,MIL0126974,x@x.com,9999123456,9999123451,9999123452,1,1
MP00007582,MP00007582,2023-09-07,13:58:27,PL008,MIL0403522,x@x.com,9999123456,9999123451,9999123452,1,1
MP00007583,MP00007583,2023-09-07,13:58:27,PL011,MIL0571984,x@x.com,9999123456,9999123451,9999123452,1,1
MP00007584,MP00007584,2023-09-07,13:58:27,PL008,MIL0037433,x@x.com,9999123456,9999123451,9999123452,1,1
MP00007585,MP00007585,2023-09-07,13:58:27,PL004,MIL0207774,x@x.com,9999123456,9999123451,9999123452,1,1
MP00007586,MP00007586,2023-09-07,13:58:27,PL002,MIL0115818,x@x.com,9999123456,9999123451,9999123452,1,1
MP00007587,MP00007587,2023-09-07,13:58:27,PL001,MIL0482158,x@x.com,9999123456,9999123451,9999123452,1,1
MP00007588,MP00007588,2023-09-07,13:58:27,PL007,MIL0381470,x@x.com,9999123456,9999123451,9999123452,1,1
MP00007589,MP00007589,2023-09-07,13:58:27,PL006,MIL0274294,x@x.com,9999123456,9999123451,9999123452,1,1
MP00007590,MP00007590,2023-09-07,13:58:27,PL009,MIL0514607,x@x.com,9999123456,9999123451,9999123452,1,1
MP00007591,MP00007591,2023-09-07,13:58:27,PL005,MIL0231026,x@x.com,9999123456,9999123451,9999123452,1,1
MP00007592,MP00007592,2023-09-07,13:58:27,PL002,MIL0512904,x@x.com,9999123456,9999123451,9999123452,1,1
MP00007593,MP00007593,2023-09-07,13:58:27,PL005,MIL0448319,x@x.com,9999123456,9999123451,9999123452,1,1
MP00007594,MP00007594,2023-09-07,13:58:27,PL006,MIL0223494,x@x.com,9999123456,9999123451,9999123452,1,1
MP00007595,MP00007595,2023-09-07,13:58:27,PL007,MIL0040902,x@x.com,9999123456,9999123451,9999123452,1,1
MP00007596,MP00007596,2023-09-07,13:58:27,PL002,MIL0465550,x@x.com,9999123456,9999123451,9999123452,1,1
MP00007597,MP00007597,2023-09-07,13:58:27,PL011,MIL0192327,x@x.com,9999123456,9999123451,9999123452,1,1
MP00007598,MP00007598,2023-09-07,13:58:27,PL010,MIL0237033,x@x.com,9999123456,9999123451,9999123452,1,1
MP00007599,MP00007599,2023-09-07,13:58:27,PL013,MIL0551128,x@x.com,9999123456,9999123451,9999123452,1,1
MP00007600,MP00007600,2023-09-07,13:58:27,PL011,MIL0311804,x@x.com,9999123456,9999123451,9999123452,1,1
MP00007601,MP00007601,2023-09-07,13:58:27,PL004,MIL0005071,x@x.com,9999123456,9999123451,9999123452,1,1
MP00007602,MP00007602,2023-09-07,13:58:27,PL004,MIL0014409,x@x.com,9999123456,9999123451,9999123452,1,1
MP00007603,MP00007603,2023-09-07,13:58:27,PL005,MIL0380853,x@x.com,9999123456,9999123451,9999123452,1,1
MP00007604,MP00007604,2023-09-07,13:58:27,PL006,MIL0192992,x@x.com,9999123456,9999123451,9999123452,1,1
MP00007605,MP00007605,2023-09-07,13:58:27,PL010,MIL0032135,x@x.com,9999123456,9999123451,9999123452,1,1
MP00007606,MP00007606,2023-09-07,13:58:27,PL004,MIL0522056,x@x.com,9999123456,9999123451,9999123452,1,1
MP00007607,MP00007607,2023-09-07,13:58:27,PL008,MIL0106200,x@x.com,9999123456,9999123451,9999123452,1,1
MP00007608,MP00007608,2023-09-07,13:58:27,PL012,MIL0492707,x@x.com,9999123456,9999123451,9999123452,1,1
MP00007609,MP00007609,2023-09-07,13:58:27,PL002,MIL0281784,x@x.com,9999123456,9999123451,9999123452,1,1
MP00007610,MP00007610,2023-09-07,13:58:27,PL004,MIL0237752,x@x.com,9999123456,9999123451,9999123452,1,1
MP00007611,MP00007611,2023-09-07,13:58:27,PL004,MIL0378019,x@x.com,9999123456,9999123451,9999123452,1,1
MP00007612,MP00007612,2023-09-07,13:58:27,PL001,MIL0338369,x@x.com,9999123456,9999123451,9999123452,1,1
MP00007613,MP00007613,2023-09-07,13:58:27,PL005,MIL0022226,x@x.com,9999123456,9999123451,9999123452,1,1
MP00007614,MP00007614,2023-09-07,13:58:27,PL005,MIL0403010,x@x.com,9999123456,9999123451,9999123452,1,1
MP00007615,MP00007615,2023-09-07,13:58:27,PL005,MIL0463145,x@x.com,9999123456,9999123451,9999123452,1,1
MP00007616,MP00007616,2023-09-07,13:58:27,PL003,MIL0123867,x@x.com,9999123456,9999123451,9999123452,1,1
MP00007617,MP00007617,2023-09-07,13:58:27,PL009,MIL0052629,x@x.com,9999123456,9999123451,9999123452,1,1
MP00007618,MP00007618,2023-09-07,13:58:27,PL003,MIL0534347,x@x.com,9999123456,9999123451,9999123452,1,1
MP00007619,MP00007619,2023-09-07,13:58:27,PL005,MIL0086809,x@x.com,9999123456,9999123451,9999123452,1,1
MP00007620,MP00007620,2023-09-07,13:58:27,PL003,MIL0037680,x@x.com,9999123456,9999123451,9999123452,1,1
MP00007621,MP00007621,2023-09-07,13:58:27,PL002,MIL0162921,x@x.com,9999123456,9999123451,9999123452,1,1
MP00007622,MP00007622,2023-09-07,13:58:27,PL012,MIL0197696,x@x.com,9999123456,9999123451,9999123452,1,1
MP00007623,MP00007623,2023-09-07,13:58:27,PL001,MIL0139522,x@x.com,9999123456,9999123451,9999123452,1,1
MP00007624,MP00007624,2023-09-07,13:58:27,PL007,MIL0081024,x@x.com,9999123456,9999123451,9999123452,1,1
MP00007625,MP00007625,2023-09-07,13:58:27,PL003,MIL0382052,x@x.com,9999123456,9999123451,9999123452,1,1
MP00007626,MP00007626,2023-09-07,13:58:27,PL012,MIL0118177,x@x.com,9999123456,9999123451,9999123452,1,1
MP00007627,MP00007627,2023-09-07,13:58:27,PL009,MIL0541069,x@x.com,9999123456,9999123451,9999123452,1,1
MP00007628,MP00007628,2023-09-07,13:58:27,PL004,MIL0557434,x@x.com,9999123456,9999123451,9999123452,1,1
MP00007629,MP00007629,2023-09-07,13:58:27,PL006,MIL0250526,x@x.com,9999123456,9999123451,9999123452,1,1
MP00007630,MP00007630,2023-09-07,13:58:27,PL001,MIL0367324,x@x.com,9999123456,9999123451,9999123452,1,1
MP00007631,MP00007631,2023-09-07,13:58:27,PL009,MIL0522844,x@x.com,9999123456,9999123451,9999123452,1,1
MP00007632,MP00007632,2023-09-07,13:58:27,PL012,MIL0218868,x@x.com,9999123456,9999123451,9999123452,1,1
MP00007633,MP00007633,2023-09-07,13:58:27,PL003,MIL0510870,x@x.com,9999123456,9999123451,9999123452,1,1
MP00007634,MP00007634,2023-09-07,13:58:27,PL013,MIL0046482,x@x.com,9999123456,9999123451,9999123452,1,1
MP00007635,MP00007635,2023-09-07,13:58:27,PL012,MIL0491771,x@x.com,9999123456,9999123451,9999123452,1,1
MP00007636,MP00007636,2023-09-07,13:58:27,PL005,MIL0164437,x@x.com,9999123456,9999123451,9999123452,1,1
MP00007637,MP00007637,2023-09-07,13:58:27,PL002,MIL0223897,x@x.com,9999123456,9999123451,9999123452,1,1
MP00007638,MP00007638,2023-09-07,13:58:27,PL007,MIL0226152,x@x.com,9999123456,9999123451,9999123452,1,1
MP00007639,MP00007639,2023-09-07,13:58:27,PL001,MIL0528445,x@x.com,9999123456,9999123451,9999123452,1,1
MP00007640,MP00007640,2023-09-07,13:58:27,PL002,MIL0076181,x@x.com,9999123456,9999123451,9999123452,1,1
MP00007641,MP00007641,2023-09-07,13:58:27,PL011,MIL0380269,x@x.com,9999123456,9999123451,9999123452,1,1
MP00007642,MP00007642,2023-09-07,13:58:27,PL008,MIL0324140,x@x.com,9999123456,9999123451,9999123452,1,1
MP00007643,MP00007643,2023-09-07,13:58:27,PL012,MIL0118342,x@x.com,9999123456,9999123451,9999123452,1,1
MP00007644,MP00007644,2023-09-07,13:58:27,PL003,MIL0480588,x@x.com,9999123456,9999123451,9999123452,1,1
MP00007645,MP00007645,2023-09-07,13:58:27,PL011,MIL0132245,x@x.com,9999123456,9999123451,9999123452,1,1
MP00007646,MP00007646,2023-09-07,13:58:27,PL012,MIL0024680,x@x.com,9999123456,9999123451,9999123452,1,1
MP00007647,MP00007647,2023-09-07,13:58:27,PL011,MIL0182542,x@x.com,9999123456,9999123451,9999123452,1,1
MP00007648,MP00007648,2023-09-07,13:58:27,PL002,MIL0499649,x@x.com,9999123456,9999123451,9999123452,1,1
MP00007649,MP00007649,2023-09-07,13:58:27,PL004,MIL0273558,x@x.com,9999123456,9999123451,9999123452,1,1
MP00007650,MP00007650,2023-09-07,13:58:27,PL007,MIL0355859,x@x.com,9999123456,9999123451,9999123452,1,1
MP00007651,MP00007651,2023-09-07,13:58:27,PL006,MIL0074344,x@x.com,9999123456,9999123451,9999123452,1,1
MP00007652,MP00007652,2023-09-07,13:58:27,PL008,MIL0262906,x@x.com,9999123456,9999123451,9999123452,1,1
MP00007653,MP00007653,2023-09-07,13:58:27,PL004,MIL0551866,x@x.com,9999123456,9999123451,9999123452,1,1
MP00007654,MP00007654,2023-09-07,13:58:27,PL004,MIL0051595,x@x.com,9999123456,9999123451,9999123452,1,1
MP00007655,MP00007655,2023-09-07,13:58:27,PL004,MIL0514753,x@x.com,9999123456,9999123451,9999123452,1,1
MP00007656,MP00007656,2023-09-07,13:58:27,PL008,MIL0061682,x@x.com,9999123456,9999123451,9999123452,1,1
MP00007657,MP00007657,2023-09-07,13:58:27,PL004,MIL0209695,x@x.com,9999123456,9999123451,9999123452,1,1
MP00007658,MP00007658,2023-09-07,13:58:27,PL008,MIL0224335,x@x.com,9999123456,9999123451,9999123452,1,1
MP00007659,MP00007659,2023-09-07,13:58:27,PL006,MIL0448136,x@x.com,9999123456,9999123451,9999123452,1,1
MP00007660,MP00007660,2023-09-07,13:58:27,PL010,MIL0017964,x@x.com,9999123456,9999123451,9999123452,1,1
MP00007661,MP00007661,2023-09-07,13:58:27,PL004,MIL0110458,x@x.com,9999123456,9999123451,9999123452,1,1
MP00007662,MP00007662,2023-09-07,13:58:27,PL010,MIL0176696,x@x.com,9999123456,9999123451,9999123452,1,1
MP00007663,MP00007663,2023-09-07,13:58:27,PL004,MIL0115349,x@x.com,9999123456,9999123451,9999123452,1,1
MP00007664,MP00007664,2023-09-07,13:58:27,PL001,MIL0094352,x@x.com,9999123456,9999123451,9999123452,1,1
MP00007665,MP00007665,2023-09-07,13:58:27,PL004,MIL0499058,x@x.com,9999123456,9999123451,9999123452,1,1
MP00007666,MP00007666,2023-09-07,13:58:27,PL007,MIL0448138,x@x.com,9999123456,9999123451,9999123452,1,1
MP00007667,MP00007667,2023-09-07,13:58:27,PL006,MIL0372933,x@x.com,9999123456,9999123451,9999123452,1,1
MP00007668,MP00007668,2023-09-07,13:58:27,PL001,MIL0279909,x@x.com,9999123456,9999123451,9999123452,1,1
MP00007669,MP00007669,2023-09-07,13:58:27,PL005,MIL0153510,x@x.com,9999123456,9999123451,9999123452,1,1
MP00007670,MP00007670,2023-09-07,13:58:27,PL013,MIL0041551,x@x.com,9999123456,9999123451,9999123452,1,1
MP00007671,MP00007671,2023-09-07,13:58:27,PL010,MIL0420908,x@x.com,9999123456,9999123451,9999123452,1,1
MP00007672,MP00007672,2023-09-07,13:58:27,PL003,MIL0348631,x@x.com,9999123456,9999123451,9999123452,1,1
MP00007673,MP00007673,2023-09-07,13:58:27,PL001,MIL0198634,x@x.com,9999123456,9999123451,9999123452,1,1
MP00007674,MP00007674,2023-09-07,13:58:27,PL009,MIL0380525,x@x.com,9999123456,9999123451,9999123452,1,1
MP00007675,MP00007675,2023-09-07,13:58:27,PL011,MIL0399458,x@x.com,9999123456,9999123451,9999123452,1,1
MP00007676,MP00007676,2023-09-07,13:58:27,PL012,MIL0496477,x@x.com,9999123456,9999123451,9999123452,1,1
MP00007677,MP00007677,2023-09-07,13:58:27,PL005,MIL0287638,x@x.com,9999123456,9999123451,9999123452,1,1
MP00007678,MP00007678,2023-09-07,13:58:27,PL010,MIL0173534,x@x.com,9999123456,9999123451,9999123452,1,1
MP00007679,MP00007679,2023-09-07,13:58:27,PL001,MIL0239688,x@x.com,9999123456,9999123451,9999123452,1,1
MP00007680,MP00007680,2023-09-07,13:58:27,PL003,MIL0201848,x@x.com,9999123456,9999123451,9999123452,1,1
MP00007681,MP00007681,2023-09-07,13:58:27,PL001,MIL0578342,x@x.com,9999123456,9999123451,9999123452,1,1
MP00007682,MP00007682,2023-09-07,13:58:27,PL005,MIL0143276,x@x.com,9999123456,9999123451,9999123452,1,1
MP00007683,MP00007683,2023-09-07,13:58:27,PL011,MIL0522273,x@x.com,9999123456,9999123451,9999123452,1,1
MP00007684,MP00007684,2023-09-07,13:58:27,PL010,MIL0047620,x@x.com,9999123456,9999123451,9999123452,1,1
MP00007685,MP00007685,2023-09-07,13:58:27,PL007,MIL0051266,x@x.com,9999123456,9999123451,9999123452,1,1
MP00007686,MP00007686,2023-09-07,13:58:27,PL004,MIL0019512,x@x.com,9999123456,9999123451,9999123452,1,1
MP00007687,MP00007687,2023-09-07,13:58:27,PL003,MIL0292172,x@x.com,9999123456,9999123451,9999123452,1,1
MP00007688,MP00007688,2023-09-07,13:58:27,PL013,MIL0557182,x@x.com,9999123456,9999123451,9999123452,1,1
MP00007689,MP00007689,2023-09-07,13:58:27,PL003,MIL0342684,x@x.com,9999123456,9999123451,9999123452,1,1
MP00007690,MP00007690,2023-09-07,13:58:27,PL011,MIL0156269,x@x.com,9999123456,9999123451,9999123452,1,1
MP00007691,MP00007691,2023-09-07,13:58:27,PL012,MIL0147351,x@x.com,9999123456,9999123451,9999123452,1,1
MP00007692,MP00007692,2023-09-07,13:58:27,PL004,MIL0069268,x@x.com,9999123456,9999123451,9999123452,1,1
MP00007693,MP00007693,2023-09-07,13:58:27,PL001,MIL0258418,x@x.com,9999123456,9999123451,9999123452,1,1
MP00007694,MP00007694,2023-09-07,13:58:27,PL009,MIL0114336,x@x.com,9999123456,9999123451,9999123452,1,1
MP00007695,MP00007695,2023-09-07,13:58:27,PL006,MIL0150401,x@x.com,9999123456,9999123451,9999123452,1,1
MP00007696,MP00007696,2023-09-07,13:58:27,PL005,MIL0282425,x@x.com,9999123456,9999123451,9999123452,1,1
MP00007697,MP00007697,2023-09-07,13:58:27,PL002,MIL0558306,x@x.com,9999123456,9999123451,9999123452,1,1
MP00007698,MP00007698,2023-09-07,13:58:27,PL013,MIL0183172,x@x.com,9999123456,9999123451,9999123452,1,1
MP00007699,MP00007699,2023-09-07,13:58:27,PL007,MIL0106591,x@x.com,9999123456,9999123451,9999123452,1,1
MP00007700,MP00007700,2023-09-07,13:58:27,PL013,MIL0029545,x@x.com,9999123456,9999123451,9999123452,1,1
MP00007701,MP00007701,2023-09-07,13:58:27,PL012,MIL0554738,x@x.com,9999123456,9999123451,9999123452,1,1
MP00007702,MP00007702,2023-09-07,13:58:27,PL008,MIL0074775,x@x.com,9999123456,9999123451,9999123452,1,1
MP00007703,MP00007703,2023-09-07,13:58:27,PL001,MIL0556805,x@x.com,9999123456,9999123451,9999123452,1,1
MP00007704,MP00007704,2023-09-07,13:58:27,PL006,MIL0021528,x@x.com,9999123456,9999123451,9999123452,1,1
MP00007705,MP00007705,2023-09-07,13:58:27,PL001,MIL0269648,x@x.com,9999123456,9999123451,9999123452,1,1
MP00007706,MP00007706,2023-09-07,13:58:27,PL002,MIL0316311,x@x.com,9999123456,9999123451,9999123452,1,1
MP00007707,MP00007707,2023-09-07,13:58:27,PL010,MIL0038240,x@x.com,9999123456,9999123451,9999123452,1,1
MP00007708,MP00007708,2023-09-07,13:58:27,PL011,MIL0218061,x@x.com,9999123456,9999123451,9999123452,1,1
MP00007709,MP00007709,2023-09-07,13:58:27,PL011,MIL0501708,x@x.com,9999123456,9999123451,9999123452,1,1
MP00007710,MP00007710,2023-09-07,13:58:27,PL012,MIL0007561,x@x.com,9999123456,9999123451,9999123452,1,1
MP00007711,MP00007711,2023-09-07,13:58:27,PL006,MIL0581147,x@x.com,9999123456,9999123451,9999123452,1,1
MP00007712,MP00007712,2023-09-07,13:58:27,PL011,MIL0444500,x@x.com,9999123456,9999123451,9999123452,1,1
MP00007713,MP00007713,2023-09-07,13:58:27,PL008,MIL0545090,x@x.com,9999123456,9999123451,9999123452,1,1
MP00007714,MP00007714,2023-09-07,13:58:27,PL004,MIL0024812,x@x.com,9999123456,9999123451,9999123452,1,1
MP00007715,MP00007715,2023-09-07,13:58:27,PL007,MIL0469854,x@x.com,9999123456,9999123451,9999123452,1,1
MP00007716,MP00007716,2023-09-07,13:58:27,PL011,MIL0122657,x@x.com,9999123456,9999123451,9999123452,1,1
MP00007717,MP00007717,2023-09-07,13:58:27,PL002,MIL0154470,x@x.com,9999123456,9999123451,9999123452,1,1
MP00007718,MP00007718,2023-09-07,13:58:27,PL005,MIL0489644,x@x.com,9999123456,9999123451,9999123452,1,1
MP00007719,MP00007719,2023-09-07,13:58:27,PL013,MIL0262183,x@x.com,9999123456,9999123451,9999123452,1,1
MP00007720,MP00007720,2023-09-07,13:58:27,PL012,MIL0578025,x@x.com,9999123456,9999123451,9999123452,1,1
MP00007721,MP00007721,2023-09-07,13:58:27,PL007,MIL0236669,x@x.com,9999123456,9999123451,9999123452,1,1
MP00007722,MP00007722,2023-09-07,13:58:27,PL012,MIL0550312,x@x.com,9999123456,9999123451,9999123452,1,1
MP00007723,MP00007723,2023-09-07,13:58:27,PL012,MIL0224584,x@x.com,9999123456,9999123451,9999123452,1,1
MP00007724,MP00007724,2023-09-07,13:58:27,PL006,MIL0097520,x@x.com,9999123456,9999123451,9999123452,1,1
MP00007725,MP00007725,2023-09-07,13:58:27,PL005,MIL0096608,x@x.com,9999123456,9999123451,9999123452,1,1
MP00007726,MP00007726,2023-09-07,13:58:27,PL013,MIL0563291,x@x.com,9999123456,9999123451,9999123452,1,1
MP00007727,MP00007727,2023-09-07,13:58:27,PL008,MIL0496872,x@x.com,9999123456,9999123451,9999123452,1,1
MP00007728,MP00007728,2023-09-07,13:58:27,PL003,MIL0170012,x@x.com,9999123456,9999123451,9999123452,1,1
MP00007729,MP00007729,2023-09-07,13:58:27,PL011,MIL0201219,x@x.com,9999123456,9999123451,9999123452,1,1
MP00007730,MP00007730,2023-09-07,13:58:27,PL003,MIL0248833,x@x.com,9999123456,9999123451,9999123452,1,1
MP00007731,MP00007731,2023-09-07,13:58:27,PL005,MIL0117409,x@x.com,9999123456,9999123451,9999123452,1,1
MP00007732,MP00007732,2023-09-07,13:58:27,PL008,MIL0099167,x@x.com,9999123456,9999123451,9999123452,1,1
MP00007733,MP00007733,2023-09-07,13:58:27,PL005,MIL0330047,x@x.com,9999123456,9999123451,9999123452,1,1
MP00007734,MP00007734,2023-09-07,13:58:27,PL005,MIL0447076,x@x.com,9999123456,9999123451,9999123452,1,1
MP00007735,MP00007735,2023-09-07,13:58:27,PL001,MIL0234804,x@x.com,9999123456,9999123451,9999123452,1,1
MP00007736,MP00007736,2023-09-07,13:58:27,PL007,MIL0258232,x@x.com,9999123456,9999123451,9999123452,1,1
MP00007737,MP00007737,2023-09-07,13:58:27,PL011,MIL0080903,x@x.com,9999123456,9999123451,9999123452,1,1
MP00007738,MP00007738,2023-09-07,13:58:27,PL009,MIL0105805,x@x.com,9999123456,9999123451,9999123452,1,1
MP00007739,MP00007739,2023-09-07,13:58:27,PL003,MIL0107475,x@x.com,9999123456,9999123451,9999123452,1,1
MP00007740,MP00007740,2023-09-07,13:58:27,PL002,MIL0126756,x@x.com,9999123456,9999123451,9999123452,1,1
MP00007741,MP00007741,2023-09-07,13:58:27,PL006,MIL0188698,x@x.com,9999123456,9999123451,9999123452,1,1
MP00007742,MP00007742,2023-09-07,13:58:27,PL009,MIL0228421,x@x.com,9999123456,9999123451,9999123452,1,1
MP00007743,MP00007743,2023-09-07,13:58:27,PL003,MIL0248334,x@x.com,9999123456,9999123451,9999123452,1,1
MP00007744,MP00007744,2023-09-07,13:58:27,PL003,MIL0060365,x@x.com,9999123456,9999123451,9999123452,1,1
MP00007745,MP00007745,2023-09-07,13:58:27,PL010,MIL0333965,x@x.com,9999123456,9999123451,9999123452,1,1
MP00007746,MP00007746,2023-09-07,13:58:27,PL005,MIL0316908,x@x.com,9999123456,9999123451,9999123452,1,1
MP00007747,MP00007747,2023-09-07,13:58:27,PL003,MIL0320156,x@x.com,9999123456,9999123451,9999123452,1,1
MP00007748,MP00007748,2023-09-07,13:58:27,PL013,MIL0455651,x@x.com,9999123456,9999123451,9999123452,1,1
MP00007749,MP00007749,2023-09-07,13:58:27,PL013,MIL0307270,x@x.com,9999123456,9999123451,9999123452,1,1
MP00007750,MP00007750,2023-09-07,13:58:27,PL003,MIL0333146,x@x.com,9999123456,9999123451,9999123452,1,1
MP00007751,MP00007751,2023-09-07,13:58:27,PL011,MIL0406099,x@x.com,9999123456,9999123451,9999123452,1,1
MP00007752,MP00007752,2023-09-07,13:58:27,PL010,MIL0191690,x@x.com,9999123456,9999123451,9999123452,1,1
MP00007753,MP00007753,2023-09-07,13:58:27,PL011,MIL0003111,x@x.com,9999123456,9999123451,9999123452,1,1
MP00007754,MP00007754,2023-09-07,13:58:27,PL003,MIL0555101,x@x.com,9999123456,9999123451,9999123452,1,1
MP00007755,MP00007755,2023-09-07,13:58:27,PL001,MIL0400099,x@x.com,9999123456,9999123451,9999123452,1,1
MP00007756,MP00007756,2023-09-07,13:58:27,PL007,MIL0010528,x@x.com,9999123456,9999123451,9999123452,1,1
MP00007757,MP00007757,2023-09-07,13:58:27,PL005,MIL0072002,x@x.com,9999123456,9999123451,9999123452,1,1
MP00007758,MP00007758,2023-09-07,13:58:27,PL005,MIL0548606,x@x.com,9999123456,9999123451,9999123452,1,1
MP00007759,MP00007759,2023-09-07,13:58:27,PL013,MIL0463273,x@x.com,9999123456,9999123451,9999123452,1,1
MP00007760,MP00007760,2023-09-07,13:58:27,PL008,MIL0467772,x@x.com,9999123456,9999123451,9999123452,1,1
MP00007761,MP00007761,2023-09-07,13:58:27,PL009,MIL0192042,x@x.com,9999123456,9999123451,9999123452,1,1
MP00007762,MP00007762,2023-09-07,13:58:27,PL001,MIL0436240,x@x.com,9999123456,9999123451,9999123452,1,1
MP00007763,MP00007763,2023-09-07,13:58:27,PL009,MIL0566147,x@x.com,9999123456,9999123451,9999123452,1,1
MP00007764,MP00007764,2023-09-07,13:58:27,PL001,MIL0088010,x@x.com,9999123456,9999123451,9999123452,1,1
MP00007765,MP00007765,2023-09-07,13:58:27,PL013,MIL0356902,x@x.com,9999123456,9999123451,9999123452,1,1
MP00007766,MP00007766,2023-09-07,13:58:27,PL009,MIL0144946,x@x.com,9999123456,9999123451,9999123452,1,1
MP00007767,MP00007767,2023-09-07,13:58:27,PL001,MIL0356518,x@x.com,9999123456,9999123451,9999123452,1,1
MP00007768,MP00007768,2023-09-07,13:58:27,PL010,MIL0090805,x@x.com,9999123456,9999123451,9999123452,1,1
MP00007769,MP00007769,2023-09-07,13:58:27,PL011,MIL0273934,x@x.com,9999123456,9999123451,9999123452,1,1
MP00007770,MP00007770,2023-09-07,13:58:27,PL006,MIL0055518,x@x.com,9999123456,9999123451,9999123452,1,1
MP00007771,MP00007771,2023-09-07,13:58:27,PL013,MIL0521227,x@x.com,9999123456,9999123451,9999123452,1,1
MP00007772,MP00007772,2023-09-07,13:58:27,PL007,MIL0411637,x@x.com,9999123456,9999123451,9999123452,1,1
MP00007773,MP00007773,2023-09-07,13:58:27,PL011,MIL0344291,x@x.com,9999123456,9999123451,9999123452,1,1
MP00007774,MP00007774,2023-09-07,13:58:27,PL007,MIL0378858,x@x.com,9999123456,9999123451,9999123452,1,1
MP00007775,MP00007775,2023-09-07,13:58:27,PL009,MIL0540069,x@x.com,9999123456,9999123451,9999123452,1,1
MP00007776,MP00007776,2023-09-07,13:58:27,PL012,MIL0328523,x@x.com,9999123456,9999123451,9999123452,1,1
MP00007777,MP00007777,2023-09-07,13:58:27,PL004,MIL0410255,x@x.com,9999123456,9999123451,9999123452,1,1
MP00007778,MP00007778,2023-09-07,13:58:27,PL009,MIL0260238,x@x.com,9999123456,9999123451,9999123452,1,1
MP00007779,MP00007779,2023-09-07,13:58:27,PL004,MIL0165396,x@x.com,9999123456,9999123451,9999123452,1,1
MP00007780,MP00007780,2023-09-07,13:58:27,PL011,MIL0286590,x@x.com,9999123456,9999123451,9999123452,1,1
MP00007781,MP00007781,2023-09-07,13:58:27,PL013,MIL0177682,x@x.com,9999123456,9999123451,9999123452,1,1
MP00007782,MP00007782,2023-09-07,13:58:27,PL006,MIL0087286,x@x.com,9999123456,9999123451,9999123452,1,1
MP00007783,MP00007783,2023-09-07,13:58:27,PL009,MIL0305923,x@x.com,9999123456,9999123451,9999123452,1,1
MP00007784,MP00007784,2023-09-07,13:58:27,PL010,MIL0305700,x@x.com,9999123456,9999123451,9999123452,1,1
MP00007785,MP00007785,2023-09-07,13:58:27,PL005,MIL0445302,x@x.com,9999123456,9999123451,9999123452,1,1
MP00007786,MP00007786,2023-09-07,13:58:27,PL007,MIL0340383,x@x.com,9999123456,9999123451,9999123452,1,1
MP00007787,MP00007787,2023-09-07,13:58:27,PL002,MIL0573572,x@x.com,9999123456,9999123451,9999123452,1,1
MP00007788,MP00007788,2023-09-07,13:58:27,PL011,MIL0220475,x@x.com,9999123456,9999123451,9999123452,1,1
MP00007789,MP00007789,2023-09-07,13:58:27,PL008,MIL0526262,x@x.com,9999123456,9999123451,9999123452,1,1
MP00007790,MP00007790,2023-09-07,13:58:27,PL006,MIL0135655,x@x.com,9999123456,9999123451,9999123452,1,1
MP00007791,MP00007791,2023-09-07,13:58:27,PL003,MIL0180668,x@x.com,9999123456,9999123451,9999123452,1,1
MP00007792,MP00007792,2023-09-07,13:58:27,PL008,MIL0198632,x@x.com,9999123456,9999123451,9999123452,1,1
MP00007793,MP00007793,2023-09-07,13:58:27,PL007,MIL0223846,x@x.com,9999123456,9999123451,9999123452,1,1
MP00007794,MP00007794,2023-09-07,13:58:27,PL004,MIL0511222,x@x.com,9999123456,9999123451,9999123452,1,1
MP00007795,MP00007795,2023-09-07,13:58:27,PL001,MIL0285676,x@x.com,9999123456,9999123451,9999123452,1,1
MP00007796,MP00007796,2023-09-07,13:58:27,PL007,MIL0406849,x@x.com,9999123456,9999123451,9999123452,1,1
MP00007797,MP00007797,2023-09-07,13:58:27,PL013,MIL0185391,x@x.com,9999123456,9999123451,9999123452,1,1
MP00007798,MP00007798,2023-09-07,13:58:27,PL009,MIL0349722,x@x.com,9999123456,9999123451,9999123452,1,1
MP00007799,MP00007799,2023-09-07,13:58:27,PL011,MIL0111944,x@x.com,9999123456,9999123451,9999123452,1,1
MP00007800,MP00007800,2023-09-07,13:58:27,PL004,MIL0508854,x@x.com,9999123456,9999123451,9999123452,1,1
MP00007801,MP00007801,2023-09-07,13:58:27,PL005,MIL0423070,x@x.com,9999123456,9999123451,9999123452,1,1
MP00007802,MP00007802,2023-09-07,13:58:27,PL011,MIL0458947,x@x.com,9999123456,9999123451,9999123452,1,1
MP00007803,MP00007803,2023-09-07,13:58:27,PL012,MIL0187996,x@x.com,9999123456,9999123451,9999123452,1,1
MP00007804,MP00007804,2023-09-07,13:58:27,PL012,MIL0156926,x@x.com,9999123456,9999123451,9999123452,1,1
MP00007805,MP00007805,2023-09-07,13:58:27,PL005,MIL0203295,x@x.com,9999123456,9999123451,9999123452,1,1
MP00007806,MP00007806,2023-09-07,13:58:27,PL010,MIL0385695,x@x.com,9999123456,9999123451,9999123452,1,1
MP00007807,MP00007807,2023-09-07,13:58:27,PL002,MIL0430713,x@x.com,9999123456,9999123451,9999123452,1,1
MP00007808,MP00007808,2023-09-07,13:58:27,PL009,MIL0115002,x@x.com,9999123456,9999123451,9999123452,1,1
MP00007809,MP00007809,2023-09-07,13:58:27,PL013,MIL0374372,x@x.com,9999123456,9999123451,9999123452,1,1
MP00007810,MP00007810,2023-09-07,13:58:27,PL005,MIL0223007,x@x.com,9999123456,9999123451,9999123452,1,1
MP00007811,MP00007811,2023-09-07,13:58:27,PL006,MIL0427560,x@x.com,9999123456,9999123451,9999123452,1,1
MP00007812,MP00007812,2023-09-07,13:58:27,PL009,MIL0087824,x@x.com,9999123456,9999123451,9999123452,1,1
MP00007813,MP00007813,2023-09-07,13:58:27,PL002,MIL0483980,x@x.com,9999123456,9999123451,9999123452,1,1
MP00007814,MP00007814,2023-09-07,13:58:27,PL011,MIL0198078,x@x.com,9999123456,9999123451,9999123452,1,1
MP00007815,MP00007815,2023-09-07,13:58:27,PL006,MIL0314151,x@x.com,9999123456,9999123451,9999123452,1,1
MP00007816,MP00007816,2023-09-07,13:58:27,PL005,MIL0488626,x@x.com,9999123456,9999123451,9999123452,1,1
MP00007817,MP00007817,2023-09-07,13:58:27,PL013,MIL0066276,x@x.com,9999123456,9999123451,9999123452,1,1
MP00007818,MP00007818,2023-09-07,13:58:27,PL012,MIL0399240,x@x.com,9999123456,9999123451,9999123452,1,1
MP00007819,MP00007819,2023-09-07,13:58:27,PL002,MIL0002251,x@x.com,9999123456,9999123451,9999123452,1,1
MP00007820,MP00007820,2023-09-07,13:58:27,PL004,MIL0468179,x@x.com,9999123456,9999123451,9999123452,1,1
MP00007821,MP00007821,2023-09-07,13:58:27,PL011,MIL0009291,x@x.com,9999123456,9999123451,9999123452,1,1
MP00007822,MP00007822,2023-09-07,13:58:27,PL005,MIL0171113,x@x.com,9999123456,9999123451,9999123452,1,1
MP00007823,MP00007823,2023-09-07,13:58:27,PL005,MIL0234444,x@x.com,9999123456,9999123451,9999123452,1,1
MP00007824,MP00007824,2023-09-07,13:58:27,PL008,MIL0522447,x@x.com,9999123456,9999123451,9999123452,1,1
MP00007825,MP00007825,2023-09-07,13:58:27,PL002,MIL0399205,x@x.com,9999123456,9999123451,9999123452,1,1
MP00007826,MP00007826,2023-09-07,13:58:27,PL009,MIL0328053,x@x.com,9999123456,9999123451,9999123452,1,1
MP00007827,MP00007827,2023-09-07,13:58:27,PL005,MIL0505429,x@x.com,9999123456,9999123451,9999123452,1,1
MP00007828,MP00007828,2023-09-07,13:58:27,PL013,MIL0034917,x@x.com,9999123456,9999123451,9999123452,1,1
MP00007829,MP00007829,2023-09-07,13:58:27,PL008,MIL0424611,x@x.com,9999123456,9999123451,9999123452,1,1
MP00007830,MP00007830,2023-09-07,13:58:27,PL004,MIL0432686,x@x.com,9999123456,9999123451,9999123452,1,1
MP00007831,MP00007831,2023-09-07,13:58:27,PL009,MIL0281840,x@x.com,9999123456,9999123451,9999123452,1,1
MP00007832,MP00007832,2023-09-07,13:58:27,PL013,MIL0411305,x@x.com,9999123456,9999123451,9999123452,1,1
MP00007833,MP00007833,2023-09-07,13:58:27,PL006,MIL0085055,x@x.com,9999123456,9999123451,9999123452,1,1
MP00007834,MP00007834,2023-09-07,13:58:27,PL005,MIL0107980,x@x.com,9999123456,9999123451,9999123452,1,1
MP00007835,MP00007835,2023-09-07,13:58:27,PL001,MIL0494848,x@x.com,9999123456,9999123451,9999123452,1,1
MP00007836,MP00007836,2023-09-07,13:58:27,PL002,MIL0031831,x@x.com,9999123456,9999123451,9999123452,1,1
MP00007837,MP00007837,2023-09-07,13:58:27,PL008,MIL0389646,x@x.com,9999123456,9999123451,9999123452,1,1
MP00007838,MP00007838,2023-09-07,13:58:27,PL009,MIL0506256,x@x.com,9999123456,9999123451,9999123452,1,1
MP00007839,MP00007839,2023-09-07,13:58:27,PL003,MIL0195435,x@x.com,9999123456,9999123451,9999123452,1,1
MP00007840,MP00007840,2023-09-07,13:58:27,PL007,MIL0487379,x@x.com,9999123456,9999123451,9999123452,1,1
MP00007841,MP00007841,2023-09-07,13:58:27,PL003,MIL0231072,x@x.com,9999123456,9999123451,9999123452,1,1
MP00007842,MP00007842,2023-09-07,13:58:27,PL009,MIL0460989,x@x.com,9999123456,9999123451,9999123452,1,1
MP00007843,MP00007843,2023-09-07,13:58:27,PL004,MIL0434922,x@x.com,9999123456,9999123451,9999123452,1,1
MP00007844,MP00007844,2023-09-07,13:58:27,PL013,MIL0085187,x@x.com,9999123456,9999123451,9999123452,1,1
MP00007845,MP00007845,2023-09-07,13:58:27,PL005,MIL0124288,x@x.com,9999123456,9999123451,9999123452,1,1
MP00007846,MP00007846,2023-09-07,13:58:27,PL005,MIL0008449,x@x.com,9999123456,9999123451,9999123452,1,1
MP00007847,MP00007847,2023-09-07,13:58:27,PL005,MIL0486917,x@x.com,9999123456,9999123451,9999123452,1,1
MP00007848,MP00007848,2023-09-07,13:58:27,PL005,MIL0394241,x@x.com,9999123456,9999123451,9999123452,1,1
MP00007849,MP00007849,2023-09-07,13:58:27,PL005,MIL0028174,x@x.com,9999123456,9999123451,9999123452,1,1
MP00007850,MP00007850,2023-09-07,13:58:27,PL004,MIL0413570,x@x.com,9999123456,9999123451,9999123452,1,1
MP00007851,MP00007851,2023-09-07,13:58:27,PL004,MIL0315756,x@x.com,9999123456,9999123451,9999123452,1,1
MP00007852,MP00007852,2023-09-07,13:58:27,PL003,MIL0115193,x@x.com,9999123456,9999123451,9999123452,1,1
MP00007853,MP00007853,2023-09-07,13:58:27,PL012,MIL0059231,x@x.com,9999123456,9999123451,9999123452,1,1
MP00007854,MP00007854,2023-09-07,13:58:27,PL006,MIL0086801,x@x.com,9999123456,9999123451,9999123452,1,1
MP00007855,MP00007855,2023-09-07,13:58:27,PL012,MIL0386608,x@x.com,9999123456,9999123451,9999123452,1,1
MP00007856,MP00007856,2023-09-07,13:58:27,PL007,MIL0280429,x@x.com,9999123456,9999123451,9999123452,1,1
MP00007857,MP00007857,2023-09-07,13:58:27,PL002,MIL0339049,x@x.com,9999123456,9999123451,9999123452,1,1
MP00007858,MP00007858,2023-09-07,13:58:27,PL002,MIL0520822,x@x.com,9999123456,9999123451,9999123452,1,1
MP00007859,MP00007859,2023-09-07,13:58:27,PL004,MIL0006494,x@x.com,9999123456,9999123451,9999123452,1,1
MP00007860,MP00007860,2023-09-07,13:58:27,PL011,MIL0399918,x@x.com,9999123456,9999123451,9999123452,1,1
MP00007861,MP00007861,2023-09-07,13:58:27,PL004,MIL0520790,x@x.com,9999123456,9999123451,9999123452,1,1
MP00007862,MP00007862,2023-09-07,13:58:27,PL010,MIL0463382,x@x.com,9999123456,9999123451,9999123452,1,1
MP00007863,MP00007863,2023-09-07,13:58:27,PL013,MIL0200500,x@x.com,9999123456,9999123451,9999123452,1,1
MP00007864,MP00007864,2023-09-07,13:58:27,PL005,MIL0356833,x@x.com,9999123456,9999123451,9999123452,1,1
MP00007865,MP00007865,2023-09-07,13:58:27,PL003,MIL0008616,x@x.com,9999123456,9999123451,9999123452,1,1
MP00007866,MP00007866,2023-09-07,13:58:27,PL007,MIL0008024,x@x.com,9999123456,9999123451,9999123452,1,1
MP00007867,MP00007867,2023-09-07,13:58:27,PL013,MIL0552392,x@x.com,9999123456,9999123451,9999123452,1,1
MP00007868,MP00007868,2023-09-07,13:58:27,PL004,MIL0337659,x@x.com,9999123456,9999123451,9999123452,1,1
MP00007869,MP00007869,2023-09-07,13:58:27,PL011,MIL0254565,x@x.com,9999123456,9999123451,9999123452,1,1
MP00007870,MP00007870,2023-09-07,13:58:27,PL011,MIL0034985,x@x.com,9999123456,9999123451,9999123452,1,1
MP00007871,MP00007871,2023-09-07,13:58:27,PL011,MIL0181948,x@x.com,9999123456,9999123451,9999123452,1,1
MP00007872,MP00007872,2023-09-07,13:58:27,PL002,MIL0018374,x@x.com,9999123456,9999123451,9999123452,1,1
MP00007873,MP00007873,2023-09-07,13:58:27,PL013,MIL0451486,x@x.com,9999123456,9999123451,9999123452,1,1
MP00007874,MP00007874,2023-09-07,13:58:27,PL004,MIL0259800,x@x.com,9999123456,9999123451,9999123452,1,1
MP00007875,MP00007875,2023-09-07,13:58:27,PL008,MIL0319987,x@x.com,9999123456,9999123451,9999123452,1,1
MP00007876,MP00007876,2023-09-07,13:58:27,PL008,MIL0112299,x@x.com,9999123456,9999123451,9999123452,1,1
MP00007877,MP00007877,2023-09-07,13:58:27,PL013,MIL0550627,x@x.com,9999123456,9999123451,9999123452,1,1
MP00007878,MP00007878,2023-09-07,13:58:27,PL006,MIL0448919,x@x.com,9999123456,9999123451,9999123452,1,1
MP00007879,MP00007879,2023-09-07,13:58:27,PL006,MIL0330101,x@x.com,9999123456,9999123451,9999123452,1,1
MP00007880,MP00007880,2023-09-07,13:58:27,PL008,MIL0011642,x@x.com,9999123456,9999123451,9999123452,1,1
MP00007881,MP00007881,2023-09-07,13:58:27,PL011,MIL0157522,x@x.com,9999123456,9999123451,9999123452,1,1
MP00007882,MP00007882,2023-09-07,13:58:27,PL012,MIL0069264,x@x.com,9999123456,9999123451,9999123452,1,1
MP00007883,MP00007883,2023-09-07,13:58:27,PL009,MIL0386902,x@x.com,9999123456,9999123451,9999123452,1,1
MP00007884,MP00007884,2023-09-07,13:58:27,PL007,MIL0499350,x@x.com,9999123456,9999123451,9999123452,1,1
MP00007885,MP00007885,2023-09-07,13:58:27,PL006,MIL0322408,x@x.com,9999123456,9999123451,9999123452,1,1
MP00007886,MP00007886,2023-09-07,13:58:27,PL013,MIL0196881,x@x.com,9999123456,9999123451,9999123452,1,1
MP00007887,MP00007887,2023-09-07,13:58:27,PL008,MIL0303241,x@x.com,9999123456,9999123451,9999123452,1,1
MP00007888,MP00007888,2023-09-07,13:58:27,PL010,MIL0494358,x@x.com,9999123456,9999123451,9999123452,1,1
MP00007889,MP00007889,2023-09-07,13:58:27,PL004,MIL0402253,x@x.com,9999123456,9999123451,9999123452,1,1
MP00007890,MP00007890,2023-09-07,13:58:27,PL007,MIL0249659,x@x.com,9999123456,9999123451,9999123452,1,1
MP00007891,MP00007891,2023-09-07,13:58:27,PL004,MIL0120678,x@x.com,9999123456,9999123451,9999123452,1,1
MP00007892,MP00007892,2023-09-07,13:58:27,PL003,MIL0329232,x@x.com,9999123456,9999123451,9999123452,1,1
MP00007893,MP00007893,2023-09-07,13:58:27,PL012,MIL0100393,x@x.com,9999123456,9999123451,9999123452,1,1
MP00007894,MP00007894,2023-09-07,13:58:27,PL013,MIL0344823,x@x.com,9999123456,9999123451,9999123452,1,1
MP00007895,MP00007895,2023-09-07,13:58:27,PL011,MIL0379775,x@x.com,9999123456,9999123451,9999123452,1,1
MP00007896,MP00007896,2023-09-07,13:58:27,PL008,MIL0355471,x@x.com,9999123456,9999123451,9999123452,1,1
MP00007897,MP00007897,2023-09-07,13:58:27,PL011,MIL0184394,x@x.com,9999123456,9999123451,9999123452,1,1
MP00007898,MP00007898,2023-09-07,13:58:27,PL002,MIL0345114,x@x.com,9999123456,9999123451,9999123452,1,1
MP00007899,MP00007899,2023-09-07,13:58:27,PL008,MIL0006858,x@x.com,9999123456,9999123451,9999123452,1,1
MP00007900,MP00007900,2023-09-07,13:58:27,PL003,MIL0273999,x@x.com,9999123456,9999123451,9999123452,1,1
MP00007901,MP00007901,2023-09-07,13:58:27,PL010,MIL0191450,x@x.com,9999123456,9999123451,9999123452,1,1
MP00007902,MP00007902,2023-09-07,13:58:27,PL003,MIL0144068,x@x.com,9999123456,9999123451,9999123452,1,1
MP00007903,MP00007903,2023-09-07,13:58:27,PL002,MIL0244484,x@x.com,9999123456,9999123451,9999123452,1,1
MP00007904,MP00007904,2023-09-07,13:58:27,PL002,MIL0416324,x@x.com,9999123456,9999123451,9999123452,1,1
MP00007905,MP00007905,2023-09-07,13:58:27,PL006,MIL0076032,x@x.com,9999123456,9999123451,9999123452,1,1
MP00007906,MP00007906,2023-09-07,13:58:27,PL001,MIL0177231,x@x.com,9999123456,9999123451,9999123452,1,1
MP00007907,MP00007907,2023-09-07,13:58:27,PL006,MIL0421458,x@x.com,9999123456,9999123451,9999123452,1,1
MP00007908,MP00007908,2023-09-07,13:58:27,PL008,MIL0425138,x@x.com,9999123456,9999123451,9999123452,1,1
MP00007909,MP00007909,2023-09-07,13:58:27,PL001,MIL0389228,x@x.com,9999123456,9999123451,9999123452,1,1
MP00007910,MP00007910,2023-09-07,13:58:27,PL008,MIL0519453,x@x.com,9999123456,9999123451,9999123452,1,1
MP00007911,MP00007911,2023-09-07,13:58:27,PL007,MIL0088662,x@x.com,9999123456,9999123451,9999123452,1,1
MP00007912,MP00007912,2023-09-07,13:58:27,PL009,MIL0520291,x@x.com,9999123456,9999123451,9999123452,1,1
MP00007913,MP00007913,2023-09-07,13:58:27,PL009,MIL0207006,x@x.com,9999123456,9999123451,9999123452,1,1
MP00007914,MP00007914,2023-09-07,13:58:27,PL007,MIL0464621,x@x.com,9999123456,9999123451,9999123452,1,1
MP00007915,MP00007915,2023-09-07,13:58:27,PL007,MIL0532545,x@x.com,9999123456,9999123451,9999123452,1,1
MP00007916,MP00007916,2023-09-07,13:58:27,PL005,MIL0110639,x@x.com,9999123456,9999123451,9999123452,1,1
MP00007917,MP00007917,2023-09-07,13:58:27,PL013,MIL0332984,x@x.com,9999123456,9999123451,9999123452,1,1
MP00007918,MP00007918,2023-09-07,13:58:27,PL012,MIL0219596,x@x.com,9999123456,9999123451,9999123452,1,1
MP00007919,MP00007919,2023-09-07,13:58:27,PL003,MIL0055341,x@x.com,9999123456,9999123451,9999123452,1,1
MP00007920,MP00007920,2023-09-07,13:58:27,PL010,MIL0382799,x@x.com,9999123456,9999123451,9999123452,1,1
MP00007921,MP00007921,2023-09-07,13:58:27,PL013,MIL0244111,x@x.com,9999123456,9999123451,9999123452,1,1
MP00007922,MP00007922,2023-09-07,13:58:27,PL012,MIL0496962,x@x.com,9999123456,9999123451,9999123452,1,1
MP00007923,MP00007923,2023-09-07,13:58:27,PL006,MIL0067246,x@x.com,9999123456,9999123451,9999123452,1,1
MP00007924,MP00007924,2023-09-07,13:58:27,PL006,MIL0034699,x@x.com,9999123456,9999123451,9999123452,1,1
MP00007925,MP00007925,2023-09-07,13:58:27,PL013,MIL0183690,x@x.com,9999123456,9999123451,9999123452,1,1
MP00007926,MP00007926,2023-09-07,13:58:27,PL003,MIL0182370,x@x.com,9999123456,9999123451,9999123452,1,1
MP00007927,MP00007927,2023-09-07,13:58:27,PL006,MIL0416645,x@x.com,9999123456,9999123451,9999123452,1,1
MP00007928,MP00007928,2023-09-07,13:58:27,PL004,MIL0212635,x@x.com,9999123456,9999123451,9999123452,1,1
MP00007929,MP00007929,2023-09-07,13:58:27,PL006,MIL0007452,x@x.com,9999123456,9999123451,9999123452,1,1
MP00007930,MP00007930,2023-09-07,13:58:27,PL012,MIL0294501,x@x.com,9999123456,9999123451,9999123452,1,1
MP00007931,MP00007931,2023-09-07,13:58:27,PL003,MIL0121533,x@x.com,9999123456,9999123451,9999123452,1,1
MP00007932,MP00007932,2023-09-07,13:58:27,PL012,MIL0013393,x@x.com,9999123456,9999123451,9999123452,1,1
MP00007933,MP00007933,2023-09-07,13:58:27,PL003,MIL0321360,x@x.com,9999123456,9999123451,9999123452,1,1
MP00007934,MP00007934,2023-09-07,13:58:27,PL010,MIL0054067,x@x.com,9999123456,9999123451,9999123452,1,1
MP00007935,MP00007935,2023-09-07,13:58:27,PL012,MIL0534269,x@x.com,9999123456,9999123451,9999123452,1,1
MP00007936,MP00007936,2023-09-07,13:58:27,PL009,MIL0103902,x@x.com,9999123456,9999123451,9999123452,1,1
MP00007937,MP00007937,2023-09-07,13:58:27,PL003,MIL0230450,x@x.com,9999123456,9999123451,9999123452,1,1
MP00007938,MP00007938,2023-09-07,13:58:27,PL009,MIL0251252,x@x.com,9999123456,9999123451,9999123452,1,1
MP00007939,MP00007939,2023-09-07,13:58:27,PL003,MIL0225487,x@x.com,9999123456,9999123451,9999123452,1,1
MP00007940,MP00007940,2023-09-07,13:58:27,PL010,MIL0448496,x@x.com,9999123456,9999123451,9999123452,1,1
MP00007941,MP00007941,2023-09-07,13:58:27,PL002,MIL0225154,x@x.com,9999123456,9999123451,9999123452,1,1
MP00007942,MP00007942,2023-09-07,13:58:27,PL013,MIL0465392,x@x.com,9999123456,9999123451,9999123452,1,1
MP00007943,MP00007943,2023-09-07,13:58:27,PL009,MIL0513139,x@x.com,9999123456,9999123451,9999123452,1,1
MP00007944,MP00007944,2023-09-07,13:58:27,PL001,MIL0086147,x@x.com,9999123456,9999123451,9999123452,1,1
MP00007945,MP00007945,2023-09-07,13:58:27,PL010,MIL0273769,x@x.com,9999123456,9999123451,9999123452,1,1
MP00007946,MP00007946,2023-09-07,13:58:27,PL012,MIL0509135,x@x.com,9999123456,9999123451,9999123452,1,1
MP00007947,MP00007947,2023-09-07,13:58:27,PL005,MIL0252296,x@x.com,9999123456,9999123451,9999123452,1,1
MP00007948,MP00007948,2023-09-07,13:58:27,PL001,MIL0405421,x@x.com,9999123456,9999123451,9999123452,1,1
MP00007949,MP00007949,2023-09-07,13:58:27,PL010,MIL0467523,x@x.com,9999123456,9999123451,9999123452,1,1
MP00007950,MP00007950,2023-09-07,13:58:27,PL005,MIL0539073,x@x.com,9999123456,9999123451,9999123452,1,1
MP00007951,MP00007951,2023-09-07,13:58:27,PL008,MIL0535357,x@x.com,9999123456,9999123451,9999123452,1,1
MP00007952,MP00007952,2023-09-07,13:58:27,PL004,MIL0166223,x@x.com,9999123456,9999123451,9999123452,1,1
MP00007953,MP00007953,2023-09-07,13:58:27,PL007,MIL0019259,x@x.com,9999123456,9999123451,9999123452,1,1
MP00007954,MP00007954,2023-09-07,13:58:27,PL007,MIL0288084,x@x.com,9999123456,9999123451,9999123452,1,1
MP00007955,MP00007955,2023-09-07,13:58:27,PL007,MIL0109834,x@x.com,9999123456,9999123451,9999123452,1,1
MP00007956,MP00007956,2023-09-07,13:58:27,PL009,MIL0438612,x@x.com,9999123456,9999123451,9999123452,1,1
MP00007957,MP00007957,2023-09-07,13:58:27,PL012,MIL0437518,x@x.com,9999123456,9999123451,9999123452,1,1
MP00007958,MP00007958,2023-09-07,13:58:27,PL010,MIL0446879,x@x.com,9999123456,9999123451,9999123452,1,1
MP00007959,MP00007959,2023-09-07,13:58:27,PL001,MIL0493228,x@x.com,9999123456,9999123451,9999123452,1,1
MP00007960,MP00007960,2023-09-07,13:58:27,PL013,MIL0183197,x@x.com,9999123456,9999123451,9999123452,1,1
MP00007961,MP00007961,2023-09-07,13:58:27,PL009,MIL0324789,x@x.com,9999123456,9999123451,9999123452,1,1
MP00007962,MP00007962,2023-09-07,13:58:27,PL010,MIL0143189,x@x.com,9999123456,9999123451,9999123452,1,1
MP00007963,MP00007963,2023-09-07,13:58:27,PL002,MIL0056512,x@x.com,9999123456,9999123451,9999123452,1,1
MP00007964,MP00007964,2023-09-07,13:58:27,PL007,MIL0291410,x@x.com,9999123456,9999123451,9999123452,1,1
MP00007965,MP00007965,2023-09-07,13:58:27,PL007,MIL0112879,x@x.com,9999123456,9999123451,9999123452,1,1
MP00007966,MP00007966,2023-09-07,13:58:27,PL004,MIL0492013,x@x.com,9999123456,9999123451,9999123452,1,1
MP00007967,MP00007967,2023-09-07,13:58:27,PL004,MIL0478162,x@x.com,9999123456,9999123451,9999123452,1,1
MP00007968,MP00007968,2023-09-07,13:58:27,PL007,MIL0166838,x@x.com,9999123456,9999123451,9999123452,1,1
MP00007969,MP00007969,2023-09-07,13:58:27,PL002,MIL0494600,x@x.com,9999123456,9999123451,9999123452,1,1
MP00007970,MP00007970,2023-09-07,13:58:27,PL008,MIL0141783,x@x.com,9999123456,9999123451,9999123452,1,1
MP00007971,MP00007971,2023-09-07,13:58:27,PL009,MIL0195657,x@x.com,9999123456,9999123451,9999123452,1,1
MP00007972,MP00007972,2023-09-07,13:58:27,PL013,MIL0324467,x@x.com,9999123456,9999123451,9999123452,1,1
MP00007973,MP00007973,2023-09-07,13:58:27,PL007,MIL0555427,x@x.com,9999123456,9999123451,9999123452,1,1
MP00007974,MP00007974,2023-09-07,13:58:27,PL006,MIL0537691,x@x.com,9999123456,9999123451,9999123452,1,1
MP00007975,MP00007975,2023-09-07,13:58:27,PL002,MIL0005642,x@x.com,9999123456,9999123451,9999123452,1,1
MP00007976,MP00007976,2023-09-07,13:58:27,PL003,MIL0322252,x@x.com,9999123456,9999123451,9999123452,1,1
MP00007977,MP00007977,2023-09-07,13:58:27,PL008,MIL0078518,x@x.com,9999123456,9999123451,9999123452,1,1
MP00007978,MP00007978,2023-09-07,13:58:27,PL002,MIL0564153,x@x.com,9999123456,9999123451,9999123452,1,1
MP00007979,MP00007979,2023-09-07,13:58:27,PL001,MIL0408476,x@x.com,9999123456,9999123451,9999123452,1,1
MP00007980,MP00007980,2023-09-07,13:58:27,PL012,MIL0204886,x@x.com,9999123456,9999123451,9999123452,1,1
MP00007981,MP00007981,2023-09-07,13:58:27,PL004,MIL0018506,x@x.com,9999123456,9999123451,9999123452,1,1
MP00007982,MP00007982,2023-09-07,13:58:27,PL003,MIL0387543,x@x.com,9999123456,9999123451,9999123452,1,1
MP00007983,MP00007983,2023-09-07,13:58:27,PL011,MIL0494935,x@x.com,9999123456,9999123451,9999123452,1,1
MP00007984,MP00007984,2023-09-07,13:58:27,PL010,MIL0197981,x@x.com,9999123456,9999123451,9999123452,1,1
MP00007985,MP00007985,2023-09-07,13:58:27,PL009,MIL0027721,x@x.com,9999123456,9999123451,9999123452,1,1
MP00007986,MP00007986,2023-09-07,13:58:27,PL011,MIL0498413,x@x.com,9999123456,9999123451,9999123452,1,1
MP00007987,MP00007987,2023-09-07,13:58:27,PL009,MIL0052289,x@x.com,9999123456,9999123451,9999123452,1,1
MP00007988,MP00007988,2023-09-07,13:58:27,PL007,MIL0526635,x@x.com,9999123456,9999123451,9999123452,1,1
MP00007989,MP00007989,2023-09-07,13:58:27,PL008,MIL0460286,x@x.com,9999123456,9999123451,9999123452,1,1
MP00007990,MP00007990,2023-09-07,13:58:27,PL007,MIL0388778,x@x.com,9999123456,9999123451,9999123452,1,1
MP00007991,MP00007991,2023-09-07,13:58:27,PL010,MIL0351316,x@x.com,9999123456,9999123451,9999123452,1,1
MP00007992,MP00007992,2023-09-07,13:58:27,PL008,MIL0269004,x@x.com,9999123456,9999123451,9999123452,1,1
