clave,folio,fecha,hora,clave_partido_legado,clave_ciudadano,correo_electronico,whatsapp,telefono,celular,obseravaciones,status
clave,folio,fecha,hora,clave_partido_legado,clave_ciudadano,correo_electronico,whatsapp,telefono,celular,obseravaciones,status
MP00010990,MP00010990,2023-09-07,13:58:27,PL004,MIL0210433,x@x.com,9999123456,9999123451,9999123452,1,1
MP00010991,MP00010991,2023-09-07,13:58:27,PL013,MIL0219785,x@x.com,9999123456,9999123451,9999123452,1,1
MP00010992,MP00010992,2023-09-07,13:58:27,PL013,MIL0034377,x@x.com,9999123456,9999123451,9999123452,1,1
MP00010993,MP00010993,2023-09-07,13:58:27,PL003,MIL0417821,x@x.com,9999123456,9999123451,9999123452,1,1
MP00010994,MP00010994,2023-09-07,13:58:27,PL001,MIL0037320,x@x.com,9999123456,9999123451,9999123452,1,1
MP00010995,MP00010995,2023-09-07,13:58:27,PL003,MIL0163411,x@x.com,9999123456,9999123451,9999123452,1,1
MP00010996,MP00010996,2023-09-07,13:58:27,PL007,MIL0009250,x@x.com,9999123456,9999123451,9999123452,1,1
MP00010997,MP00010997,2023-09-07,13:58:27,PL006,MIL0083665,x@x.com,9999123456,9999123451,9999123452,1,1
MP00010998,MP00010998,2023-09-07,13:58:27,PL007,MIL0309865,x@x.com,9999123456,9999123451,9999123452,1,1
MP00010999,MP00010999,2023-09-07,13:58:27,PL008,MIL0552843,x@x.com,9999123456,9999123451,9999123452,1,1
MP00011000,MP00011000,2023-09-07,13:58:27,PL010,MIL0333805,x@x.com,9999123456,9999123451,9999123452,1,1
MP00011001,MP00011001,2023-09-07,13:58:27,PL011,MIL0577198,x@x.com,9999123456,9999123451,9999123452,1,1
MP00011002,MP00011002,2023-09-07,13:58:27,PL009,MIL0197802,x@x.com,9999123456,9999123451,9999123452,1,1
MP00011003,MP00011003,2023-09-07,13:58:27,PL003,MIL0116074,x@x.com,9999123456,9999123451,9999123452,1,1
MP00011004,MP00011004,2023-09-07,13:58:27,PL013,MIL0123824,x@x.com,9999123456,9999123451,9999123452,1,1
MP00011005,MP00011005,2023-09-07,13:58:27,PL010,MIL0386208,x@x.com,9999123456,9999123451,9999123452,1,1
MP00011006,MP00011006,2023-09-07,13:58:27,PL007,MIL0434851,x@x.com,9999123456,9999123451,9999123452,1,1
MP00011007,MP00011007,2023-09-07,13:58:27,PL010,MIL0181839,x@x.com,9999123456,9999123451,9999123452,1,1
MP00011008,MP00011008,2023-09-07,13:58:27,PL009,MIL0428155,x@x.com,9999123456,9999123451,9999123452,1,1
MP00011009,MP00011009,2023-09-07,13:58:27,PL001,MIL0221136,x@x.com,9999123456,9999123451,9999123452,1,1
MP00011010,MP00011010,2023-09-07,13:58:27,PL005,MIL0198662,x@x.com,9999123456,9999123451,9999123452,1,1
MP00011011,MP00011011,2023-09-07,13:58:27,PL008,MIL0571372,x@x.com,9999123456,9999123451,9999123452,1,1
MP00011012,MP00011012,2023-09-07,13:58:27,PL011,MIL0158993,x@x.com,9999123456,9999123451,9999123452,1,1
MP00011013,MP00011013,2023-09-07,13:58:27,PL007,MIL0005434,x@x.com,9999123456,9999123451,9999123452,1,1
MP00011014,MP00011014,2023-09-07,13:58:27,PL001,MIL0446108,x@x.com,9999123456,9999123451,9999123452,1,1
MP00011015,MP00011015,2023-09-07,13:58:27,PL007,MIL0344865,x@x.com,9999123456,9999123451,9999123452,1,1
MP00011016,MP00011016,2023-09-07,13:58:27,PL008,MIL0211040,x@x.com,9999123456,9999123451,9999123452,1,1
MP00011017,MP00011017,2023-09-07,13:58:27,PL011,MIL0505117,x@x.com,9999123456,9999123451,9999123452,1,1
MP00011018,MP00011018,2023-09-07,13:58:27,PL009,MIL0510048,x@x.com,9999123456,9999123451,9999123452,1,1
MP00011019,MP00011019,2023-09-07,13:58:27,PL002,MIL0001608,x@x.com,9999123456,9999123451,9999123452,1,1
MP00011020,MP00011020,2023-09-07,13:58:27,PL005,MIL0030024,x@x.com,9999123456,9999123451,9999123452,1,1
MP00011021,MP00011021,2023-09-07,13:58:27,PL007,MIL0530816,x@x.com,9999123456,9999123451,9999123452,1,1
MP00011022,MP00011022,2023-09-07,13:58:27,PL009,MIL0076030,x@x.com,9999123456,9999123451,9999123452,1,1
MP00011023,MP00011023,2023-09-07,13:58:27,PL001,MIL0305388,x@x.com,9999123456,9999123451,9999123452,1,1
MP00011024,MP00011024,2023-09-07,13:58:27,PL010,MIL0553542,x@x.com,9999123456,9999123451,9999123452,1,1
MP00011025,MP00011025,2023-09-07,13:58:27,PL001,MIL0403937,x@x.com,9999123456,9999123451,9999123452,1,1
MP00011026,MP00011026,2023-09-07,13:58:27,PL005,MIL0174068,x@x.com,9999123456,9999123451,9999123452,1,1
MP00011027,MP00011027,2023-09-07,13:58:27,PL009,MIL0223087,x@x.com,9999123456,9999123451,9999123452,1,1
MP00011028,MP00011028,2023-09-07,13:58:27,PL009,MIL0153055,x@x.com,9999123456,9999123451,9999123452,1,1
MP00011029,MP00011029,2023-09-07,13:58:27,PL008,MIL0275994,x@x.com,9999123456,9999123451,9999123452,1,1
MP00011030,MP00011030,2023-09-07,13:58:27,PL002,MIL0253603,x@x.com,9999123456,9999123451,9999123452,1,1
MP00011031,MP00011031,2023-09-07,13:58:27,PL005,MIL0512753,x@x.com,9999123456,9999123451,9999123452,1,1
MP00011032,MP00011032,2023-09-07,13:58:27,PL012,MIL0310411,x@x.com,9999123456,9999123451,9999123452,1,1
MP00011033,MP00011033,2023-09-07,13:58:27,PL011,MIL0370906,x@x.com,9999123456,9999123451,9999123452,1,1
MP00011034,MP00011034,2023-09-07,13:58:27,PL010,MIL0462032,x@x.com,9999123456,9999123451,9999123452,1,1
MP00011035,MP00011035,2023-09-07,13:58:27,PL003,MIL0085088,x@x.com,9999123456,9999123451,9999123452,1,1
MP00011036,MP00011036,2023-09-07,13:58:27,PL013,MIL0465057,x@x.com,9999123456,9999123451,9999123452,1,1
MP00011037,MP00011037,2023-09-07,13:58:27,PL012,MIL0322736,x@x.com,9999123456,9999123451,9999123452,1,1
MP00011038,MP00011038,2023-09-07,13:58:27,PL012,MIL0132818,x@x.com,9999123456,9999123451,9999123452,1,1
MP00011039,MP00011039,2023-09-07,13:58:27,PL007,MIL0320093,x@x.com,9999123456,9999123451,9999123452,1,1
MP00011040,MP00011040,2023-09-07,13:58:27,PL005,MIL0092126,x@x.com,9999123456,9999123451,9999123452,1,1
MP00011041,MP00011041,2023-09-07,13:58:27,PL009,MIL0067341,x@x.com,9999123456,9999123451,9999123452,1,1
MP00011042,MP00011042,2023-09-07,13:58:27,PL006,MIL0565960,x@x.com,9999123456,9999123451,9999123452,1,1
MP00011043,MP00011043,2023-09-07,13:58:27,PL012,MIL0490795,x@x.com,9999123456,9999123451,9999123452,1,1
MP00011044,MP00011044,2023-09-07,13:58:27,PL002,MIL0080455,x@x.com,9999123456,9999123451,9999123452,1,1
MP00011045,MP00011045,2023-09-07,13:58:27,PL004,MIL0262855,x@x.com,9999123456,9999123451,9999123452,1,1
MP00011046,MP00011046,2023-09-07,13:58:27,PL010,MIL0052137,x@x.com,9999123456,9999123451,9999123452,1,1
MP00011047,MP00011047,2023-09-07,13:58:27,PL008,MIL0416937,x@x.com,9999123456,9999123451,9999123452,1,1
MP00011048,MP00011048,2023-09-07,13:58:27,PL003,MIL0414043,x@x.com,9999123456,9999123451,9999123452,1,1
MP00011049,MP00011049,2023-09-07,13:58:27,PL006,MIL0560444,x@x.com,9999123456,9999123451,9999123452,1,1
MP00011050,MP00011050,2023-09-07,13:58:27,PL012,MIL0280554,x@x.com,9999123456,9999123451,9999123452,1,1
MP00011051,MP00011051,2023-09-07,13:58:27,PL012,MIL0254366,x@x.com,9999123456,9999123451,9999123452,1,1
MP00011052,MP00011052,2023-09-07,13:58:27,PL002,MIL0217034,x@x.com,9999123456,9999123451,9999123452,1,1
MP00011053,MP00011053,2023-09-07,13:58:27,PL012,MIL0025660,x@x.com,9999123456,9999123451,9999123452,1,1
MP00011054,MP00011054,2023-09-07,13:58:27,PL008,MIL0086068,x@x.com,9999123456,9999123451,9999123452,1,1
MP00011055,MP00011055,2023-09-07,13:58:27,PL006,MIL0016414,x@x.com,9999123456,9999123451,9999123452,1,1
MP00011056,MP00011056,2023-09-07,13:58:27,PL006,MIL0434519,x@x.com,9999123456,9999123451,9999123452,1,1
MP00011057,MP00011057,2023-09-07,13:58:27,PL001,MIL0260050,x@x.com,9999123456,9999123451,9999123452,1,1
MP00011058,MP00011058,2023-09-07,13:58:27,PL007,MIL0413486,x@x.com,9999123456,9999123451,9999123452,1,1
MP00011059,MP00011059,2023-09-07,13:58:27,PL006,MIL0160637,x@x.com,9999123456,9999123451,9999123452,1,1
MP00011060,MP00011060,2023-09-07,13:58:27,PL007,MIL0351071,x@x.com,9999123456,9999123451,9999123452,1,1
MP00011061,MP00011061,2023-09-07,13:58:27,PL013,MIL0060405,x@x.com,9999123456,9999123451,9999123452,1,1
MP00011062,MP00011062,2023-09-07,13:58:27,PL007,MIL0156605,x@x.com,9999123456,9999123451,9999123452,1,1
MP00011063,MP00011063,2023-09-07,13:58:27,PL002,MIL0372214,x@x.com,9999123456,9999123451,9999123452,1,1
MP00011064,MP00011064,2023-09-07,13:58:27,PL002,MIL0007122,x@x.com,9999123456,9999123451,9999123452,1,1
MP00011065,MP00011065,2023-09-07,13:58:27,PL003,MIL0272974,x@x.com,9999123456,9999123451,9999123452,1,1
MP00011066,MP00011066,2023-09-07,13:58:27,PL005,MIL0093842,x@x.com,9999123456,9999123451,9999123452,1,1
MP00011067,MP00011067,2023-09-07,13:58:27,PL001,MIL0078966,x@x.com,9999123456,9999123451,9999123452,1,1
MP00011068,MP00011068,2023-09-07,13:58:27,PL002,MIL0016714,x@x.com,9999123456,9999123451,9999123452,1,1
MP00011069,MP00011069,2023-09-07,13:58:27,PL007,MIL0162943,x@x.com,9999123456,9999123451,9999123452,1,1
MP00011070,MP00011070,2023-09-07,13:58:27,PL003,MIL0407000,x@x.com,9999123456,9999123451,9999123452,1,1
MP00011071,MP00011071,2023-09-07,13:58:27,PL009,MIL0198520,x@x.com,9999123456,9999123451,9999123452,1,1
MP00011072,MP00011072,2023-09-07,13:58:27,PL005,MIL0261406,x@x.com,9999123456,9999123451,9999123452,1,1
MP00011073,MP00011073,2023-09-07,13:58:27,PL010,MIL0218044,x@x.com,9999123456,9999123451,9999123452,1,1
MP00011074,MP00011074,2023-09-07,13:58:27,PL003,MIL0517414,x@x.com,9999123456,9999123451,9999123452,1,1
MP00011075,MP00011075,2023-09-07,13:58:27,PL012,MIL0118951,x@x.com,9999123456,9999123451,9999123452,1,1
MP00011076,MP00011076,2023-09-07,13:58:27,PL013,MIL0447157,x@x.com,9999123456,9999123451,9999123452,1,1
MP00011077,MP00011077,2023-09-07,13:58:27,PL011,MIL0376184,x@x.com,9999123456,9999123451,9999123452,1,1
MP00011078,MP00011078,2023-09-07,13:58:27,PL013,MIL0048332,x@x.com,9999123456,9999123451,9999123452,1,1
MP00011079,MP00011079,2023-09-07,13:58:27,PL010,MIL0524912,x@x.com,9999123456,9999123451,9999123452,1,1
MP00011080,MP00011080,2023-09-07,13:58:27,PL008,MIL0243685,x@x.com,9999123456,9999123451,9999123452,1,1
MP00011081,MP00011081,2023-09-07,13:58:27,PL008,MIL0513382,x@x.com,9999123456,9999123451,9999123452,1,1
MP00011082,MP00011082,2023-09-07,13:58:27,PL013,MIL0100806,x@x.com,9999123456,9999123451,9999123452,1,1
MP00011083,MP00011083,2023-09-07,13:58:27,PL001,MIL0394549,x@x.com,9999123456,9999123451,9999123452,1,1
MP00011084,MP00011084,2023-09-07,13:58:27,PL001,MIL0330088,x@x.com,9999123456,9999123451,9999123452,1,1
MP00011085,MP00011085,2023-09-07,13:58:27,PL007,MIL0033524,x@x.com,9999123456,9999123451,9999123452,1,1
MP00011086,MP00011086,2023-09-07,13:58:27,PL002,MIL0431286,x@x.com,9999123456,9999123451,9999123452,1,1
MP00011087,MP00011087,2023-09-07,13:58:27,PL011,MIL0096217,x@x.com,9999123456,9999123451,9999123452,1,1
MP00011088,MP00011088,2023-09-07,13:58:27,PL001,MIL0246670,x@x.com,9999123456,9999123451,9999123452,1,1
MP00011089,MP00011089,2023-09-07,13:58:27,PL009,MIL0441097,x@x.com,9999123456,9999123451,9999123452,1,1
MP00011090,MP00011090,2023-09-07,13:58:27,PL011,MIL0053268,x@x.com,9999123456,9999123451,9999123452,1,1
MP00011091,MP00011091,2023-09-07,13:58:27,PL013,MIL0212618,x@x.com,9999123456,9999123451,9999123452,1,1
MP00011092,MP00011092,2023-09-07,13:58:27,PL001,MIL0519414,x@x.com,9999123456,9999123451,9999123452,1,1
MP00011093,MP00011093,2023-09-07,13:58:27,PL001,MIL0070094,x@x.com,9999123456,9999123451,9999123452,1,1
MP00011094,MP00011094,2023-09-07,13:58:27,PL009,MIL0038722,x@x.com,9999123456,9999123451,9999123452,1,1
MP00011095,MP00011095,2023-09-07,13:58:27,PL010,MIL0569104,x@x.com,9999123456,9999123451,9999123452,1,1
MP00011096,MP00011096,2023-09-07,13:58:27,PL012,MIL0098858,x@x.com,9999123456,9999123451,9999123452,1,1
MP00011097,MP00011097,2023-09-07,13:58:27,PL004,MIL0108513,x@x.com,9999123456,9999123451,9999123452,1,1
MP00011098,MP00011098,2023-09-07,13:58:27,PL010,MIL0297986,x@x.com,9999123456,9999123451,9999123452,1,1
MP00011099,MP00011099,2023-09-07,13:58:27,PL005,MIL0360888,x@x.com,9999123456,9999123451,9999123452,1,1
MP00011100,MP00011100,2023-09-07,13:58:27,PL004,MIL0228836,x@x.com,9999123456,9999123451,9999123452,1,1
MP00011101,MP00011101,2023-09-07,13:58:27,PL006,MIL0005255,x@x.com,9999123456,9999123451,9999123452,1,1
MP00011102,MP00011102,2023-09-07,13:58:27,PL001,MIL0258491,x@x.com,9999123456,9999123451,9999123452,1,1
MP00011103,MP00011103,2023-09-07,13:58:27,PL002,MIL0484655,x@x.com,9999123456,9999123451,9999123452,1,1
MP00011104,MP00011104,2023-09-07,13:58:27,PL009,MIL0294464,x@x.com,9999123456,9999123451,9999123452,1,1
MP00011105,MP00011105,2023-09-07,13:58:27,PL003,MIL0336644,x@x.com,9999123456,9999123451,9999123452,1,1
MP00011106,MP00011106,2023-09-07,13:58:27,PL010,MIL0373604,x@x.com,9999123456,9999123451,9999123452,1,1
MP00011107,MP00011107,2023-09-07,13:58:27,PL008,MIL0125573,x@x.com,9999123456,9999123451,9999123452,1,1
MP00011108,MP00011108,2023-09-07,13:58:27,PL011,MIL0055970,x@x.com,9999123456,9999123451,9999123452,1,1
MP00011109,MP00011109,2023-09-07,13:58:27,PL007,MIL0183844,x@x.com,9999123456,9999123451,9999123452,1,1
MP00011110,MP00011110,2023-09-07,13:58:27,PL012,MIL0237379,x@x.com,9999123456,9999123451,9999123452,1,1
MP00011111,MP00011111,2023-09-07,13:58:27,PL011,MIL0441128,x@x.com,9999123456,9999123451,9999123452,1,1
MP00011112,MP00011112,2023-09-07,13:58:27,PL011,MIL0047718,x@x.com,9999123456,9999123451,9999123452,1,1
MP00011113,MP00011113,2023-09-07,13:58:27,PL002,MIL0522833,x@x.com,9999123456,9999123451,9999123452,1,1
MP00011114,MP00011114,2023-09-07,13:58:27,PL001,MIL0539078,x@x.com,9999123456,9999123451,9999123452,1,1
MP00011115,MP00011115,2023-09-07,13:58:27,PL013,MIL0424777,x@x.com,9999123456,9999123451,9999123452,1,1
MP00011116,MP00011116,2023-09-07,13:58:27,PL002,MIL0060020,x@x.com,9999123456,9999123451,9999123452,1,1
MP00011117,MP00011117,2023-09-07,13:58:27,PL008,MIL0132350,x@x.com,9999123456,9999123451,9999123452,1,1
MP00011118,MP00011118,2023-09-07,13:58:27,PL002,MIL0109013,x@x.com,9999123456,9999123451,9999123452,1,1
MP00011119,MP00011119,2023-09-07,13:58:27,PL003,MIL0206467,x@x.com,9999123456,9999123451,9999123452,1,1
MP00011120,MP00011120,2023-09-07,13:58:27,PL006,MIL0177930,x@x.com,9999123456,9999123451,9999123452,1,1
MP00011121,MP00011121,2023-09-07,13:58:27,PL010,MIL0323334,x@x.com,9999123456,9999123451,9999123452,1,1
MP00011122,MP00011122,2023-09-07,13:58:27,PL012,MIL0405849,x@x.com,9999123456,9999123451,9999123452,1,1
MP00011123,MP00011123,2023-09-07,13:58:27,PL011,MIL0187686,x@x.com,9999123456,9999123451,9999123452,1,1
MP00011124,MP00011124,2023-09-07,13:58:27,PL013,MIL0323312,x@x.com,9999123456,9999123451,9999123452,1,1
MP00011125,MP00011125,2023-09-07,13:58:27,PL005,MIL0480378,x@x.com,9999123456,9999123451,9999123452,1,1
MP00011126,MP00011126,2023-09-07,13:58:27,PL006,MIL0004709,x@x.com,9999123456,9999123451,9999123452,1,1
MP00011127,MP00011127,2023-09-07,13:58:27,PL005,MIL0531728,x@x.com,9999123456,9999123451,9999123452,1,1
MP00011128,MP00011128,2023-09-07,13:58:27,PL004,MIL0264052,x@x.com,9999123456,9999123451,9999123452,1,1
MP00011129,MP00011129,2023-09-07,13:58:27,PL004,MIL0062248,x@x.com,9999123456,9999123451,9999123452,1,1
MP00011130,MP00011130,2023-09-07,13:58:27,PL005,MIL0291301,x@x.com,9999123456,9999123451,9999123452,1,1
MP00011131,MP00011131,2023-09-07,13:58:27,PL003,MIL0121201,x@x.com,9999123456,9999123451,9999123452,1,1
MP00011132,MP00011132,2023-09-07,13:58:27,PL012,MIL0087257,x@x.com,9999123456,9999123451,9999123452,1,1
MP00011133,MP00011133,2023-09-07,13:58:27,PL013,MIL0360857,x@x.com,9999123456,9999123451,9999123452,1,1
MP00011134,MP00011134,2023-09-07,13:58:27,PL010,MIL0171620,x@x.com,9999123456,9999123451,9999123452,1,1
MP00011135,MP00011135,2023-09-07,13:58:27,PL013,MIL0367449,x@x.com,9999123456,9999123451,9999123452,1,1
MP00011136,MP00011136,2023-09-07,13:58:27,PL002,MIL0486429,x@x.com,9999123456,9999123451,9999123452,1,1
MP00011137,MP00011137,2023-09-07,13:58:27,PL003,MIL0310858,x@x.com,9999123456,9999123451,9999123452,1,1
MP00011138,MP00011138,2023-09-07,13:58:27,PL005,MIL0325068,x@x.com,9999123456,9999123451,9999123452,1,1
MP00011139,MP00011139,2023-09-07,13:58:27,PL013,MIL0274200,x@x.com,9999123456,9999123451,9999123452,1,1
MP00011140,MP00011140,2023-09-07,13:58:27,PL008,MIL0185810,x@x.com,9999123456,9999123451,9999123452,1,1
MP00011141,MP00011141,2023-09-07,13:58:27,PL011,MIL0027225,x@x.com,9999123456,9999123451,9999123452,1,1
MP00011142,MP00011142,2023-09-07,13:58:27,PL008,MIL0485219,x@x.com,9999123456,9999123451,9999123452,1,1
MP00011143,MP00011143,2023-09-07,13:58:27,PL007,MIL0334571,x@x.com,9999123456,9999123451,9999123452,1,1
MP00011144,MP00011144,2023-09-07,13:58:27,PL004,MIL0492679,x@x.com,9999123456,9999123451,9999123452,1,1
MP00011145,MP00011145,2023-09-07,13:58:27,PL004,MIL0344383,x@x.com,9999123456,9999123451,9999123452,1,1
MP00011146,MP00011146,2023-09-07,13:58:27,PL011,MIL0156699,x@x.com,9999123456,9999123451,9999123452,1,1
MP00011147,MP00011147,2023-09-07,13:58:27,PL003,MIL0189821,x@x.com,9999123456,9999123451,9999123452,1,1
MP00011148,MP00011148,2023-09-07,13:58:27,PL008,MIL0074803,x@x.com,9999123456,9999123451,9999123452,1,1
MP00011149,MP00011149,2023-09-07,13:58:27,PL001,MIL0453765,x@x.com,9999123456,9999123451,9999123452,1,1
MP00011150,MP00011150,2023-09-07,13:58:27,PL001,MIL0136891,x@x.com,9999123456,9999123451,9999123452,1,1
MP00011151,MP00011151,2023-09-07,13:58:27,PL006,MIL0400858,x@x.com,9999123456,9999123451,9999123452,1,1
MP00011152,MP00011152,2023-09-07,13:58:27,PL008,MIL0358328,x@x.com,9999123456,9999123451,9999123452,1,1
MP00011153,MP00011153,2023-09-07,13:58:27,PL009,MIL0058104,x@x.com,9999123456,9999123451,9999123452,1,1
MP00011154,MP00011154,2023-09-07,13:58:27,PL013,MIL0286017,x@x.com,9999123456,9999123451,9999123452,1,1
MP00011155,MP00011155,2023-09-07,13:58:27,PL003,MIL0155306,x@x.com,9999123456,9999123451,9999123452,1,1
MP00011156,MP00011156,2023-09-07,13:58:27,PL005,MIL0168454,x@x.com,9999123456,9999123451,9999123452,1,1
MP00011157,MP00011157,2023-09-07,13:58:27,PL008,MIL0278430,x@x.com,9999123456,9999123451,9999123452,1,1
MP00011158,MP00011158,2023-09-07,13:58:27,PL011,MIL0491550,x@x.com,9999123456,9999123451,9999123452,1,1
MP00011159,MP00011159,2023-09-07,13:58:27,PL002,MIL0230328,x@x.com,9999123456,9999123451,9999123452,1,1
MP00011160,MP00011160,2023-09-07,13:58:27,PL010,MIL0036361,x@x.com,9999123456,9999123451,9999123452,1,1
MP00011161,MP00011161,2023-09-07,13:58:27,PL003,MIL0212181,x@x.com,9999123456,9999123451,9999123452,1,1
MP00011162,MP00011162,2023-09-07,13:58:27,PL004,MIL0135755,x@x.com,9999123456,9999123451,9999123452,1,1
MP00011163,MP00011163,2023-09-07,13:58:27,PL004,MIL0201808,x@x.com,9999123456,9999123451,9999123452,1,1
MP00011164,MP00011164,2023-09-07,13:58:27,PL009,MIL0392486,x@x.com,9999123456,9999123451,9999123452,1,1
MP00011165,MP00011165,2023-09-07,13:58:27,PL008,MIL0559482,x@x.com,9999123456,9999123451,9999123452,1,1
MP00011166,MP00011166,2023-09-07,13:58:27,PL002,MIL0059427,x@x.com,9999123456,9999123451,9999123452,1,1
MP00011167,MP00011167,2023-09-07,13:58:27,PL008,MIL0394590,x@x.com,9999123456,9999123451,9999123452,1,1
MP00011168,MP00011168,2023-09-07,13:58:27,PL008,MIL0014972,x@x.com,9999123456,9999123451,9999123452,1,1
MP00011169,MP00011169,2023-09-07,13:58:27,PL013,MIL0106845,x@x.com,9999123456,9999123451,9999123452,1,1
MP00011170,MP00011170,2023-09-07,13:58:27,PL009,MIL0380445,x@x.com,9999123456,9999123451,9999123452,1,1
MP00011171,MP00011171,2023-09-07,13:58:27,PL007,MIL0070044,x@x.com,9999123456,9999123451,9999123452,1,1
MP00011172,MP00011172,2023-09-07,13:58:27,PL010,MIL0421702,x@x.com,9999123456,9999123451,9999123452,1,1
MP00011173,MP00011173,2023-09-07,13:58:27,PL003,MIL0070810,x@x.com,9999123456,9999123451,9999123452,1,1
MP00011174,MP00011174,2023-09-07,13:58:27,PL013,MIL0294818,x@x.com,9999123456,9999123451,9999123452,1,1
MP00011175,MP00011175,2023-09-07,13:58:27,PL005,MIL0394325,x@x.com,9999123456,9999123451,9999123452,1,1
MP00011176,MP00011176,2023-09-07,13:58:27,PL011,MIL0174096,x@x.com,9999123456,9999123451,9999123452,1,1
MP00011177,MP00011177,2023-09-07,13:58:27,PL005,MIL0098585,x@x.com,9999123456,9999123451,9999123452,1,1
MP00011178,MP00011178,2023-09-07,13:58:27,PL001,MIL0079559,x@x.com,9999123456,9999123451,9999123452,1,1
MP00011179,MP00011179,2023-09-07,13:58:27,PL001,MIL0252304,x@x.com,9999123456,9999123451,9999123452,1,1
MP00011180,MP00011180,2023-09-07,13:58:27,PL002,MIL0237713,x@x.com,9999123456,9999123451,9999123452,1,1
MP00011181,MP00011181,2023-09-07,13:58:27,PL011,MIL0339188,x@x.com,9999123456,9999123451,9999123452,1,1
MP00011182,MP00011182,2023-09-07,13:58:27,PL012,MIL0516477,x@x.com,9999123456,9999123451,9999123452,1,1
MP00011183,MP00011183,2023-09-07,13:58:27,PL005,MIL0573961,x@x.com,9999123456,9999123451,9999123452,1,1
MP00011184,MP00011184,2023-09-07,13:58:27,PL006,MIL0490673,x@x.com,9999123456,9999123451,9999123452,1,1
MP00011185,MP00011185,2023-09-07,13:58:27,PL012,MIL0319888,x@x.com,9999123456,9999123451,9999123452,1,1
MP00011186,MP00011186,2023-09-07,13:58:27,PL006,MIL0428184,x@x.com,9999123456,9999123451,9999123452,1,1
MP00011187,MP00011187,2023-09-07,13:58:27,PL003,MIL0328115,x@x.com,9999123456,9999123451,9999123452,1,1
MP00011188,MP00011188,2023-09-07,13:58:27,PL005,MIL0053220,x@x.com,9999123456,9999123451,9999123452,1,1
MP00011189,MP00011189,2023-09-07,13:58:27,PL002,MIL0197714,x@x.com,9999123456,9999123451,9999123452,1,1
MP00011190,MP00011190,2023-09-07,13:58:27,PL001,MIL0098497,x@x.com,9999123456,9999123451,9999123452,1,1
MP00011191,MP00011191,2023-09-07,13:58:27,PL008,MIL0160655,x@x.com,9999123456,9999123451,9999123452,1,1
MP00011192,MP00011192,2023-09-07,13:58:27,PL011,MIL0035509,x@x.com,9999123456,9999123451,9999123452,1,1
MP00011193,MP00011193,2023-09-07,13:58:27,PL001,MIL0076408,x@x.com,9999123456,9999123451,9999123452,1,1
MP00011194,MP00011194,2023-09-07,13:58:27,PL005,MIL0041750,x@x.com,9999123456,9999123451,9999123452,1,1
MP00011195,MP00011195,2023-09-07,13:58:27,PL007,MIL0199705,x@x.com,9999123456,9999123451,9999123452,1,1
MP00011196,MP00011196,2023-09-07,13:58:27,PL004,MIL0047584,x@x.com,9999123456,9999123451,9999123452,1,1
MP00011197,MP00011197,2023-09-07,13:58:27,PL013,MIL0331933,x@x.com,9999123456,9999123451,9999123452,1,1
MP00011198,MP00011198,2023-09-07,13:58:27,PL003,MIL0363798,x@x.com,9999123456,9999123451,9999123452,1,1
MP00011199,MP00011199,2023-09-07,13:58:27,PL006,MIL0129526,x@x.com,9999123456,9999123451,9999123452,1,1
MP00011200,MP00011200,2023-09-07,13:58:27,PL006,MIL0429493,x@x.com,9999123456,9999123451,9999123452,1,1
MP00011201,MP00011201,2023-09-07,13:58:27,PL005,MIL0378549,x@x.com,9999123456,9999123451,9999123452,1,1
MP00011202,MP00011202,2023-09-07,13:58:27,PL006,MIL0296193,x@x.com,9999123456,9999123451,9999123452,1,1
MP00011203,MP00011203,2023-09-07,13:58:27,PL006,MIL0114120,x@x.com,9999123456,9999123451,9999123452,1,1
MP00011204,MP00011204,2023-09-07,13:58:27,PL009,MIL0348348,x@x.com,9999123456,9999123451,9999123452,1,1
MP00011205,MP00011205,2023-09-07,13:58:27,PL005,MIL0392934,x@x.com,9999123456,9999123451,9999123452,1,1
MP00011206,MP00011206,2023-09-07,13:58:27,PL007,MIL0218222,x@x.com,9999123456,9999123451,9999123452,1,1
MP00011207,MP00011207,2023-09-07,13:58:27,PL012,MIL0454701,x@x.com,9999123456,9999123451,9999123452,1,1
MP00011208,MP00011208,2023-09-07,13:58:27,PL006,MIL0346794,x@x.com,9999123456,9999123451,9999123452,1,1
MP00011209,MP00011209,2023-09-07,13:58:27,PL010,MIL0038047,x@x.com,9999123456,9999123451,9999123452,1,1
MP00011210,MP00011210,2023-09-07,13:58:27,PL005,MIL0118286,x@x.com,9999123456,9999123451,9999123452,1,1
MP00011211,MP00011211,2023-09-07,13:58:27,PL003,MIL0025400,x@x.com,9999123456,9999123451,9999123452,1,1
MP00011212,MP00011212,2023-09-07,13:58:27,PL006,MIL0474580,x@x.com,9999123456,9999123451,9999123452,1,1
MP00011213,MP00011213,2023-09-07,13:58:27,PL003,MIL0221881,x@x.com,9999123456,9999123451,9999123452,1,1
MP00011214,MP00011214,2023-09-07,13:58:27,PL009,MIL0054558,x@x.com,9999123456,9999123451,9999123452,1,1
MP00011215,MP00011215,2023-09-07,13:58:27,PL008,MIL0208039,x@x.com,9999123456,9999123451,9999123452,1,1
MP00011216,MP00011216,2023-09-07,13:58:27,PL006,MIL0458482,x@x.com,9999123456,9999123451,9999123452,1,1
MP00011217,MP00011217,2023-09-07,13:58:27,PL003,MIL0288762,x@x.com,9999123456,9999123451,9999123452,1,1
MP00011218,MP00011218,2023-09-07,13:58:27,PL005,MIL0011083,x@x.com,9999123456,9999123451,9999123452,1,1
MP00011219,MP00011219,2023-09-07,13:58:27,PL013,MIL0012129,x@x.com,9999123456,9999123451,9999123452,1,1
MP00011220,MP00011220,2023-09-07,13:58:27,PL007,MIL0552203,x@x.com,9999123456,9999123451,9999123452,1,1
MP00011221,MP00011221,2023-09-07,13:58:27,PL004,MIL0516165,x@x.com,9999123456,9999123451,9999123452,1,1
MP00011222,MP00011222,2023-09-07,13:58:27,PL012,MIL0535635,x@x.com,9999123456,9999123451,9999123452,1,1
MP00011223,MP00011223,2023-09-07,13:58:27,PL010,MIL0327025,x@x.com,9999123456,9999123451,9999123452,1,1
MP00011224,MP00011224,2023-09-07,13:58:27,PL011,MIL0523128,x@x.com,9999123456,9999123451,9999123452,1,1
MP00011225,MP00011225,2023-09-07,13:58:27,PL002,MIL0384643,x@x.com,9999123456,9999123451,9999123452,1,1
MP00011226,MP00011226,2023-09-07,13:58:27,PL006,MIL0108287,x@x.com,9999123456,9999123451,9999123452,1,1
MP00011227,MP00011227,2023-09-07,13:58:27,PL004,MIL0378380,x@x.com,9999123456,9999123451,9999123452,1,1
MP00011228,MP00011228,2023-09-07,13:58:27,PL008,MIL0354508,x@x.com,9999123456,9999123451,9999123452,1,1
MP00011229,MP00011229,2023-09-07,13:58:27,PL001,MIL0411018,x@x.com,9999123456,9999123451,9999123452,1,1
MP00011230,MP00011230,2023-09-07,13:58:27,PL013,MIL0452224,x@x.com,9999123456,9999123451,9999123452,1,1
MP00011231,MP00011231,2023-09-07,13:58:27,PL005,MIL0570926,x@x.com,9999123456,9999123451,9999123452,1,1
MP00011232,MP00011232,2023-09-07,13:58:27,PL008,MIL0431785,x@x.com,9999123456,9999123451,9999123452,1,1
MP00011233,MP00011233,2023-09-07,13:58:27,PL004,MIL0122187,x@x.com,9999123456,9999123451,9999123452,1,1
MP00011234,MP00011234,2023-09-07,13:58:27,PL010,MIL0035013,x@x.com,9999123456,9999123451,9999123452,1,1
MP00011235,MP00011235,2023-09-07,13:58:27,PL004,MIL0460456,x@x.com,9999123456,9999123451,9999123452,1,1
MP00011236,MP00011236,2023-09-07,13:58:27,PL005,MIL0258169,x@x.com,9999123456,9999123451,9999123452,1,1
MP00011237,MP00011237,2023-09-07,13:58:27,PL012,MIL0046621,x@x.com,9999123456,9999123451,9999123452,1,1
MP00011238,MP00011238,2023-09-07,13:58:27,PL009,MIL0231721,x@x.com,9999123456,9999123451,9999123452,1,1
MP00011239,MP00011239,2023-09-07,13:58:27,PL010,MIL0551495,x@x.com,9999123456,9999123451,9999123452,1,1
MP00011240,MP00011240,2023-09-07,13:58:27,PL001,MIL0256016,x@x.com,9999123456,9999123451,9999123452,1,1
MP00011241,MP00011241,2023-09-07,13:58:27,PL009,MIL0579536,x@x.com,9999123456,9999123451,9999123452,1,1
MP00011242,MP00011242,2023-09-07,13:58:27,PL002,MIL0540579,x@x.com,9999123456,9999123451,9999123452,1,1
MP00011243,MP00011243,2023-09-07,13:58:27,PL009,MIL0471143,x@x.com,9999123456,9999123451,9999123452,1,1
MP00011244,MP00011244,2023-09-07,13:58:27,PL007,MIL0352597,x@x.com,9999123456,9999123451,9999123452,1,1
MP00011245,MP00011245,2023-09-07,13:58:27,PL002,MIL0484942,x@x.com,9999123456,9999123451,9999123452,1,1
MP00011246,MP00011246,2023-09-07,13:58:27,PL005,MIL0501157,x@x.com,9999123456,9999123451,9999123452,1,1
MP00011247,MP00011247,2023-09-07,13:58:27,PL004,MIL0068532,x@x.com,9999123456,9999123451,9999123452,1,1
MP00011248,MP00011248,2023-09-07,13:58:27,PL010,MIL0180316,x@x.com,9999123456,9999123451,9999123452,1,1
MP00011249,MP00011249,2023-09-07,13:58:27,PL011,MIL0234016,x@x.com,9999123456,9999123451,9999123452,1,1
MP00011250,MP00011250,2023-09-07,13:58:27,PL002,MIL0554677,x@x.com,9999123456,9999123451,9999123452,1,1
MP00011251,MP00011251,2023-09-07,13:58:27,PL010,MIL0436448,x@x.com,9999123456,9999123451,9999123452,1,1
MP00011252,MP00011252,2023-09-07,13:58:27,PL001,MIL0368056,x@x.com,9999123456,9999123451,9999123452,1,1
MP00011253,MP00011253,2023-09-07,13:58:27,PL003,MIL0282609,x@x.com,9999123456,9999123451,9999123452,1,1
MP00011254,MP00011254,2023-09-07,13:58:27,PL002,MIL0493515,x@x.com,9999123456,9999123451,9999123452,1,1
MP00011255,MP00011255,2023-09-07,13:58:27,PL007,MIL0246560,x@x.com,9999123456,9999123451,9999123452,1,1
MP00011256,MP00011256,2023-09-07,13:58:27,PL006,MIL0183916,x@x.com,9999123456,9999123451,9999123452,1,1
MP00011257,MP00011257,2023-09-07,13:58:27,PL011,MIL0133468,x@x.com,9999123456,9999123451,9999123452,1,1
MP00011258,MP00011258,2023-09-07,13:58:27,PL002,MIL0510462,x@x.com,9999123456,9999123451,9999123452,1,1
MP00011259,MP00011259,2023-09-07,13:58:27,PL002,MIL0316808,x@x.com,9999123456,9999123451,9999123452,1,1
MP00011260,MP00011260,2023-09-07,13:58:27,PL005,MIL0368038,x@x.com,9999123456,9999123451,9999123452,1,1
MP00011261,MP00011261,2023-09-07,13:58:27,PL003,MIL0082471,x@x.com,9999123456,9999123451,9999123452,1,1
MP00011262,MP00011262,2023-09-07,13:58:27,PL009,MIL0192646,x@x.com,9999123456,9999123451,9999123452,1,1
MP00011263,MP00011263,2023-09-07,13:58:27,PL013,MIL0573603,x@x.com,9999123456,9999123451,9999123452,1,1
MP00011264,MP00011264,2023-09-07,13:58:27,PL004,MIL0462011,x@x.com,9999123456,9999123451,9999123452,1,1
MP00011265,MP00011265,2023-09-07,13:58:27,PL005,MIL0304957,x@x.com,9999123456,9999123451,9999123452,1,1
MP00011266,MP00011266,2023-09-07,13:58:27,PL004,MIL0410988,x@x.com,9999123456,9999123451,9999123452,1,1
MP00011267,MP00011267,2023-09-07,13:58:27,PL002,MIL0016270,x@x.com,9999123456,9999123451,9999123452,1,1
MP00011268,MP00011268,2023-09-07,13:58:27,PL009,MIL0541447,x@x.com,9999123456,9999123451,9999123452,1,1
MP00011269,MP00011269,2023-09-07,13:58:27,PL009,MIL0012823,x@x.com,9999123456,9999123451,9999123452,1,1
MP00011270,MP00011270,2023-09-07,13:58:27,PL011,MIL0223290,x@x.com,9999123456,9999123451,9999123452,1,1
MP00011271,MP00011271,2023-09-07,13:58:27,PL005,MIL0409675,x@x.com,9999123456,9999123451,9999123452,1,1
MP00011272,MP00011272,2023-09-07,13:58:27,PL009,MIL0562315,x@x.com,9999123456,9999123451,9999123452,1,1
MP00011273,MP00011273,2023-09-07,13:58:27,PL011,MIL0404659,x@x.com,9999123456,9999123451,9999123452,1,1
MP00011274,MP00011274,2023-09-07,13:58:27,PL009,MIL0419169,x@x.com,9999123456,9999123451,9999123452,1,1
MP00011275,MP00011275,2023-09-07,13:58:27,PL008,MIL0358184,x@x.com,9999123456,9999123451,9999123452,1,1
MP00011276,MP00011276,2023-09-07,13:58:27,PL007,MIL0141642,x@x.com,9999123456,9999123451,9999123452,1,1
MP00011277,MP00011277,2023-09-07,13:58:27,PL013,MIL0335265,x@x.com,9999123456,9999123451,9999123452,1,1
MP00011278,MP00011278,2023-09-07,13:58:27,PL007,MIL0232204,x@x.com,9999123456,9999123451,9999123452,1,1
MP00011279,MP00011279,2023-09-07,13:58:27,PL009,MIL0317815,x@x.com,9999123456,9999123451,9999123452,1,1
MP00011280,MP00011280,2023-09-07,13:58:27,PL012,MIL0498808,x@x.com,9999123456,9999123451,9999123452,1,1
MP00011281,MP00011281,2023-09-07,13:58:27,PL001,MIL0442429,x@x.com,9999123456,9999123451,9999123452,1,1
MP00011282,MP00011282,2023-09-07,13:58:27,PL008,MIL0555396,x@x.com,9999123456,9999123451,9999123452,1,1
MP00011283,MP00011283,2023-09-07,13:58:27,PL006,MIL0437583,x@x.com,9999123456,9999123451,9999123452,1,1
MP00011284,MP00011284,2023-09-07,13:58:27,PL005,MIL0103424,x@x.com,9999123456,9999123451,9999123452,1,1
MP00011285,MP00011285,2023-09-07,13:58:27,PL013,MIL0071709,x@x.com,9999123456,9999123451,9999123452,1,1
MP00011286,MP00011286,2023-09-07,13:58:27,PL003,MIL0284914,x@x.com,9999123456,9999123451,9999123452,1,1
MP00011287,MP00011287,2023-09-07,13:58:27,PL010,MIL0556038,x@x.com,9999123456,9999123451,9999123452,1,1
MP00011288,MP00011288,2023-09-07,13:58:27,PL003,MIL0373753,x@x.com,9999123456,9999123451,9999123452,1,1
MP00011289,MP00011289,2023-09-07,13:58:27,PL001,MIL0278428,x@x.com,9999123456,9999123451,9999123452,1,1
MP00011290,MP00011290,2023-09-07,13:58:27,PL013,MIL0273521,x@x.com,9999123456,9999123451,9999123452,1,1
MP00011291,MP00011291,2023-09-07,13:58:27,PL009,MIL0409681,x@x.com,9999123456,9999123451,9999123452,1,1
MP00011292,MP00011292,2023-09-07,13:58:27,PL010,MIL0121098,x@x.com,9999123456,9999123451,9999123452,1,1
MP00011293,MP00011293,2023-09-07,13:58:27,PL008,MIL0105870,x@x.com,9999123456,9999123451,9999123452,1,1
MP00011294,MP00011294,2023-09-07,13:58:27,PL002,MIL0327872,x@x.com,9999123456,9999123451,9999123452,1,1
MP00011295,MP00011295,2023-09-07,13:58:27,PL001,MIL0502607,x@x.com,9999123456,9999123451,9999123452,1,1
MP00011296,MP00011296,2023-09-07,13:58:27,PL002,MIL0237236,x@x.com,9999123456,9999123451,9999123452,1,1
MP00011297,MP00011297,2023-09-07,13:58:27,PL006,MIL0190687,x@x.com,9999123456,9999123451,9999123452,1,1
MP00011298,MP00011298,2023-09-07,13:58:27,PL009,MIL0225399,x@x.com,9999123456,9999123451,9999123452,1,1
MP00011299,MP00011299,2023-09-07,13:58:27,PL007,MIL0360315,x@x.com,9999123456,9999123451,9999123452,1,1
MP00011300,MP00011300,2023-09-07,13:58:27,PL001,MIL0056510,x@x.com,9999123456,9999123451,9999123452,1,1
MP00011301,MP00011301,2023-09-07,13:58:27,PL009,MIL0048825,x@x.com,9999123456,9999123451,9999123452,1,1
MP00011302,MP00011302,2023-09-07,13:58:27,PL001,MIL0510181,x@x.com,9999123456,9999123451,9999123452,1,1
MP00011303,MP00011303,2023-09-07,13:58:27,PL004,MIL0228852,x@x.com,9999123456,9999123451,9999123452,1,1
MP00011304,MP00011304,2023-09-07,13:58:27,PL004,MIL0035245,x@x.com,9999123456,9999123451,9999123452,1,1
MP00011305,MP00011305,2023-09-07,13:58:27,PL003,MIL0022052,x@x.com,9999123456,9999123451,9999123452,1,1
MP00011306,MP00011306,2023-09-07,13:58:27,PL001,MIL0100135,x@x.com,9999123456,9999123451,9999123452,1,1
MP00011307,MP00011307,2023-09-07,13:58:27,PL010,MIL0051452,x@x.com,9999123456,9999123451,9999123452,1,1
MP00011308,MP00011308,2023-09-07,13:58:27,PL013,MIL0570196,x@x.com,9999123456,9999123451,9999123452,1,1
MP00011309,MP00011309,2023-09-07,13:58:27,PL005,MIL0499304,x@x.com,9999123456,9999123451,9999123452,1,1
MP00011310,MP00011310,2023-09-07,13:58:27,PL006,MIL0143966,x@x.com,9999123456,9999123451,9999123452,1,1
MP00011311,MP00011311,2023-09-07,13:58:27,PL006,MIL0082969,x@x.com,9999123456,9999123451,9999123452,1,1
MP00011312,MP00011312,2023-09-07,13:58:27,PL003,MIL0497354,x@x.com,9999123456,9999123451,9999123452,1,1
MP00011313,MP00011313,2023-09-07,13:58:27,PL001,MIL0434978,x@x.com,9999123456,9999123451,9999123452,1,1
MP00011314,MP00011314,2023-09-07,13:58:27,PL010,MIL0257925,x@x.com,9999123456,9999123451,9999123452,1,1
MP00011315,MP00011315,2023-09-07,13:58:27,PL005,MIL0346237,x@x.com,9999123456,9999123451,9999123452,1,1
MP00011316,MP00011316,2023-09-07,13:58:27,PL013,MIL0389390,x@x.com,9999123456,9999123451,9999123452,1,1
MP00011317,MP00011317,2023-09-07,13:58:27,PL005,MIL0278927,x@x.com,9999123456,9999123451,9999123452,1,1
MP00011318,MP00011318,2023-09-07,13:58:27,PL007,MIL0470416,x@x.com,9999123456,9999123451,9999123452,1,1
MP00011319,MP00011319,2023-09-07,13:58:27,PL011,MIL0533002,x@x.com,9999123456,9999123451,9999123452,1,1
MP00011320,MP00011320,2023-09-07,13:58:27,PL008,MIL0479656,x@x.com,9999123456,9999123451,9999123452,1,1
MP00011321,MP00011321,2023-09-07,13:58:27,PL003,MIL0377967,x@x.com,9999123456,9999123451,9999123452,1,1
MP00011322,MP00011322,2023-09-07,13:58:27,PL003,MIL0074616,x@x.com,9999123456,9999123451,9999123452,1,1
MP00011323,MP00011323,2023-09-07,13:58:27,PL003,MIL0539233,x@x.com,9999123456,9999123451,9999123452,1,1
MP00011324,MP00011324,2023-09-07,13:58:27,PL009,MIL0091859,x@x.com,9999123456,9999123451,9999123452,1,1
MP00011325,MP00011325,2023-09-07,13:58:27,PL009,MIL0523178,x@x.com,9999123456,9999123451,9999123452,1,1
MP00011326,MP00011326,2023-09-07,13:58:27,PL003,MIL0112018,x@x.com,9999123456,9999123451,9999123452,1,1
MP00011327,MP00011327,2023-09-07,13:58:27,PL003,MIL0159038,x@x.com,9999123456,9999123451,9999123452,1,1
MP00011328,MP00011328,2023-09-07,13:58:27,PL004,MIL0371738,x@x.com,9999123456,9999123451,9999123452,1,1
MP00011329,MP00011329,2023-09-07,13:58:27,PL009,MIL0516611,x@x.com,9999123456,9999123451,9999123452,1,1
MP00011330,MP00011330,2023-09-07,13:58:27,PL007,MIL0111585,x@x.com,9999123456,9999123451,9999123452,1,1
MP00011331,MP00011331,2023-09-07,13:58:27,PL005,MIL0275799,x@x.com,9999123456,9999123451,9999123452,1,1
MP00011332,MP00011332,2023-09-07,13:58:27,PL010,MIL0428522,x@x.com,9999123456,9999123451,9999123452,1,1
MP00011333,MP00011333,2023-09-07,13:58:27,PL006,MIL0306378,x@x.com,9999123456,9999123451,9999123452,1,1
MP00011334,MP00011334,2023-09-07,13:58:27,PL013,MIL0443790,x@x.com,9999123456,9999123451,9999123452,1,1
MP00011335,MP00011335,2023-09-07,13:58:27,PL009,MIL0388838,x@x.com,9999123456,9999123451,9999123452,1,1
MP00011336,MP00011336,2023-09-07,13:58:27,PL013,MIL0230456,x@x.com,9999123456,9999123451,9999123452,1,1
MP00011337,MP00011337,2023-09-07,13:58:27,PL012,MIL0057739,x@x.com,9999123456,9999123451,9999123452,1,1
MP00011338,MP00011338,2023-09-07,13:58:27,PL008,MIL0106021,x@x.com,9999123456,9999123451,9999123452,1,1
MP00011339,MP00011339,2023-09-07,13:58:27,PL009,MIL0387817,x@x.com,9999123456,9999123451,9999123452,1,1
MP00011340,MP00011340,2023-09-07,13:58:27,PL007,MIL0030981,x@x.com,9999123456,9999123451,9999123452,1,1
MP00011341,MP00011341,2023-09-07,13:58:27,PL013,MIL0106392,x@x.com,9999123456,9999123451,9999123452,1,1
MP00011342,MP00011342,2023-09-07,13:58:27,PL001,MIL0391690,x@x.com,9999123456,9999123451,9999123452,1,1
MP00011343,MP00011343,2023-09-07,13:58:27,PL004,MIL0337727,x@x.com,9999123456,9999123451,9999123452,1,1
MP00011344,MP00011344,2023-09-07,13:58:27,PL011,MIL0173644,x@x.com,9999123456,9999123451,9999123452,1,1
MP00011345,MP00011345,2023-09-07,13:58:27,PL006,MIL0386786,x@x.com,9999123456,9999123451,9999123452,1,1
MP00011346,MP00011346,2023-09-07,13:58:27,PL007,MIL0015862,x@x.com,9999123456,9999123451,9999123452,1,1
MP00011347,MP00011347,2023-09-07,13:58:27,PL009,MIL0250766,x@x.com,9999123456,9999123451,9999123452,1,1
MP00011348,MP00011348,2023-09-07,13:58:27,PL003,MIL0417285,x@x.com,9999123456,9999123451,9999123452,1,1
MP00011349,MP00011349,2023-09-07,13:58:27,PL009,MIL0251514,x@x.com,9999123456,9999123451,9999123452,1,1
MP00011350,MP00011350,2023-09-07,13:58:27,PL012,MIL0276995,x@x.com,9999123456,9999123451,9999123452,1,1
MP00011351,MP00011351,2023-09-07,13:58:27,PL012,MIL0158459,x@x.com,9999123456,9999123451,9999123452,1,1
MP00011352,MP00011352,2023-09-07,13:58:27,PL005,MIL0114685,x@x.com,9999123456,9999123451,9999123452,1,1
MP00011353,MP00011353,2023-09-07,13:58:27,PL007,MIL0518531,x@x.com,9999123456,9999123451,9999123452,1,1
MP00011354,MP00011354,2023-09-07,13:58:27,PL003,MIL0131031,x@x.com,9999123456,9999123451,9999123452,1,1
MP00011355,MP00011355,2023-09-07,13:58:27,PL009,MIL0235047,x@x.com,9999123456,9999123451,9999123452,1,1
MP00011356,MP00011356,2023-09-07,13:58:27,PL012,MIL0081734,x@x.com,9999123456,9999123451,9999123452,1,1
MP00011357,MP00011357,2023-09-07,13:58:27,PL002,MIL0203216,x@x.com,9999123456,9999123451,9999123452,1,1
MP00011358,MP00011358,2023-09-07,13:58:27,PL008,MIL0212205,x@x.com,9999123456,9999123451,9999123452,1,1
MP00011359,MP00011359,2023-09-07,13:58:27,PL010,MIL0185445,x@x.com,9999123456,9999123451,9999123452,1,1
MP00011360,MP00011360,2023-09-07,13:58:27,PL003,MIL0490612,x@x.com,9999123456,9999123451,9999123452,1,1
MP00011361,MP00011361,2023-09-07,13:58:27,PL011,MIL0131000,x@x.com,9999123456,9999123451,9999123452,1,1
MP00011362,MP00011362,2023-09-07,13:58:27,PL002,MIL0370641,x@x.com,9999123456,9999123451,9999123452,1,1
MP00011363,MP00011363,2023-09-07,13:58:27,PL003,MIL0049175,x@x.com,9999123456,9999123451,9999123452,1,1
MP00011364,MP00011364,2023-09-07,13:58:27,PL012,MIL0572223,x@x.com,9999123456,9999123451,9999123452,1,1
MP00011365,MP00011365,2023-09-07,13:58:27,PL001,MIL0161643,x@x.com,9999123456,9999123451,9999123452,1,1
MP00011366,MP00011366,2023-09-07,13:58:27,PL004,MIL0033222,x@x.com,9999123456,9999123451,9999123452,1,1
MP00011367,MP00011367,2023-09-07,13:58:27,PL003,MIL0128396,x@x.com,9999123456,9999123451,9999123452,1,1
MP00011368,MP00011368,2023-09-07,13:58:27,PL011,MIL0086800,x@x.com,9999123456,9999123451,9999123452,1,1
MP00011369,MP00011369,2023-09-07,13:58:27,PL009,MIL0247750,x@x.com,9999123456,9999123451,9999123452,1,1
MP00011370,MP00011370,2023-09-07,13:58:27,PL010,MIL0045034,x@x.com,9999123456,9999123451,9999123452,1,1
MP00011371,MP00011371,2023-09-07,13:58:27,PL008,MIL0463010,x@x.com,9999123456,9999123451,9999123452,1,1
MP00011372,MP00011372,2023-09-07,13:58:27,PL010,MIL0288148,x@x.com,9999123456,9999123451,9999123452,1,1
MP00011373,MP00011373,2023-09-07,13:58:27,PL005,MIL0406553,x@x.com,9999123456,9999123451,9999123452,1,1
MP00011374,MP00011374,2023-09-07,13:58:27,PL002,MIL0492371,x@x.com,9999123456,9999123451,9999123452,1,1
MP00011375,MP00011375,2023-09-07,13:58:27,PL010,MIL0158446,x@x.com,9999123456,9999123451,9999123452,1,1
MP00011376,MP00011376,2023-09-07,13:58:27,PL002,MIL0056466,x@x.com,9999123456,9999123451,9999123452,1,1
MP00011377,MP00011377,2023-09-07,13:58:27,PL006,MIL0544188,x@x.com,9999123456,9999123451,9999123452,1,1
MP00011378,MP00011378,2023-09-07,13:58:27,PL012,MIL0552076,x@x.com,9999123456,9999123451,9999123452,1,1
MP00011379,MP00011379,2023-09-07,13:58:27,PL010,MIL0161712,x@x.com,9999123456,9999123451,9999123452,1,1
MP00011380,MP00011380,2023-09-07,13:58:27,PL012,MIL0004897,x@x.com,9999123456,9999123451,9999123452,1,1
MP00011381,MP00011381,2023-09-07,13:58:27,PL013,MIL0245693,x@x.com,9999123456,9999123451,9999123452,1,1
MP00011382,MP00011382,2023-09-07,13:58:27,PL013,MIL0102098,x@x.com,9999123456,9999123451,9999123452,1,1
MP00011383,MP00011383,2023-09-07,13:58:27,PL003,MIL0482298,x@x.com,9999123456,9999123451,9999123452,1,1
MP00011384,MP00011384,2023-09-07,13:58:27,PL009,MIL0138663,x@x.com,9999123456,9999123451,9999123452,1,1
MP00011385,MP00011385,2023-09-07,13:58:27,PL012,MIL0161156,x@x.com,9999123456,9999123451,9999123452,1,1
MP00011386,MP00011386,2023-09-07,13:58:27,PL009,MIL0501230,x@x.com,9999123456,9999123451,9999123452,1,1
MP00011387,MP00011387,2023-09-07,13:58:27,PL002,MIL0495366,x@x.com,9999123456,9999123451,9999123452,1,1
MP00011388,MP00011388,2023-09-07,13:58:27,PL004,MIL0109309,x@x.com,9999123456,9999123451,9999123452,1,1
MP00011389,MP00011389,2023-09-07,13:58:27,PL001,MIL0435140,x@x.com,9999123456,9999123451,9999123452,1,1
MP00011390,MP00011390,2023-09-07,13:58:27,PL010,MIL0181503,x@x.com,9999123456,9999123451,9999123452,1,1
MP00011391,MP00011391,2023-09-07,13:58:27,PL011,MIL0406451,x@x.com,9999123456,9999123451,9999123452,1,1
MP00011392,MP00011392,2023-09-07,13:58:27,PL005,MIL0007434,x@x.com,9999123456,9999123451,9999123452,1,1
MP00011393,MP00011393,2023-09-07,13:58:27,PL009,MIL0280930,x@x.com,9999123456,9999123451,9999123452,1,1
MP00011394,MP00011394,2023-09-07,13:58:27,PL013,MIL0524324,x@x.com,9999123456,9999123451,9999123452,1,1
MP00011395,MP00011395,2023-09-07,13:58:27,PL008,MIL0506304,x@x.com,9999123456,9999123451,9999123452,1,1
MP00011396,MP00011396,2023-09-07,13:58:27,PL008,MIL0412664,x@x.com,9999123456,9999123451,9999123452,1,1
MP00011397,MP00011397,2023-09-07,13:58:27,PL006,MIL0061418,x@x.com,9999123456,9999123451,9999123452,1,1
MP00011398,MP00011398,2023-09-07,13:58:27,PL009,MIL0360893,x@x.com,9999123456,9999123451,9999123452,1,1
MP00011399,MP00011399,2023-09-07,13:58:27,PL013,MIL0009775,x@x.com,9999123456,9999123451,9999123452,1,1
MP00011400,MP00011400,2023-09-07,13:58:27,PL001,MIL0334916,x@x.com,9999123456,9999123451,9999123452,1,1
MP00011401,MP00011401,2023-09-07,13:58:27,PL001,MIL0021345,x@x.com,9999123456,9999123451,9999123452,1,1
MP00011402,MP00011402,2023-09-07,13:58:27,PL003,MIL0099263,x@x.com,9999123456,9999123451,9999123452,1,1
MP00011403,MP00011403,2023-09-07,13:58:27,PL001,MIL0218076,x@x.com,9999123456,9999123451,9999123452,1,1
MP00011404,MP00011404,2023-09-07,13:58:27,PL010,MIL0560182,x@x.com,9999123456,9999123451,9999123452,1,1
MP00011405,MP00011405,2023-09-07,13:58:27,PL001,MIL0252785,x@x.com,9999123456,9999123451,9999123452,1,1
MP00011406,MP00011406,2023-09-07,13:58:27,PL005,MIL0182375,x@x.com,9999123456,9999123451,9999123452,1,1
MP00011407,MP00011407,2023-09-07,13:58:27,PL006,MIL0011439,x@x.com,9999123456,9999123451,9999123452,1,1
MP00011408,MP00011408,2023-09-07,13:58:27,PL004,MIL0019022,x@x.com,9999123456,9999123451,9999123452,1,1
MP00011409,MP00011409,2023-09-07,13:58:27,PL002,MIL0203574,x@x.com,9999123456,9999123451,9999123452,1,1
MP00011410,MP00011410,2023-09-07,13:58:27,PL001,MIL0264014,x@x.com,9999123456,9999123451,9999123452,1,1
MP00011411,MP00011411,2023-09-07,13:58:27,PL013,MIL0232805,x@x.com,9999123456,9999123451,9999123452,1,1
MP00011412,MP00011412,2023-09-07,13:58:27,PL007,MIL0332274,x@x.com,9999123456,9999123451,9999123452,1,1
MP00011413,MP00011413,2023-09-07,13:58:27,PL008,MIL0461323,x@x.com,9999123456,9999123451,9999123452,1,1
MP00011414,MP00011414,2023-09-07,13:58:27,PL011,MIL0562580,x@x.com,9999123456,9999123451,9999123452,1,1
MP00011415,MP00011415,2023-09-07,13:58:27,PL013,MIL0358400,x@x.com,9999123456,9999123451,9999123452,1,1
MP00011416,MP00011416,2023-09-07,13:58:27,PL013,MIL0167590,x@x.com,9999123456,9999123451,9999123452,1,1
MP00011417,MP00011417,2023-09-07,13:58:27,PL003,MIL0209176,x@x.com,9999123456,9999123451,9999123452,1,1
MP00011418,MP00011418,2023-09-07,13:58:27,PL005,MIL0094181,x@x.com,9999123456,9999123451,9999123452,1,1
MP00011419,MP00011419,2023-09-07,13:58:27,PL008,MIL0034100,x@x.com,9999123456,9999123451,9999123452,1,1
MP00011420,MP00011420,2023-09-07,13:58:27,PL006,MIL0154072,x@x.com,9999123456,9999123451,9999123452,1,1
MP00011421,MP00011421,2023-09-07,13:58:27,PL013,MIL0271964,x@x.com,9999123456,9999123451,9999123452,1,1
MP00011422,MP00011422,2023-09-07,13:58:27,PL005,MIL0466186,x@x.com,9999123456,9999123451,9999123452,1,1
MP00011423,MP00011423,2023-09-07,13:58:27,PL006,MIL0385733,x@x.com,9999123456,9999123451,9999123452,1,1
MP00011424,MP00011424,2023-09-07,13:58:27,PL013,MIL0437419,x@x.com,9999123456,9999123451,9999123452,1,1
MP00011425,MP00011425,2023-09-07,13:58:27,PL010,MIL0510177,x@x.com,9999123456,9999123451,9999123452,1,1
MP00011426,MP00011426,2023-09-07,13:58:27,PL012,MIL0034089,x@x.com,9999123456,9999123451,9999123452,1,1
MP00011427,MP00011427,2023-09-07,13:58:27,PL008,MIL0420349,x@x.com,9999123456,9999123451,9999123452,1,1
MP00011428,MP00011428,2023-09-07,13:58:27,PL006,MIL0070038,x@x.com,9999123456,9999123451,9999123452,1,1
MP00011429,MP00011429,2023-09-07,13:58:27,PL012,MIL0542986,x@x.com,9999123456,9999123451,9999123452,1,1
MP00011430,MP00011430,2023-09-07,13:58:27,PL006,MIL0067686,x@x.com,9999123456,9999123451,9999123452,1,1
MP00011431,MP00011431,2023-09-07,13:58:27,PL001,MIL0038613,x@x.com,9999123456,9999123451,9999123452,1,1
MP00011432,MP00011432,2023-09-07,13:58:27,PL007,MIL0159303,x@x.com,9999123456,9999123451,9999123452,1,1
MP00011433,MP00011433,2023-09-07,13:58:27,PL005,MIL0075850,x@x.com,9999123456,9999123451,9999123452,1,1
MP00011434,MP00011434,2023-09-07,13:58:27,PL002,MIL0183829,x@x.com,9999123456,9999123451,9999123452,1,1
MP00011435,MP00011435,2023-09-07,13:58:27,PL011,MIL0438726,x@x.com,9999123456,9999123451,9999123452,1,1
MP00011436,MP00011436,2023-09-07,13:58:27,PL013,MIL0205685,x@x.com,9999123456,9999123451,9999123452,1,1
MP00011437,MP00011437,2023-09-07,13:58:27,PL001,MIL0309231,x@x.com,9999123456,9999123451,9999123452,1,1
MP00011438,MP00011438,2023-09-07,13:58:27,PL002,MIL0318360,x@x.com,9999123456,9999123451,9999123452,1,1
MP00011439,MP00011439,2023-09-07,13:58:27,PL001,MIL0016866,x@x.com,9999123456,9999123451,9999123452,1,1
MP00011440,MP00011440,2023-09-07,13:58:27,PL012,MIL0572025,x@x.com,9999123456,9999123451,9999123452,1,1
MP00011441,MP00011441,2023-09-07,13:58:27,PL006,MIL0513363,x@x.com,9999123456,9999123451,9999123452,1,1
MP00011442,MP00011442,2023-09-07,13:58:27,PL004,MIL0370251,x@x.com,9999123456,9999123451,9999123452,1,1
MP00011443,MP00011443,2023-09-07,13:58:27,PL008,MIL0013837,x@x.com,9999123456,9999123451,9999123452,1,1
MP00011444,MP00011444,2023-09-07,13:58:27,PL013,MIL0505692,x@x.com,9999123456,9999123451,9999123452,1,1
MP00011445,MP00011445,2023-09-07,13:58:27,PL006,MIL0565736,x@x.com,9999123456,9999123451,9999123452,1,1
MP00011446,MP00011446,2023-09-07,13:58:27,PL004,MIL0491024,x@x.com,9999123456,9999123451,9999123452,1,1
MP00011447,MP00011447,2023-09-07,13:58:27,PL009,MIL0047733,x@x.com,9999123456,9999123451,9999123452,1,1
MP00011448,MP00011448,2023-09-07,13:58:27,PL001,MIL0162419,x@x.com,9999123456,9999123451,9999123452,1,1
MP00011449,MP00011449,2023-09-07,13:58:27,PL008,MIL0064141,x@x.com,9999123456,9999123451,9999123452,1,1
MP00011450,MP00011450,2023-09-07,13:58:27,PL003,MIL0206788,x@x.com,9999123456,9999123451,9999123452,1,1
MP00011451,MP00011451,2023-09-07,13:58:27,PL012,MIL0525988,x@x.com,9999123456,9999123451,9999123452,1,1
MP00011452,MP00011452,2023-09-07,13:58:27,PL002,MIL0416739,x@x.com,9999123456,9999123451,9999123452,1,1
MP00011453,MP00011453,2023-09-07,13:58:27,PL013,MIL0198905,x@x.com,9999123456,9999123451,9999123452,1,1
MP00011454,MP00011454,2023-09-07,13:58:27,PL012,MIL0386937,x@x.com,9999123456,9999123451,9999123452,1,1
MP00011455,MP00011455,2023-09-07,13:58:27,PL001,MIL0268251,x@x.com,9999123456,9999123451,9999123452,1,1
MP00011456,MP00011456,2023-09-07,13:58:27,PL009,MIL0125015,x@x.com,9999123456,9999123451,9999123452,1,1
MP00011457,MP00011457,2023-09-07,13:58:27,PL008,MIL0570176,x@x.com,9999123456,9999123451,9999123452,1,1
MP00011458,MP00011458,2023-09-07,13:58:27,PL005,MIL0461551,x@x.com,9999123456,9999123451,9999123452,1,1
MP00011459,MP00011459,2023-09-07,13:58:27,PL007,MIL0226186,x@x.com,9999123456,9999123451,9999123452,1,1
MP00011460,MP00011460,2023-09-07,13:58:27,PL001,MIL0412252,x@x.com,9999123456,9999123451,9999123452,1,1
MP00011461,MP00011461,2023-09-07,13:58:27,PL011,MIL0110448,x@x.com,9999123456,9999123451,9999123452,1,1
MP00011462,MP00011462,2023-09-07,13:58:27,PL010,MIL0172552,x@x.com,9999123456,9999123451,9999123452,1,1
MP00011463,MP00011463,2023-09-07,13:58:27,PL010,MIL0497037,x@x.com,9999123456,9999123451,9999123452,1,1
MP00011464,MP00011464,2023-09-07,13:58:27,PL011,MIL0530505,x@x.com,9999123456,9999123451,9999123452,1,1
MP00011465,MP00011465,2023-09-07,13:58:27,PL002,MIL0059738,x@x.com,9999123456,9999123451,9999123452,1,1
MP00011466,MP00011466,2023-09-07,13:58:27,PL009,MIL0115767,x@x.com,9999123456,9999123451,9999123452,1,1
MP00011467,MP00011467,2023-09-07,13:58:27,PL009,MIL0019255,x@x.com,9999123456,9999123451,9999123452,1,1
MP00011468,MP00011468,2023-09-07,13:58:27,PL005,MIL0368268,x@x.com,9999123456,9999123451,9999123452,1,1
MP00011469,MP00011469,2023-09-07,13:58:27,PL013,MIL0439192,x@x.com,9999123456,9999123451,9999123452,1,1
MP00011470,MP00011470,2023-09-07,13:58:27,PL011,MIL0130424,x@x.com,9999123456,9999123451,9999123452,1,1
MP00011471,MP00011471,2023-09-07,13:58:27,PL006,MIL0085073,x@x.com,9999123456,9999123451,9999123452,1,1
MP00011472,MP00011472,2023-09-07,13:58:27,PL001,MIL0071889,x@x.com,9999123456,9999123451,9999123452,1,1
MP00011473,MP00011473,2023-09-07,13:58:27,PL010,MIL0201190,x@x.com,9999123456,9999123451,9999123452,1,1
MP00011474,MP00011474,2023-09-07,13:58:27,PL002,MIL0504942,x@x.com,9999123456,9999123451,9999123452,1,1
MP00011475,MP00011475,2023-09-07,13:58:27,PL009,MIL0417499,x@x.com,9999123456,9999123451,9999123452,1,1
MP00011476,MP00011476,2023-09-07,13:58:27,PL006,MIL0036246,x@x.com,9999123456,9999123451,9999123452,1,1
MP00011477,MP00011477,2023-09-07,13:58:27,PL012,MIL0378311,x@x.com,9999123456,9999123451,9999123452,1,1
MP00011478,MP00011478,2023-09-07,13:58:27,PL005,MIL0561836,x@x.com,9999123456,9999123451,9999123452,1,1
MP00011479,MP00011479,2023-09-07,13:58:27,PL013,MIL0535406,x@x.com,9999123456,9999123451,9999123452,1,1
MP00011480,MP00011480,2023-09-07,13:58:27,PL006,MIL0391656,x@x.com,9999123456,9999123451,9999123452,1,1
MP00011481,MP00011481,2023-09-07,13:58:27,PL004,MIL0077285,x@x.com,9999123456,9999123451,9999123452,1,1
MP00011482,MP00011482,2023-09-07,13:58:27,PL004,MIL0229669,x@x.com,9999123456,9999123451,9999123452,1,1
MP00011483,MP00011483,2023-09-07,13:58:27,PL007,MIL0485974,x@x.com,9999123456,9999123451,9999123452,1,1
MP00011484,MP00011484,2023-09-07,13:58:27,PL001,MIL0538269,x@x.com,9999123456,9999123451,9999123452,1,1
MP00011485,MP00011485,2023-09-07,13:58:27,PL007,MIL0012557,x@x.com,9999123456,9999123451,9999123452,1,1
MP00011486,MP00011486,2023-09-07,13:58:27,PL001,MIL0286157,x@x.com,9999123456,9999123451,9999123452,1,1
MP00011487,MP00011487,2023-09-07,13:58:27,PL012,MIL0300970,x@x.com,9999123456,9999123451,9999123452,1,1
MP00011488,MP00011488,2023-09-07,13:58:27,PL006,MIL0082940,x@x.com,9999123456,9999123451,9999123452,1,1
MP00011489,MP00011489,2023-09-07,13:58:27,PL011,MIL0283016,x@x.com,9999123456,9999123451,9999123452,1,1
MP00011490,MP00011490,2023-09-07,13:58:27,PL004,MIL0176607,x@x.com,9999123456,9999123451,9999123452,1,1
MP00011491,MP00011491,2023-09-07,13:58:27,PL013,MIL0375147,x@x.com,9999123456,9999123451,9999123452,1,1
MP00011492,MP00011492,2023-09-07,13:58:27,PL001,MIL0338656,x@x.com,9999123456,9999123451,9999123452,1,1
MP00011493,MP00011493,2023-09-07,13:58:27,PL013,MIL0179817,x@x.com,9999123456,9999123451,9999123452,1,1
MP00011494,MP00011494,2023-09-07,13:58:27,PL006,MIL0550209,x@x.com,9999123456,9999123451,9999123452,1,1
MP00011495,MP00011495,2023-09-07,13:58:27,PL013,MIL0067728,x@x.com,9999123456,9999123451,9999123452,1,1
MP00011496,MP00011496,2023-09-07,13:58:27,PL003,MIL0165838,x@x.com,9999123456,9999123451,9999123452,1,1
MP00011497,MP00011497,2023-09-07,13:58:27,PL003,MIL0199653,x@x.com,9999123456,9999123451,9999123452,1,1
MP00011498,MP00011498,2023-09-07,13:58:27,PL008,MIL0487770,x@x.com,9999123456,9999123451,9999123452,1,1
MP00011499,MP00011499,2023-09-07,13:58:27,PL013,MIL0149208,x@x.com,9999123456,9999123451,9999123452,1,1
MP00011500,MP00011500,2023-09-07,13:58:27,PL007,MIL0388474,x@x.com,9999123456,9999123451,9999123452,1,1
MP00011501,MP00011501,2023-09-07,13:58:27,PL007,MIL0435231,x@x.com,9999123456,9999123451,9999123452,1,1
MP00011502,MP00011502,2023-09-07,13:58:27,PL011,MIL0458491,x@x.com,9999123456,9999123451,9999123452,1,1
MP00011503,MP00011503,2023-09-07,13:58:27,PL001,MIL0370010,x@x.com,9999123456,9999123451,9999123452,1,1
MP00011504,MP00011504,2023-09-07,13:58:27,PL009,MIL0449274,x@x.com,9999123456,9999123451,9999123452,1,1
MP00011505,MP00011505,2023-09-07,13:58:27,PL010,MIL0106137,x@x.com,9999123456,9999123451,9999123452,1,1
MP00011506,MP00011506,2023-09-07,13:58:27,PL004,MIL0109661,x@x.com,9999123456,9999123451,9999123452,1,1
MP00011507,MP00011507,2023-09-07,13:58:27,PL013,MIL0207481,x@x.com,9999123456,9999123451,9999123452,1,1
MP00011508,MP00011508,2023-09-07,13:58:27,PL005,MIL0212337,x@x.com,9999123456,9999123451,9999123452,1,1
MP00011509,MP00011509,2023-09-07,13:58:27,PL002,MIL0479717,x@x.com,9999123456,9999123451,9999123452,1,1
MP00011510,MP00011510,2023-09-07,13:58:27,PL013,MIL0169578,x@x.com,9999123456,9999123451,9999123452,1,1
MP00011511,MP00011511,2023-09-07,13:58:27,PL004,MIL0567761,x@x.com,9999123456,9999123451,9999123452,1,1
MP00011512,MP00011512,2023-09-07,13:58:27,PL010,MIL0303322,x@x.com,9999123456,9999123451,9999123452,1,1
MP00011513,MP00011513,2023-09-07,13:58:27,PL004,MIL0100890,x@x.com,9999123456,9999123451,9999123452,1,1
MP00011514,MP00011514,2023-09-07,13:58:27,PL008,MIL0542509,x@x.com,9999123456,9999123451,9999123452,1,1
MP00011515,MP00011515,2023-09-07,13:58:27,PL006,MIL0310476,x@x.com,9999123456,9999123451,9999123452,1,1
MP00011516,MP00011516,2023-09-07,13:58:27,PL004,MIL0117316,x@x.com,9999123456,9999123451,9999123452,1,1
MP00011517,MP00011517,2023-09-07,13:58:27,PL012,MIL0329580,x@x.com,9999123456,9999123451,9999123452,1,1
MP00011518,MP00011518,2023-09-07,13:58:27,PL001,MIL0226261,x@x.com,9999123456,9999123451,9999123452,1,1
MP00011519,MP00011519,2023-09-07,13:58:27,PL001,MIL0008628,x@x.com,9999123456,9999123451,9999123452,1,1
MP00011520,MP00011520,2023-09-07,13:58:27,PL004,MIL0314331,x@x.com,9999123456,9999123451,9999123452,1,1
MP00011521,MP00011521,2023-09-07,13:58:27,PL003,MIL0313395,x@x.com,9999123456,9999123451,9999123452,1,1
MP00011522,MP00011522,2023-09-07,13:58:27,PL008,MIL0335926,x@x.com,9999123456,9999123451,9999123452,1,1
MP00011523,MP00011523,2023-09-07,13:58:27,PL003,MIL0497530,x@x.com,9999123456,9999123451,9999123452,1,1
MP00011524,MP00011524,2023-09-07,13:58:27,PL003,MIL0235958,x@x.com,9999123456,9999123451,9999123452,1,1
MP00011525,MP00011525,2023-09-07,13:58:27,PL004,MIL0552384,x@x.com,9999123456,9999123451,9999123452,1,1
MP00011526,MP00011526,2023-09-07,13:58:27,PL013,MIL0140257,x@x.com,9999123456,9999123451,9999123452,1,1
MP00011527,MP00011527,2023-09-07,13:58:27,PL004,MIL0172449,x@x.com,9999123456,9999123451,9999123452,1,1
MP00011528,MP00011528,2023-09-07,13:58:27,PL006,MIL0454140,x@x.com,9999123456,9999123451,9999123452,1,1
MP00011529,MP00011529,2023-09-07,13:58:27,PL001,MIL0027510,x@x.com,9999123456,9999123451,9999123452,1,1
MP00011530,MP00011530,2023-09-07,13:58:27,PL011,MIL0035167,x@x.com,9999123456,9999123451,9999123452,1,1
MP00011531,MP00011531,2023-09-07,13:58:27,PL002,MIL0180844,x@x.com,9999123456,9999123451,9999123452,1,1
MP00011532,MP00011532,2023-09-07,13:58:27,PL011,MIL0232670,x@x.com,9999123456,9999123451,9999123452,1,1
MP00011533,MP00011533,2023-09-07,13:58:27,PL004,MIL0135334,x@x.com,9999123456,9999123451,9999123452,1,1
MP00011534,MP00011534,2023-09-07,13:58:27,PL001,MIL0265643,x@x.com,9999123456,9999123451,9999123452,1,1
MP00011535,MP00011535,2023-09-07,13:58:27,PL013,MIL0330565,x@x.com,9999123456,9999123451,9999123452,1,1
MP00011536,MP00011536,2023-09-07,13:58:27,PL013,MIL0303431,x@x.com,9999123456,9999123451,9999123452,1,1
MP00011537,MP00011537,2023-09-07,13:58:27,PL004,MIL0295701,x@x.com,9999123456,9999123451,9999123452,1,1
MP00011538,MP00011538,2023-09-07,13:58:27,PL005,MIL0459861,x@x.com,9999123456,9999123451,9999123452,1,1
MP00011539,MP00011539,2023-09-07,13:58:27,PL007,MIL0440986,x@x.com,9999123456,9999123451,9999123452,1,1
MP00011540,MP00011540,2023-09-07,13:58:27,PL009,MIL0492346,x@x.com,9999123456,9999123451,9999123452,1,1
MP00011541,MP00011541,2023-09-07,13:58:27,PL010,MIL0391241,x@x.com,9999123456,9999123451,9999123452,1,1
MP00011542,MP00011542,2023-09-07,13:58:27,PL009,MIL0097053,x@x.com,9999123456,9999123451,9999123452,1,1
MP00011543,MP00011543,2023-09-07,13:58:27,PL006,MIL0188520,x@x.com,9999123456,9999123451,9999123452,1,1
MP00011544,MP00011544,2023-09-07,13:58:27,PL011,MIL0559633,x@x.com,9999123456,9999123451,9999123452,1,1
MP00011545,MP00011545,2023-09-07,13:58:27,PL010,MIL0145716,x@x.com,9999123456,9999123451,9999123452,1,1
MP00011546,MP00011546,2023-09-07,13:58:27,PL012,MIL0102118,x@x.com,9999123456,9999123451,9999123452,1,1
MP00011547,MP00011547,2023-09-07,13:58:27,PL013,MIL0211070,x@x.com,9999123456,9999123451,9999123452,1,1
MP00011548,MP00011548,2023-09-07,13:58:27,PL010,MIL0557881,x@x.com,9999123456,9999123451,9999123452,1,1
MP00011549,MP00011549,2023-09-07,13:58:27,PL008,MIL0458719,x@x.com,9999123456,9999123451,9999123452,1,1
MP00011550,MP00011550,2023-09-07,13:58:27,PL004,MIL0469672,x@x.com,9999123456,9999123451,9999123452,1,1
MP00011551,MP00011551,2023-09-07,13:58:27,PL003,MIL0102664,x@x.com,9999123456,9999123451,9999123452,1,1
MP00011552,MP00011552,2023-09-07,13:58:27,PL013,MIL0467738,x@x.com,9999123456,9999123451,9999123452,1,1
MP00011553,MP00011553,2023-09-07,13:58:27,PL012,MIL0069094,x@x.com,9999123456,9999123451,9999123452,1,1
MP00011554,MP00011554,2023-09-07,13:58:27,PL002,MIL0127190,x@x.com,9999123456,9999123451,9999123452,1,1
MP00011555,MP00011555,2023-09-07,13:58:27,PL010,MIL0015942,x@x.com,9999123456,9999123451,9999123452,1,1
MP00011556,MP00011556,2023-09-07,13:58:27,PL011,MIL0166057,x@x.com,9999123456,9999123451,9999123452,1,1
MP00011557,MP00011557,2023-09-07,13:58:27,PL002,MIL0514472,x@x.com,9999123456,9999123451,9999123452,1,1
MP00011558,MP00011558,2023-09-07,13:58:27,PL009,MIL0169793,x@x.com,9999123456,9999123451,9999123452,1,1
MP00011559,MP00011559,2023-09-07,13:58:27,PL009,MIL0359686,x@x.com,9999123456,9999123451,9999123452,1,1
MP00011560,MP00011560,2023-09-07,13:58:27,PL002,MIL0308786,x@x.com,9999123456,9999123451,9999123452,1,1
MP00011561,MP00011561,2023-09-07,13:58:27,PL003,MIL0154836,x@x.com,9999123456,9999123451,9999123452,1,1
MP00011562,MP00011562,2023-09-07,13:58:27,PL009,MIL0386659,x@x.com,9999123456,9999123451,9999123452,1,1
MP00011563,MP00011563,2023-09-07,13:58:27,PL001,MIL0321585,x@x.com,9999123456,9999123451,9999123452,1,1
MP00011564,MP00011564,2023-09-07,13:58:27,PL010,MIL0555054,x@x.com,9999123456,9999123451,9999123452,1,1
MP00011565,MP00011565,2023-09-07,13:58:27,PL003,MIL0081009,x@x.com,9999123456,9999123451,9999123452,1,1
MP00011566,MP00011566,2023-09-07,13:58:27,PL013,MIL0014490,x@x.com,9999123456,9999123451,9999123452,1,1
MP00011567,MP00011567,2023-09-07,13:58:27,PL005,MIL0423954,x@x.com,9999123456,9999123451,9999123452,1,1
MP00011568,MP00011568,2023-09-07,13:58:27,PL007,MIL0169100,x@x.com,9999123456,9999123451,9999123452,1,1
MP00011569,MP00011569,2023-09-07,13:58:27,PL005,MIL0475757,x@x.com,9999123456,9999123451,9999123452,1,1
MP00011570,MP00011570,2023-09-07,13:58:27,PL009,MIL0508335,x@x.com,9999123456,9999123451,9999123452,1,1
MP00011571,MP00011571,2023-09-07,13:58:27,PL013,MIL0166739,x@x.com,9999123456,9999123451,9999123452,1,1
MP00011572,MP00011572,2023-09-07,13:58:27,PL002,MIL0154904,x@x.com,9999123456,9999123451,9999123452,1,1
MP00011573,MP00011573,2023-09-07,13:58:27,PL003,MIL0508944,x@x.com,9999123456,9999123451,9999123452,1,1
MP00011574,MP00011574,2023-09-07,13:58:27,PL007,MIL0567677,x@x.com,9999123456,9999123451,9999123452,1,1
MP00011575,MP00011575,2023-09-07,13:58:27,PL004,MIL0133893,x@x.com,9999123456,9999123451,9999123452,1,1
MP00011576,MP00011576,2023-09-07,13:58:27,PL011,MIL0133627,x@x.com,9999123456,9999123451,9999123452,1,1
MP00011577,MP00011577,2023-09-07,13:58:27,PL001,MIL0187162,x@x.com,9999123456,9999123451,9999123452,1,1
MP00011578,MP00011578,2023-09-07,13:58:27,PL011,MIL0548232,x@x.com,9999123456,9999123451,9999123452,1,1
MP00011579,MP00011579,2023-09-07,13:58:27,PL001,MIL0236460,x@x.com,9999123456,9999123451,9999123452,1,1
MP00011580,MP00011580,2023-09-07,13:58:27,PL008,MIL0466544,x@x.com,9999123456,9999123451,9999123452,1,1
MP00011581,MP00011581,2023-09-07,13:58:27,PL009,MIL0387423,x@x.com,9999123456,9999123451,9999123452,1,1
MP00011582,MP00011582,2023-09-07,13:58:27,PL009,MIL0229875,x@x.com,9999123456,9999123451,9999123452,1,1
MP00011583,MP00011583,2023-09-07,13:58:27,PL008,MIL0040622,x@x.com,9999123456,9999123451,9999123452,1,1
MP00011584,MP00011584,2023-09-07,13:58:27,PL008,MIL0543865,x@x.com,9999123456,9999123451,9999123452,1,1
MP00011585,MP00011585,2023-09-07,13:58:27,PL012,MIL0074328,x@x.com,9999123456,9999123451,9999123452,1,1
MP00011586,MP00011586,2023-09-07,13:58:27,PL001,MIL0095488,x@x.com,9999123456,9999123451,9999123452,1,1
MP00011587,MP00011587,2023-09-07,13:58:27,PL013,MIL0462324,x@x.com,9999123456,9999123451,9999123452,1,1
MP00011588,MP00011588,2023-09-07,13:58:27,PL008,MIL0237846,x@x.com,9999123456,9999123451,9999123452,1,1
MP00011589,MP00011589,2023-09-07,13:58:27,PL006,MIL0247730,x@x.com,9999123456,9999123451,9999123452,1,1
MP00011590,MP00011590,2023-09-07,13:58:27,PL003,MIL0197738,x@x.com,9999123456,9999123451,9999123452,1,1
MP00011591,MP00011591,2023-09-07,13:58:27,PL013,MIL0356358,x@x.com,9999123456,9999123451,9999123452,1,1
MP00011592,MP00011592,2023-09-07,13:58:27,PL001,MIL0036268,x@x.com,9999123456,9999123451,9999123452,1,1
MP00011593,MP00011593,2023-09-07,13:58:27,PL011,MIL0328693,x@x.com,9999123456,9999123451,9999123452,1,1
MP00011594,MP00011594,2023-09-07,13:58:27,PL003,MIL0327024,x@x.com,9999123456,9999123451,9999123452,1,1
MP00011595,MP00011595,2023-09-07,13:58:27,PL008,MIL0162915,x@x.com,9999123456,9999123451,9999123452,1,1
MP00011596,MP00011596,2023-09-07,13:58:27,PL008,MIL0284953,x@x.com,9999123456,9999123451,9999123452,1,1
MP00011597,MP00011597,2023-09-07,13:58:27,PL008,MIL0103315,x@x.com,9999123456,9999123451,9999123452,1,1
MP00011598,MP00011598,2023-09-07,13:58:27,PL013,MIL0095086,x@x.com,9999123456,9999123451,9999123452,1,1
MP00011599,MP00011599,2023-09-07,13:58:27,PL011,MIL0354477,x@x.com,9999123456,9999123451,9999123452,1,1
MP00011600,MP00011600,2023-09-07,13:58:27,PL001,MIL0412862,x@x.com,9999123456,9999123451,9999123452,1,1
MP00011601,MP00011601,2023-09-07,13:58:27,PL007,MIL0490622,x@x.com,9999123456,9999123451,9999123452,1,1
MP00011602,MP00011602,2023-09-07,13:58:27,PL002,MIL0083380,x@x.com,9999123456,9999123451,9999123452,1,1
MP00011603,MP00011603,2023-09-07,13:58:27,PL006,MIL0405557,x@x.com,9999123456,9999123451,9999123452,1,1
MP00011604,MP00011604,2023-09-07,13:58:27,PL003,MIL0143162,x@x.com,9999123456,9999123451,9999123452,1,1
MP00011605,MP00011605,2023-09-07,13:58:27,PL006,MIL0441250,x@x.com,9999123456,9999123451,9999123452,1,1
MP00011606,MP00011606,2023-09-07,13:58:27,PL013,MIL0321764,x@x.com,9999123456,9999123451,9999123452,1,1
MP00011607,MP00011607,2023-09-07,13:58:27,PL005,MIL0066058,x@x.com,9999123456,9999123451,9999123452,1,1
MP00011608,MP00011608,2023-09-07,13:58:27,PL008,MIL0367195,x@x.com,9999123456,9999123451,9999123452,1,1
MP00011609,MP00011609,2023-09-07,13:58:27,PL013,MIL0223831,x@x.com,9999123456,9999123451,9999123452,1,1
MP00011610,MP00011610,2023-09-07,13:58:27,PL010,MIL0474519,x@x.com,9999123456,9999123451,9999123452,1,1
MP00011611,MP00011611,2023-09-07,13:58:27,PL008,MIL0187069,x@x.com,9999123456,9999123451,9999123452,1,1
MP00011612,MP00011612,2023-09-07,13:58:27,PL004,MIL0500596,x@x.com,9999123456,9999123451,9999123452,1,1
MP00011613,MP00011613,2023-09-07,13:58:27,PL009,MIL0333888,x@x.com,9999123456,9999123451,9999123452,1,1
MP00011614,MP00011614,2023-09-07,13:58:27,PL011,MIL0034391,x@x.com,9999123456,9999123451,9999123452,1,1
MP00011615,MP00011615,2023-09-07,13:58:27,PL002,MIL0398411,x@x.com,9999123456,9999123451,9999123452,1,1
MP00011616,MP00011616,2023-09-07,13:58:27,PL004,MIL0286148,x@x.com,9999123456,9999123451,9999123452,1,1
MP00011617,MP00011617,2023-09-07,13:58:27,PL001,MIL0447518,x@x.com,9999123456,9999123451,9999123452,1,1
MP00011618,MP00011618,2023-09-07,13:58:27,PL006,MIL0063570,x@x.com,9999123456,9999123451,9999123452,1,1
MP00011619,MP00011619,2023-09-07,13:58:27,PL010,MIL0531937,x@x.com,9999123456,9999123451,9999123452,1,1
MP00011620,MP00011620,2023-09-07,13:58:27,PL009,MIL0233044,x@x.com,9999123456,9999123451,9999123452,1,1
MP00011621,MP00011621,2023-09-07,13:58:27,PL001,MIL0078819,x@x.com,9999123456,9999123451,9999123452,1,1
MP00011622,MP00011622,2023-09-07,13:58:27,PL005,MIL0572957,x@x.com,9999123456,9999123451,9999123452,1,1
MP00011623,MP00011623,2023-09-07,13:58:27,PL004,MIL0094819,x@x.com,9999123456,9999123451,9999123452,1,1
MP00011624,MP00011624,2023-09-07,13:58:27,PL008,MIL0183429,x@x.com,9999123456,9999123451,9999123452,1,1
MP00011625,MP00011625,2023-09-07,13:58:27,PL012,MIL0418374,x@x.com,9999123456,9999123451,9999123452,1,1
MP00011626,MP00011626,2023-09-07,13:58:27,PL006,MIL0227730,x@x.com,9999123456,9999123451,9999123452,1,1
MP00011627,MP00011627,2023-09-07,13:58:27,PL012,MIL0275252,x@x.com,9999123456,9999123451,9999123452,1,1
MP00011628,MP00011628,2023-09-07,13:58:27,PL004,MIL0310098,x@x.com,9999123456,9999123451,9999123452,1,1
MP00011629,MP00011629,2023-09-07,13:58:27,PL004,MIL0107801,x@x.com,9999123456,9999123451,9999123452,1,1
MP00011630,MP00011630,2023-09-07,13:58:27,PL003,MIL0033987,x@x.com,9999123456,9999123451,9999123452,1,1
MP00011631,MP00011631,2023-09-07,13:58:27,PL010,MIL0477815,x@x.com,9999123456,9999123451,9999123452,1,1
MP00011632,MP00011632,2023-09-07,13:58:27,PL003,MIL0549357,x@x.com,9999123456,9999123451,9999123452,1,1
MP00011633,MP00011633,2023-09-07,13:58:27,PL009,MIL0349271,x@x.com,9999123456,9999123451,9999123452,1,1
MP00011634,MP00011634,2023-09-07,13:58:27,PL005,MIL0272701,x@x.com,9999123456,9999123451,9999123452,1,1
MP00011635,MP00011635,2023-09-07,13:58:27,PL005,MIL0303914,x@x.com,9999123456,9999123451,9999123452,1,1
MP00011636,MP00011636,2023-09-07,13:58:27,PL013,MIL0272071,x@x.com,9999123456,9999123451,9999123452,1,1
MP00011637,MP00011637,2023-09-07,13:58:27,PL011,MIL0245222,x@x.com,9999123456,9999123451,9999123452,1,1
MP00011638,MP00011638,2023-09-07,13:58:27,PL007,MIL0231490,x@x.com,9999123456,9999123451,9999123452,1,1
MP00011639,MP00011639,2023-09-07,13:58:27,PL004,MIL0534471,x@x.com,9999123456,9999123451,9999123452,1,1
MP00011640,MP00011640,2023-09-07,13:58:27,PL012,MIL0223282,x@x.com,9999123456,9999123451,9999123452,1,1
MP00011641,MP00011641,2023-09-07,13:58:27,PL010,MIL0176291,x@x.com,9999123456,9999123451,9999123452,1,1
MP00011642,MP00011642,2023-09-07,13:58:27,PL012,MIL0524832,x@x.com,9999123456,9999123451,9999123452,1,1
MP00011643,MP00011643,2023-09-07,13:58:27,PL001,MIL0437993,x@x.com,9999123456,9999123451,9999123452,1,1
MP00011644,MP00011644,2023-09-07,13:58:27,PL008,MIL0492928,x@x.com,9999123456,9999123451,9999123452,1,1
MP00011645,MP00011645,2023-09-07,13:58:27,PL005,MIL0225175,x@x.com,9999123456,9999123451,9999123452,1,1
MP00011646,MP00011646,2023-09-07,13:58:27,PL013,MIL0047480,x@x.com,9999123456,9999123451,9999123452,1,1
MP00011647,MP00011647,2023-09-07,13:58:27,PL008,MIL0070277,x@x.com,9999123456,9999123451,9999123452,1,1
MP00011648,MP00011648,2023-09-07,13:58:27,PL009,MIL0239047,x@x.com,9999123456,9999123451,9999123452,1,1
MP00011649,MP00011649,2023-09-07,13:58:27,PL002,MIL0268695,x@x.com,9999123456,9999123451,9999123452,1,1
MP00011650,MP00011650,2023-09-07,13:58:27,PL009,MIL0208249,x@x.com,9999123456,9999123451,9999123452,1,1
MP00011651,MP00011651,2023-09-07,13:58:27,PL011,MIL0444640,x@x.com,9999123456,9999123451,9999123452,1,1
MP00011652,MP00011652,2023-09-07,13:58:27,PL008,MIL0387288,x@x.com,9999123456,9999123451,9999123452,1,1
MP00011653,MP00011653,2023-09-07,13:58:27,PL004,MIL0263867,x@x.com,9999123456,9999123451,9999123452,1,1
MP00011654,MP00011654,2023-09-07,13:58:27,PL001,MIL0023174,x@x.com,9999123456,9999123451,9999123452,1,1
MP00011655,MP00011655,2023-09-07,13:58:27,PL004,MIL0086570,x@x.com,9999123456,9999123451,9999123452,1,1
MP00011656,MP00011656,2023-09-07,13:58:27,PL001,MIL0170371,x@x.com,9999123456,9999123451,9999123452,1,1
MP00011657,MP00011657,2023-09-07,13:58:27,PL009,MIL0322148,x@x.com,9999123456,9999123451,9999123452,1,1
MP00011658,MP00011658,2023-09-07,13:58:27,PL012,MIL0053650,x@x.com,9999123456,9999123451,9999123452,1,1
MP00011659,MP00011659,2023-09-07,13:58:27,PL001,MIL0011911,x@x.com,9999123456,9999123451,9999123452,1,1
MP00011660,MP00011660,2023-09-07,13:58:27,PL002,MIL0180047,x@x.com,9999123456,9999123451,9999123452,1,1
MP00011661,MP00011661,2023-09-07,13:58:27,PL008,MIL0030948,x@x.com,9999123456,9999123451,9999123452,1,1
MP00011662,MP00011662,2023-09-07,13:58:27,PL009,MIL0279728,x@x.com,9999123456,9999123451,9999123452,1,1
MP00011663,MP00011663,2023-09-07,13:58:27,PL012,MIL0261049,x@x.com,9999123456,9999123451,9999123452,1,1
MP00011664,MP00011664,2023-09-07,13:58:27,PL005,MIL0504518,x@x.com,9999123456,9999123451,9999123452,1,1
MP00011665,MP00011665,2023-09-07,13:58:27,PL002,MIL0059552,x@x.com,9999123456,9999123451,9999123452,1,1
MP00011666,MP00011666,2023-09-07,13:58:27,PL002,MIL0207530,x@x.com,9999123456,9999123451,9999123452,1,1
MP00011667,MP00011667,2023-09-07,13:58:27,PL008,MIL0373583,x@x.com,9999123456,9999123451,9999123452,1,1
MP00011668,MP00011668,2023-09-07,13:58:27,PL011,MIL0513943,x@x.com,9999123456,9999123451,9999123452,1,1
MP00011669,MP00011669,2023-09-07,13:58:27,PL009,MIL0523159,x@x.com,9999123456,9999123451,9999123452,1,1
MP00011670,MP00011670,2023-09-07,13:58:27,PL008,MIL0383252,x@x.com,9999123456,9999123451,9999123452,1,1
MP00011671,MP00011671,2023-09-07,13:58:27,PL010,MIL0369564,x@x.com,9999123456,9999123451,9999123452,1,1
MP00011672,MP00011672,2023-09-07,13:58:27,PL006,MIL0489048,x@x.com,9999123456,9999123451,9999123452,1,1
MP00011673,MP00011673,2023-09-07,13:58:27,PL012,MIL0152435,x@x.com,9999123456,9999123451,9999123452,1,1
MP00011674,MP00011674,2023-09-07,13:58:27,PL013,MIL0347920,x@x.com,9999123456,9999123451,9999123452,1,1
MP00011675,MP00011675,2023-09-07,13:58:27,PL002,MIL0344807,x@x.com,9999123456,9999123451,9999123452,1,1
MP00011676,MP00011676,2023-09-07,13:58:27,PL006,MIL0503024,x@x.com,9999123456,9999123451,9999123452,1,1
MP00011677,MP00011677,2023-09-07,13:58:27,PL005,MIL0045876,x@x.com,9999123456,9999123451,9999123452,1,1
MP00011678,MP00011678,2023-09-07,13:58:27,PL004,MIL0114014,x@x.com,9999123456,9999123451,9999123452,1,1
MP00011679,MP00011679,2023-09-07,13:58:27,PL010,MIL0066840,x@x.com,9999123456,9999123451,9999123452,1,1
MP00011680,MP00011680,2023-09-07,13:58:27,PL004,MIL0577504,x@x.com,9999123456,9999123451,9999123452,1,1
MP00011681,MP00011681,2023-09-07,13:58:27,PL005,MIL0470478,x@x.com,9999123456,9999123451,9999123452,1,1
MP00011682,MP00011682,2023-09-07,13:58:27,PL013,MIL0271608,x@x.com,9999123456,9999123451,9999123452,1,1
MP00011683,MP00011683,2023-09-07,13:58:27,PL012,MIL0266786,x@x.com,9999123456,9999123451,9999123452,1,1
MP00011684,MP00011684,2023-09-07,13:58:27,PL008,MIL0129843,x@x.com,9999123456,9999123451,9999123452,1,1
MP00011685,MP00011685,2023-09-07,13:58:27,PL008,MIL0148290,x@x.com,9999123456,9999123451,9999123452,1,1
MP00011686,MP00011686,2023-09-07,13:58:27,PL011,MIL0450286,x@x.com,9999123456,9999123451,9999123452,1,1
MP00011687,MP00011687,2023-09-07,13:58:27,PL013,MIL0549157,x@x.com,9999123456,9999123451,9999123452,1,1
MP00011688,MP00011688,2023-09-07,13:58:27,PL009,MIL0091147,x@x.com,9999123456,9999123451,9999123452,1,1
MP00011689,MP00011689,2023-09-07,13:58:27,PL007,MIL0157967,x@x.com,9999123456,9999123451,9999123452,1,1
MP00011690,MP00011690,2023-09-07,13:58:27,PL005,MIL0424272,x@x.com,9999123456,9999123451,9999123452,1,1
MP00011691,MP00011691,2023-09-07,13:58:27,PL012,MIL0122710,x@x.com,9999123456,9999123451,9999123452,1,1
MP00011692,MP00011692,2023-09-07,13:58:27,PL007,MIL0463569,x@x.com,9999123456,9999123451,9999123452,1,1
MP00011693,MP00011693,2023-09-07,13:58:27,PL001,MIL0377665,x@x.com,9999123456,9999123451,9999123452,1,1
MP00011694,MP00011694,2023-09-07,13:58:27,PL007,MIL0043895,x@x.com,9999123456,9999123451,9999123452,1,1
MP00011695,MP00011695,2023-09-07,13:58:27,PL008,MIL0027857,x@x.com,9999123456,9999123451,9999123452,1,1
MP00011696,MP00011696,2023-09-07,13:58:27,PL010,MIL0337040,x@x.com,9999123456,9999123451,9999123452,1,1
MP00011697,MP00011697,2023-09-07,13:58:27,PL010,MIL0250130,x@x.com,9999123456,9999123451,9999123452,1,1
MP00011698,MP00011698,2023-09-07,13:58:27,PL008,MIL0326526,x@x.com,9999123456,9999123451,9999123452,1,1
MP00011699,MP00011699,2023-09-07,13:58:27,PL013,MIL0178178,x@x.com,9999123456,9999123451,9999123452,1,1
MP00011700,MP00011700,2023-09-07,13:58:27,PL005,MIL0223518,x@x.com,9999123456,9999123451,9999123452,1,1
MP00011701,MP00011701,2023-09-07,13:58:27,PL005,MIL0118424,x@x.com,9999123456,9999123451,9999123452,1,1
MP00011702,MP00011702,2023-09-07,13:58:27,PL008,MIL0312446,x@x.com,9999123456,9999123451,9999123452,1,1
MP00011703,MP00011703,2023-09-07,13:58:27,PL003,MIL0253527,x@x.com,9999123456,9999123451,9999123452,1,1
MP00011704,MP00011704,2023-09-07,13:58:27,PL006,MIL0463653,x@x.com,9999123456,9999123451,9999123452,1,1
MP00011705,MP00011705,2023-09-07,13:58:27,PL002,MIL0203816,x@x.com,9999123456,9999123451,9999123452,1,1
MP00011706,MP00011706,2023-09-07,13:58:27,PL009,MIL0428989,x@x.com,9999123456,9999123451,9999123452,1,1
MP00011707,MP00011707,2023-09-07,13:58:27,PL003,MIL0472764,x@x.com,9999123456,9999123451,9999123452,1,1
MP00011708,MP00011708,2023-09-07,13:58:27,PL010,MIL0526502,x@x.com,9999123456,9999123451,9999123452,1,1
MP00011709,MP00011709,2023-09-07,13:58:27,PL005,MIL0360031,x@x.com,9999123456,9999123451,9999123452,1,1
MP00011710,MP00011710,2023-09-07,13:58:27,PL006,MIL0441193,x@x.com,9999123456,9999123451,9999123452,1,1
MP00011711,MP00011711,2023-09-07,13:58:27,PL006,MIL0274418,x@x.com,9999123456,9999123451,9999123452,1,1
MP00011712,MP00011712,2023-09-07,13:58:27,PL005,MIL0011858,x@x.com,9999123456,9999123451,9999123452,1,1
MP00011713,MP00011713,2023-09-07,13:58:27,PL012,MIL0112456,x@x.com,9999123456,9999123451,9999123452,1,1
MP00011714,MP00011714,2023-09-07,13:58:27,PL013,MIL0559692,x@x.com,9999123456,9999123451,9999123452,1,1
MP00011715,MP00011715,2023-09-07,13:58:27,PL002,MIL0523073,x@x.com,9999123456,9999123451,9999123452,1,1
MP00011716,MP00011716,2023-09-07,13:58:27,PL010,MIL0086428,x@x.com,9999123456,9999123451,9999123452,1,1
MP00011717,MP00011717,2023-09-07,13:58:27,PL002,MIL0468600,x@x.com,9999123456,9999123451,9999123452,1,1
MP00011718,MP00011718,2023-09-07,13:58:27,PL010,MIL0226275,x@x.com,9999123456,9999123451,9999123452,1,1
MP00011719,MP00011719,2023-09-07,13:58:27,PL004,MIL0213128,x@x.com,9999123456,9999123451,9999123452,1,1
MP00011720,MP00011720,2023-09-07,13:58:27,PL005,MIL0125136,x@x.com,9999123456,9999123451,9999123452,1,1
MP00011721,MP00011721,2023-09-07,13:58:27,PL003,MIL0545625,x@x.com,9999123456,9999123451,9999123452,1,1
MP00011722,MP00011722,2023-09-07,13:58:27,PL002,MIL0408213,x@x.com,9999123456,9999123451,9999123452,1,1
MP00011723,MP00011723,2023-09-07,13:58:27,PL004,MIL0098578,x@x.com,9999123456,9999123451,9999123452,1,1
MP00011724,MP00011724,2023-09-07,13:58:27,PL002,MIL0190260,x@x.com,9999123456,9999123451,9999123452,1,1
MP00011725,MP00011725,2023-09-07,13:58:27,PL009,MIL0498538,x@x.com,9999123456,9999123451,9999123452,1,1
MP00011726,MP00011726,2023-09-07,13:58:27,PL001,MIL0189568,x@x.com,9999123456,9999123451,9999123452,1,1
MP00011727,MP00011727,2023-09-07,13:58:27,PL006,MIL0345766,x@x.com,9999123456,9999123451,9999123452,1,1
MP00011728,MP00011728,2023-09-07,13:58:27,PL008,MIL0390585,x@x.com,9999123456,9999123451,9999123452,1,1
MP00011729,MP00011729,2023-09-07,13:58:27,PL009,MIL0543183,x@x.com,9999123456,9999123451,9999123452,1,1
MP00011730,MP00011730,2023-09-07,13:58:27,PL008,MIL0009654,x@x.com,9999123456,9999123451,9999123452,1,1
MP00011731,MP00011731,2023-09-07,13:58:27,PL003,MIL0390733,x@x.com,9999123456,9999123451,9999123452,1,1
MP00011732,MP00011732,2023-09-07,13:58:27,PL005,MIL0576239,x@x.com,9999123456,9999123451,9999123452,1,1
MP00011733,MP00011733,2023-09-07,13:58:27,PL003,MIL0088679,x@x.com,9999123456,9999123451,9999123452,1,1
MP00011734,MP00011734,2023-09-07,13:58:27,PL007,MIL0028369,x@x.com,9999123456,9999123451,9999123452,1,1
MP00011735,MP00011735,2023-09-07,13:58:27,PL008,MIL0451526,x@x.com,9999123456,9999123451,9999123452,1,1
MP00011736,MP00011736,2023-09-07,13:58:27,PL005,MIL0530036,x@x.com,9999123456,9999123451,9999123452,1,1
MP00011737,MP00011737,2023-09-07,13:58:27,PL006,MIL0080373,x@x.com,9999123456,9999123451,9999123452,1,1
MP00011738,MP00011738,2023-09-07,13:58:27,PL006,MIL0171573,x@x.com,9999123456,9999123451,9999123452,1,1
MP00011739,MP00011739,2023-09-07,13:58:27,PL006,MIL0340910,x@x.com,9999123456,9999123451,9999123452,1,1
MP00011740,MP00011740,2023-09-07,13:58:27,PL004,MIL0196570,x@x.com,9999123456,9999123451,9999123452,1,1
MP00011741,MP00011741,2023-09-07,13:58:27,PL011,MIL0325572,x@x.com,9999123456,9999123451,9999123452,1,1
MP00011742,MP00011742,2023-09-07,13:58:27,PL007,MIL0204217,x@x.com,9999123456,9999123451,9999123452,1,1
MP00011743,MP00011743,2023-09-07,13:58:27,PL010,MIL0492217,x@x.com,9999123456,9999123451,9999123452,1,1
MP00011744,MP00011744,2023-09-07,13:58:27,PL011,MIL0149768,x@x.com,9999123456,9999123451,9999123452,1,1
MP00011745,MP00011745,2023-09-07,13:58:27,PL012,MIL0092395,x@x.com,9999123456,9999123451,9999123452,1,1
MP00011746,MP00011746,2023-09-07,13:58:27,PL012,MIL0500707,x@x.com,9999123456,9999123451,9999123452,1,1
MP00011747,MP00011747,2023-09-07,13:58:27,PL001,MIL0552871,x@x.com,9999123456,9999123451,9999123452,1,1
MP00011748,MP00011748,2023-09-07,13:58:27,PL013,MIL0156556,x@x.com,9999123456,9999123451,9999123452,1,1
MP00011749,MP00011749,2023-09-07,13:58:27,PL008,MIL0312412,x@x.com,9999123456,9999123451,9999123452,1,1
MP00011750,MP00011750,2023-09-07,13:58:27,PL010,MIL0480607,x@x.com,9999123456,9999123451,9999123452,1,1
MP00011751,MP00011751,2023-09-07,13:58:27,PL003,MIL0229941,x@x.com,9999123456,9999123451,9999123452,1,1
MP00011752,MP00011752,2023-09-07,13:58:27,PL009,MIL0397802,x@x.com,9999123456,9999123451,9999123452,1,1
MP00011753,MP00011753,2023-09-07,13:58:27,PL008,MIL0135661,x@x.com,9999123456,9999123451,9999123452,1,1
MP00011754,MP00011754,2023-09-07,13:58:27,PL012,MIL0069170,x@x.com,9999123456,9999123451,9999123452,1,1
MP00011755,MP00011755,2023-09-07,13:58:27,PL003,MIL0506777,x@x.com,9999123456,9999123451,9999123452,1,1
MP00011756,MP00011756,2023-09-07,13:58:27,PL002,MIL0539818,x@x.com,9999123456,9999123451,9999123452,1,1
MP00011757,MP00011757,2023-09-07,13:58:27,PL007,MIL0433198,x@x.com,9999123456,9999123451,9999123452,1,1
MP00011758,MP00011758,2023-09-07,13:58:27,PL011,MIL0081260,x@x.com,9999123456,9999123451,9999123452,1,1
MP00011759,MP00011759,2023-09-07,13:58:27,PL005,MIL0311396,x@x.com,9999123456,9999123451,9999123452,1,1
MP00011760,MP00011760,2023-09-07,13:58:27,PL003,MIL0098199,x@x.com,9999123456,9999123451,9999123452,1,1
MP00011761,MP00011761,2023-09-07,13:58:27,PL013,MIL0047478,x@x.com,9999123456,9999123451,9999123452,1,1
MP00011762,MP00011762,2023-09-07,13:58:27,PL011,MIL0208606,x@x.com,9999123456,9999123451,9999123452,1,1
MP00011763,MP00011763,2023-09-07,13:58:27,PL005,MIL0510709,x@x.com,9999123456,9999123451,9999123452,1,1
MP00011764,MP00011764,2023-09-07,13:58:27,PL010,MIL0486462,x@x.com,9999123456,9999123451,9999123452,1,1
MP00011765,MP00011765,2023-09-07,13:58:27,PL009,MIL0143048,x@x.com,9999123456,9999123451,9999123452,1,1
MP00011766,MP00011766,2023-09-07,13:58:27,PL004,MIL0416920,x@x.com,9999123456,9999123451,9999123452,1,1
MP00011767,MP00011767,2023-09-07,13:58:27,PL004,MIL0013611,x@x.com,9999123456,9999123451,9999123452,1,1
MP00011768,MP00011768,2023-09-07,13:58:27,PL001,MIL0080411,x@x.com,9999123456,9999123451,9999123452,1,1
MP00011769,MP00011769,2023-09-07,13:58:27,PL013,MIL0344232,x@x.com,9999123456,9999123451,9999123452,1,1
MP00011770,MP00011770,2023-09-07,13:58:27,PL012,MIL0519902,x@x.com,9999123456,9999123451,9999123452,1,1
MP00011771,MP00011771,2023-09-07,13:58:27,PL011,MIL0033533,x@x.com,9999123456,9999123451,9999123452,1,1
MP00011772,MP00011772,2023-09-07,13:58:27,PL009,MIL0532584,x@x.com,9999123456,9999123451,9999123452,1,1
MP00011773,MP00011773,2023-09-07,13:58:27,PL008,MIL0487799,x@x.com,9999123456,9999123451,9999123452,1,1
MP00011774,MP00011774,2023-09-07,13:58:27,PL005,MIL0008691,x@x.com,9999123456,9999123451,9999123452,1,1
MP00011775,MP00011775,2023-09-07,13:58:27,PL005,MIL0104692,x@x.com,9999123456,9999123451,9999123452,1,1
MP00011776,MP00011776,2023-09-07,13:58:27,PL010,MIL0308693,x@x.com,9999123456,9999123451,9999123452,1,1
MP00011777,MP00011777,2023-09-07,13:58:27,PL004,MIL0089702,x@x.com,9999123456,9999123451,9999123452,1,1
MP00011778,MP00011778,2023-09-07,13:58:27,PL005,MIL0577919,x@x.com,9999123456,9999123451,9999123452,1,1
MP00011779,MP00011779,2023-09-07,13:58:27,PL005,MIL0112447,x@x.com,9999123456,9999123451,9999123452,1,1
MP00011780,MP00011780,2023-09-07,13:58:27,PL007,MIL0132295,x@x.com,9999123456,9999123451,9999123452,1,1
MP00011781,MP00011781,2023-09-07,13:58:27,PL006,MIL0547604,x@x.com,9999123456,9999123451,9999123452,1,1
MP00011782,MP00011782,2023-09-07,13:58:27,PL009,MIL0433783,x@x.com,9999123456,9999123451,9999123452,1,1
MP00011783,MP00011783,2023-09-07,13:58:27,PL001,MIL0320805,x@x.com,9999123456,9999123451,9999123452,1,1
MP00011784,MP00011784,2023-09-07,13:58:27,PL010,MIL0036114,x@x.com,9999123456,9999123451,9999123452,1,1
MP00011785,MP00011785,2023-09-07,13:58:27,PL008,MIL0187076,x@x.com,9999123456,9999123451,9999123452,1,1
MP00011786,MP00011786,2023-09-07,13:58:27,PL007,MIL0360836,x@x.com,9999123456,9999123451,9999123452,1,1
MP00011787,MP00011787,2023-09-07,13:58:27,PL005,MIL0535071,x@x.com,9999123456,9999123451,9999123452,1,1
MP00011788,MP00011788,2023-09-07,13:58:27,PL008,MIL0349521,x@x.com,9999123456,9999123451,9999123452,1,1
MP00011789,MP00011789,2023-09-07,13:58:27,PL001,MIL0104256,x@x.com,9999123456,9999123451,9999123452,1,1
MP00011790,MP00011790,2023-09-07,13:58:27,PL007,MIL0380022,x@x.com,9999123456,9999123451,9999123452,1,1
MP00011791,MP00011791,2023-09-07,13:58:27,PL004,MIL0253835,x@x.com,9999123456,9999123451,9999123452,1,1
MP00011792,MP00011792,2023-09-07,13:58:27,PL011,MIL0000685,x@x.com,9999123456,9999123451,9999123452,1,1
MP00011793,MP00011793,2023-09-07,13:58:27,PL009,MIL0074215,x@x.com,9999123456,9999123451,9999123452,1,1
MP00011794,MP00011794,2023-09-07,13:58:27,PL002,MIL0364601,x@x.com,9999123456,9999123451,9999123452,1,1
MP00011795,MP00011795,2023-09-07,13:58:27,PL010,MIL0047741,x@x.com,9999123456,9999123451,9999123452,1,1
MP00011796,MP00011796,2023-09-07,13:58:27,PL003,MIL0254789,x@x.com,9999123456,9999123451,9999123452,1,1
MP00011797,MP00011797,2023-09-07,13:58:27,PL007,MIL0030731,x@x.com,9999123456,9999123451,9999123452,1,1
MP00011798,MP00011798,2023-09-07,13:58:27,PL012,MIL0330122,x@x.com,9999123456,9999123451,9999123452,1,1
MP00011799,MP00011799,2023-09-07,13:58:27,PL001,MIL0335680,x@x.com,9999123456,9999123451,9999123452,1,1
MP00011800,MP00011800,2023-09-07,13:58:27,PL012,MIL0091177,x@x.com,9999123456,9999123451,9999123452,1,1
MP00011801,MP00011801,2023-09-07,13:58:27,PL002,MIL0419603,x@x.com,9999123456,9999123451,9999123452,1,1
MP00011802,MP00011802,2023-09-07,13:58:27,PL004,MIL0091316,x@x.com,9999123456,9999123451,9999123452,1,1
MP00011803,MP00011803,2023-09-07,13:58:27,PL012,MIL0221223,x@x.com,9999123456,9999123451,9999123452,1,1
MP00011804,MP00011804,2023-09-07,13:58:27,PL012,MIL0403623,x@x.com,9999123456,9999123451,9999123452,1,1
MP00011805,MP00011805,2023-09-07,13:58:27,PL009,MIL0021104,x@x.com,9999123456,9999123451,9999123452,1,1
MP00011806,MP00011806,2023-09-07,13:58:27,PL007,MIL0238938,x@x.com,9999123456,9999123451,9999123452,1,1
MP00011807,MP00011807,2023-09-07,13:58:27,PL012,MIL0403981,x@x.com,9999123456,9999123451,9999123452,1,1
MP00011808,MP00011808,2023-09-07,13:58:27,PL004,MIL0123380,x@x.com,9999123456,9999123451,9999123452,1,1
MP00011809,MP00011809,2023-09-07,13:58:27,PL004,MIL0506616,x@x.com,9999123456,9999123451,9999123452,1,1
MP00011810,MP00011810,2023-09-07,13:58:27,PL003,MIL0577780,x@x.com,9999123456,9999123451,9999123452,1,1
MP00011811,MP00011811,2023-09-07,13:58:27,PL008,MIL0173354,x@x.com,9999123456,9999123451,9999123452,1,1
MP00011812,MP00011812,2023-09-07,13:58:27,PL007,MIL0398913,x@x.com,9999123456,9999123451,9999123452,1,1
MP00011813,MP00011813,2023-09-07,13:58:27,PL009,MIL0358027,x@x.com,9999123456,9999123451,9999123452,1,1
MP00011814,MP00011814,2023-09-07,13:58:27,PL007,MIL0065073,x@x.com,9999123456,9999123451,9999123452,1,1
MP00011815,MP00011815,2023-09-07,13:58:27,PL005,MIL0430711,x@x.com,9999123456,9999123451,9999123452,1,1
MP00011816,MP00011816,2023-09-07,13:58:27,PL012,MIL0252800,x@x.com,9999123456,9999123451,9999123452,1,1
MP00011817,MP00011817,2023-09-07,13:58:27,PL007,MIL0292160,x@x.com,9999123456,9999123451,9999123452,1,1
MP00011818,MP00011818,2023-09-07,13:58:27,PL005,MIL0091032,x@x.com,9999123456,9999123451,9999123452,1,1
MP00011819,MP00011819,2023-09-07,13:58:27,PL009,MIL0294676,x@x.com,9999123456,9999123451,9999123452,1,1
MP00011820,MP00011820,2023-09-07,13:58:27,PL003,MIL0303110,x@x.com,9999123456,9999123451,9999123452,1,1
MP00011821,MP00011821,2023-09-07,13:58:27,PL010,MIL0347862,x@x.com,9999123456,9999123451,9999123452,1,1
MP00011822,MP00011822,2023-09-07,13:58:27,PL002,MIL0358994,x@x.com,9999123456,9999123451,9999123452,1,1
MP00011823,MP00011823,2023-09-07,13:58:27,PL010,MIL0424979,x@x.com,9999123456,9999123451,9999123452,1,1
MP00011824,MP00011824,2023-09-07,13:58:27,PL005,MIL0096143,x@x.com,9999123456,9999123451,9999123452,1,1
MP00011825,MP00011825,2023-09-07,13:58:27,PL010,MIL0341061,x@x.com,9999123456,9999123451,9999123452,1,1
MP00011826,MP00011826,2023-09-07,13:58:27,PL002,MIL0479912,x@x.com,9999123456,9999123451,9999123452,1,1
MP00011827,MP00011827,2023-09-07,13:58:27,PL009,MIL0116728,x@x.com,9999123456,9999123451,9999123452,1,1
MP00011828,MP00011828,2023-09-07,13:58:27,PL012,MIL0473753,x@x.com,9999123456,9999123451,9999123452,1,1
MP00011829,MP00011829,2023-09-07,13:58:27,PL001,MIL0175218,x@x.com,9999123456,9999123451,9999123452,1,1
MP00011830,MP00011830,2023-09-07,13:58:27,PL005,MIL0487067,x@x.com,9999123456,9999123451,9999123452,1,1
MP00011831,MP00011831,2023-09-07,13:58:27,PL006,MIL0035776,x@x.com,9999123456,9999123451,9999123452,1,1
MP00011832,MP00011832,2023-09-07,13:58:27,PL005,MIL0021536,x@x.com,9999123456,9999123451,9999123452,1,1
MP00011833,MP00011833,2023-09-07,13:58:27,PL008,MIL0238699,x@x.com,9999123456,9999123451,9999123452,1,1
MP00011834,MP00011834,2023-09-07,13:58:27,PL011,MIL0281592,x@x.com,9999123456,9999123451,9999123452,1,1
MP00011835,MP00011835,2023-09-07,13:58:27,PL003,MIL0230853,x@x.com,9999123456,9999123451,9999123452,1,1
MP00011836,MP00011836,2023-09-07,13:58:27,PL009,MIL0337011,x@x.com,9999123456,9999123451,9999123452,1,1
MP00011837,MP00011837,2023-09-07,13:58:27,PL002,MIL0334338,x@x.com,9999123456,9999123451,9999123452,1,1
MP00011838,MP00011838,2023-09-07,13:58:27,PL004,MIL0381016,x@x.com,9999123456,9999123451,9999123452,1,1
MP00011839,MP00011839,2023-09-07,13:58:27,PL005,MIL0134525,x@x.com,9999123456,9999123451,9999123452,1,1
MP00011840,MP00011840,2023-09-07,13:58:27,PL001,MIL0156324,x@x.com,9999123456,9999123451,9999123452,1,1
MP00011841,MP00011841,2023-09-07,13:58:27,PL005,MIL0475524,x@x.com,9999123456,9999123451,9999123452,1,1
MP00011842,MP00011842,2023-09-07,13:58:27,PL006,MIL0052587,x@x.com,9999123456,9999123451,9999123452,1,1
MP00011843,MP00011843,2023-09-07,13:58:27,PL013,MIL0199897,x@x.com,9999123456,9999123451,9999123452,1,1
MP00011844,MP00011844,2023-09-07,13:58:27,PL005,MIL0564813,x@x.com,9999123456,9999123451,9999123452,1,1
MP00011845,MP00011845,2023-09-07,13:58:27,PL008,MIL0432095,x@x.com,9999123456,9999123451,9999123452,1,1
MP00011846,MP00011846,2023-09-07,13:58:27,PL008,MIL0545805,x@x.com,9999123456,9999123451,9999123452,1,1
MP00011847,MP00011847,2023-09-07,13:58:27,PL011,MIL0559172,x@x.com,9999123456,9999123451,9999123452,1,1
MP00011848,MP00011848,2023-09-07,13:58:27,PL011,MIL0011490,x@x.com,9999123456,9999123451,9999123452,1,1
MP00011849,MP00011849,2023-09-07,13:58:27,PL008,MIL0405459,x@x.com,9999123456,9999123451,9999123452,1,1
MP00011850,MP00011850,2023-09-07,13:58:27,PL009,MIL0427498,x@x.com,9999123456,9999123451,9999123452,1,1
MP00011851,MP00011851,2023-09-07,13:58:27,PL006,MIL0249474,x@x.com,9999123456,9999123451,9999123452,1,1
MP00011852,MP00011852,2023-09-07,13:58:27,PL013,MIL0565991,x@x.com,9999123456,9999123451,9999123452,1,1
MP00011853,MP00011853,2023-09-07,13:58:27,PL007,MIL0081267,x@x.com,9999123456,9999123451,9999123452,1,1
MP00011854,MP00011854,2023-09-07,13:58:27,PL006,MIL0484916,x@x.com,9999123456,9999123451,9999123452,1,1
MP00011855,MP00011855,2023-09-07,13:58:27,PL003,MIL0022323,x@x.com,9999123456,9999123451,9999123452,1,1
MP00011856,MP00011856,2023-09-07,13:58:27,PL012,MIL0041782,x@x.com,9999123456,9999123451,9999123452,1,1
MP00011857,MP00011857,2023-09-07,13:58:27,PL006,MIL0441549,x@x.com,9999123456,9999123451,9999123452,1,1
MP00011858,MP00011858,2023-09-07,13:58:27,PL013,MIL0481584,x@x.com,9999123456,9999123451,9999123452,1,1
MP00011859,MP00011859,2023-09-07,13:58:27,PL002,MIL0191075,x@x.com,9999123456,9999123451,9999123452,1,1
MP00011860,MP00011860,2023-09-07,13:58:27,PL005,MIL0554418,x@x.com,9999123456,9999123451,9999123452,1,1
MP00011861,MP00011861,2023-09-07,13:58:27,PL002,MIL0418110,x@x.com,9999123456,9999123451,9999123452,1,1
MP00011862,MP00011862,2023-09-07,13:58:27,PL006,MIL0062433,x@x.com,9999123456,9999123451,9999123452,1,1
MP00011863,MP00011863,2023-09-07,13:58:27,PL009,MIL0090416,x@x.com,9999123456,9999123451,9999123452,1,1
MP00011864,MP00011864,2023-09-07,13:58:27,PL004,MIL0081430,x@x.com,9999123456,9999123451,9999123452,1,1
MP00011865,MP00011865,2023-09-07,13:58:27,PL006,MIL0554982,x@x.com,9999123456,9999123451,9999123452,1,1
MP00011866,MP00011866,2023-09-07,13:58:27,PL004,MIL0529678,x@x.com,9999123456,9999123451,9999123452,1,1
MP00011867,MP00011867,2023-09-07,13:58:27,PL003,MIL0043320,x@x.com,9999123456,9999123451,9999123452,1,1
MP00011868,MP00011868,2023-09-07,13:58:27,PL011,MIL0468799,x@x.com,9999123456,9999123451,9999123452,1,1
MP00011869,MP00011869,2023-09-07,13:58:27,PL001,MIL0457728,x@x.com,9999123456,9999123451,9999123452,1,1
MP00011870,MP00011870,2023-09-07,13:58:27,PL002,MIL0385656,x@x.com,9999123456,9999123451,9999123452,1,1
MP00011871,MP00011871,2023-09-07,13:58:27,PL004,MIL0222465,x@x.com,9999123456,9999123451,9999123452,1,1
MP00011872,MP00011872,2023-09-07,13:58:27,PL011,MIL0413480,x@x.com,9999123456,9999123451,9999123452,1,1
MP00011873,MP00011873,2023-09-07,13:58:27,PL009,MIL0067497,x@x.com,9999123456,9999123451,9999123452,1,1
MP00011874,MP00011874,2023-09-07,13:58:27,PL006,MIL0193862,x@x.com,9999123456,9999123451,9999123452,1,1
MP00011875,MP00011875,2023-09-07,13:58:27,PL001,MIL0564450,x@x.com,9999123456,9999123451,9999123452,1,1
MP00011876,MP00011876,2023-09-07,13:58:27,PL006,MIL0105961,x@x.com,9999123456,9999123451,9999123452,1,1
MP00011877,MP00011877,2023-09-07,13:58:27,PL005,MIL0277432,x@x.com,9999123456,9999123451,9999123452,1,1
MP00011878,MP00011878,2023-09-07,13:58:27,PL001,MIL0050477,x@x.com,9999123456,9999123451,9999123452,1,1
MP00011879,MP00011879,2023-09-07,13:58:27,PL010,MIL0415277,x@x.com,9999123456,9999123451,9999123452,1,1
MP00011880,MP00011880,2023-09-07,13:58:27,PL009,MIL0376815,x@x.com,9999123456,9999123451,9999123452,1,1
MP00011881,MP00011881,2023-09-07,13:58:27,PL005,MIL0119740,x@x.com,9999123456,9999123451,9999123452,1,1
MP00011882,MP00011882,2023-09-07,13:58:27,PL003,MIL0076424,x@x.com,9999123456,9999123451,9999123452,1,1
MP00011883,MP00011883,2023-09-07,13:58:27,PL009,MIL0567084,x@x.com,9999123456,9999123451,9999123452,1,1
MP00011884,MP00011884,2023-09-07,13:58:27,PL009,MIL0077540,x@x.com,9999123456,9999123451,9999123452,1,1
MP00011885,MP00011885,2023-09-07,13:58:27,PL007,MIL0493852,x@x.com,9999123456,9999123451,9999123452,1,1
MP00011886,MP00011886,2023-09-07,13:58:27,PL013,MIL0231612,x@x.com,9999123456,9999123451,9999123452,1,1
MP00011887,MP00011887,2023-09-07,13:58:27,PL010,MIL0097089,x@x.com,9999123456,9999123451,9999123452,1,1
MP00011888,MP00011888,2023-09-07,13:58:27,PL011,MIL0418193,x@x.com,9999123456,9999123451,9999123452,1,1
MP00011889,MP00011889,2023-09-07,13:58:27,PL013,MIL0405058,x@x.com,9999123456,9999123451,9999123452,1,1
MP00011890,MP00011890,2023-09-07,13:58:27,PL004,MIL0446593,x@x.com,9999123456,9999123451,9999123452,1,1
MP00011891,MP00011891,2023-09-07,13:58:27,PL003,MIL0490169,x@x.com,9999123456,9999123451,9999123452,1,1
MP00011892,MP00011892,2023-09-07,13:58:27,PL011,MIL0158714,x@x.com,9999123456,9999123451,9999123452,1,1
MP00011893,MP00011893,2023-09-07,13:58:27,PL006,MIL0457923,x@x.com,9999123456,9999123451,9999123452,1,1
MP00011894,MP00011894,2023-09-07,13:58:27,PL006,MIL0401933,x@x.com,9999123456,9999123451,9999123452,1,1
MP00011895,MP00011895,2023-09-07,13:58:27,PL010,MIL0465957,x@x.com,9999123456,9999123451,9999123452,1,1
MP00011896,MP00011896,2023-09-07,13:58:27,PL010,MIL0021510,x@x.com,9999123456,9999123451,9999123452,1,1
MP00011897,MP00011897,2023-09-07,13:58:27,PL004,MIL0414270,x@x.com,9999123456,9999123451,9999123452,1,1
MP00011898,MP00011898,2023-09-07,13:58:27,PL001,MIL0376669,x@x.com,9999123456,9999123451,9999123452,1,1
MP00011899,MP00011899,2023-09-07,13:58:27,PL013,MIL0420932,x@x.com,9999123456,9999123451,9999123452,1,1
MP00011900,MP00011900,2023-09-07,13:58:27,PL013,MIL0232178,x@x.com,9999123456,9999123451,9999123452,1,1
MP00011901,MP00011901,2023-09-07,13:58:27,PL011,MIL0005652,x@x.com,9999123456,9999123451,9999123452,1,1
MP00011902,MP00011902,2023-09-07,13:58:27,PL001,MIL0576275,x@x.com,9999123456,9999123451,9999123452,1,1
MP00011903,MP00011903,2023-09-07,13:58:27,PL006,MIL0389096,x@x.com,9999123456,9999123451,9999123452,1,1
MP00011904,MP00011904,2023-09-07,13:58:27,PL005,MIL0435143,x@x.com,9999123456,9999123451,9999123452,1,1
MP00011905,MP00011905,2023-09-07,13:58:27,PL013,MIL0387043,x@x.com,9999123456,9999123451,9999123452,1,1
MP00011906,MP00011906,2023-09-07,13:58:27,PL011,MIL0089173,x@x.com,9999123456,9999123451,9999123452,1,1
MP00011907,MP00011907,2023-09-07,13:58:27,PL007,MIL0217978,x@x.com,9999123456,9999123451,9999123452,1,1
MP00011908,MP00011908,2023-09-07,13:58:27,PL002,MIL0078540,x@x.com,9999123456,9999123451,9999123452,1,1
MP00011909,MP00011909,2023-09-07,13:58:27,PL003,MIL0022819,x@x.com,9999123456,9999123451,9999123452,1,1
MP00011910,MP00011910,2023-09-07,13:58:27,PL005,MIL0155823,x@x.com,9999123456,9999123451,9999123452,1,1
MP00011911,MP00011911,2023-09-07,13:58:27,PL013,MIL0013965,x@x.com,9999123456,9999123451,9999123452,1,1
MP00011912,MP00011912,2023-09-07,13:58:27,PL006,MIL0230029,x@x.com,9999123456,9999123451,9999123452,1,1
MP00011913,MP00011913,2023-09-07,13:58:27,PL002,MIL0323176,x@x.com,9999123456,9999123451,9999123452,1,1
MP00011914,MP00011914,2023-09-07,13:58:27,PL007,MIL0340717,x@x.com,9999123456,9999123451,9999123452,1,1
MP00011915,MP00011915,2023-09-07,13:58:27,PL010,MIL0079129,x@x.com,9999123456,9999123451,9999123452,1,1
MP00011916,MP00011916,2023-09-07,13:58:27,PL005,MIL0032475,x@x.com,9999123456,9999123451,9999123452,1,1
MP00011917,MP00011917,2023-09-07,13:58:27,PL003,MIL0220366,x@x.com,9999123456,9999123451,9999123452,1,1
MP00011918,MP00011918,2023-09-07,13:58:27,PL007,MIL0235806,x@x.com,9999123456,9999123451,9999123452,1,1
MP00011919,MP00011919,2023-09-07,13:58:27,PL003,MIL0287967,x@x.com,9999123456,9999123451,9999123452,1,1
MP00011920,MP00011920,2023-09-07,13:58:27,PL012,MIL0241608,x@x.com,9999123456,9999123451,9999123452,1,1
MP00011921,MP00011921,2023-09-07,13:58:27,PL008,MIL0536146,x@x.com,9999123456,9999123451,9999123452,1,1
MP00011922,MP00011922,2023-09-07,13:58:27,PL005,MIL0179749,x@x.com,9999123456,9999123451,9999123452,1,1
MP00011923,MP00011923,2023-09-07,13:58:27,PL011,MIL0282472,x@x.com,9999123456,9999123451,9999123452,1,1
MP00011924,MP00011924,2023-09-07,13:58:27,PL013,MIL0244023,x@x.com,9999123456,9999123451,9999123452,1,1
MP00011925,MP00011925,2023-09-07,13:58:27,PL002,MIL0066578,x@x.com,9999123456,9999123451,9999123452,1,1
MP00011926,MP00011926,2023-09-07,13:58:27,PL005,MIL0269980,x@x.com,9999123456,9999123451,9999123452,1,1
MP00011927,MP00011927,2023-09-07,13:58:27,PL009,MIL0112115,x@x.com,9999123456,9999123451,9999123452,1,1
MP00011928,MP00011928,2023-09-07,13:58:27,PL006,MIL0028007,x@x.com,9999123456,9999123451,9999123452,1,1
MP00011929,MP00011929,2023-09-07,13:58:27,PL003,MIL0556748,x@x.com,9999123456,9999123451,9999123452,1,1
MP00011930,MP00011930,2023-09-07,13:58:27,PL007,MIL0384992,x@x.com,9999123456,9999123451,9999123452,1,1
MP00011931,MP00011931,2023-09-07,13:58:27,PL013,MIL0233450,x@x.com,9999123456,9999123451,9999123452,1,1
MP00011932,MP00011932,2023-09-07,13:58:27,PL007,MIL0073634,x@x.com,9999123456,9999123451,9999123452,1,1
MP00011933,MP00011933,2023-09-07,13:58:27,PL010,MIL0033120,x@x.com,9999123456,9999123451,9999123452,1,1
MP00011934,MP00011934,2023-09-07,13:58:27,PL005,MIL0181613,x@x.com,9999123456,9999123451,9999123452,1,1
MP00011935,MP00011935,2023-09-07,13:58:27,PL003,MIL0568164,x@x.com,9999123456,9999123451,9999123452,1,1
MP00011936,MP00011936,2023-09-07,13:58:27,PL001,MIL0280530,x@x.com,9999123456,9999123451,9999123452,1,1
MP00011937,MP00011937,2023-09-07,13:58:27,PL002,MIL0563775,x@x.com,9999123456,9999123451,9999123452,1,1
MP00011938,MP00011938,2023-09-07,13:58:27,PL012,MIL0567638,x@x.com,9999123456,9999123451,9999123452,1,1
MP00011939,MP00011939,2023-09-07,13:58:27,PL007,MIL0322576,x@x.com,9999123456,9999123451,9999123452,1,1
MP00011940,MP00011940,2023-09-07,13:58:27,PL002,MIL0343809,x@x.com,9999123456,9999123451,9999123452,1,1
MP00011941,MP00011941,2023-09-07,13:58:27,PL009,MIL0092325,x@x.com,9999123456,9999123451,9999123452,1,1
MP00011942,MP00011942,2023-09-07,13:58:27,PL002,MIL0183525,x@x.com,9999123456,9999123451,9999123452,1,1
MP00011943,MP00011943,2023-09-07,13:58:27,PL005,MIL0458074,x@x.com,9999123456,9999123451,9999123452,1,1
MP00011944,MP00011944,2023-09-07,13:58:27,PL006,MIL0446009,x@x.com,9999123456,9999123451,9999123452,1,1
MP00011945,MP00011945,2023-09-07,13:58:27,PL002,MIL0271261,x@x.com,9999123456,9999123451,9999123452,1,1
MP00011946,MP00011946,2023-09-07,13:58:27,PL010,MIL0143319,x@x.com,9999123456,9999123451,9999123452,1,1
MP00011947,MP00011947,2023-09-07,13:58:27,PL013,MIL0229288,x@x.com,9999123456,9999123451,9999123452,1,1
MP00011948,MP00011948,2023-09-07,13:58:27,PL007,MIL0132837,x@x.com,9999123456,9999123451,9999123452,1,1
MP00011949,MP00011949,2023-09-07,13:58:27,PL008,MIL0217466,x@x.com,9999123456,9999123451,9999123452,1,1
MP00011950,MP00011950,2023-09-07,13:58:27,PL011,MIL0569275,x@x.com,9999123456,9999123451,9999123452,1,1
MP00011951,MP00011951,2023-09-07,13:58:27,PL012,MIL0151542,x@x.com,9999123456,9999123451,9999123452,1,1
MP00011952,MP00011952,2023-09-07,13:58:27,PL006,MIL0354097,x@x.com,9999123456,9999123451,9999123452,1,1
MP00011953,MP00011953,2023-09-07,13:58:27,PL011,MIL0138383,x@x.com,9999123456,9999123451,9999123452,1,1
MP00011954,MP00011954,2023-09-07,13:58:27,PL001,MIL0055151,x@x.com,9999123456,9999123451,9999123452,1,1
MP00011955,MP00011955,2023-09-07,13:58:27,PL007,MIL0359416,x@x.com,9999123456,9999123451,9999123452,1,1
MP00011956,MP00011956,2023-09-07,13:58:27,PL002,MIL0407129,x@x.com,9999123456,9999123451,9999123452,1,1
MP00011957,MP00011957,2023-09-07,13:58:27,PL003,MIL0470695,x@x.com,9999123456,9999123451,9999123452,1,1
MP00011958,MP00011958,2023-09-07,13:58:27,PL011,MIL0463532,x@x.com,9999123456,9999123451,9999123452,1,1
MP00011959,MP00011959,2023-09-07,13:58:27,PL012,MIL0167804,x@x.com,9999123456,9999123451,9999123452,1,1
MP00011960,MP00011960,2023-09-07,13:58:27,PL004,MIL0217431,x@x.com,9999123456,9999123451,9999123452,1,1
MP00011961,MP00011961,2023-09-07,13:58:27,PL011,MIL0260617,x@x.com,9999123456,9999123451,9999123452,1,1
MP00011962,MP00011962,2023-09-07,13:58:27,PL013,MIL0443358,x@x.com,9999123456,9999123451,9999123452,1,1
MP00011963,MP00011963,2023-09-07,13:58:27,PL012,MIL0156456,x@x.com,9999123456,9999123451,9999123452,1,1
MP00011964,MP00011964,2023-09-07,13:58:27,PL013,MIL0534222,x@x.com,9999123456,9999123451,9999123452,1,1
MP00011965,MP00011965,2023-09-07,13:58:27,PL003,MIL0522765,x@x.com,9999123456,9999123451,9999123452,1,1
MP00011966,MP00011966,2023-09-07,13:58:27,PL009,MIL0451306,x@x.com,9999123456,9999123451,9999123452,1,1
MP00011967,MP00011967,2023-09-07,13:58:27,PL006,MIL0543863,x@x.com,9999123456,9999123451,9999123452,1,1
MP00011968,MP00011968,2023-09-07,13:58:27,PL013,MIL0377975,x@x.com,9999123456,9999123451,9999123452,1,1
MP00011969,MP00011969,2023-09-07,13:58:27,PL001,MIL0241787,x@x.com,9999123456,9999123451,9999123452,1,1
MP00011970,MP00011970,2023-09-07,13:58:27,PL010,MIL0234953,x@x.com,9999123456,9999123451,9999123452,1,1
MP00011971,MP00011971,2023-09-07,13:58:27,PL002,MIL0332841,x@x.com,9999123456,9999123451,9999123452,1,1
MP00011972,MP00011972,2023-09-07,13:58:27,PL013,MIL0500871,x@x.com,9999123456,9999123451,9999123452,1,1
MP00011973,MP00011973,2023-09-07,13:58:27,PL003,MIL0465583,x@x.com,9999123456,9999123451,9999123452,1,1
MP00011974,MP00011974,2023-09-07,13:58:27,PL001,MIL0435975,x@x.com,9999123456,9999123451,9999123452,1,1
MP00011975,MP00011975,2023-09-07,13:58:27,PL012,MIL0214113,x@x.com,9999123456,9999123451,9999123452,1,1
MP00011976,MP00011976,2023-09-07,13:58:27,PL002,MIL0236132,x@x.com,9999123456,9999123451,9999123452,1,1
MP00011977,MP00011977,2023-09-07,13:58:27,PL007,MIL0120090,x@x.com,9999123456,9999123451,9999123452,1,1
MP00011978,MP00011978,2023-09-07,13:58:27,PL007,MIL0444023,x@x.com,9999123456,9999123451,9999123452,1,1
MP00011979,MP00011979,2023-09-07,13:58:27,PL008,MIL0520342,x@x.com,9999123456,9999123451,9999123452,1,1
MP00011980,MP00011980,2023-09-07,13:58:27,PL008,MIL0260631,x@x.com,9999123456,9999123451,9999123452,1,1
MP00011981,MP00011981,2023-09-07,13:58:27,PL002,MIL0417433,x@x.com,9999123456,9999123451,9999123452,1,1
MP00011982,MP00011982,2023-09-07,13:58:27,PL004,MIL0118920,x@x.com,9999123456,9999123451,9999123452,1,1
MP00011983,MP00011983,2023-09-07,13:58:27,PL002,MIL0019062,x@x.com,9999123456,9999123451,9999123452,1,1
MP00011984,MP00011984,2023-09-07,13:58:27,PL002,MIL0235087,x@x.com,9999123456,9999123451,9999123452,1,1
MP00011985,MP00011985,2023-09-07,13:58:27,PL007,MIL0474346,x@x.com,9999123456,9999123451,9999123452,1,1
MP00011986,MP00011986,2023-09-07,13:58:27,PL006,MIL0156797,x@x.com,9999123456,9999123451,9999123452,1,1
MP00011987,MP00011987,2023-09-07,13:58:27,PL005,MIL0421179,x@x.com,9999123456,9999123451,9999123452,1,1
MP00011988,MP00011988,2023-09-07,13:58:27,PL006,MIL0442707,x@x.com,9999123456,9999123451,9999123452,1,1
