clave,folio,fecha,hora,clave_partido_legado,clave_ciudadano,correo_electronico,whatsapp,telefono,celular,obseravaciones,status
clave,folio,fecha,hora,clave_partido_legado,clave_ciudadano,correo_electronico,whatsapp,telefono,celular,obseravaciones,status
MP00011989,MP00011989,2023-09-07,13:58:27,PL001,MIL0132564,x@x.com,9999123456,9999123451,9999123452,1,1
MP00011990,MP00011990,2023-09-07,13:58:27,PL001,MIL0286727,x@x.com,9999123456,9999123451,9999123452,1,1
MP00011991,MP00011991,2023-09-07,13:58:27,PL002,MIL0104649,x@x.com,9999123456,9999123451,9999123452,1,1
MP00011992,MP00011992,2023-09-07,13:58:27,PL006,MIL0085796,x@x.com,9999123456,9999123451,9999123452,1,1
MP00011993,MP00011993,2023-09-07,13:58:27,PL006,MIL0119382,x@x.com,9999123456,9999123451,9999123452,1,1
MP00011994,MP00011994,2023-09-07,13:58:27,PL013,MIL0272422,x@x.com,9999123456,9999123451,9999123452,1,1
MP00011995,MP00011995,2023-09-07,13:58:27,PL011,MIL0189073,x@x.com,9999123456,9999123451,9999123452,1,1
MP00011996,MP00011996,2023-09-07,13:58:27,PL005,MIL0490999,x@x.com,9999123456,9999123451,9999123452,1,1
MP00011997,MP00011997,2023-09-07,13:58:27,PL009,MIL0464178,x@x.com,9999123456,9999123451,9999123452,1,1
MP00011998,MP00011998,2023-09-07,13:58:27,PL006,MIL0226484,x@x.com,9999123456,9999123451,9999123452,1,1
MP00011999,MP00011999,2023-09-07,13:58:27,PL006,MIL0231383,x@x.com,9999123456,9999123451,9999123452,1,1
MP00012000,MP00012000,2023-09-07,13:58:27,PL013,MIL0229993,x@x.com,9999123456,9999123451,9999123452,1,1
MP00012001,MP00012001,2023-09-07,13:58:27,PL008,MIL0485564,x@x.com,9999123456,9999123451,9999123452,1,1
MP00012002,MP00012002,2023-09-07,13:58:27,PL009,MIL0346405,x@x.com,9999123456,9999123451,9999123452,1,1
MP00012003,MP00012003,2023-09-07,13:58:27,PL001,MIL0239024,x@x.com,9999123456,9999123451,9999123452,1,1
MP00012004,MP00012004,2023-09-07,13:58:27,PL001,MIL0277338,x@x.com,9999123456,9999123451,9999123452,1,1
MP00012005,MP00012005,2023-09-07,13:58:27,PL009,MIL0107117,x@x.com,9999123456,9999123451,9999123452,1,1
MP00012006,MP00012006,2023-09-07,13:58:27,PL011,MIL0363107,x@x.com,9999123456,9999123451,9999123452,1,1
MP00012007,MP00012007,2023-09-07,13:58:27,PL004,MIL0011930,x@x.com,9999123456,9999123451,9999123452,1,1
MP00012008,MP00012008,2023-09-07,13:58:27,PL013,MIL0391717,x@x.com,9999123456,9999123451,9999123452,1,1
MP00012009,MP00012009,2023-09-07,13:58:27,PL012,MIL0482002,x@x.com,9999123456,9999123451,9999123452,1,1
MP00012010,MP00012010,2023-09-07,13:58:27,PL009,MIL0085649,x@x.com,9999123456,9999123451,9999123452,1,1
MP00012011,MP00012011,2023-09-07,13:58:27,PL011,MIL0130180,x@x.com,9999123456,9999123451,9999123452,1,1
MP00012012,MP00012012,2023-09-07,13:58:27,PL006,MIL0120707,x@x.com,9999123456,9999123451,9999123452,1,1
MP00012013,MP00012013,2023-09-07,13:58:27,PL012,MIL0508063,x@x.com,9999123456,9999123451,9999123452,1,1
MP00012014,MP00012014,2023-09-07,13:58:27,PL006,MIL0324665,x@x.com,9999123456,9999123451,9999123452,1,1
MP00012015,MP00012015,2023-09-07,13:58:27,PL010,MIL0409933,x@x.com,9999123456,9999123451,9999123452,1,1
MP00012016,MP00012016,2023-09-07,13:58:27,PL011,MIL0139346,x@x.com,9999123456,9999123451,9999123452,1,1
MP00012017,MP00012017,2023-09-07,13:58:27,PL012,MIL0221976,x@x.com,9999123456,9999123451,9999123452,1,1
MP00012018,MP00012018,2023-09-07,13:58:27,PL012,MIL0122063,x@x.com,9999123456,9999123451,9999123452,1,1
MP00012019,MP00012019,2023-09-07,13:58:27,PL009,MIL0143907,x@x.com,9999123456,9999123451,9999123452,1,1
MP00012020,MP00012020,2023-09-07,13:58:27,PL010,MIL0112404,x@x.com,9999123456,9999123451,9999123452,1,1
MP00012021,MP00012021,2023-09-07,13:58:27,PL001,MIL0428488,x@x.com,9999123456,9999123451,9999123452,1,1
MP00012022,MP00012022,2023-09-07,13:58:27,PL004,MIL0232890,x@x.com,9999123456,9999123451,9999123452,1,1
MP00012023,MP00012023,2023-09-07,13:58:27,PL010,MIL0126879,x@x.com,9999123456,9999123451,9999123452,1,1
MP00012024,MP00012024,2023-09-07,13:58:27,PL001,MIL0034389,x@x.com,9999123456,9999123451,9999123452,1,1
MP00012025,MP00012025,2023-09-07,13:58:27,PL009,MIL0078363,x@x.com,9999123456,9999123451,9999123452,1,1
MP00012026,MP00012026,2023-09-07,13:58:27,PL012,MIL0274472,x@x.com,9999123456,9999123451,9999123452,1,1
MP00012027,MP00012027,2023-09-07,13:58:27,PL005,MIL0192535,x@x.com,9999123456,9999123451,9999123452,1,1
MP00012028,MP00012028,2023-09-07,13:58:27,PL003,MIL0321433,x@x.com,9999123456,9999123451,9999123452,1,1
MP00012029,MP00012029,2023-09-07,13:58:27,PL008,MIL0518840,x@x.com,9999123456,9999123451,9999123452,1,1
MP00012030,MP00012030,2023-09-07,13:58:27,PL013,MIL0020765,x@x.com,9999123456,9999123451,9999123452,1,1
MP00012031,MP00012031,2023-09-07,13:58:27,PL008,MIL0281358,x@x.com,9999123456,9999123451,9999123452,1,1
MP00012032,MP00012032,2023-09-07,13:58:27,PL006,MIL0525849,x@x.com,9999123456,9999123451,9999123452,1,1
MP00012033,MP00012033,2023-09-07,13:58:27,PL012,MIL0226082,x@x.com,9999123456,9999123451,9999123452,1,1
MP00012034,MP00012034,2023-09-07,13:58:27,PL009,MIL0050538,x@x.com,9999123456,9999123451,9999123452,1,1
MP00012035,MP00012035,2023-09-07,13:58:27,PL010,MIL0221690,x@x.com,9999123456,9999123451,9999123452,1,1
MP00012036,MP00012036,2023-09-07,13:58:27,PL009,MIL0367481,x@x.com,9999123456,9999123451,9999123452,1,1
MP00012037,MP00012037,2023-09-07,13:58:27,PL002,MIL0279189,x@x.com,9999123456,9999123451,9999123452,1,1
MP00012038,MP00012038,2023-09-07,13:58:27,PL003,MIL0235809,x@x.com,9999123456,9999123451,9999123452,1,1
MP00012039,MP00012039,2023-09-07,13:58:27,PL010,MIL0395079,x@x.com,9999123456,9999123451,9999123452,1,1
MP00012040,MP00012040,2023-09-07,13:58:27,PL013,MIL0022485,x@x.com,9999123456,9999123451,9999123452,1,1
MP00012041,MP00012041,2023-09-07,13:58:27,PL005,MIL0282978,x@x.com,9999123456,9999123451,9999123452,1,1
MP00012042,MP00012042,2023-09-07,13:58:27,PL013,MIL0319800,x@x.com,9999123456,9999123451,9999123452,1,1
MP00012043,MP00012043,2023-09-07,13:58:27,PL006,MIL0089329,x@x.com,9999123456,9999123451,9999123452,1,1
MP00012044,MP00012044,2023-09-07,13:58:27,PL005,MIL0580387,x@x.com,9999123456,9999123451,9999123452,1,1
MP00012045,MP00012045,2023-09-07,13:58:27,PL004,MIL0551103,x@x.com,9999123456,9999123451,9999123452,1,1
MP00012046,MP00012046,2023-09-07,13:58:27,PL004,MIL0293729,x@x.com,9999123456,9999123451,9999123452,1,1
MP00012047,MP00012047,2023-09-07,13:58:27,PL004,MIL0177816,x@x.com,9999123456,9999123451,9999123452,1,1
MP00012048,MP00012048,2023-09-07,13:58:27,PL011,MIL0253209,x@x.com,9999123456,9999123451,9999123452,1,1
MP00012049,MP00012049,2023-09-07,13:58:27,PL005,MIL0142641,x@x.com,9999123456,9999123451,9999123452,1,1
MP00012050,MP00012050,2023-09-07,13:58:27,PL004,MIL0298227,x@x.com,9999123456,9999123451,9999123452,1,1
MP00012051,MP00012051,2023-09-07,13:58:27,PL002,MIL0060381,x@x.com,9999123456,9999123451,9999123452,1,1
MP00012052,MP00012052,2023-09-07,13:58:27,PL002,MIL0467836,x@x.com,9999123456,9999123451,9999123452,1,1
MP00012053,MP00012053,2023-09-07,13:58:27,PL007,MIL0496243,x@x.com,9999123456,9999123451,9999123452,1,1
MP00012054,MP00012054,2023-09-07,13:58:27,PL007,MIL0572087,x@x.com,9999123456,9999123451,9999123452,1,1
MP00012055,MP00012055,2023-09-07,13:58:27,PL004,MIL0278747,x@x.com,9999123456,9999123451,9999123452,1,1
MP00012056,MP00012056,2023-09-07,13:58:27,PL010,MIL0265150,x@x.com,9999123456,9999123451,9999123452,1,1
MP00012057,MP00012057,2023-09-07,13:58:27,PL006,MIL0292526,x@x.com,9999123456,9999123451,9999123452,1,1
MP00012058,MP00012058,2023-09-07,13:58:27,PL004,MIL0402951,x@x.com,9999123456,9999123451,9999123452,1,1
MP00012059,MP00012059,2023-09-07,13:58:27,PL004,MIL0413459,x@x.com,9999123456,9999123451,9999123452,1,1
MP00012060,MP00012060,2023-09-07,13:58:27,PL013,MIL0534057,x@x.com,9999123456,9999123451,9999123452,1,1
MP00012061,MP00012061,2023-09-07,13:58:27,PL009,MIL0084496,x@x.com,9999123456,9999123451,9999123452,1,1
MP00012062,MP00012062,2023-09-07,13:58:27,PL004,MIL0230628,x@x.com,9999123456,9999123451,9999123452,1,1
MP00012063,MP00012063,2023-09-07,13:58:27,PL001,MIL0095485,x@x.com,9999123456,9999123451,9999123452,1,1
MP00012064,MP00012064,2023-09-07,13:58:27,PL006,MIL0136417,x@x.com,9999123456,9999123451,9999123452,1,1
MP00012065,MP00012065,2023-09-07,13:58:27,PL007,MIL0121853,x@x.com,9999123456,9999123451,9999123452,1,1
MP00012066,MP00012066,2023-09-07,13:58:27,PL012,MIL0344979,x@x.com,9999123456,9999123451,9999123452,1,1
MP00012067,MP00012067,2023-09-07,13:58:27,PL002,MIL0079305,x@x.com,9999123456,9999123451,9999123452,1,1
MP00012068,MP00012068,2023-09-07,13:58:27,PL001,MIL0020322,x@x.com,9999123456,9999123451,9999123452,1,1
MP00012069,MP00012069,2023-09-07,13:58:27,PL003,MIL0075819,x@x.com,9999123456,9999123451,9999123452,1,1
MP00012070,MP00012070,2023-09-07,13:58:27,PL003,MIL0545004,x@x.com,9999123456,9999123451,9999123452,1,1
MP00012071,MP00012071,2023-09-07,13:58:27,PL001,MIL0083514,x@x.com,9999123456,9999123451,9999123452,1,1
MP00012072,MP00012072,2023-09-07,13:58:27,PL001,MIL0208942,x@x.com,9999123456,9999123451,9999123452,1,1
MP00012073,MP00012073,2023-09-07,13:58:27,PL002,MIL0434698,x@x.com,9999123456,9999123451,9999123452,1,1
MP00012074,MP00012074,2023-09-07,13:58:27,PL001,MIL0165993,x@x.com,9999123456,9999123451,9999123452,1,1
MP00012075,MP00012075,2023-09-07,13:58:27,PL004,MIL0320550,x@x.com,9999123456,9999123451,9999123452,1,1
MP00012076,MP00012076,2023-09-07,13:58:27,PL008,MIL0557209,x@x.com,9999123456,9999123451,9999123452,1,1
MP00012077,MP00012077,2023-09-07,13:58:27,PL011,MIL0269162,x@x.com,9999123456,9999123451,9999123452,1,1
MP00012078,MP00012078,2023-09-07,13:58:27,PL006,MIL0469913,x@x.com,9999123456,9999123451,9999123452,1,1
MP00012079,MP00012079,2023-09-07,13:58:27,PL011,MIL0451234,x@x.com,9999123456,9999123451,9999123452,1,1
MP00012080,MP00012080,2023-09-07,13:58:27,PL011,MIL0362610,x@x.com,9999123456,9999123451,9999123452,1,1
MP00012081,MP00012081,2023-09-07,13:58:27,PL007,MIL0114866,x@x.com,9999123456,9999123451,9999123452,1,1
MP00012082,MP00012082,2023-09-07,13:58:27,PL003,MIL0006420,x@x.com,9999123456,9999123451,9999123452,1,1
MP00012083,MP00012083,2023-09-07,13:58:27,PL007,MIL0136217,x@x.com,9999123456,9999123451,9999123452,1,1
MP00012084,MP00012084,2023-09-07,13:58:27,PL007,MIL0365190,x@x.com,9999123456,9999123451,9999123452,1,1
MP00012085,MP00012085,2023-09-07,13:58:27,PL002,MIL0527025,x@x.com,9999123456,9999123451,9999123452,1,1
MP00012086,MP00012086,2023-09-07,13:58:27,PL005,MIL0337585,x@x.com,9999123456,9999123451,9999123452,1,1
MP00012087,MP00012087,2023-09-07,13:58:27,PL008,MIL0344755,x@x.com,9999123456,9999123451,9999123452,1,1
MP00012088,MP00012088,2023-09-07,13:58:27,PL008,MIL0497304,x@x.com,9999123456,9999123451,9999123452,1,1
MP00012089,MP00012089,2023-09-07,13:58:27,PL004,MIL0484589,x@x.com,9999123456,9999123451,9999123452,1,1
MP00012090,MP00012090,2023-09-07,13:58:27,PL008,MIL0545580,x@x.com,9999123456,9999123451,9999123452,1,1
MP00012091,MP00012091,2023-09-07,13:58:27,PL009,MIL0431473,x@x.com,9999123456,9999123451,9999123452,1,1
MP00012092,MP00012092,2023-09-07,13:58:27,PL011,MIL0002478,x@x.com,9999123456,9999123451,9999123452,1,1
MP00012093,MP00012093,2023-09-07,13:58:27,PL012,MIL0249433,x@x.com,9999123456,9999123451,9999123452,1,1
MP00012094,MP00012094,2023-09-07,13:58:27,PL008,MIL0404401,x@x.com,9999123456,9999123451,9999123452,1,1
MP00012095,MP00012095,2023-09-07,13:58:27,PL002,MIL0321811,x@x.com,9999123456,9999123451,9999123452,1,1
MP00012096,MP00012096,2023-09-07,13:58:27,PL011,MIL0476406,x@x.com,9999123456,9999123451,9999123452,1,1
MP00012097,MP00012097,2023-09-07,13:58:27,PL009,MIL0373014,x@x.com,9999123456,9999123451,9999123452,1,1
MP00012098,MP00012098,2023-09-07,13:58:27,PL013,MIL0508106,x@x.com,9999123456,9999123451,9999123452,1,1
MP00012099,MP00012099,2023-09-07,13:58:27,PL006,MIL0174110,x@x.com,9999123456,9999123451,9999123452,1,1
MP00012100,MP00012100,2023-09-07,13:58:27,PL004,MIL0435320,x@x.com,9999123456,9999123451,9999123452,1,1
MP00012101,MP00012101,2023-09-07,13:58:27,PL010,MIL0427093,x@x.com,9999123456,9999123451,9999123452,1,1
MP00012102,MP00012102,2023-09-07,13:58:27,PL001,MIL0316939,x@x.com,9999123456,9999123451,9999123452,1,1
MP00012103,MP00012103,2023-09-07,13:58:27,PL012,MIL0046291,x@x.com,9999123456,9999123451,9999123452,1,1
MP00012104,MP00012104,2023-09-07,13:58:27,PL010,MIL0145190,x@x.com,9999123456,9999123451,9999123452,1,1
MP00012105,MP00012105,2023-09-07,13:58:27,PL009,MIL0480625,x@x.com,9999123456,9999123451,9999123452,1,1
MP00012106,MP00012106,2023-09-07,13:58:27,PL006,MIL0252496,x@x.com,9999123456,9999123451,9999123452,1,1
MP00012107,MP00012107,2023-09-07,13:58:27,PL006,MIL0236082,x@x.com,9999123456,9999123451,9999123452,1,1
MP00012108,MP00012108,2023-09-07,13:58:27,PL009,MIL0401841,x@x.com,9999123456,9999123451,9999123452,1,1
MP00012109,MP00012109,2023-09-07,13:58:27,PL013,MIL0119612,x@x.com,9999123456,9999123451,9999123452,1,1
MP00012110,MP00012110,2023-09-07,13:58:27,PL012,MIL0338199,x@x.com,9999123456,9999123451,9999123452,1,1
MP00012111,MP00012111,2023-09-07,13:58:27,PL009,MIL0532950,x@x.com,9999123456,9999123451,9999123452,1,1
MP00012112,MP00012112,2023-09-07,13:58:27,PL005,MIL0526160,x@x.com,9999123456,9999123451,9999123452,1,1
MP00012113,MP00012113,2023-09-07,13:58:27,PL011,MIL0242491,x@x.com,9999123456,9999123451,9999123452,1,1
MP00012114,MP00012114,2023-09-07,13:58:27,PL007,MIL0559694,x@x.com,9999123456,9999123451,9999123452,1,1
MP00012115,MP00012115,2023-09-07,13:58:27,PL002,MIL0041119,x@x.com,9999123456,9999123451,9999123452,1,1
MP00012116,MP00012116,2023-09-07,13:58:27,PL009,MIL0133684,x@x.com,9999123456,9999123451,9999123452,1,1
MP00012117,MP00012117,2023-09-07,13:58:27,PL003,MIL0264482,x@x.com,9999123456,9999123451,9999123452,1,1
MP00012118,MP00012118,2023-09-07,13:58:27,PL003,MIL0479711,x@x.com,9999123456,9999123451,9999123452,1,1
MP00012119,MP00012119,2023-09-07,13:58:27,PL010,MIL0148812,x@x.com,9999123456,9999123451,9999123452,1,1
MP00012120,MP00012120,2023-09-07,13:58:27,PL007,MIL0421316,x@x.com,9999123456,9999123451,9999123452,1,1
MP00012121,MP00012121,2023-09-07,13:58:27,PL011,MIL0209881,x@x.com,9999123456,9999123451,9999123452,1,1
MP00012122,MP00012122,2023-09-07,13:58:27,PL011,MIL0296149,x@x.com,9999123456,9999123451,9999123452,1,1
MP00012123,MP00012123,2023-09-07,13:58:27,PL012,MIL0210846,x@x.com,9999123456,9999123451,9999123452,1,1
MP00012124,MP00012124,2023-09-07,13:58:27,PL013,MIL0114689,x@x.com,9999123456,9999123451,9999123452,1,1
MP00012125,MP00012125,2023-09-07,13:58:27,PL003,MIL0202750,x@x.com,9999123456,9999123451,9999123452,1,1
MP00012126,MP00012126,2023-09-07,13:58:27,PL011,MIL0516811,x@x.com,9999123456,9999123451,9999123452,1,1
MP00012127,MP00012127,2023-09-07,13:58:27,PL002,MIL0320870,x@x.com,9999123456,9999123451,9999123452,1,1
MP00012128,MP00012128,2023-09-07,13:58:27,PL006,MIL0099831,x@x.com,9999123456,9999123451,9999123452,1,1
MP00012129,MP00012129,2023-09-07,13:58:27,PL008,MIL0301007,x@x.com,9999123456,9999123451,9999123452,1,1
MP00012130,MP00012130,2023-09-07,13:58:27,PL012,MIL0187101,x@x.com,9999123456,9999123451,9999123452,1,1
MP00012131,MP00012131,2023-09-07,13:58:27,PL012,MIL0363786,x@x.com,9999123456,9999123451,9999123452,1,1
MP00012132,MP00012132,2023-09-07,13:58:27,PL008,MIL0088687,x@x.com,9999123456,9999123451,9999123452,1,1
MP00012133,MP00012133,2023-09-07,13:58:27,PL008,MIL0307226,x@x.com,9999123456,9999123451,9999123452,1,1
MP00012134,MP00012134,2023-09-07,13:58:27,PL004,MIL0369236,x@x.com,9999123456,9999123451,9999123452,1,1
MP00012135,MP00012135,2023-09-07,13:58:27,PL009,MIL0471508,x@x.com,9999123456,9999123451,9999123452,1,1
MP00012136,MP00012136,2023-09-07,13:58:27,PL010,MIL0323243,x@x.com,9999123456,9999123451,9999123452,1,1
MP00012137,MP00012137,2023-09-07,13:58:27,PL006,MIL0424168,x@x.com,9999123456,9999123451,9999123452,1,1
MP00012138,MP00012138,2023-09-07,13:58:27,PL001,MIL0378787,x@x.com,9999123456,9999123451,9999123452,1,1
MP00012139,MP00012139,2023-09-07,13:58:27,PL002,MIL0514024,x@x.com,9999123456,9999123451,9999123452,1,1
MP00012140,MP00012140,2023-09-07,13:58:27,PL001,MIL0265652,x@x.com,9999123456,9999123451,9999123452,1,1
MP00012141,MP00012141,2023-09-07,13:58:27,PL004,MIL0132966,x@x.com,9999123456,9999123451,9999123452,1,1
MP00012142,MP00012142,2023-09-07,13:58:27,PL010,MIL0060846,x@x.com,9999123456,9999123451,9999123452,1,1
MP00012143,MP00012143,2023-09-07,13:58:27,PL006,MIL0330427,x@x.com,9999123456,9999123451,9999123452,1,1
MP00012144,MP00012144,2023-09-07,13:58:27,PL001,MIL0387193,x@x.com,9999123456,9999123451,9999123452,1,1
MP00012145,MP00012145,2023-09-07,13:58:27,PL013,MIL0426134,x@x.com,9999123456,9999123451,9999123452,1,1
MP00012146,MP00012146,2023-09-07,13:58:27,PL007,MIL0080936,x@x.com,9999123456,9999123451,9999123452,1,1
MP00012147,MP00012147,2023-09-07,13:58:27,PL002,MIL0494422,x@x.com,9999123456,9999123451,9999123452,1,1
MP00012148,MP00012148,2023-09-07,13:58:27,PL012,MIL0440246,x@x.com,9999123456,9999123451,9999123452,1,1
MP00012149,MP00012149,2023-09-07,13:58:27,PL012,MIL0010563,x@x.com,9999123456,9999123451,9999123452,1,1
MP00012150,MP00012150,2023-09-07,13:58:27,PL006,MIL0418199,x@x.com,9999123456,9999123451,9999123452,1,1
MP00012151,MP00012151,2023-09-07,13:58:27,PL007,MIL0233671,x@x.com,9999123456,9999123451,9999123452,1,1
MP00012152,MP00012152,2023-09-07,13:58:27,PL005,MIL0340081,x@x.com,9999123456,9999123451,9999123452,1,1
MP00012153,MP00012153,2023-09-07,13:58:27,PL001,MIL0069608,x@x.com,9999123456,9999123451,9999123452,1,1
MP00012154,MP00012154,2023-09-07,13:58:27,PL011,MIL0264199,x@x.com,9999123456,9999123451,9999123452,1,1
MP00012155,MP00012155,2023-09-07,13:58:27,PL003,MIL0340770,x@x.com,9999123456,9999123451,9999123452,1,1
MP00012156,MP00012156,2023-09-07,13:58:27,PL011,MIL0191144,x@x.com,9999123456,9999123451,9999123452,1,1
MP00012157,MP00012157,2023-09-07,13:58:27,PL005,MIL0246333,x@x.com,9999123456,9999123451,9999123452,1,1
MP00012158,MP00012158,2023-09-07,13:58:27,PL009,MIL0310500,x@x.com,9999123456,9999123451,9999123452,1,1
MP00012159,MP00012159,2023-09-07,13:58:27,PL013,MIL0497016,x@x.com,9999123456,9999123451,9999123452,1,1
MP00012160,MP00012160,2023-09-07,13:58:27,PL001,MIL0006575,x@x.com,9999123456,9999123451,9999123452,1,1
MP00012161,MP00012161,2023-09-07,13:58:27,PL002,MIL0235039,x@x.com,9999123456,9999123451,9999123452,1,1
MP00012162,MP00012162,2023-09-07,13:58:27,PL003,MIL0278697,x@x.com,9999123456,9999123451,9999123452,1,1
MP00012163,MP00012163,2023-09-07,13:58:27,PL013,MIL0480119,x@x.com,9999123456,9999123451,9999123452,1,1
MP00012164,MP00012164,2023-09-07,13:58:27,PL006,MIL0046953,x@x.com,9999123456,9999123451,9999123452,1,1
MP00012165,MP00012165,2023-09-07,13:58:27,PL013,MIL0319720,x@x.com,9999123456,9999123451,9999123452,1,1
MP00012166,MP00012166,2023-09-07,13:58:27,PL011,MIL0052443,x@x.com,9999123456,9999123451,9999123452,1,1
MP00012167,MP00012167,2023-09-07,13:58:27,PL012,MIL0141716,x@x.com,9999123456,9999123451,9999123452,1,1
MP00012168,MP00012168,2023-09-07,13:58:27,PL007,MIL0026650,x@x.com,9999123456,9999123451,9999123452,1,1
MP00012169,MP00012169,2023-09-07,13:58:27,PL005,MIL0385818,x@x.com,9999123456,9999123451,9999123452,1,1
MP00012170,MP00012170,2023-09-07,13:58:27,PL012,MIL0314098,x@x.com,9999123456,9999123451,9999123452,1,1
MP00012171,MP00012171,2023-09-07,13:58:27,PL012,MIL0421618,x@x.com,9999123456,9999123451,9999123452,1,1
MP00012172,MP00012172,2023-09-07,13:58:27,PL012,MIL0506658,x@x.com,9999123456,9999123451,9999123452,1,1
MP00012173,MP00012173,2023-09-07,13:58:27,PL008,MIL0310912,x@x.com,9999123456,9999123451,9999123452,1,1
MP00012174,MP00012174,2023-09-07,13:58:27,PL013,MIL0325263,x@x.com,9999123456,9999123451,9999123452,1,1
MP00012175,MP00012175,2023-09-07,13:58:27,PL013,MIL0160850,x@x.com,9999123456,9999123451,9999123452,1,1
MP00012176,MP00012176,2023-09-07,13:58:27,PL002,MIL0316973,x@x.com,9999123456,9999123451,9999123452,1,1
MP00012177,MP00012177,2023-09-07,13:58:27,PL013,MIL0526432,x@x.com,9999123456,9999123451,9999123452,1,1
MP00012178,MP00012178,2023-09-07,13:58:27,PL011,MIL0192983,x@x.com,9999123456,9999123451,9999123452,1,1
MP00012179,MP00012179,2023-09-07,13:58:27,PL005,MIL0388252,x@x.com,9999123456,9999123451,9999123452,1,1
MP00012180,MP00012180,2023-09-07,13:58:27,PL013,MIL0068112,x@x.com,9999123456,9999123451,9999123452,1,1
MP00012181,MP00012181,2023-09-07,13:58:27,PL006,MIL0289452,x@x.com,9999123456,9999123451,9999123452,1,1
MP00012182,MP00012182,2023-09-07,13:58:27,PL009,MIL0210875,x@x.com,9999123456,9999123451,9999123452,1,1
MP00012183,MP00012183,2023-09-07,13:58:27,PL002,MIL0040532,x@x.com,9999123456,9999123451,9999123452,1,1
MP00012184,MP00012184,2023-09-07,13:58:27,PL003,MIL0004589,x@x.com,9999123456,9999123451,9999123452,1,1
MP00012185,MP00012185,2023-09-07,13:58:27,PL008,MIL0278189,x@x.com,9999123456,9999123451,9999123452,1,1
MP00012186,MP00012186,2023-09-07,13:58:27,PL009,MIL0364191,x@x.com,9999123456,9999123451,9999123452,1,1
MP00012187,MP00012187,2023-09-07,13:58:27,PL006,MIL0094822,x@x.com,9999123456,9999123451,9999123452,1,1
MP00012188,MP00012188,2023-09-07,13:58:27,PL011,MIL0507237,x@x.com,9999123456,9999123451,9999123452,1,1
MP00012189,MP00012189,2023-09-07,13:58:27,PL004,MIL0351385,x@x.com,9999123456,9999123451,9999123452,1,1
MP00012190,MP00012190,2023-09-07,13:58:27,PL009,MIL0226078,x@x.com,9999123456,9999123451,9999123452,1,1
MP00012191,MP00012191,2023-09-07,13:58:27,PL008,MIL0293543,x@x.com,9999123456,9999123451,9999123452,1,1
MP00012192,MP00012192,2023-09-07,13:58:27,PL013,MIL0525960,x@x.com,9999123456,9999123451,9999123452,1,1
MP00012193,MP00012193,2023-09-07,13:58:27,PL013,MIL0346967,x@x.com,9999123456,9999123451,9999123452,1,1
MP00012194,MP00012194,2023-09-07,13:58:27,PL001,MIL0072485,x@x.com,9999123456,9999123451,9999123452,1,1
MP00012195,MP00012195,2023-09-07,13:58:27,PL005,MIL0195916,x@x.com,9999123456,9999123451,9999123452,1,1
MP00012196,MP00012196,2023-09-07,13:58:27,PL013,MIL0552902,x@x.com,9999123456,9999123451,9999123452,1,1
MP00012197,MP00012197,2023-09-07,13:58:27,PL006,MIL0363272,x@x.com,9999123456,9999123451,9999123452,1,1
MP00012198,MP00012198,2023-09-07,13:58:27,PL007,MIL0059122,x@x.com,9999123456,9999123451,9999123452,1,1
MP00012199,MP00012199,2023-09-07,13:58:27,PL003,MIL0387332,x@x.com,9999123456,9999123451,9999123452,1,1
MP00012200,MP00012200,2023-09-07,13:58:27,PL011,MIL0324873,x@x.com,9999123456,9999123451,9999123452,1,1
MP00012201,MP00012201,2023-09-07,13:58:27,PL001,MIL0017038,x@x.com,9999123456,9999123451,9999123452,1,1
MP00012202,MP00012202,2023-09-07,13:58:27,PL008,MIL0261362,x@x.com,9999123456,9999123451,9999123452,1,1
MP00012203,MP00012203,2023-09-07,13:58:27,PL003,MIL0089689,x@x.com,9999123456,9999123451,9999123452,1,1
MP00012204,MP00012204,2023-09-07,13:58:27,PL010,MIL0042857,x@x.com,9999123456,9999123451,9999123452,1,1
MP00012205,MP00012205,2023-09-07,13:58:27,PL013,MIL0134057,x@x.com,9999123456,9999123451,9999123452,1,1
MP00012206,MP00012206,2023-09-07,13:58:27,PL005,MIL0429691,x@x.com,9999123456,9999123451,9999123452,1,1
MP00012207,MP00012207,2023-09-07,13:58:27,PL001,MIL0038212,x@x.com,9999123456,9999123451,9999123452,1,1
MP00012208,MP00012208,2023-09-07,13:58:27,PL004,MIL0471571,x@x.com,9999123456,9999123451,9999123452,1,1
MP00012209,MP00012209,2023-09-07,13:58:27,PL013,MIL0534533,x@x.com,9999123456,9999123451,9999123452,1,1
MP00012210,MP00012210,2023-09-07,13:58:27,PL001,MIL0194649,x@x.com,9999123456,9999123451,9999123452,1,1
MP00012211,MP00012211,2023-09-07,13:58:27,PL013,MIL0003299,x@x.com,9999123456,9999123451,9999123452,1,1
MP00012212,MP00012212,2023-09-07,13:58:27,PL009,MIL0349514,x@x.com,9999123456,9999123451,9999123452,1,1
MP00012213,MP00012213,2023-09-07,13:58:27,PL005,MIL0570441,x@x.com,9999123456,9999123451,9999123452,1,1
MP00012214,MP00012214,2023-09-07,13:58:27,PL004,MIL0450808,x@x.com,9999123456,9999123451,9999123452,1,1
MP00012215,MP00012215,2023-09-07,13:58:27,PL009,MIL0122349,x@x.com,9999123456,9999123451,9999123452,1,1
MP00012216,MP00012216,2023-09-07,13:58:27,PL013,MIL0138489,x@x.com,9999123456,9999123451,9999123452,1,1
MP00012217,MP00012217,2023-09-07,13:58:27,PL007,MIL0449866,x@x.com,9999123456,9999123451,9999123452,1,1
MP00012218,MP00012218,2023-09-07,13:58:27,PL011,MIL0100402,x@x.com,9999123456,9999123451,9999123452,1,1
MP00012219,MP00012219,2023-09-07,13:58:27,PL002,MIL0141488,x@x.com,9999123456,9999123451,9999123452,1,1
MP00012220,MP00012220,2023-09-07,13:58:27,PL008,MIL0523978,x@x.com,9999123456,9999123451,9999123452,1,1
MP00012221,MP00012221,2023-09-07,13:58:27,PL008,MIL0214252,x@x.com,9999123456,9999123451,9999123452,1,1
MP00012222,MP00012222,2023-09-07,13:58:27,PL008,MIL0543990,x@x.com,9999123456,9999123451,9999123452,1,1
MP00012223,MP00012223,2023-09-07,13:58:27,PL001,MIL0128782,x@x.com,9999123456,9999123451,9999123452,1,1
MP00012224,MP00012224,2023-09-07,13:58:27,PL008,MIL0505597,x@x.com,9999123456,9999123451,9999123452,1,1
MP00012225,MP00012225,2023-09-07,13:58:27,PL010,MIL0573052,x@x.com,9999123456,9999123451,9999123452,1,1
MP00012226,MP00012226,2023-09-07,13:58:27,PL006,MIL0184229,x@x.com,9999123456,9999123451,9999123452,1,1
MP00012227,MP00012227,2023-09-07,13:58:27,PL010,MIL0386989,x@x.com,9999123456,9999123451,9999123452,1,1
MP00012228,MP00012228,2023-09-07,13:58:27,PL009,MIL0206108,x@x.com,9999123456,9999123451,9999123452,1,1
MP00012229,MP00012229,2023-09-07,13:58:27,PL005,MIL0153796,x@x.com,9999123456,9999123451,9999123452,1,1
MP00012230,MP00012230,2023-09-07,13:58:27,PL011,MIL0402180,x@x.com,9999123456,9999123451,9999123452,1,1
MP00012231,MP00012231,2023-09-07,13:58:27,PL012,MIL0141590,x@x.com,9999123456,9999123451,9999123452,1,1
MP00012232,MP00012232,2023-09-07,13:58:27,PL008,MIL0393694,x@x.com,9999123456,9999123451,9999123452,1,1
MP00012233,MP00012233,2023-09-07,13:58:27,PL009,MIL0345749,x@x.com,9999123456,9999123451,9999123452,1,1
MP00012234,MP00012234,2023-09-07,13:58:27,PL008,MIL0541056,x@x.com,9999123456,9999123451,9999123452,1,1
MP00012235,MP00012235,2023-09-07,13:58:27,PL010,MIL0354524,x@x.com,9999123456,9999123451,9999123452,1,1
MP00012236,MP00012236,2023-09-07,13:58:27,PL013,MIL0535565,x@x.com,9999123456,9999123451,9999123452,1,1
MP00012237,MP00012237,2023-09-07,13:58:27,PL012,MIL0253718,x@x.com,9999123456,9999123451,9999123452,1,1
MP00012238,MP00012238,2023-09-07,13:58:27,PL008,MIL0363256,x@x.com,9999123456,9999123451,9999123452,1,1
MP00012239,MP00012239,2023-09-07,13:58:27,PL005,MIL0197578,x@x.com,9999123456,9999123451,9999123452,1,1
MP00012240,MP00012240,2023-09-07,13:58:27,PL011,MIL0320252,x@x.com,9999123456,9999123451,9999123452,1,1
MP00012241,MP00012241,2023-09-07,13:58:27,PL002,MIL0158201,x@x.com,9999123456,9999123451,9999123452,1,1
MP00012242,MP00012242,2023-09-07,13:58:27,PL006,MIL0180545,x@x.com,9999123456,9999123451,9999123452,1,1
MP00012243,MP00012243,2023-09-07,13:58:27,PL007,MIL0565730,x@x.com,9999123456,9999123451,9999123452,1,1
MP00012244,MP00012244,2023-09-07,13:58:27,PL006,MIL0371137,x@x.com,9999123456,9999123451,9999123452,1,1
MP00012245,MP00012245,2023-09-07,13:58:27,PL006,MIL0069468,x@x.com,9999123456,9999123451,9999123452,1,1
MP00012246,MP00012246,2023-09-07,13:58:27,PL008,MIL0395895,x@x.com,9999123456,9999123451,9999123452,1,1
MP00012247,MP00012247,2023-09-07,13:58:27,PL002,MIL0428758,x@x.com,9999123456,9999123451,9999123452,1,1
MP00012248,MP00012248,2023-09-07,13:58:27,PL007,MIL0386225,x@x.com,9999123456,9999123451,9999123452,1,1
MP00012249,MP00012249,2023-09-07,13:58:27,PL002,MIL0140517,x@x.com,9999123456,9999123451,9999123452,1,1
MP00012250,MP00012250,2023-09-07,13:58:27,PL007,MIL0511931,x@x.com,9999123456,9999123451,9999123452,1,1
MP00012251,MP00012251,2023-09-07,13:58:27,PL005,MIL0096254,x@x.com,9999123456,9999123451,9999123452,1,1
MP00012252,MP00012252,2023-09-07,13:58:27,PL008,MIL0434149,x@x.com,9999123456,9999123451,9999123452,1,1
MP00012253,MP00012253,2023-09-07,13:58:27,PL013,MIL0137078,x@x.com,9999123456,9999123451,9999123452,1,1
MP00012254,MP00012254,2023-09-07,13:58:27,PL003,MIL0526057,x@x.com,9999123456,9999123451,9999123452,1,1
MP00012255,MP00012255,2023-09-07,13:58:27,PL011,MIL0484068,x@x.com,9999123456,9999123451,9999123452,1,1
MP00012256,MP00012256,2023-09-07,13:58:27,PL008,MIL0559228,x@x.com,9999123456,9999123451,9999123452,1,1
MP00012257,MP00012257,2023-09-07,13:58:27,PL001,MIL0342871,x@x.com,9999123456,9999123451,9999123452,1,1
MP00012258,MP00012258,2023-09-07,13:58:27,PL004,MIL0341605,x@x.com,9999123456,9999123451,9999123452,1,1
MP00012259,MP00012259,2023-09-07,13:58:27,PL001,MIL0310109,x@x.com,9999123456,9999123451,9999123452,1,1
MP00012260,MP00012260,2023-09-07,13:58:27,PL004,MIL0232454,x@x.com,9999123456,9999123451,9999123452,1,1
MP00012261,MP00012261,2023-09-07,13:58:27,PL011,MIL0509388,x@x.com,9999123456,9999123451,9999123452,1,1
MP00012262,MP00012262,2023-09-07,13:58:27,PL011,MIL0071608,x@x.com,9999123456,9999123451,9999123452,1,1
MP00012263,MP00012263,2023-09-07,13:58:27,PL011,MIL0283279,x@x.com,9999123456,9999123451,9999123452,1,1
MP00012264,MP00012264,2023-09-07,13:58:27,PL011,MIL0388593,x@x.com,9999123456,9999123451,9999123452,1,1
MP00012265,MP00012265,2023-09-07,13:58:27,PL013,MIL0196332,x@x.com,9999123456,9999123451,9999123452,1,1
MP00012266,MP00012266,2023-09-07,13:58:27,PL001,MIL0382386,x@x.com,9999123456,9999123451,9999123452,1,1
MP00012267,MP00012267,2023-09-07,13:58:27,PL009,MIL0287935,x@x.com,9999123456,9999123451,9999123452,1,1
MP00012268,MP00012268,2023-09-07,13:58:27,PL011,MIL0117869,x@x.com,9999123456,9999123451,9999123452,1,1
MP00012269,MP00012269,2023-09-07,13:58:27,PL001,MIL0239873,x@x.com,9999123456,9999123451,9999123452,1,1
MP00012270,MP00012270,2023-09-07,13:58:27,PL004,MIL0514785,x@x.com,9999123456,9999123451,9999123452,1,1
MP00012271,MP00012271,2023-09-07,13:58:27,PL002,MIL0576223,x@x.com,9999123456,9999123451,9999123452,1,1
MP00012272,MP00012272,2023-09-07,13:58:27,PL007,MIL0088790,x@x.com,9999123456,9999123451,9999123452,1,1
MP00012273,MP00012273,2023-09-07,13:58:27,PL013,MIL0066756,x@x.com,9999123456,9999123451,9999123452,1,1
MP00012274,MP00012274,2023-09-07,13:58:27,PL009,MIL0070552,x@x.com,9999123456,9999123451,9999123452,1,1
MP00012275,MP00012275,2023-09-07,13:58:27,PL008,MIL0019953,x@x.com,9999123456,9999123451,9999123452,1,1
MP00012276,MP00012276,2023-09-07,13:58:27,PL004,MIL0164817,x@x.com,9999123456,9999123451,9999123452,1,1
MP00012277,MP00012277,2023-09-07,13:58:27,PL004,MIL0259107,x@x.com,9999123456,9999123451,9999123452,1,1
MP00012278,MP00012278,2023-09-07,13:58:27,PL010,MIL0486409,x@x.com,9999123456,9999123451,9999123452,1,1
MP00012279,MP00012279,2023-09-07,13:58:27,PL012,MIL0577609,x@x.com,9999123456,9999123451,9999123452,1,1
MP00012280,MP00012280,2023-09-07,13:58:27,PL003,MIL0210688,x@x.com,9999123456,9999123451,9999123452,1,1
MP00012281,MP00012281,2023-09-07,13:58:27,PL003,MIL0343579,x@x.com,9999123456,9999123451,9999123452,1,1
MP00012282,MP00012282,2023-09-07,13:58:27,PL011,MIL0172314,x@x.com,9999123456,9999123451,9999123452,1,1
MP00012283,MP00012283,2023-09-07,13:58:27,PL009,MIL0179659,x@x.com,9999123456,9999123451,9999123452,1,1
MP00012284,MP00012284,2023-09-07,13:58:27,PL007,MIL0509437,x@x.com,9999123456,9999123451,9999123452,1,1
MP00012285,MP00012285,2023-09-07,13:58:27,PL013,MIL0144842,x@x.com,9999123456,9999123451,9999123452,1,1
MP00012286,MP00012286,2023-09-07,13:58:27,PL005,MIL0504735,x@x.com,9999123456,9999123451,9999123452,1,1
MP00012287,MP00012287,2023-09-07,13:58:27,PL010,MIL0020961,x@x.com,9999123456,9999123451,9999123452,1,1
MP00012288,MP00012288,2023-09-07,13:58:27,PL011,MIL0173953,x@x.com,9999123456,9999123451,9999123452,1,1
MP00012289,MP00012289,2023-09-07,13:58:27,PL006,MIL0025952,x@x.com,9999123456,9999123451,9999123452,1,1
MP00012290,MP00012290,2023-09-07,13:58:27,PL012,MIL0153450,x@x.com,9999123456,9999123451,9999123452,1,1
MP00012291,MP00012291,2023-09-07,13:58:27,PL007,MIL0039762,x@x.com,9999123456,9999123451,9999123452,1,1
MP00012292,MP00012292,2023-09-07,13:58:27,PL004,MIL0332451,x@x.com,9999123456,9999123451,9999123452,1,1
MP00012293,MP00012293,2023-09-07,13:58:27,PL012,MIL0074327,x@x.com,9999123456,9999123451,9999123452,1,1
MP00012294,MP00012294,2023-09-07,13:58:27,PL013,MIL0118794,x@x.com,9999123456,9999123451,9999123452,1,1
MP00012295,MP00012295,2023-09-07,13:58:27,PL007,MIL0402656,x@x.com,9999123456,9999123451,9999123452,1,1
MP00012296,MP00012296,2023-09-07,13:58:27,PL011,MIL0562882,x@x.com,9999123456,9999123451,9999123452,1,1
MP00012297,MP00012297,2023-09-07,13:58:27,PL006,MIL0517813,x@x.com,9999123456,9999123451,9999123452,1,1
MP00012298,MP00012298,2023-09-07,13:58:27,PL004,MIL0321451,x@x.com,9999123456,9999123451,9999123452,1,1
MP00012299,MP00012299,2023-09-07,13:58:27,PL013,MIL0253256,x@x.com,9999123456,9999123451,9999123452,1,1
MP00012300,MP00012300,2023-09-07,13:58:27,PL005,MIL0177322,x@x.com,9999123456,9999123451,9999123452,1,1
MP00012301,MP00012301,2023-09-07,13:58:27,PL002,MIL0238161,x@x.com,9999123456,9999123451,9999123452,1,1
MP00012302,MP00012302,2023-09-07,13:58:27,PL008,MIL0494517,x@x.com,9999123456,9999123451,9999123452,1,1
MP00012303,MP00012303,2023-09-07,13:58:27,PL013,MIL0474853,x@x.com,9999123456,9999123451,9999123452,1,1
MP00012304,MP00012304,2023-09-07,13:58:27,PL003,MIL0119077,x@x.com,9999123456,9999123451,9999123452,1,1
MP00012305,MP00012305,2023-09-07,13:58:27,PL003,MIL0283237,x@x.com,9999123456,9999123451,9999123452,1,1
MP00012306,MP00012306,2023-09-07,13:58:27,PL004,MIL0548530,x@x.com,9999123456,9999123451,9999123452,1,1
MP00012307,MP00012307,2023-09-07,13:58:27,PL004,MIL0262063,x@x.com,9999123456,9999123451,9999123452,1,1
MP00012308,MP00012308,2023-09-07,13:58:27,PL001,MIL0159291,x@x.com,9999123456,9999123451,9999123452,1,1
MP00012309,MP00012309,2023-09-07,13:58:27,PL011,MIL0174690,x@x.com,9999123456,9999123451,9999123452,1,1
MP00012310,MP00012310,2023-09-07,13:58:27,PL005,MIL0428289,x@x.com,9999123456,9999123451,9999123452,1,1
MP00012311,MP00012311,2023-09-07,13:58:27,PL004,MIL0538679,x@x.com,9999123456,9999123451,9999123452,1,1
MP00012312,MP00012312,2023-09-07,13:58:27,PL004,MIL0234250,x@x.com,9999123456,9999123451,9999123452,1,1
MP00012313,MP00012313,2023-09-07,13:58:27,PL008,MIL0012970,x@x.com,9999123456,9999123451,9999123452,1,1
MP00012314,MP00012314,2023-09-07,13:58:27,PL010,MIL0400028,x@x.com,9999123456,9999123451,9999123452,1,1
MP00012315,MP00012315,2023-09-07,13:58:27,PL012,MIL0104731,x@x.com,9999123456,9999123451,9999123452,1,1
MP00012316,MP00012316,2023-09-07,13:58:27,PL013,MIL0068626,x@x.com,9999123456,9999123451,9999123452,1,1
MP00012317,MP00012317,2023-09-07,13:58:27,PL007,MIL0485529,x@x.com,9999123456,9999123451,9999123452,1,1
MP00012318,MP00012318,2023-09-07,13:58:27,PL004,MIL0246214,x@x.com,9999123456,9999123451,9999123452,1,1
MP00012319,MP00012319,2023-09-07,13:58:27,PL003,MIL0023422,x@x.com,9999123456,9999123451,9999123452,1,1
MP00012320,MP00012320,2023-09-07,13:58:27,PL009,MIL0572353,x@x.com,9999123456,9999123451,9999123452,1,1
MP00012321,MP00012321,2023-09-07,13:58:27,PL010,MIL0323603,x@x.com,9999123456,9999123451,9999123452,1,1
MP00012322,MP00012322,2023-09-07,13:58:27,PL002,MIL0374995,x@x.com,9999123456,9999123451,9999123452,1,1
MP00012323,MP00012323,2023-09-07,13:58:27,PL007,MIL0577447,x@x.com,9999123456,9999123451,9999123452,1,1
MP00012324,MP00012324,2023-09-07,13:58:27,PL013,MIL0327225,x@x.com,9999123456,9999123451,9999123452,1,1
MP00012325,MP00012325,2023-09-07,13:58:27,PL004,MIL0359780,x@x.com,9999123456,9999123451,9999123452,1,1
MP00012326,MP00012326,2023-09-07,13:58:27,PL009,MIL0336775,x@x.com,9999123456,9999123451,9999123452,1,1
MP00012327,MP00012327,2023-09-07,13:58:27,PL010,MIL0294627,x@x.com,9999123456,9999123451,9999123452,1,1
MP00012328,MP00012328,2023-09-07,13:58:27,PL009,MIL0245169,x@x.com,9999123456,9999123451,9999123452,1,1
MP00012329,MP00012329,2023-09-07,13:58:27,PL008,MIL0259749,x@x.com,9999123456,9999123451,9999123452,1,1
MP00012330,MP00012330,2023-09-07,13:58:27,PL008,MIL0471071,x@x.com,9999123456,9999123451,9999123452,1,1
MP00012331,MP00012331,2023-09-07,13:58:27,PL013,MIL0143091,x@x.com,9999123456,9999123451,9999123452,1,1
MP00012332,MP00012332,2023-09-07,13:58:27,PL005,MIL0441705,x@x.com,9999123456,9999123451,9999123452,1,1
MP00012333,MP00012333,2023-09-07,13:58:27,PL009,MIL0276353,x@x.com,9999123456,9999123451,9999123452,1,1
MP00012334,MP00012334,2023-09-07,13:58:27,PL004,MIL0112630,x@x.com,9999123456,9999123451,9999123452,1,1
MP00012335,MP00012335,2023-09-07,13:58:27,PL001,MIL0395885,x@x.com,9999123456,9999123451,9999123452,1,1
MP00012336,MP00012336,2023-09-07,13:58:27,PL007,MIL0256521,x@x.com,9999123456,9999123451,9999123452,1,1
MP00012337,MP00012337,2023-09-07,13:58:27,PL012,MIL0286520,x@x.com,9999123456,9999123451,9999123452,1,1
MP00012338,MP00012338,2023-09-07,13:58:27,PL013,MIL0421290,x@x.com,9999123456,9999123451,9999123452,1,1
MP00012339,MP00012339,2023-09-07,13:58:27,PL003,MIL0328201,x@x.com,9999123456,9999123451,9999123452,1,1
MP00012340,MP00012340,2023-09-07,13:58:27,PL009,MIL0409023,x@x.com,9999123456,9999123451,9999123452,1,1
MP00012341,MP00012341,2023-09-07,13:58:27,PL012,MIL0105984,x@x.com,9999123456,9999123451,9999123452,1,1
MP00012342,MP00012342,2023-09-07,13:58:27,PL006,MIL0165708,x@x.com,9999123456,9999123451,9999123452,1,1
MP00012343,MP00012343,2023-09-07,13:58:27,PL008,MIL0447451,x@x.com,9999123456,9999123451,9999123452,1,1
MP00012344,MP00012344,2023-09-07,13:58:27,PL012,MIL0439254,x@x.com,9999123456,9999123451,9999123452,1,1
MP00012345,MP00012345,2023-09-07,13:58:27,PL007,MIL0205076,x@x.com,9999123456,9999123451,9999123452,1,1
MP00012346,MP00012346,2023-09-07,13:58:27,PL012,MIL0107021,x@x.com,9999123456,9999123451,9999123452,1,1
MP00012347,MP00012347,2023-09-07,13:58:27,PL008,MIL0276331,x@x.com,9999123456,9999123451,9999123452,1,1
MP00012348,MP00012348,2023-09-07,13:58:27,PL002,MIL0323882,x@x.com,9999123456,9999123451,9999123452,1,1
MP00012349,MP00012349,2023-09-07,13:58:27,PL009,MIL0066238,x@x.com,9999123456,9999123451,9999123452,1,1
MP00012350,MP00012350,2023-09-07,13:58:27,PL008,MIL0444929,x@x.com,9999123456,9999123451,9999123452,1,1
MP00012351,MP00012351,2023-09-07,13:58:27,PL004,MIL0187865,x@x.com,9999123456,9999123451,9999123452,1,1
MP00012352,MP00012352,2023-09-07,13:58:27,PL005,MIL0326694,x@x.com,9999123456,9999123451,9999123452,1,1
MP00012353,MP00012353,2023-09-07,13:58:27,PL003,MIL0091343,x@x.com,9999123456,9999123451,9999123452,1,1
MP00012354,MP00012354,2023-09-07,13:58:27,PL010,MIL0505436,x@x.com,9999123456,9999123451,9999123452,1,1
MP00012355,MP00012355,2023-09-07,13:58:27,PL009,MIL0109885,x@x.com,9999123456,9999123451,9999123452,1,1
MP00012356,MP00012356,2023-09-07,13:58:27,PL005,MIL0483940,x@x.com,9999123456,9999123451,9999123452,1,1
MP00012357,MP00012357,2023-09-07,13:58:27,PL013,MIL0301098,x@x.com,9999123456,9999123451,9999123452,1,1
MP00012358,MP00012358,2023-09-07,13:58:27,PL012,MIL0401995,x@x.com,9999123456,9999123451,9999123452,1,1
MP00012359,MP00012359,2023-09-07,13:58:27,PL007,MIL0344058,x@x.com,9999123456,9999123451,9999123452,1,1
MP00012360,MP00012360,2023-09-07,13:58:27,PL011,MIL0558120,x@x.com,9999123456,9999123451,9999123452,1,1
MP00012361,MP00012361,2023-09-07,13:58:27,PL011,MIL0474908,x@x.com,9999123456,9999123451,9999123452,1,1
MP00012362,MP00012362,2023-09-07,13:58:27,PL001,MIL0285034,x@x.com,9999123456,9999123451,9999123452,1,1
MP00012363,MP00012363,2023-09-07,13:58:27,PL009,MIL0462210,x@x.com,9999123456,9999123451,9999123452,1,1
MP00012364,MP00012364,2023-09-07,13:58:27,PL008,MIL0311534,x@x.com,9999123456,9999123451,9999123452,1,1
MP00012365,MP00012365,2023-09-07,13:58:27,PL002,MIL0423811,x@x.com,9999123456,9999123451,9999123452,1,1
MP00012366,MP00012366,2023-09-07,13:58:27,PL006,MIL0465124,x@x.com,9999123456,9999123451,9999123452,1,1
MP00012367,MP00012367,2023-09-07,13:58:27,PL012,MIL0253160,x@x.com,9999123456,9999123451,9999123452,1,1
MP00012368,MP00012368,2023-09-07,13:58:27,PL008,MIL0142201,x@x.com,9999123456,9999123451,9999123452,1,1
MP00012369,MP00012369,2023-09-07,13:58:27,PL013,MIL0439844,x@x.com,9999123456,9999123451,9999123452,1,1
MP00012370,MP00012370,2023-09-07,13:58:27,PL007,MIL0556884,x@x.com,9999123456,9999123451,9999123452,1,1
MP00012371,MP00012371,2023-09-07,13:58:27,PL013,MIL0267274,x@x.com,9999123456,9999123451,9999123452,1,1
MP00012372,MP00012372,2023-09-07,13:58:27,PL010,MIL0580425,x@x.com,9999123456,9999123451,9999123452,1,1
MP00012373,MP00012373,2023-09-07,13:58:27,PL007,MIL0166150,x@x.com,9999123456,9999123451,9999123452,1,1
MP00012374,MP00012374,2023-09-07,13:58:27,PL002,MIL0333345,x@x.com,9999123456,9999123451,9999123452,1,1
MP00012375,MP00012375,2023-09-07,13:58:27,PL006,MIL0229135,x@x.com,9999123456,9999123451,9999123452,1,1
MP00012376,MP00012376,2023-09-07,13:58:27,PL002,MIL0010555,x@x.com,9999123456,9999123451,9999123452,1,1
MP00012377,MP00012377,2023-09-07,13:58:27,PL012,MIL0144347,x@x.com,9999123456,9999123451,9999123452,1,1
MP00012378,MP00012378,2023-09-07,13:58:27,PL002,MIL0539364,x@x.com,9999123456,9999123451,9999123452,1,1
MP00012379,MP00012379,2023-09-07,13:58:27,PL011,MIL0407819,x@x.com,9999123456,9999123451,9999123452,1,1
MP00012380,MP00012380,2023-09-07,13:58:27,PL005,MIL0031543,x@x.com,9999123456,9999123451,9999123452,1,1
MP00012381,MP00012381,2023-09-07,13:58:27,PL007,MIL0088717,x@x.com,9999123456,9999123451,9999123452,1,1
MP00012382,MP00012382,2023-09-07,13:58:27,PL012,MIL0341422,x@x.com,9999123456,9999123451,9999123452,1,1
MP00012383,MP00012383,2023-09-07,13:58:27,PL003,MIL0287631,x@x.com,9999123456,9999123451,9999123452,1,1
MP00012384,MP00012384,2023-09-07,13:58:27,PL011,MIL0216328,x@x.com,9999123456,9999123451,9999123452,1,1
MP00012385,MP00012385,2023-09-07,13:58:27,PL005,MIL0161683,x@x.com,9999123456,9999123451,9999123452,1,1
MP00012386,MP00012386,2023-09-07,13:58:27,PL003,MIL0450807,x@x.com,9999123456,9999123451,9999123452,1,1
MP00012387,MP00012387,2023-09-07,13:58:27,PL005,MIL0552074,x@x.com,9999123456,9999123451,9999123452,1,1
MP00012388,MP00012388,2023-09-07,13:58:27,PL006,MIL0415497,x@x.com,9999123456,9999123451,9999123452,1,1
MP00012389,MP00012389,2023-09-07,13:58:27,PL012,MIL0555350,x@x.com,9999123456,9999123451,9999123452,1,1
MP00012390,MP00012390,2023-09-07,13:58:27,PL003,MIL0564787,x@x.com,9999123456,9999123451,9999123452,1,1
MP00012391,MP00012391,2023-09-07,13:58:27,PL004,MIL0508061,x@x.com,9999123456,9999123451,9999123452,1,1
MP00012392,MP00012392,2023-09-07,13:58:27,PL001,MIL0213187,x@x.com,9999123456,9999123451,9999123452,1,1
MP00012393,MP00012393,2023-09-07,13:58:27,PL001,MIL0144847,x@x.com,9999123456,9999123451,9999123452,1,1
MP00012394,MP00012394,2023-09-07,13:58:27,PL010,MIL0272112,x@x.com,9999123456,9999123451,9999123452,1,1
MP00012395,MP00012395,2023-09-07,13:58:27,PL012,MIL0316528,x@x.com,9999123456,9999123451,9999123452,1,1
MP00012396,MP00012396,2023-09-07,13:58:27,PL012,MIL0385025,x@x.com,9999123456,9999123451,9999123452,1,1
MP00012397,MP00012397,2023-09-07,13:58:27,PL011,MIL0112567,x@x.com,9999123456,9999123451,9999123452,1,1
MP00012398,MP00012398,2023-09-07,13:58:27,PL011,MIL0268686,x@x.com,9999123456,9999123451,9999123452,1,1
MP00012399,MP00012399,2023-09-07,13:58:27,PL010,MIL0389883,x@x.com,9999123456,9999123451,9999123452,1,1
MP00012400,MP00012400,2023-09-07,13:58:27,PL010,MIL0246040,x@x.com,9999123456,9999123451,9999123452,1,1
MP00012401,MP00012401,2023-09-07,13:58:27,PL001,MIL0495409,x@x.com,9999123456,9999123451,9999123452,1,1
MP00012402,MP00012402,2023-09-07,13:58:27,PL002,MIL0248660,x@x.com,9999123456,9999123451,9999123452,1,1
MP00012403,MP00012403,2023-09-07,13:58:27,PL007,MIL0485154,x@x.com,9999123456,9999123451,9999123452,1,1
MP00012404,MP00012404,2023-09-07,13:58:27,PL009,MIL0447088,x@x.com,9999123456,9999123451,9999123452,1,1
MP00012405,MP00012405,2023-09-07,13:58:27,PL002,MIL0046066,x@x.com,9999123456,9999123451,9999123452,1,1
MP00012406,MP00012406,2023-09-07,13:58:27,PL005,MIL0532313,x@x.com,9999123456,9999123451,9999123452,1,1
MP00012407,MP00012407,2023-09-07,13:58:27,PL012,MIL0408235,x@x.com,9999123456,9999123451,9999123452,1,1
MP00012408,MP00012408,2023-09-07,13:58:27,PL004,MIL0543828,x@x.com,9999123456,9999123451,9999123452,1,1
MP00012409,MP00012409,2023-09-07,13:58:27,PL009,MIL0475936,x@x.com,9999123456,9999123451,9999123452,1,1
MP00012410,MP00012410,2023-09-07,13:58:27,PL007,MIL0238732,x@x.com,9999123456,9999123451,9999123452,1,1
MP00012411,MP00012411,2023-09-07,13:58:27,PL004,MIL0362387,x@x.com,9999123456,9999123451,9999123452,1,1
MP00012412,MP00012412,2023-09-07,13:58:27,PL009,MIL0373315,x@x.com,9999123456,9999123451,9999123452,1,1
MP00012413,MP00012413,2023-09-07,13:58:27,PL010,MIL0440693,x@x.com,9999123456,9999123451,9999123452,1,1
MP00012414,MP00012414,2023-09-07,13:58:27,PL004,MIL0486401,x@x.com,9999123456,9999123451,9999123452,1,1
MP00012415,MP00012415,2023-09-07,13:58:27,PL013,MIL0047640,x@x.com,9999123456,9999123451,9999123452,1,1
MP00012416,MP00012416,2023-09-07,13:58:27,PL001,MIL0571247,x@x.com,9999123456,9999123451,9999123452,1,1
MP00012417,MP00012417,2023-09-07,13:58:27,PL006,MIL0152024,x@x.com,9999123456,9999123451,9999123452,1,1
MP00012418,MP00012418,2023-09-07,13:58:27,PL011,MIL0058944,x@x.com,9999123456,9999123451,9999123452,1,1
MP00012419,MP00012419,2023-09-07,13:58:27,PL012,MIL0240534,x@x.com,9999123456,9999123451,9999123452,1,1
MP00012420,MP00012420,2023-09-07,13:58:27,PL006,MIL0008233,x@x.com,9999123456,9999123451,9999123452,1,1
MP00012421,MP00012421,2023-09-07,13:58:27,PL005,MIL0538928,x@x.com,9999123456,9999123451,9999123452,1,1
MP00012422,MP00012422,2023-09-07,13:58:27,PL003,MIL0045656,x@x.com,9999123456,9999123451,9999123452,1,1
MP00012423,MP00012423,2023-09-07,13:58:27,PL013,MIL0577079,x@x.com,9999123456,9999123451,9999123452,1,1
MP00012424,MP00012424,2023-09-07,13:58:27,PL006,MIL0556827,x@x.com,9999123456,9999123451,9999123452,1,1
MP00012425,MP00012425,2023-09-07,13:58:27,PL003,MIL0376671,x@x.com,9999123456,9999123451,9999123452,1,1
MP00012426,MP00012426,2023-09-07,13:58:27,PL011,MIL0095954,x@x.com,9999123456,9999123451,9999123452,1,1
MP00012427,MP00012427,2023-09-07,13:58:27,PL008,MIL0204844,x@x.com,9999123456,9999123451,9999123452,1,1
MP00012428,MP00012428,2023-09-07,13:58:27,PL006,MIL0368692,x@x.com,9999123456,9999123451,9999123452,1,1
MP00012429,MP00012429,2023-09-07,13:58:27,PL005,MIL0253677,x@x.com,9999123456,9999123451,9999123452,1,1
MP00012430,MP00012430,2023-09-07,13:58:27,PL013,MIL0344877,x@x.com,9999123456,9999123451,9999123452,1,1
MP00012431,MP00012431,2023-09-07,13:58:27,PL004,MIL0548693,x@x.com,9999123456,9999123451,9999123452,1,1
MP00012432,MP00012432,2023-09-07,13:58:27,PL007,MIL0119859,x@x.com,9999123456,9999123451,9999123452,1,1
MP00012433,MP00012433,2023-09-07,13:58:27,PL011,MIL0302937,x@x.com,9999123456,9999123451,9999123452,1,1
MP00012434,MP00012434,2023-09-07,13:58:27,PL001,MIL0162677,x@x.com,9999123456,9999123451,9999123452,1,1
MP00012435,MP00012435,2023-09-07,13:58:27,PL006,MIL0227330,x@x.com,9999123456,9999123451,9999123452,1,1
MP00012436,MP00012436,2023-09-07,13:58:27,PL008,MIL0355058,x@x.com,9999123456,9999123451,9999123452,1,1
MP00012437,MP00012437,2023-09-07,13:58:27,PL008,MIL0025569,x@x.com,9999123456,9999123451,9999123452,1,1
MP00012438,MP00012438,2023-09-07,13:58:27,PL006,MIL0386483,x@x.com,9999123456,9999123451,9999123452,1,1
MP00012439,MP00012439,2023-09-07,13:58:27,PL003,MIL0032628,x@x.com,9999123456,9999123451,9999123452,1,1
MP00012440,MP00012440,2023-09-07,13:58:27,PL001,MIL0390844,x@x.com,9999123456,9999123451,9999123452,1,1
MP00012441,MP00012441,2023-09-07,13:58:27,PL002,MIL0152169,x@x.com,9999123456,9999123451,9999123452,1,1
MP00012442,MP00012442,2023-09-07,13:58:27,PL007,MIL0303832,x@x.com,9999123456,9999123451,9999123452,1,1
MP00012443,MP00012443,2023-09-07,13:58:27,PL010,MIL0101310,x@x.com,9999123456,9999123451,9999123452,1,1
MP00012444,MP00012444,2023-09-07,13:58:27,PL012,MIL0302076,x@x.com,9999123456,9999123451,9999123452,1,1
MP00012445,MP00012445,2023-09-07,13:58:27,PL013,MIL0141395,x@x.com,9999123456,9999123451,9999123452,1,1
MP00012446,MP00012446,2023-09-07,13:58:27,PL004,MIL0150045,x@x.com,9999123456,9999123451,9999123452,1,1
MP00012447,MP00012447,2023-09-07,13:58:27,PL001,MIL0172967,x@x.com,9999123456,9999123451,9999123452,1,1
MP00012448,MP00012448,2023-09-07,13:58:27,PL006,MIL0283333,x@x.com,9999123456,9999123451,9999123452,1,1
MP00012449,MP00012449,2023-09-07,13:58:27,PL011,MIL0508220,x@x.com,9999123456,9999123451,9999123452,1,1
MP00012450,MP00012450,2023-09-07,13:58:27,PL004,MIL0222102,x@x.com,9999123456,9999123451,9999123452,1,1
MP00012451,MP00012451,2023-09-07,13:58:27,PL005,MIL0209580,x@x.com,9999123456,9999123451,9999123452,1,1
MP00012452,MP00012452,2023-09-07,13:58:27,PL001,MIL0316948,x@x.com,9999123456,9999123451,9999123452,1,1
MP00012453,MP00012453,2023-09-07,13:58:27,PL011,MIL0397193,x@x.com,9999123456,9999123451,9999123452,1,1
MP00012454,MP00012454,2023-09-07,13:58:27,PL002,MIL0367220,x@x.com,9999123456,9999123451,9999123452,1,1
MP00012455,MP00012455,2023-09-07,13:58:27,PL011,MIL0380079,x@x.com,9999123456,9999123451,9999123452,1,1
MP00012456,MP00012456,2023-09-07,13:58:27,PL007,MIL0046517,x@x.com,9999123456,9999123451,9999123452,1,1
MP00012457,MP00012457,2023-09-07,13:58:27,PL009,MIL0527182,x@x.com,9999123456,9999123451,9999123452,1,1
MP00012458,MP00012458,2023-09-07,13:58:27,PL011,MIL0478432,x@x.com,9999123456,9999123451,9999123452,1,1
MP00012459,MP00012459,2023-09-07,13:58:27,PL001,MIL0555616,x@x.com,9999123456,9999123451,9999123452,1,1
MP00012460,MP00012460,2023-09-07,13:58:27,PL007,MIL0552669,x@x.com,9999123456,9999123451,9999123452,1,1
MP00012461,MP00012461,2023-09-07,13:58:27,PL003,MIL0074852,x@x.com,9999123456,9999123451,9999123452,1,1
MP00012462,MP00012462,2023-09-07,13:58:27,PL002,MIL0312536,x@x.com,9999123456,9999123451,9999123452,1,1
MP00012463,MP00012463,2023-09-07,13:58:27,PL006,MIL0432960,x@x.com,9999123456,9999123451,9999123452,1,1
MP00012464,MP00012464,2023-09-07,13:58:27,PL006,MIL0426141,x@x.com,9999123456,9999123451,9999123452,1,1
MP00012465,MP00012465,2023-09-07,13:58:27,PL012,MIL0023427,x@x.com,9999123456,9999123451,9999123452,1,1
MP00012466,MP00012466,2023-09-07,13:58:27,PL008,MIL0079031,x@x.com,9999123456,9999123451,9999123452,1,1
MP00012467,MP00012467,2023-09-07,13:58:27,PL005,MIL0094681,x@x.com,9999123456,9999123451,9999123452,1,1
MP00012468,MP00012468,2023-09-07,13:58:27,PL006,MIL0434954,x@x.com,9999123456,9999123451,9999123452,1,1
MP00012469,MP00012469,2023-09-07,13:58:27,PL004,MIL0148396,x@x.com,9999123456,9999123451,9999123452,1,1
MP00012470,MP00012470,2023-09-07,13:58:27,PL006,MIL0226986,x@x.com,9999123456,9999123451,9999123452,1,1
MP00012471,MP00012471,2023-09-07,13:58:27,PL005,MIL0196515,x@x.com,9999123456,9999123451,9999123452,1,1
MP00012472,MP00012472,2023-09-07,13:58:27,PL008,MIL0431737,x@x.com,9999123456,9999123451,9999123452,1,1
MP00012473,MP00012473,2023-09-07,13:58:27,PL008,MIL0133161,x@x.com,9999123456,9999123451,9999123452,1,1
MP00012474,MP00012474,2023-09-07,13:58:27,PL013,MIL0224361,x@x.com,9999123456,9999123451,9999123452,1,1
MP00012475,MP00012475,2023-09-07,13:58:27,PL003,MIL0387561,x@x.com,9999123456,9999123451,9999123452,1,1
MP00012476,MP00012476,2023-09-07,13:58:27,PL007,MIL0346735,x@x.com,9999123456,9999123451,9999123452,1,1
MP00012477,MP00012477,2023-09-07,13:58:27,PL005,MIL0495949,x@x.com,9999123456,9999123451,9999123452,1,1
MP00012478,MP00012478,2023-09-07,13:58:27,PL001,MIL0240761,x@x.com,9999123456,9999123451,9999123452,1,1
MP00012479,MP00012479,2023-09-07,13:58:27,PL013,MIL0028496,x@x.com,9999123456,9999123451,9999123452,1,1
MP00012480,MP00012480,2023-09-07,13:58:27,PL008,MIL0542259,x@x.com,9999123456,9999123451,9999123452,1,1
MP00012481,MP00012481,2023-09-07,13:58:27,PL011,MIL0368581,x@x.com,9999123456,9999123451,9999123452,1,1
MP00012482,MP00012482,2023-09-07,13:58:27,PL005,MIL0186361,x@x.com,9999123456,9999123451,9999123452,1,1
MP00012483,MP00012483,2023-09-07,13:58:27,PL003,MIL0489363,x@x.com,9999123456,9999123451,9999123452,1,1
MP00012484,MP00012484,2023-09-07,13:58:27,PL009,MIL0172895,x@x.com,9999123456,9999123451,9999123452,1,1
MP00012485,MP00012485,2023-09-07,13:58:27,PL002,MIL0212477,x@x.com,9999123456,9999123451,9999123452,1,1
MP00012486,MP00012486,2023-09-07,13:58:27,PL003,MIL0069874,x@x.com,9999123456,9999123451,9999123452,1,1
MP00012487,MP00012487,2023-09-07,13:58:27,PL012,MIL0061782,x@x.com,9999123456,9999123451,9999123452,1,1
MP00012488,MP00012488,2023-09-07,13:58:27,PL008,MIL0516472,x@x.com,9999123456,9999123451,9999123452,1,1
MP00012489,MP00012489,2023-09-07,13:58:27,PL012,MIL0260465,x@x.com,9999123456,9999123451,9999123452,1,1
MP00012490,MP00012490,2023-09-07,13:58:27,PL008,MIL0291807,x@x.com,9999123456,9999123451,9999123452,1,1
MP00012491,MP00012491,2023-09-07,13:58:27,PL005,MIL0263503,x@x.com,9999123456,9999123451,9999123452,1,1
MP00012492,MP00012492,2023-09-07,13:58:27,PL006,MIL0217068,x@x.com,9999123456,9999123451,9999123452,1,1
MP00012493,MP00012493,2023-09-07,13:58:27,PL008,MIL0025209,x@x.com,9999123456,9999123451,9999123452,1,1
MP00012494,MP00012494,2023-09-07,13:58:27,PL001,MIL0438563,x@x.com,9999123456,9999123451,9999123452,1,1
MP00012495,MP00012495,2023-09-07,13:58:27,PL007,MIL0091420,x@x.com,9999123456,9999123451,9999123452,1,1
MP00012496,MP00012496,2023-09-07,13:58:27,PL006,MIL0481011,x@x.com,9999123456,9999123451,9999123452,1,1
MP00012497,MP00012497,2023-09-07,13:58:27,PL001,MIL0574242,x@x.com,9999123456,9999123451,9999123452,1,1
MP00012498,MP00012498,2023-09-07,13:58:27,PL010,MIL0054047,x@x.com,9999123456,9999123451,9999123452,1,1
MP00012499,MP00012499,2023-09-07,13:58:27,PL001,MIL0579265,x@x.com,9999123456,9999123451,9999123452,1,1
MP00012500,MP00012500,2023-09-07,13:58:27,PL006,MIL0135101,x@x.com,9999123456,9999123451,9999123452,1,1
MP00012501,MP00012501,2023-09-07,13:58:27,PL010,MIL0019802,x@x.com,9999123456,9999123451,9999123452,1,1
MP00012502,MP00012502,2023-09-07,13:58:27,PL011,MIL0147561,x@x.com,9999123456,9999123451,9999123452,1,1
MP00012503,MP00012503,2023-09-07,13:58:27,PL010,MIL0297669,x@x.com,9999123456,9999123451,9999123452,1,1
MP00012504,MP00012504,2023-09-07,13:58:27,PL003,MIL0041006,x@x.com,9999123456,9999123451,9999123452,1,1
MP00012505,MP00012505,2023-09-07,13:58:27,PL001,MIL0016593,x@x.com,9999123456,9999123451,9999123452,1,1
MP00012506,MP00012506,2023-09-07,13:58:27,PL008,MIL0573090,x@x.com,9999123456,9999123451,9999123452,1,1
MP00012507,MP00012507,2023-09-07,13:58:27,PL007,MIL0544605,x@x.com,9999123456,9999123451,9999123452,1,1
MP00012508,MP00012508,2023-09-07,13:58:27,PL010,MIL0087324,x@x.com,9999123456,9999123451,9999123452,1,1
MP00012509,MP00012509,2023-09-07,13:58:27,PL013,MIL0151842,x@x.com,9999123456,9999123451,9999123452,1,1
MP00012510,MP00012510,2023-09-07,13:58:27,PL008,MIL0452486,x@x.com,9999123456,9999123451,9999123452,1,1
MP00012511,MP00012511,2023-09-07,13:58:27,PL008,MIL0242216,x@x.com,9999123456,9999123451,9999123452,1,1
MP00012512,MP00012512,2023-09-07,13:58:27,PL012,MIL0000681,x@x.com,9999123456,9999123451,9999123452,1,1
MP00012513,MP00012513,2023-09-07,13:58:27,PL010,MIL0113207,x@x.com,9999123456,9999123451,9999123452,1,1
MP00012514,MP00012514,2023-09-07,13:58:27,PL005,MIL0488683,x@x.com,9999123456,9999123451,9999123452,1,1
MP00012515,MP00012515,2023-09-07,13:58:27,PL001,MIL0209809,x@x.com,9999123456,9999123451,9999123452,1,1
MP00012516,MP00012516,2023-09-07,13:58:27,PL002,MIL0256646,x@x.com,9999123456,9999123451,9999123452,1,1
MP00012517,MP00012517,2023-09-07,13:58:27,PL006,MIL0152067,x@x.com,9999123456,9999123451,9999123452,1,1
MP00012518,MP00012518,2023-09-07,13:58:27,PL006,MIL0476464,x@x.com,9999123456,9999123451,9999123452,1,1
MP00012519,MP00012519,2023-09-07,13:58:27,PL005,MIL0426673,x@x.com,9999123456,9999123451,9999123452,1,1
MP00012520,MP00012520,2023-09-07,13:58:27,PL013,MIL0538613,x@x.com,9999123456,9999123451,9999123452,1,1
MP00012521,MP00012521,2023-09-07,13:58:27,PL003,MIL0075233,x@x.com,9999123456,9999123451,9999123452,1,1
MP00012522,MP00012522,2023-09-07,13:58:27,PL010,MIL0063634,x@x.com,9999123456,9999123451,9999123452,1,1
MP00012523,MP00012523,2023-09-07,13:58:27,PL005,MIL0186277,x@x.com,9999123456,9999123451,9999123452,1,1
MP00012524,MP00012524,2023-09-07,13:58:27,PL013,MIL0340568,x@x.com,9999123456,9999123451,9999123452,1,1
MP00012525,MP00012525,2023-09-07,13:58:27,PL003,MIL0241744,x@x.com,9999123456,9999123451,9999123452,1,1
MP00012526,MP00012526,2023-09-07,13:58:27,PL012,MIL0274331,x@x.com,9999123456,9999123451,9999123452,1,1
MP00012527,MP00012527,2023-09-07,13:58:27,PL012,MIL0134372,x@x.com,9999123456,9999123451,9999123452,1,1
MP00012528,MP00012528,2023-09-07,13:58:27,PL013,MIL0473506,x@x.com,9999123456,9999123451,9999123452,1,1
MP00012529,MP00012529,2023-09-07,13:58:27,PL004,MIL0325909,x@x.com,9999123456,9999123451,9999123452,1,1
MP00012530,MP00012530,2023-09-07,13:58:27,PL010,MIL0055530,x@x.com,9999123456,9999123451,9999123452,1,1
MP00012531,MP00012531,2023-09-07,13:58:27,PL009,MIL0450746,x@x.com,9999123456,9999123451,9999123452,1,1
MP00012532,MP00012532,2023-09-07,13:58:27,PL004,MIL0395481,x@x.com,9999123456,9999123451,9999123452,1,1
MP00012533,MP00012533,2023-09-07,13:58:27,PL002,MIL0276942,x@x.com,9999123456,9999123451,9999123452,1,1
MP00012534,MP00012534,2023-09-07,13:58:27,PL011,MIL0538630,x@x.com,9999123456,9999123451,9999123452,1,1
MP00012535,MP00012535,2023-09-07,13:58:27,PL001,MIL0451206,x@x.com,9999123456,9999123451,9999123452,1,1
MP00012536,MP00012536,2023-09-07,13:58:27,PL010,MIL0132516,x@x.com,9999123456,9999123451,9999123452,1,1
MP00012537,MP00012537,2023-09-07,13:58:27,PL002,MIL0230707,x@x.com,9999123456,9999123451,9999123452,1,1
MP00012538,MP00012538,2023-09-07,13:58:27,PL008,MIL0272003,x@x.com,9999123456,9999123451,9999123452,1,1
MP00012539,MP00012539,2023-09-07,13:58:27,PL007,MIL0172277,x@x.com,9999123456,9999123451,9999123452,1,1
MP00012540,MP00012540,2023-09-07,13:58:27,PL005,MIL0164151,x@x.com,9999123456,9999123451,9999123452,1,1
MP00012541,MP00012541,2023-09-07,13:58:27,PL004,MIL0410198,x@x.com,9999123456,9999123451,9999123452,1,1
MP00012542,MP00012542,2023-09-07,13:58:27,PL011,MIL0001927,x@x.com,9999123456,9999123451,9999123452,1,1
MP00012543,MP00012543,2023-09-07,13:58:27,PL011,MIL0044487,x@x.com,9999123456,9999123451,9999123452,1,1
MP00012544,MP00012544,2023-09-07,13:58:27,PL010,MIL0435027,x@x.com,9999123456,9999123451,9999123452,1,1
MP00012545,MP00012545,2023-09-07,13:58:27,PL003,MIL0031782,x@x.com,9999123456,9999123451,9999123452,1,1
MP00012546,MP00012546,2023-09-07,13:58:27,PL001,MIL0150161,x@x.com,9999123456,9999123451,9999123452,1,1
MP00012547,MP00012547,2023-09-07,13:58:27,PL002,MIL0085235,x@x.com,9999123456,9999123451,9999123452,1,1
MP00012548,MP00012548,2023-09-07,13:58:27,PL002,MIL0059284,x@x.com,9999123456,9999123451,9999123452,1,1
MP00012549,MP00012549,2023-09-07,13:58:27,PL012,MIL0424983,x@x.com,9999123456,9999123451,9999123452,1,1
MP00012550,MP00012550,2023-09-07,13:58:27,PL009,MIL0093570,x@x.com,9999123456,9999123451,9999123452,1,1
MP00012551,MP00012551,2023-09-07,13:58:27,PL002,MIL0332748,x@x.com,9999123456,9999123451,9999123452,1,1
MP00012552,MP00012552,2023-09-07,13:58:27,PL002,MIL0540975,x@x.com,9999123456,9999123451,9999123452,1,1
MP00012553,MP00012553,2023-09-07,13:58:27,PL004,MIL0028871,x@x.com,9999123456,9999123451,9999123452,1,1
MP00012554,MP00012554,2023-09-07,13:58:27,PL008,MIL0175309,x@x.com,9999123456,9999123451,9999123452,1,1
MP00012555,MP00012555,2023-09-07,13:58:27,PL009,MIL0540109,x@x.com,9999123456,9999123451,9999123452,1,1
MP00012556,MP00012556,2023-09-07,13:58:27,PL001,MIL0124511,x@x.com,9999123456,9999123451,9999123452,1,1
MP00012557,MP00012557,2023-09-07,13:58:27,PL005,MIL0578305,x@x.com,9999123456,9999123451,9999123452,1,1
MP00012558,MP00012558,2023-09-07,13:58:27,PL008,MIL0410271,x@x.com,9999123456,9999123451,9999123452,1,1
MP00012559,MP00012559,2023-09-07,13:58:27,PL003,MIL0294569,x@x.com,9999123456,9999123451,9999123452,1,1
MP00012560,MP00012560,2023-09-07,13:58:27,PL007,MIL0564999,x@x.com,9999123456,9999123451,9999123452,1,1
MP00012561,MP00012561,2023-09-07,13:58:27,PL008,MIL0418094,x@x.com,9999123456,9999123451,9999123452,1,1
MP00012562,MP00012562,2023-09-07,13:58:27,PL008,MIL0050409,x@x.com,9999123456,9999123451,9999123452,1,1
MP00012563,MP00012563,2023-09-07,13:58:27,PL010,MIL0073012,x@x.com,9999123456,9999123451,9999123452,1,1
MP00012564,MP00012564,2023-09-07,13:58:27,PL012,MIL0232062,x@x.com,9999123456,9999123451,9999123452,1,1
MP00012565,MP00012565,2023-09-07,13:58:27,PL003,MIL0197735,x@x.com,9999123456,9999123451,9999123452,1,1
MP00012566,MP00012566,2023-09-07,13:58:27,PL005,MIL0574959,x@x.com,9999123456,9999123451,9999123452,1,1
MP00012567,MP00012567,2023-09-07,13:58:27,PL001,MIL0419964,x@x.com,9999123456,9999123451,9999123452,1,1
MP00012568,MP00012568,2023-09-07,13:58:27,PL009,MIL0381007,x@x.com,9999123456,9999123451,9999123452,1,1
MP00012569,MP00012569,2023-09-07,13:58:27,PL005,MIL0234434,x@x.com,9999123456,9999123451,9999123452,1,1
MP00012570,MP00012570,2023-09-07,13:58:27,PL002,MIL0212018,x@x.com,9999123456,9999123451,9999123452,1,1
MP00012571,MP00012571,2023-09-07,13:58:27,PL009,MIL0572529,x@x.com,9999123456,9999123451,9999123452,1,1
MP00012572,MP00012572,2023-09-07,13:58:27,PL002,MIL0138521,x@x.com,9999123456,9999123451,9999123452,1,1
MP00012573,MP00012573,2023-09-07,13:58:27,PL004,MIL0311505,x@x.com,9999123456,9999123451,9999123452,1,1
MP00012574,MP00012574,2023-09-07,13:58:27,PL002,MIL0258400,x@x.com,9999123456,9999123451,9999123452,1,1
MP00012575,MP00012575,2023-09-07,13:58:27,PL013,MIL0459259,x@x.com,9999123456,9999123451,9999123452,1,1
MP00012576,MP00012576,2023-09-07,13:58:27,PL013,MIL0121975,x@x.com,9999123456,9999123451,9999123452,1,1
MP00012577,MP00012577,2023-09-07,13:58:27,PL003,MIL0576881,x@x.com,9999123456,9999123451,9999123452,1,1
MP00012578,MP00012578,2023-09-07,13:58:27,PL001,MIL0143816,x@x.com,9999123456,9999123451,9999123452,1,1
MP00012579,MP00012579,2023-09-07,13:58:27,PL005,MIL0251572,x@x.com,9999123456,9999123451,9999123452,1,1
MP00012580,MP00012580,2023-09-07,13:58:27,PL002,MIL0469479,x@x.com,9999123456,9999123451,9999123452,1,1
MP00012581,MP00012581,2023-09-07,13:58:27,PL002,MIL0057725,x@x.com,9999123456,9999123451,9999123452,1,1
MP00012582,MP00012582,2023-09-07,13:58:27,PL007,MIL0554686,x@x.com,9999123456,9999123451,9999123452,1,1
MP00012583,MP00012583,2023-09-07,13:58:27,PL009,MIL0320460,x@x.com,9999123456,9999123451,9999123452,1,1
MP00012584,MP00012584,2023-09-07,13:58:27,PL007,MIL0152420,x@x.com,9999123456,9999123451,9999123452,1,1
MP00012585,MP00012585,2023-09-07,13:58:27,PL008,MIL0390812,x@x.com,9999123456,9999123451,9999123452,1,1
MP00012586,MP00012586,2023-09-07,13:58:27,PL004,MIL0375231,x@x.com,9999123456,9999123451,9999123452,1,1
MP00012587,MP00012587,2023-09-07,13:58:27,PL005,MIL0006650,x@x.com,9999123456,9999123451,9999123452,1,1
MP00012588,MP00012588,2023-09-07,13:58:27,PL011,MIL0447945,x@x.com,9999123456,9999123451,9999123452,1,1
MP00012589,MP00012589,2023-09-07,13:58:27,PL012,MIL0037591,x@x.com,9999123456,9999123451,9999123452,1,1
MP00012590,MP00012590,2023-09-07,13:58:27,PL013,MIL0500300,x@x.com,9999123456,9999123451,9999123452,1,1
MP00012591,MP00012591,2023-09-07,13:58:27,PL012,MIL0425408,x@x.com,9999123456,9999123451,9999123452,1,1
MP00012592,MP00012592,2023-09-07,13:58:27,PL011,MIL0154030,x@x.com,9999123456,9999123451,9999123452,1,1
MP00012593,MP00012593,2023-09-07,13:58:27,PL004,MIL0498689,x@x.com,9999123456,9999123451,9999123452,1,1
MP00012594,MP00012594,2023-09-07,13:58:27,PL003,MIL0382502,x@x.com,9999123456,9999123451,9999123452,1,1
MP00012595,MP00012595,2023-09-07,13:58:27,PL003,MIL0176208,x@x.com,9999123456,9999123451,9999123452,1,1
MP00012596,MP00012596,2023-09-07,13:58:27,PL002,MIL0000942,x@x.com,9999123456,9999123451,9999123452,1,1
MP00012597,MP00012597,2023-09-07,13:58:27,PL006,MIL0126441,x@x.com,9999123456,9999123451,9999123452,1,1
MP00012598,MP00012598,2023-09-07,13:58:27,PL006,MIL0344090,x@x.com,9999123456,9999123451,9999123452,1,1
MP00012599,MP00012599,2023-09-07,13:58:27,PL005,MIL0142328,x@x.com,9999123456,9999123451,9999123452,1,1
MP00012600,MP00012600,2023-09-07,13:58:27,PL012,MIL0021871,x@x.com,9999123456,9999123451,9999123452,1,1
MP00012601,MP00012601,2023-09-07,13:58:27,PL010,MIL0082186,x@x.com,9999123456,9999123451,9999123452,1,1
MP00012602,MP00012602,2023-09-07,13:58:27,PL005,MIL0259082,x@x.com,9999123456,9999123451,9999123452,1,1
MP00012603,MP00012603,2023-09-07,13:58:27,PL007,MIL0148575,x@x.com,9999123456,9999123451,9999123452,1,1
MP00012604,MP00012604,2023-09-07,13:58:27,PL013,MIL0498429,x@x.com,9999123456,9999123451,9999123452,1,1
MP00012605,MP00012605,2023-09-07,13:58:27,PL001,MIL0049468,x@x.com,9999123456,9999123451,9999123452,1,1
MP00012606,MP00012606,2023-09-07,13:58:27,PL003,MIL0356250,x@x.com,9999123456,9999123451,9999123452,1,1
MP00012607,MP00012607,2023-09-07,13:58:27,PL005,MIL0089476,x@x.com,9999123456,9999123451,9999123452,1,1
MP00012608,MP00012608,2023-09-07,13:58:27,PL005,MIL0355298,x@x.com,9999123456,9999123451,9999123452,1,1
MP00012609,MP00012609,2023-09-07,13:58:27,PL009,MIL0417815,x@x.com,9999123456,9999123451,9999123452,1,1
MP00012610,MP00012610,2023-09-07,13:58:27,PL004,MIL0503485,x@x.com,9999123456,9999123451,9999123452,1,1
MP00012611,MP00012611,2023-09-07,13:58:27,PL007,MIL0428818,x@x.com,9999123456,9999123451,9999123452,1,1
MP00012612,MP00012612,2023-09-07,13:58:27,PL008,MIL0427319,x@x.com,9999123456,9999123451,9999123452,1,1
MP00012613,MP00012613,2023-09-07,13:58:27,PL010,MIL0441644,x@x.com,9999123456,9999123451,9999123452,1,1
MP00012614,MP00012614,2023-09-07,13:58:27,PL008,MIL0125561,x@x.com,9999123456,9999123451,9999123452,1,1
MP00012615,MP00012615,2023-09-07,13:58:27,PL012,MIL0037948,x@x.com,9999123456,9999123451,9999123452,1,1
MP00012616,MP00012616,2023-09-07,13:58:27,PL008,MIL0325349,x@x.com,9999123456,9999123451,9999123452,1,1
MP00012617,MP00012617,2023-09-07,13:58:27,PL011,MIL0125893,x@x.com,9999123456,9999123451,9999123452,1,1
MP00012618,MP00012618,2023-09-07,13:58:27,PL012,MIL0408361,x@x.com,9999123456,9999123451,9999123452,1,1
MP00012619,MP00012619,2023-09-07,13:58:27,PL012,MIL0476558,x@x.com,9999123456,9999123451,9999123452,1,1
MP00012620,MP00012620,2023-09-07,13:58:27,PL008,MIL0295343,x@x.com,9999123456,9999123451,9999123452,1,1
MP00012621,MP00012621,2023-09-07,13:58:27,PL002,MIL0316447,x@x.com,9999123456,9999123451,9999123452,1,1
MP00012622,MP00012622,2023-09-07,13:58:27,PL009,MIL0302964,x@x.com,9999123456,9999123451,9999123452,1,1
MP00012623,MP00012623,2023-09-07,13:58:27,PL013,MIL0537502,x@x.com,9999123456,9999123451,9999123452,1,1
MP00012624,MP00012624,2023-09-07,13:58:27,PL009,MIL0426727,x@x.com,9999123456,9999123451,9999123452,1,1
MP00012625,MP00012625,2023-09-07,13:58:27,PL002,MIL0055751,x@x.com,9999123456,9999123451,9999123452,1,1
MP00012626,MP00012626,2023-09-07,13:58:27,PL004,MIL0274718,x@x.com,9999123456,9999123451,9999123452,1,1
MP00012627,MP00012627,2023-09-07,13:58:27,PL010,MIL0482762,x@x.com,9999123456,9999123451,9999123452,1,1
MP00012628,MP00012628,2023-09-07,13:58:27,PL013,MIL0547115,x@x.com,9999123456,9999123451,9999123452,1,1
MP00012629,MP00012629,2023-09-07,13:58:27,PL008,MIL0523711,x@x.com,9999123456,9999123451,9999123452,1,1
MP00012630,MP00012630,2023-09-07,13:58:27,PL004,MIL0498234,x@x.com,9999123456,9999123451,9999123452,1,1
MP00012631,MP00012631,2023-09-07,13:58:27,PL010,MIL0414793,x@x.com,9999123456,9999123451,9999123452,1,1
MP00012632,MP00012632,2023-09-07,13:58:27,PL013,MIL0196927,x@x.com,9999123456,9999123451,9999123452,1,1
MP00012633,MP00012633,2023-09-07,13:58:27,PL008,MIL0282354,x@x.com,9999123456,9999123451,9999123452,1,1
MP00012634,MP00012634,2023-09-07,13:58:27,PL003,MIL0032397,x@x.com,9999123456,9999123451,9999123452,1,1
MP00012635,MP00012635,2023-09-07,13:58:27,PL006,MIL0174477,x@x.com,9999123456,9999123451,9999123452,1,1
MP00012636,MP00012636,2023-09-07,13:58:27,PL009,MIL0459198,x@x.com,9999123456,9999123451,9999123452,1,1
MP00012637,MP00012637,2023-09-07,13:58:27,PL005,MIL0001869,x@x.com,9999123456,9999123451,9999123452,1,1
MP00012638,MP00012638,2023-09-07,13:58:27,PL007,MIL0036015,x@x.com,9999123456,9999123451,9999123452,1,1
MP00012639,MP00012639,2023-09-07,13:58:27,PL005,MIL0576079,x@x.com,9999123456,9999123451,9999123452,1,1
MP00012640,MP00012640,2023-09-07,13:58:27,PL006,MIL0024246,x@x.com,9999123456,9999123451,9999123452,1,1
MP00012641,MP00012641,2023-09-07,13:58:27,PL011,MIL0013208,x@x.com,9999123456,9999123451,9999123452,1,1
MP00012642,MP00012642,2023-09-07,13:58:27,PL012,MIL0463703,x@x.com,9999123456,9999123451,9999123452,1,1
MP00012643,MP00012643,2023-09-07,13:58:27,PL010,MIL0076272,x@x.com,9999123456,9999123451,9999123452,1,1
MP00012644,MP00012644,2023-09-07,13:58:27,PL007,MIL0304298,x@x.com,9999123456,9999123451,9999123452,1,1
MP00012645,MP00012645,2023-09-07,13:58:27,PL010,MIL0411933,x@x.com,9999123456,9999123451,9999123452,1,1
MP00012646,MP00012646,2023-09-07,13:58:27,PL008,MIL0000396,x@x.com,9999123456,9999123451,9999123452,1,1
MP00012647,MP00012647,2023-09-07,13:58:27,PL007,MIL0330363,x@x.com,9999123456,9999123451,9999123452,1,1
MP00012648,MP00012648,2023-09-07,13:58:27,PL003,MIL0518998,x@x.com,9999123456,9999123451,9999123452,1,1
MP00012649,MP00012649,2023-09-07,13:58:27,PL011,MIL0010080,x@x.com,9999123456,9999123451,9999123452,1,1
MP00012650,MP00012650,2023-09-07,13:58:27,PL008,MIL0443675,x@x.com,9999123456,9999123451,9999123452,1,1
MP00012651,MP00012651,2023-09-07,13:58:27,PL011,MIL0332893,x@x.com,9999123456,9999123451,9999123452,1,1
MP00012652,MP00012652,2023-09-07,13:58:27,PL009,MIL0579271,x@x.com,9999123456,9999123451,9999123452,1,1
MP00012653,MP00012653,2023-09-07,13:58:27,PL012,MIL0525753,x@x.com,9999123456,9999123451,9999123452,1,1
MP00012654,MP00012654,2023-09-07,13:58:27,PL004,MIL0109894,x@x.com,9999123456,9999123451,9999123452,1,1
MP00012655,MP00012655,2023-09-07,13:58:27,PL007,MIL0195624,x@x.com,9999123456,9999123451,9999123452,1,1
MP00012656,MP00012656,2023-09-07,13:58:27,PL010,MIL0448969,x@x.com,9999123456,9999123451,9999123452,1,1
MP00012657,MP00012657,2023-09-07,13:58:27,PL004,MIL0449215,x@x.com,9999123456,9999123451,9999123452,1,1
MP00012658,MP00012658,2023-09-07,13:58:27,PL006,MIL0108147,x@x.com,9999123456,9999123451,9999123452,1,1
MP00012659,MP00012659,2023-09-07,13:58:27,PL012,MIL0078160,x@x.com,9999123456,9999123451,9999123452,1,1
MP00012660,MP00012660,2023-09-07,13:58:27,PL004,MIL0457690,x@x.com,9999123456,9999123451,9999123452,1,1
MP00012661,MP00012661,2023-09-07,13:58:27,PL001,MIL0229551,x@x.com,9999123456,9999123451,9999123452,1,1
MP00012662,MP00012662,2023-09-07,13:58:27,PL011,MIL0237211,x@x.com,9999123456,9999123451,9999123452,1,1
MP00012663,MP00012663,2023-09-07,13:58:27,PL005,MIL0015111,x@x.com,9999123456,9999123451,9999123452,1,1
MP00012664,MP00012664,2023-09-07,13:58:27,PL003,MIL0471709,x@x.com,9999123456,9999123451,9999123452,1,1
MP00012665,MP00012665,2023-09-07,13:58:27,PL009,MIL0553019,x@x.com,9999123456,9999123451,9999123452,1,1
MP00012666,MP00012666,2023-09-07,13:58:27,PL009,MIL0049766,x@x.com,9999123456,9999123451,9999123452,1,1
MP00012667,MP00012667,2023-09-07,13:58:27,PL008,MIL0198550,x@x.com,9999123456,9999123451,9999123452,1,1
MP00012668,MP00012668,2023-09-07,13:58:27,PL008,MIL0260124,x@x.com,9999123456,9999123451,9999123452,1,1
MP00012669,MP00012669,2023-09-07,13:58:27,PL011,MIL0091493,x@x.com,9999123456,9999123451,9999123452,1,1
MP00012670,MP00012670,2023-09-07,13:58:27,PL004,MIL0070580,x@x.com,9999123456,9999123451,9999123452,1,1
MP00012671,MP00012671,2023-09-07,13:58:27,PL006,MIL0452442,x@x.com,9999123456,9999123451,9999123452,1,1
MP00012672,MP00012672,2023-09-07,13:58:27,PL005,MIL0181026,x@x.com,9999123456,9999123451,9999123452,1,1
MP00012673,MP00012673,2023-09-07,13:58:27,PL002,MIL0396370,x@x.com,9999123456,9999123451,9999123452,1,1
MP00012674,MP00012674,2023-09-07,13:58:27,PL006,MIL0433604,x@x.com,9999123456,9999123451,9999123452,1,1
MP00012675,MP00012675,2023-09-07,13:58:27,PL002,MIL0238472,x@x.com,9999123456,9999123451,9999123452,1,1
MP00012676,MP00012676,2023-09-07,13:58:27,PL013,MIL0168453,x@x.com,9999123456,9999123451,9999123452,1,1
MP00012677,MP00012677,2023-09-07,13:58:27,PL004,MIL0345818,x@x.com,9999123456,9999123451,9999123452,1,1
MP00012678,MP00012678,2023-09-07,13:58:27,PL013,MIL0113815,x@x.com,9999123456,9999123451,9999123452,1,1
MP00012679,MP00012679,2023-09-07,13:58:27,PL008,MIL0044191,x@x.com,9999123456,9999123451,9999123452,1,1
MP00012680,MP00012680,2023-09-07,13:58:27,PL007,MIL0529168,x@x.com,9999123456,9999123451,9999123452,1,1
MP00012681,MP00012681,2023-09-07,13:58:27,PL013,MIL0024875,x@x.com,9999123456,9999123451,9999123452,1,1
MP00012682,MP00012682,2023-09-07,13:58:27,PL013,MIL0347634,x@x.com,9999123456,9999123451,9999123452,1,1
MP00012683,MP00012683,2023-09-07,13:58:27,PL012,MIL0003084,x@x.com,9999123456,9999123451,9999123452,1,1
MP00012684,MP00012684,2023-09-07,13:58:27,PL004,MIL0096972,x@x.com,9999123456,9999123451,9999123452,1,1
MP00012685,MP00012685,2023-09-07,13:58:27,PL003,MIL0199305,x@x.com,9999123456,9999123451,9999123452,1,1
MP00012686,MP00012686,2023-09-07,13:58:27,PL012,MIL0011474,x@x.com,9999123456,9999123451,9999123452,1,1
MP00012687,MP00012687,2023-09-07,13:58:27,PL013,MIL0139067,x@x.com,9999123456,9999123451,9999123452,1,1
MP00012688,MP00012688,2023-09-07,13:58:27,PL002,MIL0480776,x@x.com,9999123456,9999123451,9999123452,1,1
MP00012689,MP00012689,2023-09-07,13:58:27,PL002,MIL0354723,x@x.com,9999123456,9999123451,9999123452,1,1
MP00012690,MP00012690,2023-09-07,13:58:27,PL004,MIL0213168,x@x.com,9999123456,9999123451,9999123452,1,1
MP00012691,MP00012691,2023-09-07,13:58:27,PL009,MIL0326031,x@x.com,9999123456,9999123451,9999123452,1,1
MP00012692,MP00012692,2023-09-07,13:58:27,PL003,MIL0449098,x@x.com,9999123456,9999123451,9999123452,1,1
MP00012693,MP00012693,2023-09-07,13:58:27,PL003,MIL0256620,x@x.com,9999123456,9999123451,9999123452,1,1
MP00012694,MP00012694,2023-09-07,13:58:27,PL004,MIL0039138,x@x.com,9999123456,9999123451,9999123452,1,1
MP00012695,MP00012695,2023-09-07,13:58:27,PL010,MIL0247240,x@x.com,9999123456,9999123451,9999123452,1,1
MP00012696,MP00012696,2023-09-07,13:58:27,PL002,MIL0360600,x@x.com,9999123456,9999123451,9999123452,1,1
MP00012697,MP00012697,2023-09-07,13:58:27,PL002,MIL0543328,x@x.com,9999123456,9999123451,9999123452,1,1
MP00012698,MP00012698,2023-09-07,13:58:27,PL004,MIL0266065,x@x.com,9999123456,9999123451,9999123452,1,1
MP00012699,MP00012699,2023-09-07,13:58:27,PL008,MIL0053032,x@x.com,9999123456,9999123451,9999123452,1,1
MP00012700,MP00012700,2023-09-07,13:58:27,PL011,MIL0051847,x@x.com,9999123456,9999123451,9999123452,1,1
MP00012701,MP00012701,2023-09-07,13:58:27,PL013,MIL0243223,x@x.com,9999123456,9999123451,9999123452,1,1
MP00012702,MP00012702,2023-09-07,13:58:27,PL007,MIL0259811,x@x.com,9999123456,9999123451,9999123452,1,1
MP00012703,MP00012703,2023-09-07,13:58:27,PL008,MIL0001501,x@x.com,9999123456,9999123451,9999123452,1,1
MP00012704,MP00012704,2023-09-07,13:58:27,PL008,MIL0227539,x@x.com,9999123456,9999123451,9999123452,1,1
MP00012705,MP00012705,2023-09-07,13:58:27,PL012,MIL0304054,x@x.com,9999123456,9999123451,9999123452,1,1
MP00012706,MP00012706,2023-09-07,13:58:27,PL011,MIL0278005,x@x.com,9999123456,9999123451,9999123452,1,1
MP00012707,MP00012707,2023-09-07,13:58:27,PL009,MIL0030961,x@x.com,9999123456,9999123451,9999123452,1,1
MP00012708,MP00012708,2023-09-07,13:58:27,PL011,MIL0486961,x@x.com,9999123456,9999123451,9999123452,1,1
MP00012709,MP00012709,2023-09-07,13:58:27,PL011,MIL0175117,x@x.com,9999123456,9999123451,9999123452,1,1
MP00012710,MP00012710,2023-09-07,13:58:27,PL009,MIL0093798,x@x.com,9999123456,9999123451,9999123452,1,1
MP00012711,MP00012711,2023-09-07,13:58:27,PL003,MIL0320897,x@x.com,9999123456,9999123451,9999123452,1,1
MP00012712,MP00012712,2023-09-07,13:58:27,PL007,MIL0112026,x@x.com,9999123456,9999123451,9999123452,1,1
MP00012713,MP00012713,2023-09-07,13:58:27,PL009,MIL0190241,x@x.com,9999123456,9999123451,9999123452,1,1
MP00012714,MP00012714,2023-09-07,13:58:27,PL007,MIL0143656,x@x.com,9999123456,9999123451,9999123452,1,1
MP00012715,MP00012715,2023-09-07,13:58:27,PL003,MIL0193096,x@x.com,9999123456,9999123451,9999123452,1,1
MP00012716,MP00012716,2023-09-07,13:58:27,PL010,MIL0202310,x@x.com,9999123456,9999123451,9999123452,1,1
MP00012717,MP00012717,2023-09-07,13:58:27,PL003,MIL0210314,x@x.com,9999123456,9999123451,9999123452,1,1
MP00012718,MP00012718,2023-09-07,13:58:27,PL013,MIL0412158,x@x.com,9999123456,9999123451,9999123452,1,1
MP00012719,MP00012719,2023-09-07,13:58:27,PL002,MIL0170976,x@x.com,9999123456,9999123451,9999123452,1,1
MP00012720,MP00012720,2023-09-07,13:58:27,PL004,MIL0414081,x@x.com,9999123456,9999123451,9999123452,1,1
MP00012721,MP00012721,2023-09-07,13:58:27,PL011,MIL0048538,x@x.com,9999123456,9999123451,9999123452,1,1
MP00012722,MP00012722,2023-09-07,13:58:27,PL011,MIL0328399,x@x.com,9999123456,9999123451,9999123452,1,1
MP00012723,MP00012723,2023-09-07,13:58:27,PL013,MIL0511393,x@x.com,9999123456,9999123451,9999123452,1,1
MP00012724,MP00012724,2023-09-07,13:58:27,PL006,MIL0042945,x@x.com,9999123456,9999123451,9999123452,1,1
MP00012725,MP00012725,2023-09-07,13:58:27,PL007,MIL0051666,x@x.com,9999123456,9999123451,9999123452,1,1
MP00012726,MP00012726,2023-09-07,13:58:27,PL005,MIL0579539,x@x.com,9999123456,9999123451,9999123452,1,1
MP00012727,MP00012727,2023-09-07,13:58:27,PL003,MIL0044183,x@x.com,9999123456,9999123451,9999123452,1,1
MP00012728,MP00012728,2023-09-07,13:58:27,PL011,MIL0122263,x@x.com,9999123456,9999123451,9999123452,1,1
MP00012729,MP00012729,2023-09-07,13:58:27,PL013,MIL0333837,x@x.com,9999123456,9999123451,9999123452,1,1
MP00012730,MP00012730,2023-09-07,13:58:27,PL011,MIL0245279,x@x.com,9999123456,9999123451,9999123452,1,1
MP00012731,MP00012731,2023-09-07,13:58:27,PL001,MIL0028905,x@x.com,9999123456,9999123451,9999123452,1,1
MP00012732,MP00012732,2023-09-07,13:58:27,PL010,MIL0190461,x@x.com,9999123456,9999123451,9999123452,1,1
MP00012733,MP00012733,2023-09-07,13:58:27,PL010,MIL0200536,x@x.com,9999123456,9999123451,9999123452,1,1
MP00012734,MP00012734,2023-09-07,13:58:27,PL005,MIL0269581,x@x.com,9999123456,9999123451,9999123452,1,1
MP00012735,MP00012735,2023-09-07,13:58:27,PL005,MIL0306005,x@x.com,9999123456,9999123451,9999123452,1,1
MP00012736,MP00012736,2023-09-07,13:58:27,PL009,MIL0224825,x@x.com,9999123456,9999123451,9999123452,1,1
MP00012737,MP00012737,2023-09-07,13:58:27,PL002,MIL0330703,x@x.com,9999123456,9999123451,9999123452,1,1
MP00012738,MP00012738,2023-09-07,13:58:27,PL006,MIL0488197,x@x.com,9999123456,9999123451,9999123452,1,1
MP00012739,MP00012739,2023-09-07,13:58:27,PL001,MIL0292664,x@x.com,9999123456,9999123451,9999123452,1,1
MP00012740,MP00012740,2023-09-07,13:58:27,PL009,MIL0188167,x@x.com,9999123456,9999123451,9999123452,1,1
MP00012741,MP00012741,2023-09-07,13:58:27,PL012,MIL0242577,x@x.com,9999123456,9999123451,9999123452,1,1
MP00012742,MP00012742,2023-09-07,13:58:27,PL013,MIL0254854,x@x.com,9999123456,9999123451,9999123452,1,1
MP00012743,MP00012743,2023-09-07,13:58:27,PL011,MIL0368981,x@x.com,9999123456,9999123451,9999123452,1,1
MP00012744,MP00012744,2023-09-07,13:58:27,PL012,MIL0422985,x@x.com,9999123456,9999123451,9999123452,1,1
MP00012745,MP00012745,2023-09-07,13:58:27,PL013,MIL0208036,x@x.com,9999123456,9999123451,9999123452,1,1
MP00012746,MP00012746,2023-09-07,13:58:27,PL013,MIL0405135,x@x.com,9999123456,9999123451,9999123452,1,1
MP00012747,MP00012747,2023-09-07,13:58:27,PL004,MIL0017502,x@x.com,9999123456,9999123451,9999123452,1,1
MP00012748,MP00012748,2023-09-07,13:58:27,PL008,MIL0265785,x@x.com,9999123456,9999123451,9999123452,1,1
MP00012749,MP00012749,2023-09-07,13:58:27,PL004,MIL0547034,x@x.com,9999123456,9999123451,9999123452,1,1
MP00012750,MP00012750,2023-09-07,13:58:27,PL003,MIL0220076,x@x.com,9999123456,9999123451,9999123452,1,1
MP00012751,MP00012751,2023-09-07,13:58:27,PL002,MIL0331552,x@x.com,9999123456,9999123451,9999123452,1,1
MP00012752,MP00012752,2023-09-07,13:58:27,PL002,MIL0541789,x@x.com,9999123456,9999123451,9999123452,1,1
MP00012753,MP00012753,2023-09-07,13:58:27,PL008,MIL0467866,x@x.com,9999123456,9999123451,9999123452,1,1
MP00012754,MP00012754,2023-09-07,13:58:27,PL010,MIL0335797,x@x.com,9999123456,9999123451,9999123452,1,1
MP00012755,MP00012755,2023-09-07,13:58:27,PL007,MIL0466674,x@x.com,9999123456,9999123451,9999123452,1,1
MP00012756,MP00012756,2023-09-07,13:58:27,PL006,MIL0064519,x@x.com,9999123456,9999123451,9999123452,1,1
MP00012757,MP00012757,2023-09-07,13:58:27,PL006,MIL0246919,x@x.com,9999123456,9999123451,9999123452,1,1
MP00012758,MP00012758,2023-09-07,13:58:27,PL007,MIL0001820,x@x.com,9999123456,9999123451,9999123452,1,1
MP00012759,MP00012759,2023-09-07,13:58:27,PL010,MIL0510707,x@x.com,9999123456,9999123451,9999123452,1,1
MP00012760,MP00012760,2023-09-07,13:58:27,PL002,MIL0545856,x@x.com,9999123456,9999123451,9999123452,1,1
MP00012761,MP00012761,2023-09-07,13:58:27,PL002,MIL0514339,x@x.com,9999123456,9999123451,9999123452,1,1
MP00012762,MP00012762,2023-09-07,13:58:27,PL006,MIL0252341,x@x.com,9999123456,9999123451,9999123452,1,1
MP00012763,MP00012763,2023-09-07,13:58:27,PL010,MIL0481113,x@x.com,9999123456,9999123451,9999123452,1,1
MP00012764,MP00012764,2023-09-07,13:58:27,PL002,MIL0314725,x@x.com,9999123456,9999123451,9999123452,1,1
MP00012765,MP00012765,2023-09-07,13:58:27,PL011,MIL0520781,x@x.com,9999123456,9999123451,9999123452,1,1
MP00012766,MP00012766,2023-09-07,13:58:27,PL001,MIL0326645,x@x.com,9999123456,9999123451,9999123452,1,1
MP00012767,MP00012767,2023-09-07,13:58:27,PL011,MIL0421363,x@x.com,9999123456,9999123451,9999123452,1,1
MP00012768,MP00012768,2023-09-07,13:58:27,PL002,MIL0425955,x@x.com,9999123456,9999123451,9999123452,1,1
MP00012769,MP00012769,2023-09-07,13:58:27,PL011,MIL0141973,x@x.com,9999123456,9999123451,9999123452,1,1
MP00012770,MP00012770,2023-09-07,13:58:27,PL008,MIL0480371,x@x.com,9999123456,9999123451,9999123452,1,1
MP00012771,MP00012771,2023-09-07,13:58:27,PL011,MIL0291226,x@x.com,9999123456,9999123451,9999123452,1,1
MP00012772,MP00012772,2023-09-07,13:58:27,PL011,MIL0389325,x@x.com,9999123456,9999123451,9999123452,1,1
MP00012773,MP00012773,2023-09-07,13:58:27,PL003,MIL0013152,x@x.com,9999123456,9999123451,9999123452,1,1
MP00012774,MP00012774,2023-09-07,13:58:27,PL010,MIL0158696,x@x.com,9999123456,9999123451,9999123452,1,1
MP00012775,MP00012775,2023-09-07,13:58:27,PL009,MIL0233054,x@x.com,9999123456,9999123451,9999123452,1,1
MP00012776,MP00012776,2023-09-07,13:58:27,PL013,MIL0155262,x@x.com,9999123456,9999123451,9999123452,1,1
MP00012777,MP00012777,2023-09-07,13:58:27,PL001,MIL0158506,x@x.com,9999123456,9999123451,9999123452,1,1
MP00012778,MP00012778,2023-09-07,13:58:27,PL005,MIL0477923,x@x.com,9999123456,9999123451,9999123452,1,1
MP00012779,MP00012779,2023-09-07,13:58:27,PL005,MIL0258132,x@x.com,9999123456,9999123451,9999123452,1,1
MP00012780,MP00012780,2023-09-07,13:58:27,PL003,MIL0288027,x@x.com,9999123456,9999123451,9999123452,1,1
MP00012781,MP00012781,2023-09-07,13:58:27,PL009,MIL0022322,x@x.com,9999123456,9999123451,9999123452,1,1
MP00012782,MP00012782,2023-09-07,13:58:27,PL006,MIL0152330,x@x.com,9999123456,9999123451,9999123452,1,1
MP00012783,MP00012783,2023-09-07,13:58:27,PL002,MIL0117261,x@x.com,9999123456,9999123451,9999123452,1,1
MP00012784,MP00012784,2023-09-07,13:58:27,PL007,MIL0181745,x@x.com,9999123456,9999123451,9999123452,1,1
MP00012785,MP00012785,2023-09-07,13:58:27,PL010,MIL0488282,x@x.com,9999123456,9999123451,9999123452,1,1
MP00012786,MP00012786,2023-09-07,13:58:27,PL012,MIL0075795,x@x.com,9999123456,9999123451,9999123452,1,1
MP00012787,MP00012787,2023-09-07,13:58:27,PL010,MIL0050937,x@x.com,9999123456,9999123451,9999123452,1,1
MP00012788,MP00012788,2023-09-07,13:58:27,PL011,MIL0070604,x@x.com,9999123456,9999123451,9999123452,1,1
MP00012789,MP00012789,2023-09-07,13:58:27,PL007,MIL0147329,x@x.com,9999123456,9999123451,9999123452,1,1
MP00012790,MP00012790,2023-09-07,13:58:27,PL005,MIL0453163,x@x.com,9999123456,9999123451,9999123452,1,1
MP00012791,MP00012791,2023-09-07,13:58:27,PL004,MIL0480706,x@x.com,9999123456,9999123451,9999123452,1,1
MP00012792,MP00012792,2023-09-07,13:58:27,PL010,MIL0193845,x@x.com,9999123456,9999123451,9999123452,1,1
MP00012793,MP00012793,2023-09-07,13:58:27,PL005,MIL0360569,x@x.com,9999123456,9999123451,9999123452,1,1
MP00012794,MP00012794,2023-09-07,13:58:27,PL005,MIL0482483,x@x.com,9999123456,9999123451,9999123452,1,1
MP00012795,MP00012795,2023-09-07,13:58:27,PL010,MIL0061201,x@x.com,9999123456,9999123451,9999123452,1,1
MP00012796,MP00012796,2023-09-07,13:58:27,PL006,MIL0115856,x@x.com,9999123456,9999123451,9999123452,1,1
MP00012797,MP00012797,2023-09-07,13:58:27,PL002,MIL0421420,x@x.com,9999123456,9999123451,9999123452,1,1
MP00012798,MP00012798,2023-09-07,13:58:27,PL002,MIL0039804,x@x.com,9999123456,9999123451,9999123452,1,1
MP00012799,MP00012799,2023-09-07,13:58:27,PL007,MIL0489123,x@x.com,9999123456,9999123451,9999123452,1,1
MP00012800,MP00012800,2023-09-07,13:58:27,PL004,MIL0323574,x@x.com,9999123456,9999123451,9999123452,1,1
MP00012801,MP00012801,2023-09-07,13:58:27,PL011,MIL0228887,x@x.com,9999123456,9999123451,9999123452,1,1
MP00012802,MP00012802,2023-09-07,13:58:27,PL007,MIL0078277,x@x.com,9999123456,9999123451,9999123452,1,1
MP00012803,MP00012803,2023-09-07,13:58:27,PL013,MIL0326982,x@x.com,9999123456,9999123451,9999123452,1,1
MP00012804,MP00012804,2023-09-07,13:58:27,PL004,MIL0117092,x@x.com,9999123456,9999123451,9999123452,1,1
MP00012805,MP00012805,2023-09-07,13:58:27,PL004,MIL0333090,x@x.com,9999123456,9999123451,9999123452,1,1
MP00012806,MP00012806,2023-09-07,13:58:27,PL005,MIL0153151,x@x.com,9999123456,9999123451,9999123452,1,1
MP00012807,MP00012807,2023-09-07,13:58:27,PL013,MIL0356465,x@x.com,9999123456,9999123451,9999123452,1,1
MP00012808,MP00012808,2023-09-07,13:58:27,PL003,MIL0547894,x@x.com,9999123456,9999123451,9999123452,1,1
MP00012809,MP00012809,2023-09-07,13:58:27,PL006,MIL0114924,x@x.com,9999123456,9999123451,9999123452,1,1
MP00012810,MP00012810,2023-09-07,13:58:27,PL004,MIL0052659,x@x.com,9999123456,9999123451,9999123452,1,1
MP00012811,MP00012811,2023-09-07,13:58:27,PL003,MIL0315302,x@x.com,9999123456,9999123451,9999123452,1,1
MP00012812,MP00012812,2023-09-07,13:58:27,PL006,MIL0154085,x@x.com,9999123456,9999123451,9999123452,1,1
MP00012813,MP00012813,2023-09-07,13:58:27,PL013,MIL0494054,x@x.com,9999123456,9999123451,9999123452,1,1
MP00012814,MP00012814,2023-09-07,13:58:27,PL001,MIL0017866,x@x.com,9999123456,9999123451,9999123452,1,1
MP00012815,MP00012815,2023-09-07,13:58:27,PL002,MIL0364275,x@x.com,9999123456,9999123451,9999123452,1,1
MP00012816,MP00012816,2023-09-07,13:58:27,PL007,MIL0445919,x@x.com,9999123456,9999123451,9999123452,1,1
MP00012817,MP00012817,2023-09-07,13:58:27,PL009,MIL0306908,x@x.com,9999123456,9999123451,9999123452,1,1
MP00012818,MP00012818,2023-09-07,13:58:27,PL010,MIL0144342,x@x.com,9999123456,9999123451,9999123452,1,1
MP00012819,MP00012819,2023-09-07,13:58:27,PL009,MIL0249082,x@x.com,9999123456,9999123451,9999123452,1,1
MP00012820,MP00012820,2023-09-07,13:58:27,PL007,MIL0574203,x@x.com,9999123456,9999123451,9999123452,1,1
MP00012821,MP00012821,2023-09-07,13:58:27,PL013,MIL0448377,x@x.com,9999123456,9999123451,9999123452,1,1
MP00012822,MP00012822,2023-09-07,13:58:27,PL002,MIL0113696,x@x.com,9999123456,9999123451,9999123452,1,1
MP00012823,MP00012823,2023-09-07,13:58:27,PL010,MIL0073883,x@x.com,9999123456,9999123451,9999123452,1,1
MP00012824,MP00012824,2023-09-07,13:58:27,PL008,MIL0279437,x@x.com,9999123456,9999123451,9999123452,1,1
MP00012825,MP00012825,2023-09-07,13:58:27,PL010,MIL0279820,x@x.com,9999123456,9999123451,9999123452,1,1
MP00012826,MP00012826,2023-09-07,13:58:27,PL007,MIL0463750,x@x.com,9999123456,9999123451,9999123452,1,1
MP00012827,MP00012827,2023-09-07,13:58:27,PL006,MIL0067767,x@x.com,9999123456,9999123451,9999123452,1,1
MP00012828,MP00012828,2023-09-07,13:58:27,PL004,MIL0190220,x@x.com,9999123456,9999123451,9999123452,1,1
MP00012829,MP00012829,2023-09-07,13:58:27,PL009,MIL0151220,x@x.com,9999123456,9999123451,9999123452,1,1
MP00012830,MP00012830,2023-09-07,13:58:27,PL006,MIL0309998,x@x.com,9999123456,9999123451,9999123452,1,1
MP00012831,MP00012831,2023-09-07,13:58:27,PL008,MIL0143763,x@x.com,9999123456,9999123451,9999123452,1,1
MP00012832,MP00012832,2023-09-07,13:58:27,PL004,MIL0527250,x@x.com,9999123456,9999123451,9999123452,1,1
MP00012833,MP00012833,2023-09-07,13:58:27,PL003,MIL0370888,x@x.com,9999123456,9999123451,9999123452,1,1
MP00012834,MP00012834,2023-09-07,13:58:27,PL005,MIL0258858,x@x.com,9999123456,9999123451,9999123452,1,1
MP00012835,MP00012835,2023-09-07,13:58:27,PL008,MIL0433482,x@x.com,9999123456,9999123451,9999123452,1,1
MP00012836,MP00012836,2023-09-07,13:58:27,PL011,MIL0000351,x@x.com,9999123456,9999123451,9999123452,1,1
MP00012837,MP00012837,2023-09-07,13:58:27,PL010,MIL0201333,x@x.com,9999123456,9999123451,9999123452,1,1
MP00012838,MP00012838,2023-09-07,13:58:27,PL013,MIL0091702,x@x.com,9999123456,9999123451,9999123452,1,1
MP00012839,MP00012839,2023-09-07,13:58:27,PL012,MIL0284992,x@x.com,9999123456,9999123451,9999123452,1,1
MP00012840,MP00012840,2023-09-07,13:58:27,PL012,MIL0057423,x@x.com,9999123456,9999123451,9999123452,1,1
MP00012841,MP00012841,2023-09-07,13:58:27,PL001,MIL0181582,x@x.com,9999123456,9999123451,9999123452,1,1
MP00012842,MP00012842,2023-09-07,13:58:27,PL010,MIL0333356,x@x.com,9999123456,9999123451,9999123452,1,1
MP00012843,MP00012843,2023-09-07,13:58:27,PL001,MIL0435057,x@x.com,9999123456,9999123451,9999123452,1,1
MP00012844,MP00012844,2023-09-07,13:58:27,PL006,MIL0005976,x@x.com,9999123456,9999123451,9999123452,1,1
MP00012845,MP00012845,2023-09-07,13:58:27,PL004,MIL0017222,x@x.com,9999123456,9999123451,9999123452,1,1
MP00012846,MP00012846,2023-09-07,13:58:27,PL008,MIL0184570,x@x.com,9999123456,9999123451,9999123452,1,1
MP00012847,MP00012847,2023-09-07,13:58:27,PL011,MIL0057348,x@x.com,9999123456,9999123451,9999123452,1,1
MP00012848,MP00012848,2023-09-07,13:58:27,PL011,MIL0384785,x@x.com,9999123456,9999123451,9999123452,1,1
MP00012849,MP00012849,2023-09-07,13:58:27,PL010,MIL0567671,x@x.com,9999123456,9999123451,9999123452,1,1
MP00012850,MP00012850,2023-09-07,13:58:27,PL004,MIL0163664,x@x.com,9999123456,9999123451,9999123452,1,1
MP00012851,MP00012851,2023-09-07,13:58:27,PL001,MIL0387685,x@x.com,9999123456,9999123451,9999123452,1,1
MP00012852,MP00012852,2023-09-07,13:58:27,PL011,MIL0533043,x@x.com,9999123456,9999123451,9999123452,1,1
MP00012853,MP00012853,2023-09-07,13:58:27,PL001,MIL0163337,x@x.com,9999123456,9999123451,9999123452,1,1
MP00012854,MP00012854,2023-09-07,13:58:27,PL001,MIL0305003,x@x.com,9999123456,9999123451,9999123452,1,1
MP00012855,MP00012855,2023-09-07,13:58:27,PL011,MIL0259235,x@x.com,9999123456,9999123451,9999123452,1,1
MP00012856,MP00012856,2023-09-07,13:58:27,PL008,MIL0343917,x@x.com,9999123456,9999123451,9999123452,1,1
MP00012857,MP00012857,2023-09-07,13:58:27,PL010,MIL0231903,x@x.com,9999123456,9999123451,9999123452,1,1
MP00012858,MP00012858,2023-09-07,13:58:27,PL005,MIL0196222,x@x.com,9999123456,9999123451,9999123452,1,1
MP00012859,MP00012859,2023-09-07,13:58:27,PL010,MIL0511472,x@x.com,9999123456,9999123451,9999123452,1,1
MP00012860,MP00012860,2023-09-07,13:58:27,PL010,MIL0312475,x@x.com,9999123456,9999123451,9999123452,1,1
MP00012861,MP00012861,2023-09-07,13:58:27,PL009,MIL0479873,x@x.com,9999123456,9999123451,9999123452,1,1
MP00012862,MP00012862,2023-09-07,13:58:27,PL003,MIL0399347,x@x.com,9999123456,9999123451,9999123452,1,1
MP00012863,MP00012863,2023-09-07,13:58:27,PL002,MIL0117886,x@x.com,9999123456,9999123451,9999123452,1,1
MP00012864,MP00012864,2023-09-07,13:58:27,PL012,MIL0338069,x@x.com,9999123456,9999123451,9999123452,1,1
MP00012865,MP00012865,2023-09-07,13:58:27,PL013,MIL0315387,x@x.com,9999123456,9999123451,9999123452,1,1
MP00012866,MP00012866,2023-09-07,13:58:27,PL001,MIL0558850,x@x.com,9999123456,9999123451,9999123452,1,1
MP00012867,MP00012867,2023-09-07,13:58:27,PL007,MIL0474078,x@x.com,9999123456,9999123451,9999123452,1,1
MP00012868,MP00012868,2023-09-07,13:58:27,PL010,MIL0136536,x@x.com,9999123456,9999123451,9999123452,1,1
MP00012869,MP00012869,2023-09-07,13:58:27,PL006,MIL0498404,x@x.com,9999123456,9999123451,9999123452,1,1
MP00012870,MP00012870,2023-09-07,13:58:27,PL011,MIL0265323,x@x.com,9999123456,9999123451,9999123452,1,1
MP00012871,MP00012871,2023-09-07,13:58:27,PL007,MIL0271104,x@x.com,9999123456,9999123451,9999123452,1,1
MP00012872,MP00012872,2023-09-07,13:58:27,PL002,MIL0552366,x@x.com,9999123456,9999123451,9999123452,1,1
MP00012873,MP00012873,2023-09-07,13:58:27,PL011,MIL0011472,x@x.com,9999123456,9999123451,9999123452,1,1
MP00012874,MP00012874,2023-09-07,13:58:27,PL008,MIL0135489,x@x.com,9999123456,9999123451,9999123452,1,1
MP00012875,MP00012875,2023-09-07,13:58:27,PL005,MIL0578004,x@x.com,9999123456,9999123451,9999123452,1,1
MP00012876,MP00012876,2023-09-07,13:58:27,PL005,MIL0277620,x@x.com,9999123456,9999123451,9999123452,1,1
MP00012877,MP00012877,2023-09-07,13:58:27,PL008,MIL0040252,x@x.com,9999123456,9999123451,9999123452,1,1
MP00012878,MP00012878,2023-09-07,13:58:27,PL003,MIL0056807,x@x.com,9999123456,9999123451,9999123452,1,1
MP00012879,MP00012879,2023-09-07,13:58:27,PL013,MIL0034283,x@x.com,9999123456,9999123451,9999123452,1,1
MP00012880,MP00012880,2023-09-07,13:58:27,PL005,MIL0542093,x@x.com,9999123456,9999123451,9999123452,1,1
MP00012881,MP00012881,2023-09-07,13:58:27,PL003,MIL0180745,x@x.com,9999123456,9999123451,9999123452,1,1
MP00012882,MP00012882,2023-09-07,13:58:27,PL004,MIL0381919,x@x.com,9999123456,9999123451,9999123452,1,1
MP00012883,MP00012883,2023-09-07,13:58:27,PL007,MIL0195983,x@x.com,9999123456,9999123451,9999123452,1,1
MP00012884,MP00012884,2023-09-07,13:58:27,PL011,MIL0374683,x@x.com,9999123456,9999123451,9999123452,1,1
MP00012885,MP00012885,2023-09-07,13:58:27,PL013,MIL0077429,x@x.com,9999123456,9999123451,9999123452,1,1
MP00012886,MP00012886,2023-09-07,13:58:27,PL013,MIL0218754,x@x.com,9999123456,9999123451,9999123452,1,1
MP00012887,MP00012887,2023-09-07,13:58:27,PL011,MIL0165129,x@x.com,9999123456,9999123451,9999123452,1,1
MP00012888,MP00012888,2023-09-07,13:58:27,PL010,MIL0515923,x@x.com,9999123456,9999123451,9999123452,1,1
MP00012889,MP00012889,2023-09-07,13:58:27,PL005,MIL0361505,x@x.com,9999123456,9999123451,9999123452,1,1
MP00012890,MP00012890,2023-09-07,13:58:27,PL003,MIL0488781,x@x.com,9999123456,9999123451,9999123452,1,1
MP00012891,MP00012891,2023-09-07,13:58:27,PL005,MIL0080825,x@x.com,9999123456,9999123451,9999123452,1,1
MP00012892,MP00012892,2023-09-07,13:58:27,PL004,MIL0078862,x@x.com,9999123456,9999123451,9999123452,1,1
MP00012893,MP00012893,2023-09-07,13:58:27,PL009,MIL0183495,x@x.com,9999123456,9999123451,9999123452,1,1
MP00012894,MP00012894,2023-09-07,13:58:27,PL002,MIL0185869,x@x.com,9999123456,9999123451,9999123452,1,1
MP00012895,MP00012895,2023-09-07,13:58:27,PL008,MIL0396215,x@x.com,9999123456,9999123451,9999123452,1,1
MP00012896,MP00012896,2023-09-07,13:58:27,PL010,MIL0311840,x@x.com,9999123456,9999123451,9999123452,1,1
MP00012897,MP00012897,2023-09-07,13:58:27,PL013,MIL0045762,x@x.com,9999123456,9999123451,9999123452,1,1
MP00012898,MP00012898,2023-09-07,13:58:27,PL007,MIL0282286,x@x.com,9999123456,9999123451,9999123452,1,1
MP00012899,MP00012899,2023-09-07,13:58:27,PL011,MIL0033450,x@x.com,9999123456,9999123451,9999123452,1,1
MP00012900,MP00012900,2023-09-07,13:58:27,PL013,MIL0235211,x@x.com,9999123456,9999123451,9999123452,1,1
MP00012901,MP00012901,2023-09-07,13:58:27,PL010,MIL0209282,x@x.com,9999123456,9999123451,9999123452,1,1
MP00012902,MP00012902,2023-09-07,13:58:27,PL006,MIL0533314,x@x.com,9999123456,9999123451,9999123452,1,1
MP00012903,MP00012903,2023-09-07,13:58:27,PL004,MIL0471476,x@x.com,9999123456,9999123451,9999123452,1,1
MP00012904,MP00012904,2023-09-07,13:58:27,PL007,MIL0080276,x@x.com,9999123456,9999123451,9999123452,1,1
MP00012905,MP00012905,2023-09-07,13:58:27,PL001,MIL0568274,x@x.com,9999123456,9999123451,9999123452,1,1
MP00012906,MP00012906,2023-09-07,13:58:27,PL004,MIL0533573,x@x.com,9999123456,9999123451,9999123452,1,1
MP00012907,MP00012907,2023-09-07,13:58:27,PL003,MIL0388078,x@x.com,9999123456,9999123451,9999123452,1,1
MP00012908,MP00012908,2023-09-07,13:58:27,PL005,MIL0245271,x@x.com,9999123456,9999123451,9999123452,1,1
MP00012909,MP00012909,2023-09-07,13:58:27,PL004,MIL0186268,x@x.com,9999123456,9999123451,9999123452,1,1
MP00012910,MP00012910,2023-09-07,13:58:27,PL002,MIL0295651,x@x.com,9999123456,9999123451,9999123452,1,1
MP00012911,MP00012911,2023-09-07,13:58:27,PL005,MIL0490787,x@x.com,9999123456,9999123451,9999123452,1,1
MP00012912,MP00012912,2023-09-07,13:58:27,PL010,MIL0459970,x@x.com,9999123456,9999123451,9999123452,1,1
MP00012913,MP00012913,2023-09-07,13:58:27,PL006,MIL0276896,x@x.com,9999123456,9999123451,9999123452,1,1
MP00012914,MP00012914,2023-09-07,13:58:27,PL006,MIL0362598,x@x.com,9999123456,9999123451,9999123452,1,1
MP00012915,MP00012915,2023-09-07,13:58:27,PL007,MIL0323012,x@x.com,9999123456,9999123451,9999123452,1,1
MP00012916,MP00012916,2023-09-07,13:58:27,PL008,MIL0443189,x@x.com,9999123456,9999123451,9999123452,1,1
MP00012917,MP00012917,2023-09-07,13:58:27,PL013,MIL0205405,x@x.com,9999123456,9999123451,9999123452,1,1
MP00012918,MP00012918,2023-09-07,13:58:27,PL004,MIL0209581,x@x.com,9999123456,9999123451,9999123452,1,1
MP00012919,MP00012919,2023-09-07,13:58:27,PL009,MIL0104778,x@x.com,9999123456,9999123451,9999123452,1,1
MP00012920,MP00012920,2023-09-07,13:58:27,PL002,MIL0379371,x@x.com,9999123456,9999123451,9999123452,1,1
MP00012921,MP00012921,2023-09-07,13:58:27,PL006,MIL0375632,x@x.com,9999123456,9999123451,9999123452,1,1
MP00012922,MP00012922,2023-09-07,13:58:27,PL012,MIL0342459,x@x.com,9999123456,9999123451,9999123452,1,1
MP00012923,MP00012923,2023-09-07,13:58:27,PL012,MIL0517976,x@x.com,9999123456,9999123451,9999123452,1,1
MP00012924,MP00012924,2023-09-07,13:58:27,PL004,MIL0310723,x@x.com,9999123456,9999123451,9999123452,1,1
MP00012925,MP00012925,2023-09-07,13:58:27,PL005,MIL0125978,x@x.com,9999123456,9999123451,9999123452,1,1
MP00012926,MP00012926,2023-09-07,13:58:27,PL004,MIL0360289,x@x.com,9999123456,9999123451,9999123452,1,1
MP00012927,MP00012927,2023-09-07,13:58:27,PL005,MIL0454714,x@x.com,9999123456,9999123451,9999123452,1,1
MP00012928,MP00012928,2023-09-07,13:58:27,PL005,MIL0246363,x@x.com,9999123456,9999123451,9999123452,1,1
MP00012929,MP00012929,2023-09-07,13:58:27,PL004,MIL0416705,x@x.com,9999123456,9999123451,9999123452,1,1
MP00012930,MP00012930,2023-09-07,13:58:27,PL009,MIL0213260,x@x.com,9999123456,9999123451,9999123452,1,1
MP00012931,MP00012931,2023-09-07,13:58:27,PL006,MIL0300711,x@x.com,9999123456,9999123451,9999123452,1,1
MP00012932,MP00012932,2023-09-07,13:58:27,PL010,MIL0300270,x@x.com,9999123456,9999123451,9999123452,1,1
MP00012933,MP00012933,2023-09-07,13:58:27,PL004,MIL0078852,x@x.com,9999123456,9999123451,9999123452,1,1
MP00012934,MP00012934,2023-09-07,13:58:27,PL006,MIL0099807,x@x.com,9999123456,9999123451,9999123452,1,1
MP00012935,MP00012935,2023-09-07,13:58:27,PL010,MIL0416350,x@x.com,9999123456,9999123451,9999123452,1,1
MP00012936,MP00012936,2023-09-07,13:58:27,PL010,MIL0494749,x@x.com,9999123456,9999123451,9999123452,1,1
MP00012937,MP00012937,2023-09-07,13:58:27,PL012,MIL0293743,x@x.com,9999123456,9999123451,9999123452,1,1
MP00012938,MP00012938,2023-09-07,13:58:27,PL003,MIL0213153,x@x.com,9999123456,9999123451,9999123452,1,1
MP00012939,MP00012939,2023-09-07,13:58:27,PL010,MIL0201271,x@x.com,9999123456,9999123451,9999123452,1,1
MP00012940,MP00012940,2023-09-07,13:58:27,PL011,MIL0006310,x@x.com,9999123456,9999123451,9999123452,1,1
MP00012941,MP00012941,2023-09-07,13:58:27,PL002,MIL0211888,x@x.com,9999123456,9999123451,9999123452,1,1
MP00012942,MP00012942,2023-09-07,13:58:27,PL009,MIL0241577,x@x.com,9999123456,9999123451,9999123452,1,1
MP00012943,MP00012943,2023-09-07,13:58:27,PL001,MIL0223664,x@x.com,9999123456,9999123451,9999123452,1,1
MP00012944,MP00012944,2023-09-07,13:58:27,PL013,MIL0289828,x@x.com,9999123456,9999123451,9999123452,1,1
MP00012945,MP00012945,2023-09-07,13:58:27,PL010,MIL0565419,x@x.com,9999123456,9999123451,9999123452,1,1
MP00012946,MP00012946,2023-09-07,13:58:27,PL008,MIL0082394,x@x.com,9999123456,9999123451,9999123452,1,1
MP00012947,MP00012947,2023-09-07,13:58:27,PL010,MIL0538610,x@x.com,9999123456,9999123451,9999123452,1,1
MP00012948,MP00012948,2023-09-07,13:58:27,PL004,MIL0047469,x@x.com,9999123456,9999123451,9999123452,1,1
MP00012949,MP00012949,2023-09-07,13:58:27,PL006,MIL0267970,x@x.com,9999123456,9999123451,9999123452,1,1
MP00012950,MP00012950,2023-09-07,13:58:27,PL009,MIL0489593,x@x.com,9999123456,9999123451,9999123452,1,1
MP00012951,MP00012951,2023-09-07,13:58:27,PL012,MIL0412478,x@x.com,9999123456,9999123451,9999123452,1,1
MP00012952,MP00012952,2023-09-07,13:58:27,PL005,MIL0444485,x@x.com,9999123456,9999123451,9999123452,1,1
MP00012953,MP00012953,2023-09-07,13:58:27,PL011,MIL0144707,x@x.com,9999123456,9999123451,9999123452,1,1
MP00012954,MP00012954,2023-09-07,13:58:27,PL013,MIL0471308,x@x.com,9999123456,9999123451,9999123452,1,1
MP00012955,MP00012955,2023-09-07,13:58:27,PL003,MIL0347799,x@x.com,9999123456,9999123451,9999123452,1,1
MP00012956,MP00012956,2023-09-07,13:58:27,PL001,MIL0214782,x@x.com,9999123456,9999123451,9999123452,1,1
MP00012957,MP00012957,2023-09-07,13:58:27,PL002,MIL0463736,x@x.com,9999123456,9999123451,9999123452,1,1
MP00012958,MP00012958,2023-09-07,13:58:27,PL002,MIL0229442,x@x.com,9999123456,9999123451,9999123452,1,1
MP00012959,MP00012959,2023-09-07,13:58:27,PL008,MIL0546624,x@x.com,9999123456,9999123451,9999123452,1,1
MP00012960,MP00012960,2023-09-07,13:58:27,PL002,MIL0152415,x@x.com,9999123456,9999123451,9999123452,1,1
MP00012961,MP00012961,2023-09-07,13:58:27,PL011,MIL0054313,x@x.com,9999123456,9999123451,9999123452,1,1
MP00012962,MP00012962,2023-09-07,13:58:27,PL003,MIL0190043,x@x.com,9999123456,9999123451,9999123452,1,1
MP00012963,MP00012963,2023-09-07,13:58:27,PL010,MIL0091218,x@x.com,9999123456,9999123451,9999123452,1,1
MP00012964,MP00012964,2023-09-07,13:58:27,PL010,MIL0190752,x@x.com,9999123456,9999123451,9999123452,1,1
MP00012965,MP00012965,2023-09-07,13:58:27,PL007,MIL0010354,x@x.com,9999123456,9999123451,9999123452,1,1
MP00012966,MP00012966,2023-09-07,13:58:27,PL004,MIL0246271,x@x.com,9999123456,9999123451,9999123452,1,1
MP00012967,MP00012967,2023-09-07,13:58:27,PL001,MIL0149787,x@x.com,9999123456,9999123451,9999123452,1,1
MP00012968,MP00012968,2023-09-07,13:58:27,PL003,MIL0209030,x@x.com,9999123456,9999123451,9999123452,1,1
MP00012969,MP00012969,2023-09-07,13:58:27,PL010,MIL0065576,x@x.com,9999123456,9999123451,9999123452,1,1
MP00012970,MP00012970,2023-09-07,13:58:27,PL004,MIL0567017,x@x.com,9999123456,9999123451,9999123452,1,1
MP00012971,MP00012971,2023-09-07,13:58:27,PL004,MIL0506488,x@x.com,9999123456,9999123451,9999123452,1,1
MP00012972,MP00012972,2023-09-07,13:58:27,PL009,MIL0144054,x@x.com,9999123456,9999123451,9999123452,1,1
MP00012973,MP00012973,2023-09-07,13:58:27,PL003,MIL0002947,x@x.com,9999123456,9999123451,9999123452,1,1
MP00012974,MP00012974,2023-09-07,13:58:27,PL009,MIL0428242,x@x.com,9999123456,9999123451,9999123452,1,1
MP00012975,MP00012975,2023-09-07,13:58:27,PL012,MIL0096303,x@x.com,9999123456,9999123451,9999123452,1,1
MP00012976,MP00012976,2023-09-07,13:58:27,PL004,MIL0407944,x@x.com,9999123456,9999123451,9999123452,1,1
MP00012977,MP00012977,2023-09-07,13:58:27,PL009,MIL0540390,x@x.com,9999123456,9999123451,9999123452,1,1
MP00012978,MP00012978,2023-09-07,13:58:27,PL010,MIL0260915,x@x.com,9999123456,9999123451,9999123452,1,1
MP00012979,MP00012979,2023-09-07,13:58:27,PL005,MIL0034103,x@x.com,9999123456,9999123451,9999123452,1,1
MP00012980,MP00012980,2023-09-07,13:58:27,PL012,MIL0490870,x@x.com,9999123456,9999123451,9999123452,1,1
MP00012981,MP00012981,2023-09-07,13:58:27,PL009,MIL0522390,x@x.com,9999123456,9999123451,9999123452,1,1
MP00012982,MP00012982,2023-09-07,13:58:27,PL009,MIL0437400,x@x.com,9999123456,9999123451,9999123452,1,1
MP00012983,MP00012983,2023-09-07,13:58:27,PL007,MIL0091225,x@x.com,9999123456,9999123451,9999123452,1,1
MP00012984,MP00012984,2023-09-07,13:58:27,PL007,MIL0413827,x@x.com,9999123456,9999123451,9999123452,1,1
MP00012985,MP00012985,2023-09-07,13:58:27,PL004,MIL0260645,x@x.com,9999123456,9999123451,9999123452,1,1
MP00012986,MP00012986,2023-09-07,13:58:27,PL011,MIL0562244,x@x.com,9999123456,9999123451,9999123452,1,1
MP00012987,MP00012987,2023-09-07,13:58:27,PL012,MIL0374091,x@x.com,9999123456,9999123451,9999123452,1,1
