clave,folio,fecha,hora,clave_partido_legado,clave_ciudadano,correo_electronico,whatsapp,telefono,celular,obseravaciones,status
clave,folio,fecha,hora,clave_partido_legado,clave_ciudadano,correo_electronico,whatsapp,telefono,celular,obseravaciones,status
MP00018982,MP00018982,2023-09-07,13:58:27,PL010,MIL0268216,x@x.com,9999123456,9999123451,9999123452,1,1
MP00018983,MP00018983,2023-09-07,13:58:27,PL009,MIL0215129,x@x.com,9999123456,9999123451,9999123452,1,1
MP00018984,MP00018984,2023-09-07,13:58:27,PL002,MIL0383301,x@x.com,9999123456,9999123451,9999123452,1,1
MP00018985,MP00018985,2023-09-07,13:58:27,PL009,MIL0097287,x@x.com,9999123456,9999123451,9999123452,1,1
MP00018986,MP00018986,2023-09-07,13:58:27,PL010,MIL0427858,x@x.com,9999123456,9999123451,9999123452,1,1
MP00018987,MP00018987,2023-09-07,13:58:27,PL007,MIL0494705,x@x.com,9999123456,9999123451,9999123452,1,1
MP00018988,MP00018988,2023-09-07,13:58:27,PL001,MIL0511368,x@x.com,9999123456,9999123451,9999123452,1,1
MP00018989,MP00018989,2023-09-07,13:58:27,PL010,MIL0114868,x@x.com,9999123456,9999123451,9999123452,1,1
MP00018990,MP00018990,2023-09-07,13:58:27,PL005,MIL0066470,x@x.com,9999123456,9999123451,9999123452,1,1
MP00018991,MP00018991,2023-09-07,13:58:27,PL005,MIL0103498,x@x.com,9999123456,9999123451,9999123452,1,1
MP00018992,MP00018992,2023-09-07,13:58:27,PL010,MIL0538075,x@x.com,9999123456,9999123451,9999123452,1,1
MP00018993,MP00018993,2023-09-07,13:58:27,PL010,MIL0167423,x@x.com,9999123456,9999123451,9999123452,1,1
MP00018994,MP00018994,2023-09-07,13:58:27,PL007,MIL0382710,x@x.com,9999123456,9999123451,9999123452,1,1
MP00018995,MP00018995,2023-09-07,13:58:27,PL013,MIL0317839,x@x.com,9999123456,9999123451,9999123452,1,1
MP00018996,MP00018996,2023-09-07,13:58:27,PL003,MIL0416998,x@x.com,9999123456,9999123451,9999123452,1,1
MP00018997,MP00018997,2023-09-07,13:58:27,PL004,MIL0529606,x@x.com,9999123456,9999123451,9999123452,1,1
MP00018998,MP00018998,2023-09-07,13:58:27,PL011,MIL0432775,x@x.com,9999123456,9999123451,9999123452,1,1
MP00018999,MP00018999,2023-09-07,13:58:27,PL013,MIL0323199,x@x.com,9999123456,9999123451,9999123452,1,1
MP00019000,MP00019000,2023-09-07,13:58:27,PL010,MIL0056346,x@x.com,9999123456,9999123451,9999123452,1,1
MP00019001,MP00019001,2023-09-07,13:58:27,PL008,MIL0468396,x@x.com,9999123456,9999123451,9999123452,1,1
MP00019002,MP00019002,2023-09-07,13:58:27,PL006,MIL0274344,x@x.com,9999123456,9999123451,9999123452,1,1
MP00019003,MP00019003,2023-09-07,13:58:27,PL004,MIL0268195,x@x.com,9999123456,9999123451,9999123452,1,1
MP00019004,MP00019004,2023-09-07,13:58:27,PL009,MIL0580541,x@x.com,9999123456,9999123451,9999123452,1,1
MP00019005,MP00019005,2023-09-07,13:58:27,PL012,MIL0491202,x@x.com,9999123456,9999123451,9999123452,1,1
MP00019006,MP00019006,2023-09-07,13:58:27,PL006,MIL0186808,x@x.com,9999123456,9999123451,9999123452,1,1
MP00019007,MP00019007,2023-09-07,13:58:27,PL003,MIL0368380,x@x.com,9999123456,9999123451,9999123452,1,1
MP00019008,MP00019008,2023-09-07,13:58:27,PL003,MIL0192791,x@x.com,9999123456,9999123451,9999123452,1,1
MP00019009,MP00019009,2023-09-07,13:58:27,PL008,MIL0392142,x@x.com,9999123456,9999123451,9999123452,1,1
MP00019010,MP00019010,2023-09-07,13:58:27,PL008,MIL0228255,x@x.com,9999123456,9999123451,9999123452,1,1
MP00019011,MP00019011,2023-09-07,13:58:27,PL011,MIL0109546,x@x.com,9999123456,9999123451,9999123452,1,1
MP00019012,MP00019012,2023-09-07,13:58:27,PL010,MIL0425281,x@x.com,9999123456,9999123451,9999123452,1,1
MP00019013,MP00019013,2023-09-07,13:58:27,PL004,MIL0237160,x@x.com,9999123456,9999123451,9999123452,1,1
MP00019014,MP00019014,2023-09-07,13:58:27,PL002,MIL0400326,x@x.com,9999123456,9999123451,9999123452,1,1
MP00019015,MP00019015,2023-09-07,13:58:27,PL006,MIL0127664,x@x.com,9999123456,9999123451,9999123452,1,1
MP00019016,MP00019016,2023-09-07,13:58:27,PL009,MIL0123354,x@x.com,9999123456,9999123451,9999123452,1,1
MP00019017,MP00019017,2023-09-07,13:58:27,PL013,MIL0524258,x@x.com,9999123456,9999123451,9999123452,1,1
MP00019018,MP00019018,2023-09-07,13:58:27,PL009,MIL0230064,x@x.com,9999123456,9999123451,9999123452,1,1
MP00019019,MP00019019,2023-09-07,13:58:27,PL005,MIL0195526,x@x.com,9999123456,9999123451,9999123452,1,1
MP00019020,MP00019020,2023-09-07,13:58:27,PL003,MIL0007964,x@x.com,9999123456,9999123451,9999123452,1,1
MP00019021,MP00019021,2023-09-07,13:58:27,PL001,MIL0522994,x@x.com,9999123456,9999123451,9999123452,1,1
MP00019022,MP00019022,2023-09-07,13:58:27,PL010,MIL0163603,x@x.com,9999123456,9999123451,9999123452,1,1
MP00019023,MP00019023,2023-09-07,13:58:27,PL012,MIL0216065,x@x.com,9999123456,9999123451,9999123452,1,1
MP00019024,MP00019024,2023-09-07,13:58:27,PL002,MIL0008430,x@x.com,9999123456,9999123451,9999123452,1,1
MP00019025,MP00019025,2023-09-07,13:58:27,PL003,MIL0251618,x@x.com,9999123456,9999123451,9999123452,1,1
MP00019026,MP00019026,2023-09-07,13:58:27,PL002,MIL0155216,x@x.com,9999123456,9999123451,9999123452,1,1
MP00019027,MP00019027,2023-09-07,13:58:27,PL006,MIL0404970,x@x.com,9999123456,9999123451,9999123452,1,1
MP00019028,MP00019028,2023-09-07,13:58:27,PL001,MIL0004838,x@x.com,9999123456,9999123451,9999123452,1,1
MP00019029,MP00019029,2023-09-07,13:58:27,PL010,MIL0513851,x@x.com,9999123456,9999123451,9999123452,1,1
MP00019030,MP00019030,2023-09-07,13:58:27,PL009,MIL0081170,x@x.com,9999123456,9999123451,9999123452,1,1
MP00019031,MP00019031,2023-09-07,13:58:27,PL006,MIL0201669,x@x.com,9999123456,9999123451,9999123452,1,1
MP00019032,MP00019032,2023-09-07,13:58:27,PL002,MIL0144177,x@x.com,9999123456,9999123451,9999123452,1,1
MP00019033,MP00019033,2023-09-07,13:58:27,PL007,MIL0524536,x@x.com,9999123456,9999123451,9999123452,1,1
MP00019034,MP00019034,2023-09-07,13:58:27,PL011,MIL0253578,x@x.com,9999123456,9999123451,9999123452,1,1
MP00019035,MP00019035,2023-09-07,13:58:27,PL002,MIL0278231,x@x.com,9999123456,9999123451,9999123452,1,1
MP00019036,MP00019036,2023-09-07,13:58:27,PL010,MIL0158976,x@x.com,9999123456,9999123451,9999123452,1,1
MP00019037,MP00019037,2023-09-07,13:58:27,PL010,MIL0057930,x@x.com,9999123456,9999123451,9999123452,1,1
MP00019038,MP00019038,2023-09-07,13:58:27,PL007,MIL0284026,x@x.com,9999123456,9999123451,9999123452,1,1
MP00019039,MP00019039,2023-09-07,13:58:27,PL005,MIL0261015,x@x.com,9999123456,9999123451,9999123452,1,1
MP00019040,MP00019040,2023-09-07,13:58:27,PL008,MIL0116165,x@x.com,9999123456,9999123451,9999123452,1,1
MP00019041,MP00019041,2023-09-07,13:58:27,PL002,MIL0218287,x@x.com,9999123456,9999123451,9999123452,1,1
MP00019042,MP00019042,2023-09-07,13:58:27,PL004,MIL0509156,x@x.com,9999123456,9999123451,9999123452,1,1
MP00019043,MP00019043,2023-09-07,13:58:27,PL007,MIL0300161,x@x.com,9999123456,9999123451,9999123452,1,1
MP00019044,MP00019044,2023-09-07,13:58:27,PL001,MIL0273502,x@x.com,9999123456,9999123451,9999123452,1,1
MP00019045,MP00019045,2023-09-07,13:58:27,PL004,MIL0257191,x@x.com,9999123456,9999123451,9999123452,1,1
MP00019046,MP00019046,2023-09-07,13:58:27,PL012,MIL0539711,x@x.com,9999123456,9999123451,9999123452,1,1
MP00019047,MP00019047,2023-09-07,13:58:27,PL012,MIL0212918,x@x.com,9999123456,9999123451,9999123452,1,1
MP00019048,MP00019048,2023-09-07,13:58:27,PL004,MIL0254575,x@x.com,9999123456,9999123451,9999123452,1,1
MP00019049,MP00019049,2023-09-07,13:58:27,PL012,MIL0116914,x@x.com,9999123456,9999123451,9999123452,1,1
MP00019050,MP00019050,2023-09-07,13:58:27,PL008,MIL0258869,x@x.com,9999123456,9999123451,9999123452,1,1
MP00019051,MP00019051,2023-09-07,13:58:27,PL006,MIL0101775,x@x.com,9999123456,9999123451,9999123452,1,1
MP00019052,MP00019052,2023-09-07,13:58:27,PL004,MIL0533483,x@x.com,9999123456,9999123451,9999123452,1,1
MP00019053,MP00019053,2023-09-07,13:58:27,PL005,MIL0186886,x@x.com,9999123456,9999123451,9999123452,1,1
MP00019054,MP00019054,2023-09-07,13:58:27,PL001,MIL0313924,x@x.com,9999123456,9999123451,9999123452,1,1
MP00019055,MP00019055,2023-09-07,13:58:27,PL007,MIL0302521,x@x.com,9999123456,9999123451,9999123452,1,1
MP00019056,MP00019056,2023-09-07,13:58:27,PL008,MIL0535671,x@x.com,9999123456,9999123451,9999123452,1,1
MP00019057,MP00019057,2023-09-07,13:58:27,PL007,MIL0189753,x@x.com,9999123456,9999123451,9999123452,1,1
MP00019058,MP00019058,2023-09-07,13:58:27,PL009,MIL0527689,x@x.com,9999123456,9999123451,9999123452,1,1
MP00019059,MP00019059,2023-09-07,13:58:27,PL007,MIL0566687,x@x.com,9999123456,9999123451,9999123452,1,1
MP00019060,MP00019060,2023-09-07,13:58:27,PL011,MIL0028253,x@x.com,9999123456,9999123451,9999123452,1,1
MP00019061,MP00019061,2023-09-07,13:58:27,PL005,MIL0445505,x@x.com,9999123456,9999123451,9999123452,1,1
MP00019062,MP00019062,2023-09-07,13:58:27,PL007,MIL0018663,x@x.com,9999123456,9999123451,9999123452,1,1
MP00019063,MP00019063,2023-09-07,13:58:27,PL007,MIL0038273,x@x.com,9999123456,9999123451,9999123452,1,1
MP00019064,MP00019064,2023-09-07,13:58:27,PL001,MIL0380827,x@x.com,9999123456,9999123451,9999123452,1,1
MP00019065,MP00019065,2023-09-07,13:58:27,PL001,MIL0366234,x@x.com,9999123456,9999123451,9999123452,1,1
MP00019066,MP00019066,2023-09-07,13:58:27,PL008,MIL0514198,x@x.com,9999123456,9999123451,9999123452,1,1
MP00019067,MP00019067,2023-09-07,13:58:27,PL007,MIL0513340,x@x.com,9999123456,9999123451,9999123452,1,1
MP00019068,MP00019068,2023-09-07,13:58:27,PL008,MIL0033837,x@x.com,9999123456,9999123451,9999123452,1,1
MP00019069,MP00019069,2023-09-07,13:58:27,PL004,MIL0082284,x@x.com,9999123456,9999123451,9999123452,1,1
MP00019070,MP00019070,2023-09-07,13:58:27,PL011,MIL0291702,x@x.com,9999123456,9999123451,9999123452,1,1
MP00019071,MP00019071,2023-09-07,13:58:27,PL001,MIL0439281,x@x.com,9999123456,9999123451,9999123452,1,1
MP00019072,MP00019072,2023-09-07,13:58:27,PL003,MIL0543672,x@x.com,9999123456,9999123451,9999123452,1,1
MP00019073,MP00019073,2023-09-07,13:58:27,PL013,MIL0154337,x@x.com,9999123456,9999123451,9999123452,1,1
MP00019074,MP00019074,2023-09-07,13:58:27,PL003,MIL0163160,x@x.com,9999123456,9999123451,9999123452,1,1
MP00019075,MP00019075,2023-09-07,13:58:27,PL001,MIL0442780,x@x.com,9999123456,9999123451,9999123452,1,1
MP00019076,MP00019076,2023-09-07,13:58:27,PL001,MIL0285225,x@x.com,9999123456,9999123451,9999123452,1,1
MP00019077,MP00019077,2023-09-07,13:58:27,PL001,MIL0500277,x@x.com,9999123456,9999123451,9999123452,1,1
MP00019078,MP00019078,2023-09-07,13:58:27,PL013,MIL0381598,x@x.com,9999123456,9999123451,9999123452,1,1
MP00019079,MP00019079,2023-09-07,13:58:27,PL012,MIL0223756,x@x.com,9999123456,9999123451,9999123452,1,1
MP00019080,MP00019080,2023-09-07,13:58:27,PL012,MIL0383158,x@x.com,9999123456,9999123451,9999123452,1,1
MP00019081,MP00019081,2023-09-07,13:58:27,PL008,MIL0060708,x@x.com,9999123456,9999123451,9999123452,1,1
MP00019082,MP00019082,2023-09-07,13:58:27,PL012,MIL0379908,x@x.com,9999123456,9999123451,9999123452,1,1
MP00019083,MP00019083,2023-09-07,13:58:27,PL011,MIL0151680,x@x.com,9999123456,9999123451,9999123452,1,1
MP00019084,MP00019084,2023-09-07,13:58:27,PL013,MIL0161321,x@x.com,9999123456,9999123451,9999123452,1,1
MP00019085,MP00019085,2023-09-07,13:58:27,PL003,MIL0070019,x@x.com,9999123456,9999123451,9999123452,1,1
MP00019086,MP00019086,2023-09-07,13:58:27,PL001,MIL0553300,x@x.com,9999123456,9999123451,9999123452,1,1
MP00019087,MP00019087,2023-09-07,13:58:27,PL002,MIL0127203,x@x.com,9999123456,9999123451,9999123452,1,1
MP00019088,MP00019088,2023-09-07,13:58:27,PL008,MIL0498023,x@x.com,9999123456,9999123451,9999123452,1,1
MP00019089,MP00019089,2023-09-07,13:58:27,PL010,MIL0370905,x@x.com,9999123456,9999123451,9999123452,1,1
MP00019090,MP00019090,2023-09-07,13:58:27,PL005,MIL0116377,x@x.com,9999123456,9999123451,9999123452,1,1
MP00019091,MP00019091,2023-09-07,13:58:27,PL007,MIL0078672,x@x.com,9999123456,9999123451,9999123452,1,1
MP00019092,MP00019092,2023-09-07,13:58:27,PL011,MIL0365438,x@x.com,9999123456,9999123451,9999123452,1,1
MP00019093,MP00019093,2023-09-07,13:58:27,PL004,MIL0366071,x@x.com,9999123456,9999123451,9999123452,1,1
MP00019094,MP00019094,2023-09-07,13:58:27,PL005,MIL0468981,x@x.com,9999123456,9999123451,9999123452,1,1
MP00019095,MP00019095,2023-09-07,13:58:27,PL009,MIL0506860,x@x.com,9999123456,9999123451,9999123452,1,1
MP00019096,MP00019096,2023-09-07,13:58:27,PL013,MIL0251144,x@x.com,9999123456,9999123451,9999123452,1,1
MP00019097,MP00019097,2023-09-07,13:58:27,PL008,MIL0169387,x@x.com,9999123456,9999123451,9999123452,1,1
MP00019098,MP00019098,2023-09-07,13:58:27,PL011,MIL0440109,x@x.com,9999123456,9999123451,9999123452,1,1
MP00019099,MP00019099,2023-09-07,13:58:27,PL011,MIL0051214,x@x.com,9999123456,9999123451,9999123452,1,1
MP00019100,MP00019100,2023-09-07,13:58:27,PL013,MIL0123251,x@x.com,9999123456,9999123451,9999123452,1,1
MP00019101,MP00019101,2023-09-07,13:58:27,PL002,MIL0411197,x@x.com,9999123456,9999123451,9999123452,1,1
MP00019102,MP00019102,2023-09-07,13:58:27,PL006,MIL0019347,x@x.com,9999123456,9999123451,9999123452,1,1
MP00019103,MP00019103,2023-09-07,13:58:27,PL009,MIL0306204,x@x.com,9999123456,9999123451,9999123452,1,1
MP00019104,MP00019104,2023-09-07,13:58:27,PL006,MIL0326200,x@x.com,9999123456,9999123451,9999123452,1,1
MP00019105,MP00019105,2023-09-07,13:58:27,PL013,MIL0156957,x@x.com,9999123456,9999123451,9999123452,1,1
MP00019106,MP00019106,2023-09-07,13:58:27,PL001,MIL0002465,x@x.com,9999123456,9999123451,9999123452,1,1
MP00019107,MP00019107,2023-09-07,13:58:27,PL013,MIL0301935,x@x.com,9999123456,9999123451,9999123452,1,1
MP00019108,MP00019108,2023-09-07,13:58:27,PL008,MIL0040817,x@x.com,9999123456,9999123451,9999123452,1,1
MP00019109,MP00019109,2023-09-07,13:58:27,PL012,MIL0467192,x@x.com,9999123456,9999123451,9999123452,1,1
MP00019110,MP00019110,2023-09-07,13:58:27,PL010,MIL0564437,x@x.com,9999123456,9999123451,9999123452,1,1
MP00019111,MP00019111,2023-09-07,13:58:27,PL006,MIL0392900,x@x.com,9999123456,9999123451,9999123452,1,1
MP00019112,MP00019112,2023-09-07,13:58:27,PL002,MIL0231337,x@x.com,9999123456,9999123451,9999123452,1,1
MP00019113,MP00019113,2023-09-07,13:58:27,PL002,MIL0343482,x@x.com,9999123456,9999123451,9999123452,1,1
MP00019114,MP00019114,2023-09-07,13:58:27,PL005,MIL0349242,x@x.com,9999123456,9999123451,9999123452,1,1
MP00019115,MP00019115,2023-09-07,13:58:27,PL003,MIL0191064,x@x.com,9999123456,9999123451,9999123452,1,1
MP00019116,MP00019116,2023-09-07,13:58:27,PL011,MIL0443586,x@x.com,9999123456,9999123451,9999123452,1,1
MP00019117,MP00019117,2023-09-07,13:58:27,PL002,MIL0128036,x@x.com,9999123456,9999123451,9999123452,1,1
MP00019118,MP00019118,2023-09-07,13:58:27,PL010,MIL0474636,x@x.com,9999123456,9999123451,9999123452,1,1
MP00019119,MP00019119,2023-09-07,13:58:27,PL010,MIL0075330,x@x.com,9999123456,9999123451,9999123452,1,1
MP00019120,MP00019120,2023-09-07,13:58:27,PL009,MIL0232073,x@x.com,9999123456,9999123451,9999123452,1,1
MP00019121,MP00019121,2023-09-07,13:58:27,PL002,MIL0118774,x@x.com,9999123456,9999123451,9999123452,1,1
MP00019122,MP00019122,2023-09-07,13:58:27,PL001,MIL0247043,x@x.com,9999123456,9999123451,9999123452,1,1
MP00019123,MP00019123,2023-09-07,13:58:27,PL003,MIL0452523,x@x.com,9999123456,9999123451,9999123452,1,1
MP00019124,MP00019124,2023-09-07,13:58:27,PL001,MIL0285294,x@x.com,9999123456,9999123451,9999123452,1,1
MP00019125,MP00019125,2023-09-07,13:58:27,PL012,MIL0359928,x@x.com,9999123456,9999123451,9999123452,1,1
MP00019126,MP00019126,2023-09-07,13:58:27,PL010,MIL0300434,x@x.com,9999123456,9999123451,9999123452,1,1
MP00019127,MP00019127,2023-09-07,13:58:27,PL010,MIL0124611,x@x.com,9999123456,9999123451,9999123452,1,1
MP00019128,MP00019128,2023-09-07,13:58:27,PL006,MIL0307011,x@x.com,9999123456,9999123451,9999123452,1,1
MP00019129,MP00019129,2023-09-07,13:58:27,PL002,MIL0355845,x@x.com,9999123456,9999123451,9999123452,1,1
MP00019130,MP00019130,2023-09-07,13:58:27,PL001,MIL0576894,x@x.com,9999123456,9999123451,9999123452,1,1
MP00019131,MP00019131,2023-09-07,13:58:27,PL007,MIL0428797,x@x.com,9999123456,9999123451,9999123452,1,1
MP00019132,MP00019132,2023-09-07,13:58:27,PL001,MIL0436203,x@x.com,9999123456,9999123451,9999123452,1,1
MP00019133,MP00019133,2023-09-07,13:58:27,PL011,MIL0304825,x@x.com,9999123456,9999123451,9999123452,1,1
MP00019134,MP00019134,2023-09-07,13:58:27,PL002,MIL0335565,x@x.com,9999123456,9999123451,9999123452,1,1
MP00019135,MP00019135,2023-09-07,13:58:27,PL013,MIL0216202,x@x.com,9999123456,9999123451,9999123452,1,1
MP00019136,MP00019136,2023-09-07,13:58:27,PL012,MIL0360295,x@x.com,9999123456,9999123451,9999123452,1,1
MP00019137,MP00019137,2023-09-07,13:58:27,PL002,MIL0442048,x@x.com,9999123456,9999123451,9999123452,1,1
MP00019138,MP00019138,2023-09-07,13:58:27,PL002,MIL0412441,x@x.com,9999123456,9999123451,9999123452,1,1
MP00019139,MP00019139,2023-09-07,13:58:27,PL012,MIL0162235,x@x.com,9999123456,9999123451,9999123452,1,1
MP00019140,MP00019140,2023-09-07,13:58:27,PL001,MIL0446924,x@x.com,9999123456,9999123451,9999123452,1,1
MP00019141,MP00019141,2023-09-07,13:58:27,PL003,MIL0204174,x@x.com,9999123456,9999123451,9999123452,1,1
MP00019142,MP00019142,2023-09-07,13:58:27,PL011,MIL0271825,x@x.com,9999123456,9999123451,9999123452,1,1
MP00019143,MP00019143,2023-09-07,13:58:27,PL007,MIL0387088,x@x.com,9999123456,9999123451,9999123452,1,1
MP00019144,MP00019144,2023-09-07,13:58:27,PL004,MIL0341360,x@x.com,9999123456,9999123451,9999123452,1,1
MP00019145,MP00019145,2023-09-07,13:58:27,PL007,MIL0041005,x@x.com,9999123456,9999123451,9999123452,1,1
MP00019146,MP00019146,2023-09-07,13:58:27,PL009,MIL0131071,x@x.com,9999123456,9999123451,9999123452,1,1
MP00019147,MP00019147,2023-09-07,13:58:27,PL006,MIL0186004,x@x.com,9999123456,9999123451,9999123452,1,1
MP00019148,MP00019148,2023-09-07,13:58:27,PL004,MIL0517334,x@x.com,9999123456,9999123451,9999123452,1,1
MP00019149,MP00019149,2023-09-07,13:58:27,PL001,MIL0097859,x@x.com,9999123456,9999123451,9999123452,1,1
MP00019150,MP00019150,2023-09-07,13:58:27,PL013,MIL0524186,x@x.com,9999123456,9999123451,9999123452,1,1
MP00019151,MP00019151,2023-09-07,13:58:27,PL010,MIL0274196,x@x.com,9999123456,9999123451,9999123452,1,1
MP00019152,MP00019152,2023-09-07,13:58:27,PL005,MIL0179079,x@x.com,9999123456,9999123451,9999123452,1,1
MP00019153,MP00019153,2023-09-07,13:58:27,PL011,MIL0553980,x@x.com,9999123456,9999123451,9999123452,1,1
MP00019154,MP00019154,2023-09-07,13:58:27,PL001,MIL0156906,x@x.com,9999123456,9999123451,9999123452,1,1
MP00019155,MP00019155,2023-09-07,13:58:27,PL006,MIL0569655,x@x.com,9999123456,9999123451,9999123452,1,1
MP00019156,MP00019156,2023-09-07,13:58:27,PL003,MIL0046344,x@x.com,9999123456,9999123451,9999123452,1,1
MP00019157,MP00019157,2023-09-07,13:58:27,PL012,MIL0560832,x@x.com,9999123456,9999123451,9999123452,1,1
MP00019158,MP00019158,2023-09-07,13:58:27,PL008,MIL0287593,x@x.com,9999123456,9999123451,9999123452,1,1
MP00019159,MP00019159,2023-09-07,13:58:27,PL004,MIL0520408,x@x.com,9999123456,9999123451,9999123452,1,1
MP00019160,MP00019160,2023-09-07,13:58:27,PL013,MIL0382481,x@x.com,9999123456,9999123451,9999123452,1,1
MP00019161,MP00019161,2023-09-07,13:58:27,PL005,MIL0293463,x@x.com,9999123456,9999123451,9999123452,1,1
MP00019162,MP00019162,2023-09-07,13:58:27,PL012,MIL0487672,x@x.com,9999123456,9999123451,9999123452,1,1
MP00019163,MP00019163,2023-09-07,13:58:27,PL004,MIL0068968,x@x.com,9999123456,9999123451,9999123452,1,1
MP00019164,MP00019164,2023-09-07,13:58:27,PL008,MIL0461940,x@x.com,9999123456,9999123451,9999123452,1,1
MP00019165,MP00019165,2023-09-07,13:58:27,PL010,MIL0473855,x@x.com,9999123456,9999123451,9999123452,1,1
MP00019166,MP00019166,2023-09-07,13:58:27,PL001,MIL0394719,x@x.com,9999123456,9999123451,9999123452,1,1
MP00019167,MP00019167,2023-09-07,13:58:27,PL004,MIL0380288,x@x.com,9999123456,9999123451,9999123452,1,1
MP00019168,MP00019168,2023-09-07,13:58:27,PL006,MIL0267487,x@x.com,9999123456,9999123451,9999123452,1,1
MP00019169,MP00019169,2023-09-07,13:58:27,PL006,MIL0295821,x@x.com,9999123456,9999123451,9999123452,1,1
MP00019170,MP00019170,2023-09-07,13:58:27,PL012,MIL0499894,x@x.com,9999123456,9999123451,9999123452,1,1
MP00019171,MP00019171,2023-09-07,13:58:27,PL008,MIL0250036,x@x.com,9999123456,9999123451,9999123452,1,1
MP00019172,MP00019172,2023-09-07,13:58:27,PL003,MIL0361009,x@x.com,9999123456,9999123451,9999123452,1,1
MP00019173,MP00019173,2023-09-07,13:58:27,PL011,MIL0025444,x@x.com,9999123456,9999123451,9999123452,1,1
MP00019174,MP00019174,2023-09-07,13:58:27,PL006,MIL0553976,x@x.com,9999123456,9999123451,9999123452,1,1
MP00019175,MP00019175,2023-09-07,13:58:27,PL004,MIL0426850,x@x.com,9999123456,9999123451,9999123452,1,1
MP00019176,MP00019176,2023-09-07,13:58:27,PL012,MIL0115734,x@x.com,9999123456,9999123451,9999123452,1,1
MP00019177,MP00019177,2023-09-07,13:58:27,PL002,MIL0244040,x@x.com,9999123456,9999123451,9999123452,1,1
MP00019178,MP00019178,2023-09-07,13:58:27,PL013,MIL0326322,x@x.com,9999123456,9999123451,9999123452,1,1
MP00019179,MP00019179,2023-09-07,13:58:27,PL012,MIL0366803,x@x.com,9999123456,9999123451,9999123452,1,1
MP00019180,MP00019180,2023-09-07,13:58:27,PL003,MIL0362234,x@x.com,9999123456,9999123451,9999123452,1,1
MP00019181,MP00019181,2023-09-07,13:58:27,PL009,MIL0344330,x@x.com,9999123456,9999123451,9999123452,1,1
MP00019182,MP00019182,2023-09-07,13:58:27,PL011,MIL0028706,x@x.com,9999123456,9999123451,9999123452,1,1
MP00019183,MP00019183,2023-09-07,13:58:27,PL009,MIL0235969,x@x.com,9999123456,9999123451,9999123452,1,1
MP00019184,MP00019184,2023-09-07,13:58:27,PL003,MIL0475969,x@x.com,9999123456,9999123451,9999123452,1,1
MP00019185,MP00019185,2023-09-07,13:58:27,PL002,MIL0164936,x@x.com,9999123456,9999123451,9999123452,1,1
MP00019186,MP00019186,2023-09-07,13:58:27,PL001,MIL0327409,x@x.com,9999123456,9999123451,9999123452,1,1
MP00019187,MP00019187,2023-09-07,13:58:27,PL009,MIL0332980,x@x.com,9999123456,9999123451,9999123452,1,1
MP00019188,MP00019188,2023-09-07,13:58:27,PL001,MIL0318989,x@x.com,9999123456,9999123451,9999123452,1,1
MP00019189,MP00019189,2023-09-07,13:58:27,PL010,MIL0108543,x@x.com,9999123456,9999123451,9999123452,1,1
MP00019190,MP00019190,2023-09-07,13:58:27,PL006,MIL0063077,x@x.com,9999123456,9999123451,9999123452,1,1
MP00019191,MP00019191,2023-09-07,13:58:27,PL001,MIL0084680,x@x.com,9999123456,9999123451,9999123452,1,1
MP00019192,MP00019192,2023-09-07,13:58:27,PL010,MIL0244401,x@x.com,9999123456,9999123451,9999123452,1,1
MP00019193,MP00019193,2023-09-07,13:58:27,PL008,MIL0066609,x@x.com,9999123456,9999123451,9999123452,1,1
MP00019194,MP00019194,2023-09-07,13:58:27,PL012,MIL0316178,x@x.com,9999123456,9999123451,9999123452,1,1
MP00019195,MP00019195,2023-09-07,13:58:27,PL011,MIL0510394,x@x.com,9999123456,9999123451,9999123452,1,1
MP00019196,MP00019196,2023-09-07,13:58:27,PL007,MIL0453721,x@x.com,9999123456,9999123451,9999123452,1,1
MP00019197,MP00019197,2023-09-07,13:58:27,PL011,MIL0552243,x@x.com,9999123456,9999123451,9999123452,1,1
MP00019198,MP00019198,2023-09-07,13:58:27,PL004,MIL0125070,x@x.com,9999123456,9999123451,9999123452,1,1
MP00019199,MP00019199,2023-09-07,13:58:27,PL001,MIL0226917,x@x.com,9999123456,9999123451,9999123452,1,1
MP00019200,MP00019200,2023-09-07,13:58:27,PL005,MIL0292131,x@x.com,9999123456,9999123451,9999123452,1,1
MP00019201,MP00019201,2023-09-07,13:58:27,PL006,MIL0149344,x@x.com,9999123456,9999123451,9999123452,1,1
MP00019202,MP00019202,2023-09-07,13:58:27,PL008,MIL0429341,x@x.com,9999123456,9999123451,9999123452,1,1
MP00019203,MP00019203,2023-09-07,13:58:27,PL012,MIL0328550,x@x.com,9999123456,9999123451,9999123452,1,1
MP00019204,MP00019204,2023-09-07,13:58:27,PL006,MIL0367937,x@x.com,9999123456,9999123451,9999123452,1,1
MP00019205,MP00019205,2023-09-07,13:58:27,PL001,MIL0568940,x@x.com,9999123456,9999123451,9999123452,1,1
MP00019206,MP00019206,2023-09-07,13:58:27,PL001,MIL0149900,x@x.com,9999123456,9999123451,9999123452,1,1
MP00019207,MP00019207,2023-09-07,13:58:27,PL007,MIL0450001,x@x.com,9999123456,9999123451,9999123452,1,1
MP00019208,MP00019208,2023-09-07,13:58:27,PL003,MIL0238401,x@x.com,9999123456,9999123451,9999123452,1,1
MP00019209,MP00019209,2023-09-07,13:58:27,PL003,MIL0334833,x@x.com,9999123456,9999123451,9999123452,1,1
MP00019210,MP00019210,2023-09-07,13:58:27,PL001,MIL0321943,x@x.com,9999123456,9999123451,9999123452,1,1
MP00019211,MP00019211,2023-09-07,13:58:27,PL007,MIL0283458,x@x.com,9999123456,9999123451,9999123452,1,1
MP00019212,MP00019212,2023-09-07,13:58:27,PL005,MIL0420898,x@x.com,9999123456,9999123451,9999123452,1,1
MP00019213,MP00019213,2023-09-07,13:58:27,PL003,MIL0227183,x@x.com,9999123456,9999123451,9999123452,1,1
MP00019214,MP00019214,2023-09-07,13:58:27,PL008,MIL0125250,x@x.com,9999123456,9999123451,9999123452,1,1
MP00019215,MP00019215,2023-09-07,13:58:27,PL009,MIL0294773,x@x.com,9999123456,9999123451,9999123452,1,1
MP00019216,MP00019216,2023-09-07,13:58:27,PL003,MIL0326753,x@x.com,9999123456,9999123451,9999123452,1,1
MP00019217,MP00019217,2023-09-07,13:58:27,PL005,MIL0181027,x@x.com,9999123456,9999123451,9999123452,1,1
MP00019218,MP00019218,2023-09-07,13:58:27,PL005,MIL0507019,x@x.com,9999123456,9999123451,9999123452,1,1
MP00019219,MP00019219,2023-09-07,13:58:27,PL008,MIL0485523,x@x.com,9999123456,9999123451,9999123452,1,1
MP00019220,MP00019220,2023-09-07,13:58:27,PL009,MIL0536454,x@x.com,9999123456,9999123451,9999123452,1,1
MP00019221,MP00019221,2023-09-07,13:58:27,PL005,MIL0339038,x@x.com,9999123456,9999123451,9999123452,1,1
MP00019222,MP00019222,2023-09-07,13:58:27,PL003,MIL0575797,x@x.com,9999123456,9999123451,9999123452,1,1
MP00019223,MP00019223,2023-09-07,13:58:27,PL004,MIL0477709,x@x.com,9999123456,9999123451,9999123452,1,1
MP00019224,MP00019224,2023-09-07,13:58:27,PL006,MIL0424249,x@x.com,9999123456,9999123451,9999123452,1,1
MP00019225,MP00019225,2023-09-07,13:58:27,PL010,MIL0511626,x@x.com,9999123456,9999123451,9999123452,1,1
MP00019226,MP00019226,2023-09-07,13:58:27,PL002,MIL0093287,x@x.com,9999123456,9999123451,9999123452,1,1
MP00019227,MP00019227,2023-09-07,13:58:27,PL002,MIL0349819,x@x.com,9999123456,9999123451,9999123452,1,1
MP00019228,MP00019228,2023-09-07,13:58:27,PL012,MIL0263449,x@x.com,9999123456,9999123451,9999123452,1,1
MP00019229,MP00019229,2023-09-07,13:58:27,PL006,MIL0005665,x@x.com,9999123456,9999123451,9999123452,1,1
MP00019230,MP00019230,2023-09-07,13:58:27,PL007,MIL0081469,x@x.com,9999123456,9999123451,9999123452,1,1
MP00019231,MP00019231,2023-09-07,13:58:27,PL013,MIL0453184,x@x.com,9999123456,9999123451,9999123452,1,1
MP00019232,MP00019232,2023-09-07,13:58:27,PL013,MIL0240291,x@x.com,9999123456,9999123451,9999123452,1,1
MP00019233,MP00019233,2023-09-07,13:58:27,PL004,MIL0352835,x@x.com,9999123456,9999123451,9999123452,1,1
MP00019234,MP00019234,2023-09-07,13:58:27,PL013,MIL0172092,x@x.com,9999123456,9999123451,9999123452,1,1
MP00019235,MP00019235,2023-09-07,13:58:27,PL009,MIL0072526,x@x.com,9999123456,9999123451,9999123452,1,1
MP00019236,MP00019236,2023-09-07,13:58:27,PL010,MIL0240430,x@x.com,9999123456,9999123451,9999123452,1,1
MP00019237,MP00019237,2023-09-07,13:58:27,PL011,MIL0517125,x@x.com,9999123456,9999123451,9999123452,1,1
MP00019238,MP00019238,2023-09-07,13:58:27,PL008,MIL0466397,x@x.com,9999123456,9999123451,9999123452,1,1
MP00019239,MP00019239,2023-09-07,13:58:27,PL008,MIL0398319,x@x.com,9999123456,9999123451,9999123452,1,1
MP00019240,MP00019240,2023-09-07,13:58:27,PL010,MIL0298420,x@x.com,9999123456,9999123451,9999123452,1,1
MP00019241,MP00019241,2023-09-07,13:58:27,PL008,MIL0042294,x@x.com,9999123456,9999123451,9999123452,1,1
MP00019242,MP00019242,2023-09-07,13:58:27,PL008,MIL0043972,x@x.com,9999123456,9999123451,9999123452,1,1
MP00019243,MP00019243,2023-09-07,13:58:27,PL004,MIL0529699,x@x.com,9999123456,9999123451,9999123452,1,1
MP00019244,MP00019244,2023-09-07,13:58:27,PL006,MIL0223638,x@x.com,9999123456,9999123451,9999123452,1,1
MP00019245,MP00019245,2023-09-07,13:58:27,PL005,MIL0285374,x@x.com,9999123456,9999123451,9999123452,1,1
MP00019246,MP00019246,2023-09-07,13:58:27,PL001,MIL0200999,x@x.com,9999123456,9999123451,9999123452,1,1
MP00019247,MP00019247,2023-09-07,13:58:27,PL007,MIL0416320,x@x.com,9999123456,9999123451,9999123452,1,1
MP00019248,MP00019248,2023-09-07,13:58:27,PL008,MIL0533531,x@x.com,9999123456,9999123451,9999123452,1,1
MP00019249,MP00019249,2023-09-07,13:58:27,PL010,MIL0355002,x@x.com,9999123456,9999123451,9999123452,1,1
MP00019250,MP00019250,2023-09-07,13:58:27,PL003,MIL0128302,x@x.com,9999123456,9999123451,9999123452,1,1
MP00019251,MP00019251,2023-09-07,13:58:27,PL008,MIL0435401,x@x.com,9999123456,9999123451,9999123452,1,1
MP00019252,MP00019252,2023-09-07,13:58:27,PL003,MIL0296316,x@x.com,9999123456,9999123451,9999123452,1,1
MP00019253,MP00019253,2023-09-07,13:58:27,PL007,MIL0105525,x@x.com,9999123456,9999123451,9999123452,1,1
MP00019254,MP00019254,2023-09-07,13:58:27,PL001,MIL0341322,x@x.com,9999123456,9999123451,9999123452,1,1
MP00019255,MP00019255,2023-09-07,13:58:27,PL005,MIL0127709,x@x.com,9999123456,9999123451,9999123452,1,1
MP00019256,MP00019256,2023-09-07,13:58:27,PL004,MIL0002779,x@x.com,9999123456,9999123451,9999123452,1,1
MP00019257,MP00019257,2023-09-07,13:58:27,PL009,MIL0454398,x@x.com,9999123456,9999123451,9999123452,1,1
MP00019258,MP00019258,2023-09-07,13:58:27,PL012,MIL0304141,x@x.com,9999123456,9999123451,9999123452,1,1
MP00019259,MP00019259,2023-09-07,13:58:27,PL001,MIL0395341,x@x.com,9999123456,9999123451,9999123452,1,1
MP00019260,MP00019260,2023-09-07,13:58:27,PL009,MIL0191303,x@x.com,9999123456,9999123451,9999123452,1,1
MP00019261,MP00019261,2023-09-07,13:58:27,PL005,MIL0091694,x@x.com,9999123456,9999123451,9999123452,1,1
MP00019262,MP00019262,2023-09-07,13:58:27,PL008,MIL0366261,x@x.com,9999123456,9999123451,9999123452,1,1
MP00019263,MP00019263,2023-09-07,13:58:27,PL008,MIL0278380,x@x.com,9999123456,9999123451,9999123452,1,1
MP00019264,MP00019264,2023-09-07,13:58:27,PL005,MIL0462276,x@x.com,9999123456,9999123451,9999123452,1,1
MP00019265,MP00019265,2023-09-07,13:58:27,PL007,MIL0075897,x@x.com,9999123456,9999123451,9999123452,1,1
MP00019266,MP00019266,2023-09-07,13:58:27,PL009,MIL0458944,x@x.com,9999123456,9999123451,9999123452,1,1
MP00019267,MP00019267,2023-09-07,13:58:27,PL005,MIL0440931,x@x.com,9999123456,9999123451,9999123452,1,1
MP00019268,MP00019268,2023-09-07,13:58:27,PL002,MIL0539614,x@x.com,9999123456,9999123451,9999123452,1,1
MP00019269,MP00019269,2023-09-07,13:58:27,PL007,MIL0295734,x@x.com,9999123456,9999123451,9999123452,1,1
MP00019270,MP00019270,2023-09-07,13:58:27,PL012,MIL0286364,x@x.com,9999123456,9999123451,9999123452,1,1
MP00019271,MP00019271,2023-09-07,13:58:27,PL007,MIL0425053,x@x.com,9999123456,9999123451,9999123452,1,1
MP00019272,MP00019272,2023-09-07,13:58:27,PL001,MIL0351427,x@x.com,9999123456,9999123451,9999123452,1,1
MP00019273,MP00019273,2023-09-07,13:58:27,PL006,MIL0369707,x@x.com,9999123456,9999123451,9999123452,1,1
MP00019274,MP00019274,2023-09-07,13:58:27,PL008,MIL0377805,x@x.com,9999123456,9999123451,9999123452,1,1
MP00019275,MP00019275,2023-09-07,13:58:27,PL011,MIL0496939,x@x.com,9999123456,9999123451,9999123452,1,1
MP00019276,MP00019276,2023-09-07,13:58:27,PL013,MIL0081772,x@x.com,9999123456,9999123451,9999123452,1,1
MP00019277,MP00019277,2023-09-07,13:58:27,PL011,MIL0245706,x@x.com,9999123456,9999123451,9999123452,1,1
MP00019278,MP00019278,2023-09-07,13:58:27,PL008,MIL0098906,x@x.com,9999123456,9999123451,9999123452,1,1
MP00019279,MP00019279,2023-09-07,13:58:27,PL003,MIL0168986,x@x.com,9999123456,9999123451,9999123452,1,1
MP00019280,MP00019280,2023-09-07,13:58:27,PL004,MIL0114272,x@x.com,9999123456,9999123451,9999123452,1,1
MP00019281,MP00019281,2023-09-07,13:58:27,PL003,MIL0101659,x@x.com,9999123456,9999123451,9999123452,1,1
MP00019282,MP00019282,2023-09-07,13:58:27,PL005,MIL0517075,x@x.com,9999123456,9999123451,9999123452,1,1
MP00019283,MP00019283,2023-09-07,13:58:27,PL013,MIL0013430,x@x.com,9999123456,9999123451,9999123452,1,1
MP00019284,MP00019284,2023-09-07,13:58:27,PL005,MIL0150013,x@x.com,9999123456,9999123451,9999123452,1,1
MP00019285,MP00019285,2023-09-07,13:58:27,PL012,MIL0312193,x@x.com,9999123456,9999123451,9999123452,1,1
MP00019286,MP00019286,2023-09-07,13:58:27,PL010,MIL0478840,x@x.com,9999123456,9999123451,9999123452,1,1
MP00019287,MP00019287,2023-09-07,13:58:27,PL003,MIL0511354,x@x.com,9999123456,9999123451,9999123452,1,1
MP00019288,MP00019288,2023-09-07,13:58:27,PL011,MIL0314052,x@x.com,9999123456,9999123451,9999123452,1,1
MP00019289,MP00019289,2023-09-07,13:58:27,PL003,MIL0529643,x@x.com,9999123456,9999123451,9999123452,1,1
MP00019290,MP00019290,2023-09-07,13:58:27,PL009,MIL0237816,x@x.com,9999123456,9999123451,9999123452,1,1
MP00019291,MP00019291,2023-09-07,13:58:27,PL002,MIL0279595,x@x.com,9999123456,9999123451,9999123452,1,1
MP00019292,MP00019292,2023-09-07,13:58:27,PL005,MIL0066491,x@x.com,9999123456,9999123451,9999123452,1,1
MP00019293,MP00019293,2023-09-07,13:58:27,PL006,MIL0297853,x@x.com,9999123456,9999123451,9999123452,1,1
MP00019294,MP00019294,2023-09-07,13:58:27,PL009,MIL0311769,x@x.com,9999123456,9999123451,9999123452,1,1
MP00019295,MP00019295,2023-09-07,13:58:27,PL003,MIL0199739,x@x.com,9999123456,9999123451,9999123452,1,1
MP00019296,MP00019296,2023-09-07,13:58:27,PL010,MIL0089223,x@x.com,9999123456,9999123451,9999123452,1,1
MP00019297,MP00019297,2023-09-07,13:58:27,PL011,MIL0032967,x@x.com,9999123456,9999123451,9999123452,1,1
MP00019298,MP00019298,2023-09-07,13:58:27,PL010,MIL0345700,x@x.com,9999123456,9999123451,9999123452,1,1
MP00019299,MP00019299,2023-09-07,13:58:27,PL008,MIL0413311,x@x.com,9999123456,9999123451,9999123452,1,1
MP00019300,MP00019300,2023-09-07,13:58:27,PL003,MIL0306717,x@x.com,9999123456,9999123451,9999123452,1,1
MP00019301,MP00019301,2023-09-07,13:58:27,PL012,MIL0240913,x@x.com,9999123456,9999123451,9999123452,1,1
MP00019302,MP00019302,2023-09-07,13:58:27,PL013,MIL0390555,x@x.com,9999123456,9999123451,9999123452,1,1
MP00019303,MP00019303,2023-09-07,13:58:27,PL013,MIL0473716,x@x.com,9999123456,9999123451,9999123452,1,1
MP00019304,MP00019304,2023-09-07,13:58:27,PL006,MIL0402159,x@x.com,9999123456,9999123451,9999123452,1,1
MP00019305,MP00019305,2023-09-07,13:58:27,PL011,MIL0246769,x@x.com,9999123456,9999123451,9999123452,1,1
MP00019306,MP00019306,2023-09-07,13:58:27,PL005,MIL0396527,x@x.com,9999123456,9999123451,9999123452,1,1
MP00019307,MP00019307,2023-09-07,13:58:27,PL005,MIL0569724,x@x.com,9999123456,9999123451,9999123452,1,1
MP00019308,MP00019308,2023-09-07,13:58:27,PL007,MIL0109583,x@x.com,9999123456,9999123451,9999123452,1,1
MP00019309,MP00019309,2023-09-07,13:58:27,PL013,MIL0553851,x@x.com,9999123456,9999123451,9999123452,1,1
MP00019310,MP00019310,2023-09-07,13:58:27,PL007,MIL0389292,x@x.com,9999123456,9999123451,9999123452,1,1
MP00019311,MP00019311,2023-09-07,13:58:27,PL009,MIL0063774,x@x.com,9999123456,9999123451,9999123452,1,1
MP00019312,MP00019312,2023-09-07,13:58:27,PL007,MIL0166935,x@x.com,9999123456,9999123451,9999123452,1,1
MP00019313,MP00019313,2023-09-07,13:58:27,PL010,MIL0388027,x@x.com,9999123456,9999123451,9999123452,1,1
MP00019314,MP00019314,2023-09-07,13:58:27,PL013,MIL0109050,x@x.com,9999123456,9999123451,9999123452,1,1
MP00019315,MP00019315,2023-09-07,13:58:27,PL006,MIL0196145,x@x.com,9999123456,9999123451,9999123452,1,1
MP00019316,MP00019316,2023-09-07,13:58:27,PL009,MIL0268174,x@x.com,9999123456,9999123451,9999123452,1,1
MP00019317,MP00019317,2023-09-07,13:58:27,PL011,MIL0118340,x@x.com,9999123456,9999123451,9999123452,1,1
MP00019318,MP00019318,2023-09-07,13:58:27,PL009,MIL0167054,x@x.com,9999123456,9999123451,9999123452,1,1
MP00019319,MP00019319,2023-09-07,13:58:27,PL003,MIL0384107,x@x.com,9999123456,9999123451,9999123452,1,1
MP00019320,MP00019320,2023-09-07,13:58:27,PL006,MIL0048886,x@x.com,9999123456,9999123451,9999123452,1,1
MP00019321,MP00019321,2023-09-07,13:58:27,PL003,MIL0510544,x@x.com,9999123456,9999123451,9999123452,1,1
MP00019322,MP00019322,2023-09-07,13:58:27,PL002,MIL0283489,x@x.com,9999123456,9999123451,9999123452,1,1
MP00019323,MP00019323,2023-09-07,13:58:27,PL007,MIL0488666,x@x.com,9999123456,9999123451,9999123452,1,1
MP00019324,MP00019324,2023-09-07,13:58:27,PL009,MIL0031261,x@x.com,9999123456,9999123451,9999123452,1,1
MP00019325,MP00019325,2023-09-07,13:58:27,PL012,MIL0349085,x@x.com,9999123456,9999123451,9999123452,1,1
MP00019326,MP00019326,2023-09-07,13:58:27,PL009,MIL0253688,x@x.com,9999123456,9999123451,9999123452,1,1
MP00019327,MP00019327,2023-09-07,13:58:27,PL003,MIL0051966,x@x.com,9999123456,9999123451,9999123452,1,1
MP00019328,MP00019328,2023-09-07,13:58:27,PL001,MIL0004654,x@x.com,9999123456,9999123451,9999123452,1,1
MP00019329,MP00019329,2023-09-07,13:58:27,PL009,MIL0523413,x@x.com,9999123456,9999123451,9999123452,1,1
MP00019330,MP00019330,2023-09-07,13:58:27,PL004,MIL0172770,x@x.com,9999123456,9999123451,9999123452,1,1
MP00019331,MP00019331,2023-09-07,13:58:27,PL003,MIL0173618,x@x.com,9999123456,9999123451,9999123452,1,1
MP00019332,MP00019332,2023-09-07,13:58:27,PL002,MIL0574199,x@x.com,9999123456,9999123451,9999123452,1,1
MP00019333,MP00019333,2023-09-07,13:58:27,PL006,MIL0483098,x@x.com,9999123456,9999123451,9999123452,1,1
MP00019334,MP00019334,2023-09-07,13:58:27,PL012,MIL0102852,x@x.com,9999123456,9999123451,9999123452,1,1
MP00019335,MP00019335,2023-09-07,13:58:27,PL005,MIL0308813,x@x.com,9999123456,9999123451,9999123452,1,1
MP00019336,MP00019336,2023-09-07,13:58:27,PL010,MIL0120506,x@x.com,9999123456,9999123451,9999123452,1,1
MP00019337,MP00019337,2023-09-07,13:58:27,PL003,MIL0300653,x@x.com,9999123456,9999123451,9999123452,1,1
MP00019338,MP00019338,2023-09-07,13:58:27,PL012,MIL0071276,x@x.com,9999123456,9999123451,9999123452,1,1
MP00019339,MP00019339,2023-09-07,13:58:27,PL001,MIL0288956,x@x.com,9999123456,9999123451,9999123452,1,1
MP00019340,MP00019340,2023-09-07,13:58:27,PL012,MIL0429376,x@x.com,9999123456,9999123451,9999123452,1,1
MP00019341,MP00019341,2023-09-07,13:58:27,PL005,MIL0373383,x@x.com,9999123456,9999123451,9999123452,1,1
MP00019342,MP00019342,2023-09-07,13:58:27,PL002,MIL0381502,x@x.com,9999123456,9999123451,9999123452,1,1
MP00019343,MP00019343,2023-09-07,13:58:27,PL009,MIL0249677,x@x.com,9999123456,9999123451,9999123452,1,1
MP00019344,MP00019344,2023-09-07,13:58:27,PL011,MIL0389179,x@x.com,9999123456,9999123451,9999123452,1,1
MP00019345,MP00019345,2023-09-07,13:58:27,PL008,MIL0426235,x@x.com,9999123456,9999123451,9999123452,1,1
MP00019346,MP00019346,2023-09-07,13:58:27,PL013,MIL0261541,x@x.com,9999123456,9999123451,9999123452,1,1
MP00019347,MP00019347,2023-09-07,13:58:27,PL005,MIL0061377,x@x.com,9999123456,9999123451,9999123452,1,1
MP00019348,MP00019348,2023-09-07,13:58:27,PL002,MIL0262000,x@x.com,9999123456,9999123451,9999123452,1,1
MP00019349,MP00019349,2023-09-07,13:58:27,PL007,MIL0481913,x@x.com,9999123456,9999123451,9999123452,1,1
MP00019350,MP00019350,2023-09-07,13:58:27,PL008,MIL0396698,x@x.com,9999123456,9999123451,9999123452,1,1
MP00019351,MP00019351,2023-09-07,13:58:27,PL004,MIL0151589,x@x.com,9999123456,9999123451,9999123452,1,1
MP00019352,MP00019352,2023-09-07,13:58:27,PL001,MIL0312240,x@x.com,9999123456,9999123451,9999123452,1,1
MP00019353,MP00019353,2023-09-07,13:58:27,PL003,MIL0308224,x@x.com,9999123456,9999123451,9999123452,1,1
MP00019354,MP00019354,2023-09-07,13:58:27,PL005,MIL0444610,x@x.com,9999123456,9999123451,9999123452,1,1
MP00019355,MP00019355,2023-09-07,13:58:27,PL012,MIL0028192,x@x.com,9999123456,9999123451,9999123452,1,1
MP00019356,MP00019356,2023-09-07,13:58:27,PL002,MIL0276729,x@x.com,9999123456,9999123451,9999123452,1,1
MP00019357,MP00019357,2023-09-07,13:58:27,PL003,MIL0305323,x@x.com,9999123456,9999123451,9999123452,1,1
MP00019358,MP00019358,2023-09-07,13:58:27,PL013,MIL0106336,x@x.com,9999123456,9999123451,9999123452,1,1
MP00019359,MP00019359,2023-09-07,13:58:27,PL001,MIL0393172,x@x.com,9999123456,9999123451,9999123452,1,1
MP00019360,MP00019360,2023-09-07,13:58:27,PL010,MIL0535342,x@x.com,9999123456,9999123451,9999123452,1,1
MP00019361,MP00019361,2023-09-07,13:58:27,PL012,MIL0133060,x@x.com,9999123456,9999123451,9999123452,1,1
MP00019362,MP00019362,2023-09-07,13:58:27,PL002,MIL0155111,x@x.com,9999123456,9999123451,9999123452,1,1
MP00019363,MP00019363,2023-09-07,13:58:27,PL007,MIL0363099,x@x.com,9999123456,9999123451,9999123452,1,1
MP00019364,MP00019364,2023-09-07,13:58:27,PL003,MIL0003905,x@x.com,9999123456,9999123451,9999123452,1,1
MP00019365,MP00019365,2023-09-07,13:58:27,PL007,MIL0100288,x@x.com,9999123456,9999123451,9999123452,1,1
MP00019366,MP00019366,2023-09-07,13:58:27,PL013,MIL0403556,x@x.com,9999123456,9999123451,9999123452,1,1
MP00019367,MP00019367,2023-09-07,13:58:27,PL011,MIL0087484,x@x.com,9999123456,9999123451,9999123452,1,1
MP00019368,MP00019368,2023-09-07,13:58:27,PL013,MIL0217899,x@x.com,9999123456,9999123451,9999123452,1,1
MP00019369,MP00019369,2023-09-07,13:58:27,PL002,MIL0173202,x@x.com,9999123456,9999123451,9999123452,1,1
MP00019370,MP00019370,2023-09-07,13:58:27,PL001,MIL0385606,x@x.com,9999123456,9999123451,9999123452,1,1
MP00019371,MP00019371,2023-09-07,13:58:27,PL009,MIL0348066,x@x.com,9999123456,9999123451,9999123452,1,1
MP00019372,MP00019372,2023-09-07,13:58:27,PL004,MIL0312068,x@x.com,9999123456,9999123451,9999123452,1,1
MP00019373,MP00019373,2023-09-07,13:58:27,PL012,MIL0379085,x@x.com,9999123456,9999123451,9999123452,1,1
MP00019374,MP00019374,2023-09-07,13:58:27,PL013,MIL0201454,x@x.com,9999123456,9999123451,9999123452,1,1
MP00019375,MP00019375,2023-09-07,13:58:27,PL013,MIL0333227,x@x.com,9999123456,9999123451,9999123452,1,1
MP00019376,MP00019376,2023-09-07,13:58:27,PL006,MIL0395883,x@x.com,9999123456,9999123451,9999123452,1,1
MP00019377,MP00019377,2023-09-07,13:58:27,PL001,MIL0453103,x@x.com,9999123456,9999123451,9999123452,1,1
MP00019378,MP00019378,2023-09-07,13:58:27,PL012,MIL0312976,x@x.com,9999123456,9999123451,9999123452,1,1
MP00019379,MP00019379,2023-09-07,13:58:27,PL008,MIL0242237,x@x.com,9999123456,9999123451,9999123452,1,1
MP00019380,MP00019380,2023-09-07,13:58:27,PL011,MIL0369610,x@x.com,9999123456,9999123451,9999123452,1,1
MP00019381,MP00019381,2023-09-07,13:58:27,PL001,MIL0036524,x@x.com,9999123456,9999123451,9999123452,1,1
MP00019382,MP00019382,2023-09-07,13:58:27,PL003,MIL0066554,x@x.com,9999123456,9999123451,9999123452,1,1
MP00019383,MP00019383,2023-09-07,13:58:27,PL003,MIL0344704,x@x.com,9999123456,9999123451,9999123452,1,1
MP00019384,MP00019384,2023-09-07,13:58:27,PL004,MIL0145993,x@x.com,9999123456,9999123451,9999123452,1,1
MP00019385,MP00019385,2023-09-07,13:58:27,PL005,MIL0397293,x@x.com,9999123456,9999123451,9999123452,1,1
MP00019386,MP00019386,2023-09-07,13:58:27,PL009,MIL0123871,x@x.com,9999123456,9999123451,9999123452,1,1
MP00019387,MP00019387,2023-09-07,13:58:27,PL011,MIL0406048,x@x.com,9999123456,9999123451,9999123452,1,1
MP00019388,MP00019388,2023-09-07,13:58:27,PL011,MIL0131503,x@x.com,9999123456,9999123451,9999123452,1,1
MP00019389,MP00019389,2023-09-07,13:58:27,PL004,MIL0219432,x@x.com,9999123456,9999123451,9999123452,1,1
MP00019390,MP00019390,2023-09-07,13:58:27,PL008,MIL0111178,x@x.com,9999123456,9999123451,9999123452,1,1
MP00019391,MP00019391,2023-09-07,13:58:27,PL013,MIL0271780,x@x.com,9999123456,9999123451,9999123452,1,1
MP00019392,MP00019392,2023-09-07,13:58:27,PL006,MIL0540230,x@x.com,9999123456,9999123451,9999123452,1,1
MP00019393,MP00019393,2023-09-07,13:58:27,PL007,MIL0291120,x@x.com,9999123456,9999123451,9999123452,1,1
MP00019394,MP00019394,2023-09-07,13:58:27,PL010,MIL0136421,x@x.com,9999123456,9999123451,9999123452,1,1
MP00019395,MP00019395,2023-09-07,13:58:27,PL009,MIL0553760,x@x.com,9999123456,9999123451,9999123452,1,1
MP00019396,MP00019396,2023-09-07,13:58:27,PL012,MIL0332149,x@x.com,9999123456,9999123451,9999123452,1,1
MP00019397,MP00019397,2023-09-07,13:58:27,PL010,MIL0419506,x@x.com,9999123456,9999123451,9999123452,1,1
MP00019398,MP00019398,2023-09-07,13:58:27,PL013,MIL0133973,x@x.com,9999123456,9999123451,9999123452,1,1
MP00019399,MP00019399,2023-09-07,13:58:27,PL012,MIL0361918,x@x.com,9999123456,9999123451,9999123452,1,1
MP00019400,MP00019400,2023-09-07,13:58:27,PL002,MIL0225153,x@x.com,9999123456,9999123451,9999123452,1,1
MP00019401,MP00019401,2023-09-07,13:58:27,PL006,MIL0185863,x@x.com,9999123456,9999123451,9999123452,1,1
MP00019402,MP00019402,2023-09-07,13:58:27,PL003,MIL0126270,x@x.com,9999123456,9999123451,9999123452,1,1
MP00019403,MP00019403,2023-09-07,13:58:27,PL007,MIL0363311,x@x.com,9999123456,9999123451,9999123452,1,1
MP00019404,MP00019404,2023-09-07,13:58:27,PL001,MIL0215978,x@x.com,9999123456,9999123451,9999123452,1,1
MP00019405,MP00019405,2023-09-07,13:58:27,PL010,MIL0295196,x@x.com,9999123456,9999123451,9999123452,1,1
MP00019406,MP00019406,2023-09-07,13:58:27,PL005,MIL0390867,x@x.com,9999123456,9999123451,9999123452,1,1
MP00019407,MP00019407,2023-09-07,13:58:27,PL003,MIL0379433,x@x.com,9999123456,9999123451,9999123452,1,1
MP00019408,MP00019408,2023-09-07,13:58:27,PL011,MIL0120575,x@x.com,9999123456,9999123451,9999123452,1,1
MP00019409,MP00019409,2023-09-07,13:58:27,PL001,MIL0540167,x@x.com,9999123456,9999123451,9999123452,1,1
MP00019410,MP00019410,2023-09-07,13:58:27,PL001,MIL0045126,x@x.com,9999123456,9999123451,9999123452,1,1
MP00019411,MP00019411,2023-09-07,13:58:27,PL003,MIL0505230,x@x.com,9999123456,9999123451,9999123452,1,1
MP00019412,MP00019412,2023-09-07,13:58:27,PL006,MIL0163644,x@x.com,9999123456,9999123451,9999123452,1,1
MP00019413,MP00019413,2023-09-07,13:58:27,PL013,MIL0499611,x@x.com,9999123456,9999123451,9999123452,1,1
MP00019414,MP00019414,2023-09-07,13:58:27,PL001,MIL0269091,x@x.com,9999123456,9999123451,9999123452,1,1
MP00019415,MP00019415,2023-09-07,13:58:27,PL008,MIL0289169,x@x.com,9999123456,9999123451,9999123452,1,1
MP00019416,MP00019416,2023-09-07,13:58:27,PL009,MIL0368656,x@x.com,9999123456,9999123451,9999123452,1,1
MP00019417,MP00019417,2023-09-07,13:58:27,PL002,MIL0107973,x@x.com,9999123456,9999123451,9999123452,1,1
MP00019418,MP00019418,2023-09-07,13:58:27,PL013,MIL0198594,x@x.com,9999123456,9999123451,9999123452,1,1
MP00019419,MP00019419,2023-09-07,13:58:27,PL012,MIL0020090,x@x.com,9999123456,9999123451,9999123452,1,1
MP00019420,MP00019420,2023-09-07,13:58:27,PL003,MIL0079556,x@x.com,9999123456,9999123451,9999123452,1,1
MP00019421,MP00019421,2023-09-07,13:58:27,PL001,MIL0485319,x@x.com,9999123456,9999123451,9999123452,1,1
MP00019422,MP00019422,2023-09-07,13:58:27,PL006,MIL0189683,x@x.com,9999123456,9999123451,9999123452,1,1
MP00019423,MP00019423,2023-09-07,13:58:27,PL004,MIL0372083,x@x.com,9999123456,9999123451,9999123452,1,1
MP00019424,MP00019424,2023-09-07,13:58:27,PL010,MIL0060486,x@x.com,9999123456,9999123451,9999123452,1,1
MP00019425,MP00019425,2023-09-07,13:58:27,PL011,MIL0150886,x@x.com,9999123456,9999123451,9999123452,1,1
MP00019426,MP00019426,2023-09-07,13:58:27,PL001,MIL0132459,x@x.com,9999123456,9999123451,9999123452,1,1
MP00019427,MP00019427,2023-09-07,13:58:27,PL001,MIL0236990,x@x.com,9999123456,9999123451,9999123452,1,1
MP00019428,MP00019428,2023-09-07,13:58:27,PL010,MIL0418844,x@x.com,9999123456,9999123451,9999123452,1,1
MP00019429,MP00019429,2023-09-07,13:58:27,PL010,MIL0570002,x@x.com,9999123456,9999123451,9999123452,1,1
MP00019430,MP00019430,2023-09-07,13:58:27,PL011,MIL0131693,x@x.com,9999123456,9999123451,9999123452,1,1
MP00019431,MP00019431,2023-09-07,13:58:27,PL007,MIL0295853,x@x.com,9999123456,9999123451,9999123452,1,1
MP00019432,MP00019432,2023-09-07,13:58:27,PL012,MIL0084606,x@x.com,9999123456,9999123451,9999123452,1,1
MP00019433,MP00019433,2023-09-07,13:58:27,PL013,MIL0121073,x@x.com,9999123456,9999123451,9999123452,1,1
MP00019434,MP00019434,2023-09-07,13:58:27,PL013,MIL0067459,x@x.com,9999123456,9999123451,9999123452,1,1
MP00019435,MP00019435,2023-09-07,13:58:27,PL006,MIL0263042,x@x.com,9999123456,9999123451,9999123452,1,1
MP00019436,MP00019436,2023-09-07,13:58:27,PL006,MIL0303157,x@x.com,9999123456,9999123451,9999123452,1,1
MP00019437,MP00019437,2023-09-07,13:58:27,PL011,MIL0514362,x@x.com,9999123456,9999123451,9999123452,1,1
MP00019438,MP00019438,2023-09-07,13:58:27,PL010,MIL0280290,x@x.com,9999123456,9999123451,9999123452,1,1
MP00019439,MP00019439,2023-09-07,13:58:27,PL010,MIL0177551,x@x.com,9999123456,9999123451,9999123452,1,1
MP00019440,MP00019440,2023-09-07,13:58:27,PL011,MIL0368472,x@x.com,9999123456,9999123451,9999123452,1,1
MP00019441,MP00019441,2023-09-07,13:58:27,PL012,MIL0426515,x@x.com,9999123456,9999123451,9999123452,1,1
MP00019442,MP00019442,2023-09-07,13:58:27,PL002,MIL0063425,x@x.com,9999123456,9999123451,9999123452,1,1
MP00019443,MP00019443,2023-09-07,13:58:27,PL009,MIL0428225,x@x.com,9999123456,9999123451,9999123452,1,1
MP00019444,MP00019444,2023-09-07,13:58:27,PL005,MIL0025552,x@x.com,9999123456,9999123451,9999123452,1,1
MP00019445,MP00019445,2023-09-07,13:58:27,PL001,MIL0453570,x@x.com,9999123456,9999123451,9999123452,1,1
MP00019446,MP00019446,2023-09-07,13:58:27,PL003,MIL0404718,x@x.com,9999123456,9999123451,9999123452,1,1
MP00019447,MP00019447,2023-09-07,13:58:27,PL008,MIL0546868,x@x.com,9999123456,9999123451,9999123452,1,1
MP00019448,MP00019448,2023-09-07,13:58:27,PL007,MIL0471818,x@x.com,9999123456,9999123451,9999123452,1,1
MP00019449,MP00019449,2023-09-07,13:58:27,PL006,MIL0287370,x@x.com,9999123456,9999123451,9999123452,1,1
MP00019450,MP00019450,2023-09-07,13:58:27,PL003,MIL0049774,x@x.com,9999123456,9999123451,9999123452,1,1
MP00019451,MP00019451,2023-09-07,13:58:27,PL010,MIL0541808,x@x.com,9999123456,9999123451,9999123452,1,1
MP00019452,MP00019452,2023-09-07,13:58:27,PL004,MIL0377240,x@x.com,9999123456,9999123451,9999123452,1,1
MP00019453,MP00019453,2023-09-07,13:58:27,PL009,MIL0455176,x@x.com,9999123456,9999123451,9999123452,1,1
MP00019454,MP00019454,2023-09-07,13:58:27,PL006,MIL0505002,x@x.com,9999123456,9999123451,9999123452,1,1
MP00019455,MP00019455,2023-09-07,13:58:27,PL003,MIL0415120,x@x.com,9999123456,9999123451,9999123452,1,1
MP00019456,MP00019456,2023-09-07,13:58:27,PL008,MIL0018619,x@x.com,9999123456,9999123451,9999123452,1,1
MP00019457,MP00019457,2023-09-07,13:58:27,PL013,MIL0300646,x@x.com,9999123456,9999123451,9999123452,1,1
MP00019458,MP00019458,2023-09-07,13:58:27,PL012,MIL0207368,x@x.com,9999123456,9999123451,9999123452,1,1
MP00019459,MP00019459,2023-09-07,13:58:27,PL005,MIL0291117,x@x.com,9999123456,9999123451,9999123452,1,1
MP00019460,MP00019460,2023-09-07,13:58:27,PL004,MIL0297137,x@x.com,9999123456,9999123451,9999123452,1,1
MP00019461,MP00019461,2023-09-07,13:58:27,PL013,MIL0146204,x@x.com,9999123456,9999123451,9999123452,1,1
MP00019462,MP00019462,2023-09-07,13:58:27,PL005,MIL0416811,x@x.com,9999123456,9999123451,9999123452,1,1
MP00019463,MP00019463,2023-09-07,13:58:27,PL012,MIL0191944,x@x.com,9999123456,9999123451,9999123452,1,1
MP00019464,MP00019464,2023-09-07,13:58:27,PL005,MIL0085963,x@x.com,9999123456,9999123451,9999123452,1,1
MP00019465,MP00019465,2023-09-07,13:58:27,PL012,MIL0215659,x@x.com,9999123456,9999123451,9999123452,1,1
MP00019466,MP00019466,2023-09-07,13:58:27,PL006,MIL0323847,x@x.com,9999123456,9999123451,9999123452,1,1
MP00019467,MP00019467,2023-09-07,13:58:27,PL013,MIL0185434,x@x.com,9999123456,9999123451,9999123452,1,1
MP00019468,MP00019468,2023-09-07,13:58:27,PL004,MIL0316581,x@x.com,9999123456,9999123451,9999123452,1,1
MP00019469,MP00019469,2023-09-07,13:58:27,PL009,MIL0309765,x@x.com,9999123456,9999123451,9999123452,1,1
MP00019470,MP00019470,2023-09-07,13:58:27,PL007,MIL0411309,x@x.com,9999123456,9999123451,9999123452,1,1
MP00019471,MP00019471,2023-09-07,13:58:27,PL002,MIL0329989,x@x.com,9999123456,9999123451,9999123452,1,1
MP00019472,MP00019472,2023-09-07,13:58:27,PL004,MIL0577160,x@x.com,9999123456,9999123451,9999123452,1,1
MP00019473,MP00019473,2023-09-07,13:58:27,PL013,MIL0501798,x@x.com,9999123456,9999123451,9999123452,1,1
MP00019474,MP00019474,2023-09-07,13:58:27,PL009,MIL0085196,x@x.com,9999123456,9999123451,9999123452,1,1
MP00019475,MP00019475,2023-09-07,13:58:27,PL010,MIL0251217,x@x.com,9999123456,9999123451,9999123452,1,1
MP00019476,MP00019476,2023-09-07,13:58:27,PL008,MIL0280492,x@x.com,9999123456,9999123451,9999123452,1,1
MP00019477,MP00019477,2023-09-07,13:58:27,PL004,MIL0137850,x@x.com,9999123456,9999123451,9999123452,1,1
MP00019478,MP00019478,2023-09-07,13:58:27,PL013,MIL0539394,x@x.com,9999123456,9999123451,9999123452,1,1
MP00019479,MP00019479,2023-09-07,13:58:27,PL005,MIL0344866,x@x.com,9999123456,9999123451,9999123452,1,1
MP00019480,MP00019480,2023-09-07,13:58:27,PL003,MIL0180472,x@x.com,9999123456,9999123451,9999123452,1,1
MP00019481,MP00019481,2023-09-07,13:58:27,PL004,MIL0237043,x@x.com,9999123456,9999123451,9999123452,1,1
MP00019482,MP00019482,2023-09-07,13:58:27,PL012,MIL0128215,x@x.com,9999123456,9999123451,9999123452,1,1
MP00019483,MP00019483,2023-09-07,13:58:27,PL013,MIL0442095,x@x.com,9999123456,9999123451,9999123452,1,1
MP00019484,MP00019484,2023-09-07,13:58:27,PL006,MIL0533338,x@x.com,9999123456,9999123451,9999123452,1,1
MP00019485,MP00019485,2023-09-07,13:58:27,PL001,MIL0110450,x@x.com,9999123456,9999123451,9999123452,1,1
MP00019486,MP00019486,2023-09-07,13:58:27,PL003,MIL0088142,x@x.com,9999123456,9999123451,9999123452,1,1
MP00019487,MP00019487,2023-09-07,13:58:27,PL012,MIL0262410,x@x.com,9999123456,9999123451,9999123452,1,1
MP00019488,MP00019488,2023-09-07,13:58:27,PL013,MIL0398616,x@x.com,9999123456,9999123451,9999123452,1,1
MP00019489,MP00019489,2023-09-07,13:58:27,PL004,MIL0517925,x@x.com,9999123456,9999123451,9999123452,1,1
MP00019490,MP00019490,2023-09-07,13:58:27,PL006,MIL0063275,x@x.com,9999123456,9999123451,9999123452,1,1
MP00019491,MP00019491,2023-09-07,13:58:27,PL013,MIL0106006,x@x.com,9999123456,9999123451,9999123452,1,1
MP00019492,MP00019492,2023-09-07,13:58:27,PL008,MIL0529549,x@x.com,9999123456,9999123451,9999123452,1,1
MP00019493,MP00019493,2023-09-07,13:58:27,PL004,MIL0026549,x@x.com,9999123456,9999123451,9999123452,1,1
MP00019494,MP00019494,2023-09-07,13:58:27,PL007,MIL0567658,x@x.com,9999123456,9999123451,9999123452,1,1
MP00019495,MP00019495,2023-09-07,13:58:27,PL003,MIL0113439,x@x.com,9999123456,9999123451,9999123452,1,1
MP00019496,MP00019496,2023-09-07,13:58:27,PL001,MIL0175480,x@x.com,9999123456,9999123451,9999123452,1,1
MP00019497,MP00019497,2023-09-07,13:58:27,PL004,MIL0092541,x@x.com,9999123456,9999123451,9999123452,1,1
MP00019498,MP00019498,2023-09-07,13:58:27,PL013,MIL0437963,x@x.com,9999123456,9999123451,9999123452,1,1
MP00019499,MP00019499,2023-09-07,13:58:27,PL004,MIL0027180,x@x.com,9999123456,9999123451,9999123452,1,1
MP00019500,MP00019500,2023-09-07,13:58:27,PL001,MIL0439343,x@x.com,9999123456,9999123451,9999123452,1,1
MP00019501,MP00019501,2023-09-07,13:58:27,PL007,MIL0231827,x@x.com,9999123456,9999123451,9999123452,1,1
MP00019502,MP00019502,2023-09-07,13:58:27,PL013,MIL0170801,x@x.com,9999123456,9999123451,9999123452,1,1
MP00019503,MP00019503,2023-09-07,13:58:27,PL002,MIL0161227,x@x.com,9999123456,9999123451,9999123452,1,1
MP00019504,MP00019504,2023-09-07,13:58:27,PL009,MIL0455907,x@x.com,9999123456,9999123451,9999123452,1,1
MP00019505,MP00019505,2023-09-07,13:58:27,PL007,MIL0097938,x@x.com,9999123456,9999123451,9999123452,1,1
MP00019506,MP00019506,2023-09-07,13:58:27,PL002,MIL0496553,x@x.com,9999123456,9999123451,9999123452,1,1
MP00019507,MP00019507,2023-09-07,13:58:27,PL002,MIL0182890,x@x.com,9999123456,9999123451,9999123452,1,1
MP00019508,MP00019508,2023-09-07,13:58:27,PL007,MIL0006508,x@x.com,9999123456,9999123451,9999123452,1,1
MP00019509,MP00019509,2023-09-07,13:58:27,PL002,MIL0432609,x@x.com,9999123456,9999123451,9999123452,1,1
MP00019510,MP00019510,2023-09-07,13:58:27,PL013,MIL0159055,x@x.com,9999123456,9999123451,9999123452,1,1
MP00019511,MP00019511,2023-09-07,13:58:27,PL003,MIL0011925,x@x.com,9999123456,9999123451,9999123452,1,1
MP00019512,MP00019512,2023-09-07,13:58:27,PL001,MIL0090145,x@x.com,9999123456,9999123451,9999123452,1,1
MP00019513,MP00019513,2023-09-07,13:58:27,PL011,MIL0296261,x@x.com,9999123456,9999123451,9999123452,1,1
MP00019514,MP00019514,2023-09-07,13:58:27,PL006,MIL0341608,x@x.com,9999123456,9999123451,9999123452,1,1
MP00019515,MP00019515,2023-09-07,13:58:27,PL007,MIL0478491,x@x.com,9999123456,9999123451,9999123452,1,1
MP00019516,MP00019516,2023-09-07,13:58:27,PL003,MIL0028757,x@x.com,9999123456,9999123451,9999123452,1,1
MP00019517,MP00019517,2023-09-07,13:58:27,PL001,MIL0189373,x@x.com,9999123456,9999123451,9999123452,1,1
MP00019518,MP00019518,2023-09-07,13:58:27,PL003,MIL0099266,x@x.com,9999123456,9999123451,9999123452,1,1
MP00019519,MP00019519,2023-09-07,13:58:27,PL006,MIL0060184,x@x.com,9999123456,9999123451,9999123452,1,1
MP00019520,MP00019520,2023-09-07,13:58:27,PL013,MIL0349556,x@x.com,9999123456,9999123451,9999123452,1,1
MP00019521,MP00019521,2023-09-07,13:58:27,PL013,MIL0108545,x@x.com,9999123456,9999123451,9999123452,1,1
MP00019522,MP00019522,2023-09-07,13:58:27,PL003,MIL0311014,x@x.com,9999123456,9999123451,9999123452,1,1
MP00019523,MP00019523,2023-09-07,13:58:27,PL011,MIL0359380,x@x.com,9999123456,9999123451,9999123452,1,1
MP00019524,MP00019524,2023-09-07,13:58:27,PL012,MIL0330924,x@x.com,9999123456,9999123451,9999123452,1,1
MP00019525,MP00019525,2023-09-07,13:58:27,PL006,MIL0474539,x@x.com,9999123456,9999123451,9999123452,1,1
MP00019526,MP00019526,2023-09-07,13:58:27,PL001,MIL0568179,x@x.com,9999123456,9999123451,9999123452,1,1
MP00019527,MP00019527,2023-09-07,13:58:27,PL011,MIL0420987,x@x.com,9999123456,9999123451,9999123452,1,1
MP00019528,MP00019528,2023-09-07,13:58:27,PL012,MIL0199853,x@x.com,9999123456,9999123451,9999123452,1,1
MP00019529,MP00019529,2023-09-07,13:58:27,PL009,MIL0445783,x@x.com,9999123456,9999123451,9999123452,1,1
MP00019530,MP00019530,2023-09-07,13:58:27,PL011,MIL0448889,x@x.com,9999123456,9999123451,9999123452,1,1
MP00019531,MP00019531,2023-09-07,13:58:27,PL007,MIL0015093,x@x.com,9999123456,9999123451,9999123452,1,1
MP00019532,MP00019532,2023-09-07,13:58:27,PL006,MIL0020569,x@x.com,9999123456,9999123451,9999123452,1,1
MP00019533,MP00019533,2023-09-07,13:58:27,PL006,MIL0249129,x@x.com,9999123456,9999123451,9999123452,1,1
MP00019534,MP00019534,2023-09-07,13:58:27,PL008,MIL0193518,x@x.com,9999123456,9999123451,9999123452,1,1
MP00019535,MP00019535,2023-09-07,13:58:27,PL011,MIL0487719,x@x.com,9999123456,9999123451,9999123452,1,1
MP00019536,MP00019536,2023-09-07,13:58:27,PL011,MIL0039502,x@x.com,9999123456,9999123451,9999123452,1,1
MP00019537,MP00019537,2023-09-07,13:58:27,PL008,MIL0443538,x@x.com,9999123456,9999123451,9999123452,1,1
MP00019538,MP00019538,2023-09-07,13:58:27,PL006,MIL0239000,x@x.com,9999123456,9999123451,9999123452,1,1
MP00019539,MP00019539,2023-09-07,13:58:27,PL009,MIL0144308,x@x.com,9999123456,9999123451,9999123452,1,1
MP00019540,MP00019540,2023-09-07,13:58:27,PL007,MIL0135935,x@x.com,9999123456,9999123451,9999123452,1,1
MP00019541,MP00019541,2023-09-07,13:58:27,PL002,MIL0209442,x@x.com,9999123456,9999123451,9999123452,1,1
MP00019542,MP00019542,2023-09-07,13:58:27,PL004,MIL0091094,x@x.com,9999123456,9999123451,9999123452,1,1
MP00019543,MP00019543,2023-09-07,13:58:27,PL003,MIL0451863,x@x.com,9999123456,9999123451,9999123452,1,1
MP00019544,MP00019544,2023-09-07,13:58:27,PL010,MIL0155253,x@x.com,9999123456,9999123451,9999123452,1,1
MP00019545,MP00019545,2023-09-07,13:58:27,PL007,MIL0330983,x@x.com,9999123456,9999123451,9999123452,1,1
MP00019546,MP00019546,2023-09-07,13:58:27,PL005,MIL0254126,x@x.com,9999123456,9999123451,9999123452,1,1
MP00019547,MP00019547,2023-09-07,13:58:27,PL010,MIL0369613,x@x.com,9999123456,9999123451,9999123452,1,1
MP00019548,MP00019548,2023-09-07,13:58:27,PL006,MIL0514269,x@x.com,9999123456,9999123451,9999123452,1,1
MP00019549,MP00019549,2023-09-07,13:58:27,PL001,MIL0200155,x@x.com,9999123456,9999123451,9999123452,1,1
MP00019550,MP00019550,2023-09-07,13:58:27,PL001,MIL0432724,x@x.com,9999123456,9999123451,9999123452,1,1
MP00019551,MP00019551,2023-09-07,13:58:27,PL013,MIL0396114,x@x.com,9999123456,9999123451,9999123452,1,1
MP00019552,MP00019552,2023-09-07,13:58:27,PL013,MIL0140520,x@x.com,9999123456,9999123451,9999123452,1,1
MP00019553,MP00019553,2023-09-07,13:58:27,PL008,MIL0034767,x@x.com,9999123456,9999123451,9999123452,1,1
MP00019554,MP00019554,2023-09-07,13:58:27,PL006,MIL0290394,x@x.com,9999123456,9999123451,9999123452,1,1
MP00019555,MP00019555,2023-09-07,13:58:27,PL008,MIL0455136,x@x.com,9999123456,9999123451,9999123452,1,1
MP00019556,MP00019556,2023-09-07,13:58:27,PL012,MIL0494721,x@x.com,9999123456,9999123451,9999123452,1,1
MP00019557,MP00019557,2023-09-07,13:58:27,PL009,MIL0341632,x@x.com,9999123456,9999123451,9999123452,1,1
MP00019558,MP00019558,2023-09-07,13:58:27,PL003,MIL0577128,x@x.com,9999123456,9999123451,9999123452,1,1
MP00019559,MP00019559,2023-09-07,13:58:27,PL009,MIL0397792,x@x.com,9999123456,9999123451,9999123452,1,1
MP00019560,MP00019560,2023-09-07,13:58:27,PL005,MIL0171096,x@x.com,9999123456,9999123451,9999123452,1,1
MP00019561,MP00019561,2023-09-07,13:58:27,PL008,MIL0198599,x@x.com,9999123456,9999123451,9999123452,1,1
MP00019562,MP00019562,2023-09-07,13:58:27,PL012,MIL0164176,x@x.com,9999123456,9999123451,9999123452,1,1
MP00019563,MP00019563,2023-09-07,13:58:27,PL003,MIL0426359,x@x.com,9999123456,9999123451,9999123452,1,1
MP00019564,MP00019564,2023-09-07,13:58:27,PL007,MIL0020727,x@x.com,9999123456,9999123451,9999123452,1,1
MP00019565,MP00019565,2023-09-07,13:58:27,PL011,MIL0216866,x@x.com,9999123456,9999123451,9999123452,1,1
MP00019566,MP00019566,2023-09-07,13:58:27,PL013,MIL0495880,x@x.com,9999123456,9999123451,9999123452,1,1
MP00019567,MP00019567,2023-09-07,13:58:27,PL010,MIL0261394,x@x.com,9999123456,9999123451,9999123452,1,1
MP00019568,MP00019568,2023-09-07,13:58:27,PL011,MIL0484472,x@x.com,9999123456,9999123451,9999123452,1,1
MP00019569,MP00019569,2023-09-07,13:58:27,PL007,MIL0540968,x@x.com,9999123456,9999123451,9999123452,1,1
MP00019570,MP00019570,2023-09-07,13:58:27,PL008,MIL0244034,x@x.com,9999123456,9999123451,9999123452,1,1
MP00019571,MP00019571,2023-09-07,13:58:27,PL011,MIL0369163,x@x.com,9999123456,9999123451,9999123452,1,1
MP00019572,MP00019572,2023-09-07,13:58:27,PL005,MIL0085001,x@x.com,9999123456,9999123451,9999123452,1,1
MP00019573,MP00019573,2023-09-07,13:58:27,PL002,MIL0297395,x@x.com,9999123456,9999123451,9999123452,1,1
MP00019574,MP00019574,2023-09-07,13:58:27,PL003,MIL0153027,x@x.com,9999123456,9999123451,9999123452,1,1
MP00019575,MP00019575,2023-09-07,13:58:27,PL009,MIL0165714,x@x.com,9999123456,9999123451,9999123452,1,1
MP00019576,MP00019576,2023-09-07,13:58:27,PL005,MIL0032733,x@x.com,9999123456,9999123451,9999123452,1,1
MP00019577,MP00019577,2023-09-07,13:58:27,PL002,MIL0350116,x@x.com,9999123456,9999123451,9999123452,1,1
MP00019578,MP00019578,2023-09-07,13:58:27,PL008,MIL0105504,x@x.com,9999123456,9999123451,9999123452,1,1
MP00019579,MP00019579,2023-09-07,13:58:27,PL011,MIL0373145,x@x.com,9999123456,9999123451,9999123452,1,1
MP00019580,MP00019580,2023-09-07,13:58:27,PL009,MIL0440864,x@x.com,9999123456,9999123451,9999123452,1,1
MP00019581,MP00019581,2023-09-07,13:58:27,PL008,MIL0186959,x@x.com,9999123456,9999123451,9999123452,1,1
MP00019582,MP00019582,2023-09-07,13:58:27,PL005,MIL0580993,x@x.com,9999123456,9999123451,9999123452,1,1
MP00019583,MP00019583,2023-09-07,13:58:27,PL011,MIL0181204,x@x.com,9999123456,9999123451,9999123452,1,1
MP00019584,MP00019584,2023-09-07,13:58:27,PL004,MIL0192109,x@x.com,9999123456,9999123451,9999123452,1,1
MP00019585,MP00019585,2023-09-07,13:58:27,PL004,MIL0277289,x@x.com,9999123456,9999123451,9999123452,1,1
MP00019586,MP00019586,2023-09-07,13:58:27,PL003,MIL0026439,x@x.com,9999123456,9999123451,9999123452,1,1
MP00019587,MP00019587,2023-09-07,13:58:27,PL001,MIL0249316,x@x.com,9999123456,9999123451,9999123452,1,1
MP00019588,MP00019588,2023-09-07,13:58:27,PL005,MIL0314834,x@x.com,9999123456,9999123451,9999123452,1,1
MP00019589,MP00019589,2023-09-07,13:58:27,PL002,MIL0573846,x@x.com,9999123456,9999123451,9999123452,1,1
MP00019590,MP00019590,2023-09-07,13:58:27,PL002,MIL0534654,x@x.com,9999123456,9999123451,9999123452,1,1
MP00019591,MP00019591,2023-09-07,13:58:27,PL002,MIL0385560,x@x.com,9999123456,9999123451,9999123452,1,1
MP00019592,MP00019592,2023-09-07,13:58:27,PL012,MIL0259249,x@x.com,9999123456,9999123451,9999123452,1,1
MP00019593,MP00019593,2023-09-07,13:58:27,PL007,MIL0259983,x@x.com,9999123456,9999123451,9999123452,1,1
MP00019594,MP00019594,2023-09-07,13:58:27,PL004,MIL0500597,x@x.com,9999123456,9999123451,9999123452,1,1
MP00019595,MP00019595,2023-09-07,13:58:27,PL002,MIL0542215,x@x.com,9999123456,9999123451,9999123452,1,1
MP00019596,MP00019596,2023-09-07,13:58:27,PL001,MIL0342722,x@x.com,9999123456,9999123451,9999123452,1,1
MP00019597,MP00019597,2023-09-07,13:58:27,PL009,MIL0554372,x@x.com,9999123456,9999123451,9999123452,1,1
MP00019598,MP00019598,2023-09-07,13:58:27,PL011,MIL0000856,x@x.com,9999123456,9999123451,9999123452,1,1
MP00019599,MP00019599,2023-09-07,13:58:27,PL004,MIL0192304,x@x.com,9999123456,9999123451,9999123452,1,1
MP00019600,MP00019600,2023-09-07,13:58:27,PL004,MIL0574836,x@x.com,9999123456,9999123451,9999123452,1,1
MP00019601,MP00019601,2023-09-07,13:58:27,PL009,MIL0407955,x@x.com,9999123456,9999123451,9999123452,1,1
MP00019602,MP00019602,2023-09-07,13:58:27,PL008,MIL0428609,x@x.com,9999123456,9999123451,9999123452,1,1
MP00019603,MP00019603,2023-09-07,13:58:27,PL008,MIL0315432,x@x.com,9999123456,9999123451,9999123452,1,1
MP00019604,MP00019604,2023-09-07,13:58:27,PL008,MIL0149691,x@x.com,9999123456,9999123451,9999123452,1,1
MP00019605,MP00019605,2023-09-07,13:58:27,PL001,MIL0482556,x@x.com,9999123456,9999123451,9999123452,1,1
MP00019606,MP00019606,2023-09-07,13:58:27,PL011,MIL0018657,x@x.com,9999123456,9999123451,9999123452,1,1
MP00019607,MP00019607,2023-09-07,13:58:27,PL002,MIL0120112,x@x.com,9999123456,9999123451,9999123452,1,1
MP00019608,MP00019608,2023-09-07,13:58:27,PL010,MIL0464604,x@x.com,9999123456,9999123451,9999123452,1,1
MP00019609,MP00019609,2023-09-07,13:58:27,PL008,MIL0454557,x@x.com,9999123456,9999123451,9999123452,1,1
MP00019610,MP00019610,2023-09-07,13:58:27,PL007,MIL0387862,x@x.com,9999123456,9999123451,9999123452,1,1
MP00019611,MP00019611,2023-09-07,13:58:27,PL007,MIL0121949,x@x.com,9999123456,9999123451,9999123452,1,1
MP00019612,MP00019612,2023-09-07,13:58:27,PL007,MIL0263817,x@x.com,9999123456,9999123451,9999123452,1,1
MP00019613,MP00019613,2023-09-07,13:58:27,PL006,MIL0374035,x@x.com,9999123456,9999123451,9999123452,1,1
MP00019614,MP00019614,2023-09-07,13:58:27,PL005,MIL0455696,x@x.com,9999123456,9999123451,9999123452,1,1
MP00019615,MP00019615,2023-09-07,13:58:27,PL011,MIL0367390,x@x.com,9999123456,9999123451,9999123452,1,1
MP00019616,MP00019616,2023-09-07,13:58:27,PL012,MIL0308673,x@x.com,9999123456,9999123451,9999123452,1,1
MP00019617,MP00019617,2023-09-07,13:58:27,PL011,MIL0177363,x@x.com,9999123456,9999123451,9999123452,1,1
MP00019618,MP00019618,2023-09-07,13:58:27,PL005,MIL0112851,x@x.com,9999123456,9999123451,9999123452,1,1
MP00019619,MP00019619,2023-09-07,13:58:27,PL009,MIL0247823,x@x.com,9999123456,9999123451,9999123452,1,1
MP00019620,MP00019620,2023-09-07,13:58:27,PL001,MIL0046254,x@x.com,9999123456,9999123451,9999123452,1,1
MP00019621,MP00019621,2023-09-07,13:58:27,PL007,MIL0303008,x@x.com,9999123456,9999123451,9999123452,1,1
MP00019622,MP00019622,2023-09-07,13:58:27,PL009,MIL0147833,x@x.com,9999123456,9999123451,9999123452,1,1
MP00019623,MP00019623,2023-09-07,13:58:27,PL012,MIL0438609,x@x.com,9999123456,9999123451,9999123452,1,1
MP00019624,MP00019624,2023-09-07,13:58:27,PL009,MIL0428611,x@x.com,9999123456,9999123451,9999123452,1,1
MP00019625,MP00019625,2023-09-07,13:58:27,PL009,MIL0013899,x@x.com,9999123456,9999123451,9999123452,1,1
MP00019626,MP00019626,2023-09-07,13:58:27,PL002,MIL0236376,x@x.com,9999123456,9999123451,9999123452,1,1
MP00019627,MP00019627,2023-09-07,13:58:27,PL001,MIL0223909,x@x.com,9999123456,9999123451,9999123452,1,1
MP00019628,MP00019628,2023-09-07,13:58:27,PL001,MIL0024188,x@x.com,9999123456,9999123451,9999123452,1,1
MP00019629,MP00019629,2023-09-07,13:58:27,PL004,MIL0570739,x@x.com,9999123456,9999123451,9999123452,1,1
MP00019630,MP00019630,2023-09-07,13:58:27,PL004,MIL0306498,x@x.com,9999123456,9999123451,9999123452,1,1
MP00019631,MP00019631,2023-09-07,13:58:27,PL005,MIL0478800,x@x.com,9999123456,9999123451,9999123452,1,1
MP00019632,MP00019632,2023-09-07,13:58:27,PL002,MIL0281426,x@x.com,9999123456,9999123451,9999123452,1,1
MP00019633,MP00019633,2023-09-07,13:58:27,PL011,MIL0180598,x@x.com,9999123456,9999123451,9999123452,1,1
MP00019634,MP00019634,2023-09-07,13:58:27,PL006,MIL0424322,x@x.com,9999123456,9999123451,9999123452,1,1
MP00019635,MP00019635,2023-09-07,13:58:27,PL010,MIL0416064,x@x.com,9999123456,9999123451,9999123452,1,1
MP00019636,MP00019636,2023-09-07,13:58:27,PL006,MIL0254628,x@x.com,9999123456,9999123451,9999123452,1,1
MP00019637,MP00019637,2023-09-07,13:58:27,PL006,MIL0036396,x@x.com,9999123456,9999123451,9999123452,1,1
MP00019638,MP00019638,2023-09-07,13:58:27,PL004,MIL0374410,x@x.com,9999123456,9999123451,9999123452,1,1
MP00019639,MP00019639,2023-09-07,13:58:27,PL001,MIL0026210,x@x.com,9999123456,9999123451,9999123452,1,1
MP00019640,MP00019640,2023-09-07,13:58:27,PL013,MIL0338670,x@x.com,9999123456,9999123451,9999123452,1,1
MP00019641,MP00019641,2023-09-07,13:58:27,PL006,MIL0393843,x@x.com,9999123456,9999123451,9999123452,1,1
MP00019642,MP00019642,2023-09-07,13:58:27,PL010,MIL0181193,x@x.com,9999123456,9999123451,9999123452,1,1
MP00019643,MP00019643,2023-09-07,13:58:27,PL003,MIL0205741,x@x.com,9999123456,9999123451,9999123452,1,1
MP00019644,MP00019644,2023-09-07,13:58:27,PL003,MIL0407165,x@x.com,9999123456,9999123451,9999123452,1,1
MP00019645,MP00019645,2023-09-07,13:58:27,PL013,MIL0334550,x@x.com,9999123456,9999123451,9999123452,1,1
MP00019646,MP00019646,2023-09-07,13:58:27,PL009,MIL0235023,x@x.com,9999123456,9999123451,9999123452,1,1
MP00019647,MP00019647,2023-09-07,13:58:27,PL005,MIL0295471,x@x.com,9999123456,9999123451,9999123452,1,1
MP00019648,MP00019648,2023-09-07,13:58:27,PL003,MIL0245969,x@x.com,9999123456,9999123451,9999123452,1,1
MP00019649,MP00019649,2023-09-07,13:58:27,PL010,MIL0027094,x@x.com,9999123456,9999123451,9999123452,1,1
MP00019650,MP00019650,2023-09-07,13:58:27,PL001,MIL0570700,x@x.com,9999123456,9999123451,9999123452,1,1
MP00019651,MP00019651,2023-09-07,13:58:27,PL009,MIL0179610,x@x.com,9999123456,9999123451,9999123452,1,1
MP00019652,MP00019652,2023-09-07,13:58:27,PL002,MIL0532647,x@x.com,9999123456,9999123451,9999123452,1,1
MP00019653,MP00019653,2023-09-07,13:58:27,PL003,MIL0220699,x@x.com,9999123456,9999123451,9999123452,1,1
MP00019654,MP00019654,2023-09-07,13:58:27,PL003,MIL0039350,x@x.com,9999123456,9999123451,9999123452,1,1
MP00019655,MP00019655,2023-09-07,13:58:27,PL001,MIL0429114,x@x.com,9999123456,9999123451,9999123452,1,1
MP00019656,MP00019656,2023-09-07,13:58:27,PL006,MIL0205774,x@x.com,9999123456,9999123451,9999123452,1,1
MP00019657,MP00019657,2023-09-07,13:58:27,PL013,MIL0441816,x@x.com,9999123456,9999123451,9999123452,1,1
MP00019658,MP00019658,2023-09-07,13:58:27,PL002,MIL0083602,x@x.com,9999123456,9999123451,9999123452,1,1
MP00019659,MP00019659,2023-09-07,13:58:27,PL004,MIL0457835,x@x.com,9999123456,9999123451,9999123452,1,1
MP00019660,MP00019660,2023-09-07,13:58:27,PL008,MIL0375764,x@x.com,9999123456,9999123451,9999123452,1,1
MP00019661,MP00019661,2023-09-07,13:58:27,PL009,MIL0200962,x@x.com,9999123456,9999123451,9999123452,1,1
MP00019662,MP00019662,2023-09-07,13:58:27,PL011,MIL0390015,x@x.com,9999123456,9999123451,9999123452,1,1
MP00019663,MP00019663,2023-09-07,13:58:27,PL010,MIL0142240,x@x.com,9999123456,9999123451,9999123452,1,1
MP00019664,MP00019664,2023-09-07,13:58:27,PL005,MIL0438147,x@x.com,9999123456,9999123451,9999123452,1,1
MP00019665,MP00019665,2023-09-07,13:58:27,PL002,MIL0523139,x@x.com,9999123456,9999123451,9999123452,1,1
MP00019666,MP00019666,2023-09-07,13:58:27,PL001,MIL0513807,x@x.com,9999123456,9999123451,9999123452,1,1
MP00019667,MP00019667,2023-09-07,13:58:27,PL012,MIL0295265,x@x.com,9999123456,9999123451,9999123452,1,1
MP00019668,MP00019668,2023-09-07,13:58:27,PL006,MIL0514744,x@x.com,9999123456,9999123451,9999123452,1,1
MP00019669,MP00019669,2023-09-07,13:58:27,PL003,MIL0306042,x@x.com,9999123456,9999123451,9999123452,1,1
MP00019670,MP00019670,2023-09-07,13:58:27,PL006,MIL0455146,x@x.com,9999123456,9999123451,9999123452,1,1
MP00019671,MP00019671,2023-09-07,13:58:27,PL012,MIL0350109,x@x.com,9999123456,9999123451,9999123452,1,1
MP00019672,MP00019672,2023-09-07,13:58:27,PL002,MIL0546507,x@x.com,9999123456,9999123451,9999123452,1,1
MP00019673,MP00019673,2023-09-07,13:58:27,PL007,MIL0034725,x@x.com,9999123456,9999123451,9999123452,1,1
MP00019674,MP00019674,2023-09-07,13:58:27,PL006,MIL0323513,x@x.com,9999123456,9999123451,9999123452,1,1
MP00019675,MP00019675,2023-09-07,13:58:27,PL009,MIL0042081,x@x.com,9999123456,9999123451,9999123452,1,1
MP00019676,MP00019676,2023-09-07,13:58:27,PL009,MIL0319750,x@x.com,9999123456,9999123451,9999123452,1,1
MP00019677,MP00019677,2023-09-07,13:58:27,PL008,MIL0539459,x@x.com,9999123456,9999123451,9999123452,1,1
MP00019678,MP00019678,2023-09-07,13:58:27,PL013,MIL0029633,x@x.com,9999123456,9999123451,9999123452,1,1
MP00019679,MP00019679,2023-09-07,13:58:27,PL004,MIL0485633,x@x.com,9999123456,9999123451,9999123452,1,1
MP00019680,MP00019680,2023-09-07,13:58:27,PL001,MIL0521131,x@x.com,9999123456,9999123451,9999123452,1,1
MP00019681,MP00019681,2023-09-07,13:58:27,PL007,MIL0220464,x@x.com,9999123456,9999123451,9999123452,1,1
MP00019682,MP00019682,2023-09-07,13:58:27,PL010,MIL0546174,x@x.com,9999123456,9999123451,9999123452,1,1
MP00019683,MP00019683,2023-09-07,13:58:27,PL013,MIL0106867,x@x.com,9999123456,9999123451,9999123452,1,1
MP00019684,MP00019684,2023-09-07,13:58:27,PL006,MIL0509810,x@x.com,9999123456,9999123451,9999123452,1,1
MP00019685,MP00019685,2023-09-07,13:58:27,PL004,MIL0307020,x@x.com,9999123456,9999123451,9999123452,1,1
MP00019686,MP00019686,2023-09-07,13:58:27,PL007,MIL0285331,x@x.com,9999123456,9999123451,9999123452,1,1
MP00019687,MP00019687,2023-09-07,13:58:27,PL001,MIL0278649,x@x.com,9999123456,9999123451,9999123452,1,1
MP00019688,MP00019688,2023-09-07,13:58:27,PL002,MIL0485606,x@x.com,9999123456,9999123451,9999123452,1,1
MP00019689,MP00019689,2023-09-07,13:58:27,PL013,MIL0247145,x@x.com,9999123456,9999123451,9999123452,1,1
MP00019690,MP00019690,2023-09-07,13:58:27,PL010,MIL0201666,x@x.com,9999123456,9999123451,9999123452,1,1
MP00019691,MP00019691,2023-09-07,13:58:27,PL013,MIL0503421,x@x.com,9999123456,9999123451,9999123452,1,1
MP00019692,MP00019692,2023-09-07,13:58:27,PL007,MIL0239817,x@x.com,9999123456,9999123451,9999123452,1,1
MP00019693,MP00019693,2023-09-07,13:58:27,PL007,MIL0185542,x@x.com,9999123456,9999123451,9999123452,1,1
MP00019694,MP00019694,2023-09-07,13:58:27,PL007,MIL0512928,x@x.com,9999123456,9999123451,9999123452,1,1
MP00019695,MP00019695,2023-09-07,13:58:27,PL010,MIL0380862,x@x.com,9999123456,9999123451,9999123452,1,1
MP00019696,MP00019696,2023-09-07,13:58:27,PL004,MIL0532524,x@x.com,9999123456,9999123451,9999123452,1,1
MP00019697,MP00019697,2023-09-07,13:58:27,PL012,MIL0407083,x@x.com,9999123456,9999123451,9999123452,1,1
MP00019698,MP00019698,2023-09-07,13:58:27,PL002,MIL0456250,x@x.com,9999123456,9999123451,9999123452,1,1
MP00019699,MP00019699,2023-09-07,13:58:27,PL004,MIL0226784,x@x.com,9999123456,9999123451,9999123452,1,1
MP00019700,MP00019700,2023-09-07,13:58:27,PL013,MIL0498222,x@x.com,9999123456,9999123451,9999123452,1,1
MP00019701,MP00019701,2023-09-07,13:58:27,PL009,MIL0095236,x@x.com,9999123456,9999123451,9999123452,1,1
MP00019702,MP00019702,2023-09-07,13:58:27,PL005,MIL0414436,x@x.com,9999123456,9999123451,9999123452,1,1
MP00019703,MP00019703,2023-09-07,13:58:27,PL012,MIL0293274,x@x.com,9999123456,9999123451,9999123452,1,1
MP00019704,MP00019704,2023-09-07,13:58:27,PL003,MIL0573615,x@x.com,9999123456,9999123451,9999123452,1,1
MP00019705,MP00019705,2023-09-07,13:58:27,PL001,MIL0503979,x@x.com,9999123456,9999123451,9999123452,1,1
MP00019706,MP00019706,2023-09-07,13:58:27,PL003,MIL0484067,x@x.com,9999123456,9999123451,9999123452,1,1
MP00019707,MP00019707,2023-09-07,13:58:27,PL007,MIL0052486,x@x.com,9999123456,9999123451,9999123452,1,1
MP00019708,MP00019708,2023-09-07,13:58:27,PL005,MIL0199485,x@x.com,9999123456,9999123451,9999123452,1,1
MP00019709,MP00019709,2023-09-07,13:58:27,PL003,MIL0355220,x@x.com,9999123456,9999123451,9999123452,1,1
MP00019710,MP00019710,2023-09-07,13:58:27,PL013,MIL0316559,x@x.com,9999123456,9999123451,9999123452,1,1
MP00019711,MP00019711,2023-09-07,13:58:27,PL008,MIL0463432,x@x.com,9999123456,9999123451,9999123452,1,1
MP00019712,MP00019712,2023-09-07,13:58:27,PL013,MIL0109375,x@x.com,9999123456,9999123451,9999123452,1,1
MP00019713,MP00019713,2023-09-07,13:58:27,PL013,MIL0155887,x@x.com,9999123456,9999123451,9999123452,1,1
MP00019714,MP00019714,2023-09-07,13:58:27,PL003,MIL0128202,x@x.com,9999123456,9999123451,9999123452,1,1
MP00019715,MP00019715,2023-09-07,13:58:27,PL012,MIL0110221,x@x.com,9999123456,9999123451,9999123452,1,1
MP00019716,MP00019716,2023-09-07,13:58:27,PL007,MIL0026617,x@x.com,9999123456,9999123451,9999123452,1,1
MP00019717,MP00019717,2023-09-07,13:58:27,PL012,MIL0098590,x@x.com,9999123456,9999123451,9999123452,1,1
MP00019718,MP00019718,2023-09-07,13:58:27,PL009,MIL0268736,x@x.com,9999123456,9999123451,9999123452,1,1
MP00019719,MP00019719,2023-09-07,13:58:27,PL006,MIL0471286,x@x.com,9999123456,9999123451,9999123452,1,1
MP00019720,MP00019720,2023-09-07,13:58:27,PL003,MIL0183202,x@x.com,9999123456,9999123451,9999123452,1,1
MP00019721,MP00019721,2023-09-07,13:58:27,PL006,MIL0470825,x@x.com,9999123456,9999123451,9999123452,1,1
MP00019722,MP00019722,2023-09-07,13:58:27,PL008,MIL0468393,x@x.com,9999123456,9999123451,9999123452,1,1
MP00019723,MP00019723,2023-09-07,13:58:27,PL009,MIL0146124,x@x.com,9999123456,9999123451,9999123452,1,1
MP00019724,MP00019724,2023-09-07,13:58:27,PL013,MIL0386021,x@x.com,9999123456,9999123451,9999123452,1,1
MP00019725,MP00019725,2023-09-07,13:58:27,PL013,MIL0380821,x@x.com,9999123456,9999123451,9999123452,1,1
MP00019726,MP00019726,2023-09-07,13:58:27,PL011,MIL0157201,x@x.com,9999123456,9999123451,9999123452,1,1
MP00019727,MP00019727,2023-09-07,13:58:27,PL010,MIL0115080,x@x.com,9999123456,9999123451,9999123452,1,1
MP00019728,MP00019728,2023-09-07,13:58:27,PL012,MIL0422307,x@x.com,9999123456,9999123451,9999123452,1,1
MP00019729,MP00019729,2023-09-07,13:58:27,PL005,MIL0431922,x@x.com,9999123456,9999123451,9999123452,1,1
MP00019730,MP00019730,2023-09-07,13:58:27,PL002,MIL0341321,x@x.com,9999123456,9999123451,9999123452,1,1
MP00019731,MP00019731,2023-09-07,13:58:27,PL006,MIL0557753,x@x.com,9999123456,9999123451,9999123452,1,1
MP00019732,MP00019732,2023-09-07,13:58:27,PL002,MIL0355770,x@x.com,9999123456,9999123451,9999123452,1,1
MP00019733,MP00019733,2023-09-07,13:58:27,PL006,MIL0013841,x@x.com,9999123456,9999123451,9999123452,1,1
MP00019734,MP00019734,2023-09-07,13:58:27,PL012,MIL0146567,x@x.com,9999123456,9999123451,9999123452,1,1
MP00019735,MP00019735,2023-09-07,13:58:27,PL004,MIL0015778,x@x.com,9999123456,9999123451,9999123452,1,1
MP00019736,MP00019736,2023-09-07,13:58:27,PL006,MIL0274546,x@x.com,9999123456,9999123451,9999123452,1,1
MP00019737,MP00019737,2023-09-07,13:58:27,PL006,MIL0270108,x@x.com,9999123456,9999123451,9999123452,1,1
MP00019738,MP00019738,2023-09-07,13:58:27,PL009,MIL0429985,x@x.com,9999123456,9999123451,9999123452,1,1
MP00019739,MP00019739,2023-09-07,13:58:27,PL010,MIL0538861,x@x.com,9999123456,9999123451,9999123452,1,1
MP00019740,MP00019740,2023-09-07,13:58:27,PL007,MIL0508839,x@x.com,9999123456,9999123451,9999123452,1,1
MP00019741,MP00019741,2023-09-07,13:58:27,PL013,MIL0247716,x@x.com,9999123456,9999123451,9999123452,1,1
MP00019742,MP00019742,2023-09-07,13:58:27,PL013,MIL0249934,x@x.com,9999123456,9999123451,9999123452,1,1
MP00019743,MP00019743,2023-09-07,13:58:27,PL003,MIL0373608,x@x.com,9999123456,9999123451,9999123452,1,1
MP00019744,MP00019744,2023-09-07,13:58:27,PL009,MIL0021077,x@x.com,9999123456,9999123451,9999123452,1,1
MP00019745,MP00019745,2023-09-07,13:58:27,PL012,MIL0413154,x@x.com,9999123456,9999123451,9999123452,1,1
MP00019746,MP00019746,2023-09-07,13:58:27,PL013,MIL0463061,x@x.com,9999123456,9999123451,9999123452,1,1
MP00019747,MP00019747,2023-09-07,13:58:27,PL005,MIL0212088,x@x.com,9999123456,9999123451,9999123452,1,1
MP00019748,MP00019748,2023-09-07,13:58:27,PL008,MIL0266775,x@x.com,9999123456,9999123451,9999123452,1,1
MP00019749,MP00019749,2023-09-07,13:58:27,PL010,MIL0233593,x@x.com,9999123456,9999123451,9999123452,1,1
MP00019750,MP00019750,2023-09-07,13:58:27,PL006,MIL0098246,x@x.com,9999123456,9999123451,9999123452,1,1
MP00019751,MP00019751,2023-09-07,13:58:27,PL008,MIL0341404,x@x.com,9999123456,9999123451,9999123452,1,1
MP00019752,MP00019752,2023-09-07,13:58:27,PL012,MIL0435331,x@x.com,9999123456,9999123451,9999123452,1,1
MP00019753,MP00019753,2023-09-07,13:58:27,PL007,MIL0549445,x@x.com,9999123456,9999123451,9999123452,1,1
MP00019754,MP00019754,2023-09-07,13:58:27,PL003,MIL0298479,x@x.com,9999123456,9999123451,9999123452,1,1
MP00019755,MP00019755,2023-09-07,13:58:27,PL010,MIL0299554,x@x.com,9999123456,9999123451,9999123452,1,1
MP00019756,MP00019756,2023-09-07,13:58:27,PL007,MIL0228050,x@x.com,9999123456,9999123451,9999123452,1,1
MP00019757,MP00019757,2023-09-07,13:58:27,PL002,MIL0470747,x@x.com,9999123456,9999123451,9999123452,1,1
MP00019758,MP00019758,2023-09-07,13:58:27,PL008,MIL0011006,x@x.com,9999123456,9999123451,9999123452,1,1
MP00019759,MP00019759,2023-09-07,13:58:27,PL010,MIL0010364,x@x.com,9999123456,9999123451,9999123452,1,1
MP00019760,MP00019760,2023-09-07,13:58:27,PL006,MIL0012706,x@x.com,9999123456,9999123451,9999123452,1,1
MP00019761,MP00019761,2023-09-07,13:58:27,PL011,MIL0164583,x@x.com,9999123456,9999123451,9999123452,1,1
MP00019762,MP00019762,2023-09-07,13:58:27,PL003,MIL0095562,x@x.com,9999123456,9999123451,9999123452,1,1
MP00019763,MP00019763,2023-09-07,13:58:27,PL005,MIL0155029,x@x.com,9999123456,9999123451,9999123452,1,1
MP00019764,MP00019764,2023-09-07,13:58:27,PL004,MIL0535695,x@x.com,9999123456,9999123451,9999123452,1,1
MP00019765,MP00019765,2023-09-07,13:58:27,PL009,MIL0557371,x@x.com,9999123456,9999123451,9999123452,1,1
MP00019766,MP00019766,2023-09-07,13:58:27,PL012,MIL0011175,x@x.com,9999123456,9999123451,9999123452,1,1
MP00019767,MP00019767,2023-09-07,13:58:27,PL007,MIL0291545,x@x.com,9999123456,9999123451,9999123452,1,1
MP00019768,MP00019768,2023-09-07,13:58:27,PL001,MIL0137243,x@x.com,9999123456,9999123451,9999123452,1,1
MP00019769,MP00019769,2023-09-07,13:58:27,PL011,MIL0040564,x@x.com,9999123456,9999123451,9999123452,1,1
MP00019770,MP00019770,2023-09-07,13:58:27,PL002,MIL0205222,x@x.com,9999123456,9999123451,9999123452,1,1
MP00019771,MP00019771,2023-09-07,13:58:27,PL005,MIL0542429,x@x.com,9999123456,9999123451,9999123452,1,1
MP00019772,MP00019772,2023-09-07,13:58:27,PL008,MIL0179825,x@x.com,9999123456,9999123451,9999123452,1,1
MP00019773,MP00019773,2023-09-07,13:58:27,PL003,MIL0170260,x@x.com,9999123456,9999123451,9999123452,1,1
MP00019774,MP00019774,2023-09-07,13:58:27,PL007,MIL0117361,x@x.com,9999123456,9999123451,9999123452,1,1
MP00019775,MP00019775,2023-09-07,13:58:27,PL003,MIL0017468,x@x.com,9999123456,9999123451,9999123452,1,1
MP00019776,MP00019776,2023-09-07,13:58:27,PL002,MIL0341927,x@x.com,9999123456,9999123451,9999123452,1,1
MP00019777,MP00019777,2023-09-07,13:58:27,PL013,MIL0403820,x@x.com,9999123456,9999123451,9999123452,1,1
MP00019778,MP00019778,2023-09-07,13:58:27,PL013,MIL0470245,x@x.com,9999123456,9999123451,9999123452,1,1
MP00019779,MP00019779,2023-09-07,13:58:27,PL004,MIL0117655,x@x.com,9999123456,9999123451,9999123452,1,1
MP00019780,MP00019780,2023-09-07,13:58:27,PL009,MIL0433854,x@x.com,9999123456,9999123451,9999123452,1,1
MP00019781,MP00019781,2023-09-07,13:58:27,PL010,MIL0239094,x@x.com,9999123456,9999123451,9999123452,1,1
MP00019782,MP00019782,2023-09-07,13:58:27,PL007,MIL0317783,x@x.com,9999123456,9999123451,9999123452,1,1
MP00019783,MP00019783,2023-09-07,13:58:27,PL008,MIL0051332,x@x.com,9999123456,9999123451,9999123452,1,1
MP00019784,MP00019784,2023-09-07,13:58:27,PL008,MIL0332170,x@x.com,9999123456,9999123451,9999123452,1,1
MP00019785,MP00019785,2023-09-07,13:58:27,PL012,MIL0494604,x@x.com,9999123456,9999123451,9999123452,1,1
MP00019786,MP00019786,2023-09-07,13:58:27,PL012,MIL0007551,x@x.com,9999123456,9999123451,9999123452,1,1
MP00019787,MP00019787,2023-09-07,13:58:27,PL009,MIL0483430,x@x.com,9999123456,9999123451,9999123452,1,1
MP00019788,MP00019788,2023-09-07,13:58:27,PL010,MIL0176390,x@x.com,9999123456,9999123451,9999123452,1,1
MP00019789,MP00019789,2023-09-07,13:58:27,PL005,MIL0566711,x@x.com,9999123456,9999123451,9999123452,1,1
MP00019790,MP00019790,2023-09-07,13:58:27,PL010,MIL0239059,x@x.com,9999123456,9999123451,9999123452,1,1
MP00019791,MP00019791,2023-09-07,13:58:27,PL005,MIL0447854,x@x.com,9999123456,9999123451,9999123452,1,1
MP00019792,MP00019792,2023-09-07,13:58:27,PL006,MIL0041079,x@x.com,9999123456,9999123451,9999123452,1,1
MP00019793,MP00019793,2023-09-07,13:58:27,PL006,MIL0322198,x@x.com,9999123456,9999123451,9999123452,1,1
MP00019794,MP00019794,2023-09-07,13:58:27,PL004,MIL0567799,x@x.com,9999123456,9999123451,9999123452,1,1
MP00019795,MP00019795,2023-09-07,13:58:27,PL007,MIL0530702,x@x.com,9999123456,9999123451,9999123452,1,1
MP00019796,MP00019796,2023-09-07,13:58:27,PL009,MIL0273011,x@x.com,9999123456,9999123451,9999123452,1,1
MP00019797,MP00019797,2023-09-07,13:58:27,PL012,MIL0419865,x@x.com,9999123456,9999123451,9999123452,1,1
MP00019798,MP00019798,2023-09-07,13:58:27,PL003,MIL0081792,x@x.com,9999123456,9999123451,9999123452,1,1
MP00019799,MP00019799,2023-09-07,13:58:27,PL012,MIL0451414,x@x.com,9999123456,9999123451,9999123452,1,1
MP00019800,MP00019800,2023-09-07,13:58:27,PL010,MIL0273533,x@x.com,9999123456,9999123451,9999123452,1,1
MP00019801,MP00019801,2023-09-07,13:58:27,PL009,MIL0165235,x@x.com,9999123456,9999123451,9999123452,1,1
MP00019802,MP00019802,2023-09-07,13:58:27,PL007,MIL0233121,x@x.com,9999123456,9999123451,9999123452,1,1
MP00019803,MP00019803,2023-09-07,13:58:27,PL009,MIL0562662,x@x.com,9999123456,9999123451,9999123452,1,1
MP00019804,MP00019804,2023-09-07,13:58:27,PL005,MIL0572473,x@x.com,9999123456,9999123451,9999123452,1,1
MP00019805,MP00019805,2023-09-07,13:58:27,PL010,MIL0127461,x@x.com,9999123456,9999123451,9999123452,1,1
MP00019806,MP00019806,2023-09-07,13:58:27,PL013,MIL0418542,x@x.com,9999123456,9999123451,9999123452,1,1
MP00019807,MP00019807,2023-09-07,13:58:27,PL009,MIL0059078,x@x.com,9999123456,9999123451,9999123452,1,1
MP00019808,MP00019808,2023-09-07,13:58:27,PL003,MIL0238687,x@x.com,9999123456,9999123451,9999123452,1,1
MP00019809,MP00019809,2023-09-07,13:58:27,PL010,MIL0243185,x@x.com,9999123456,9999123451,9999123452,1,1
MP00019810,MP00019810,2023-09-07,13:58:27,PL013,MIL0323993,x@x.com,9999123456,9999123451,9999123452,1,1
MP00019811,MP00019811,2023-09-07,13:58:27,PL009,MIL0357166,x@x.com,9999123456,9999123451,9999123452,1,1
MP00019812,MP00019812,2023-09-07,13:58:27,PL009,MIL0130039,x@x.com,9999123456,9999123451,9999123452,1,1
MP00019813,MP00019813,2023-09-07,13:58:27,PL010,MIL0454329,x@x.com,9999123456,9999123451,9999123452,1,1
MP00019814,MP00019814,2023-09-07,13:58:27,PL010,MIL0065723,x@x.com,9999123456,9999123451,9999123452,1,1
MP00019815,MP00019815,2023-09-07,13:58:27,PL012,MIL0000591,x@x.com,9999123456,9999123451,9999123452,1,1
MP00019816,MP00019816,2023-09-07,13:58:27,PL007,MIL0387274,x@x.com,9999123456,9999123451,9999123452,1,1
MP00019817,MP00019817,2023-09-07,13:58:27,PL013,MIL0203132,x@x.com,9999123456,9999123451,9999123452,1,1
MP00019818,MP00019818,2023-09-07,13:58:27,PL005,MIL0100695,x@x.com,9999123456,9999123451,9999123452,1,1
MP00019819,MP00019819,2023-09-07,13:58:27,PL008,MIL0217750,x@x.com,9999123456,9999123451,9999123452,1,1
MP00019820,MP00019820,2023-09-07,13:58:27,PL010,MIL0015882,x@x.com,9999123456,9999123451,9999123452,1,1
MP00019821,MP00019821,2023-09-07,13:58:27,PL012,MIL0228770,x@x.com,9999123456,9999123451,9999123452,1,1
MP00019822,MP00019822,2023-09-07,13:58:27,PL006,MIL0534050,x@x.com,9999123456,9999123451,9999123452,1,1
MP00019823,MP00019823,2023-09-07,13:58:27,PL005,MIL0103580,x@x.com,9999123456,9999123451,9999123452,1,1
MP00019824,MP00019824,2023-09-07,13:58:27,PL001,MIL0323873,x@x.com,9999123456,9999123451,9999123452,1,1
MP00019825,MP00019825,2023-09-07,13:58:27,PL007,MIL0422699,x@x.com,9999123456,9999123451,9999123452,1,1
MP00019826,MP00019826,2023-09-07,13:58:27,PL012,MIL0127303,x@x.com,9999123456,9999123451,9999123452,1,1
MP00019827,MP00019827,2023-09-07,13:58:27,PL002,MIL0574477,x@x.com,9999123456,9999123451,9999123452,1,1
MP00019828,MP00019828,2023-09-07,13:58:27,PL006,MIL0090042,x@x.com,9999123456,9999123451,9999123452,1,1
MP00019829,MP00019829,2023-09-07,13:58:27,PL011,MIL0307163,x@x.com,9999123456,9999123451,9999123452,1,1
MP00019830,MP00019830,2023-09-07,13:58:27,PL001,MIL0425196,x@x.com,9999123456,9999123451,9999123452,1,1
MP00019831,MP00019831,2023-09-07,13:58:27,PL010,MIL0342403,x@x.com,9999123456,9999123451,9999123452,1,1
MP00019832,MP00019832,2023-09-07,13:58:27,PL004,MIL0524803,x@x.com,9999123456,9999123451,9999123452,1,1
MP00019833,MP00019833,2023-09-07,13:58:27,PL006,MIL0351513,x@x.com,9999123456,9999123451,9999123452,1,1
MP00019834,MP00019834,2023-09-07,13:58:27,PL013,MIL0374562,x@x.com,9999123456,9999123451,9999123452,1,1
MP00019835,MP00019835,2023-09-07,13:58:27,PL004,MIL0451969,x@x.com,9999123456,9999123451,9999123452,1,1
MP00019836,MP00019836,2023-09-07,13:58:27,PL006,MIL0038735,x@x.com,9999123456,9999123451,9999123452,1,1
MP00019837,MP00019837,2023-09-07,13:58:27,PL009,MIL0318366,x@x.com,9999123456,9999123451,9999123452,1,1
MP00019838,MP00019838,2023-09-07,13:58:27,PL005,MIL0056177,x@x.com,9999123456,9999123451,9999123452,1,1
MP00019839,MP00019839,2023-09-07,13:58:27,PL012,MIL0040837,x@x.com,9999123456,9999123451,9999123452,1,1
MP00019840,MP00019840,2023-09-07,13:58:27,PL003,MIL0279784,x@x.com,9999123456,9999123451,9999123452,1,1
MP00019841,MP00019841,2023-09-07,13:58:27,PL001,MIL0045943,x@x.com,9999123456,9999123451,9999123452,1,1
MP00019842,MP00019842,2023-09-07,13:58:27,PL009,MIL0139665,x@x.com,9999123456,9999123451,9999123452,1,1
MP00019843,MP00019843,2023-09-07,13:58:27,PL011,MIL0038778,x@x.com,9999123456,9999123451,9999123452,1,1
MP00019844,MP00019844,2023-09-07,13:58:27,PL008,MIL0402621,x@x.com,9999123456,9999123451,9999123452,1,1
MP00019845,MP00019845,2023-09-07,13:58:27,PL009,MIL0397469,x@x.com,9999123456,9999123451,9999123452,1,1
MP00019846,MP00019846,2023-09-07,13:58:27,PL011,MIL0028329,x@x.com,9999123456,9999123451,9999123452,1,1
MP00019847,MP00019847,2023-09-07,13:58:27,PL002,MIL0229489,x@x.com,9999123456,9999123451,9999123452,1,1
MP00019848,MP00019848,2023-09-07,13:58:27,PL008,MIL0107100,x@x.com,9999123456,9999123451,9999123452,1,1
MP00019849,MP00019849,2023-09-07,13:58:27,PL007,MIL0275410,x@x.com,9999123456,9999123451,9999123452,1,1
MP00019850,MP00019850,2023-09-07,13:58:27,PL004,MIL0321857,x@x.com,9999123456,9999123451,9999123452,1,1
MP00019851,MP00019851,2023-09-07,13:58:27,PL005,MIL0091383,x@x.com,9999123456,9999123451,9999123452,1,1
MP00019852,MP00019852,2023-09-07,13:58:27,PL004,MIL0207976,x@x.com,9999123456,9999123451,9999123452,1,1
MP00019853,MP00019853,2023-09-07,13:58:27,PL006,MIL0110634,x@x.com,9999123456,9999123451,9999123452,1,1
MP00019854,MP00019854,2023-09-07,13:58:27,PL004,MIL0210266,x@x.com,9999123456,9999123451,9999123452,1,1
MP00019855,MP00019855,2023-09-07,13:58:27,PL004,MIL0384856,x@x.com,9999123456,9999123451,9999123452,1,1
MP00019856,MP00019856,2023-09-07,13:58:27,PL011,MIL0026867,x@x.com,9999123456,9999123451,9999123452,1,1
MP00019857,MP00019857,2023-09-07,13:58:27,PL013,MIL0299661,x@x.com,9999123456,9999123451,9999123452,1,1
MP00019858,MP00019858,2023-09-07,13:58:27,PL004,MIL0041748,x@x.com,9999123456,9999123451,9999123452,1,1
MP00019859,MP00019859,2023-09-07,13:58:27,PL007,MIL0310895,x@x.com,9999123456,9999123451,9999123452,1,1
MP00019860,MP00019860,2023-09-07,13:58:27,PL003,MIL0466581,x@x.com,9999123456,9999123451,9999123452,1,1
MP00019861,MP00019861,2023-09-07,13:58:27,PL001,MIL0253614,x@x.com,9999123456,9999123451,9999123452,1,1
MP00019862,MP00019862,2023-09-07,13:58:27,PL002,MIL0137919,x@x.com,9999123456,9999123451,9999123452,1,1
MP00019863,MP00019863,2023-09-07,13:58:27,PL002,MIL0155470,x@x.com,9999123456,9999123451,9999123452,1,1
MP00019864,MP00019864,2023-09-07,13:58:27,PL003,MIL0464311,x@x.com,9999123456,9999123451,9999123452,1,1
MP00019865,MP00019865,2023-09-07,13:58:27,PL005,MIL0574783,x@x.com,9999123456,9999123451,9999123452,1,1
MP00019866,MP00019866,2023-09-07,13:58:27,PL010,MIL0451769,x@x.com,9999123456,9999123451,9999123452,1,1
MP00019867,MP00019867,2023-09-07,13:58:27,PL009,MIL0219447,x@x.com,9999123456,9999123451,9999123452,1,1
MP00019868,MP00019868,2023-09-07,13:58:27,PL005,MIL0263702,x@x.com,9999123456,9999123451,9999123452,1,1
MP00019869,MP00019869,2023-09-07,13:58:27,PL004,MIL0382315,x@x.com,9999123456,9999123451,9999123452,1,1
MP00019870,MP00019870,2023-09-07,13:58:27,PL010,MIL0319207,x@x.com,9999123456,9999123451,9999123452,1,1
MP00019871,MP00019871,2023-09-07,13:58:27,PL010,MIL0317099,x@x.com,9999123456,9999123451,9999123452,1,1
MP00019872,MP00019872,2023-09-07,13:58:27,PL001,MIL0363144,x@x.com,9999123456,9999123451,9999123452,1,1
MP00019873,MP00019873,2023-09-07,13:58:27,PL005,MIL0114038,x@x.com,9999123456,9999123451,9999123452,1,1
MP00019874,MP00019874,2023-09-07,13:58:27,PL012,MIL0013621,x@x.com,9999123456,9999123451,9999123452,1,1
MP00019875,MP00019875,2023-09-07,13:58:27,PL012,MIL0024020,x@x.com,9999123456,9999123451,9999123452,1,1
MP00019876,MP00019876,2023-09-07,13:58:27,PL001,MIL0334533,x@x.com,9999123456,9999123451,9999123452,1,1
MP00019877,MP00019877,2023-09-07,13:58:27,PL007,MIL0438407,x@x.com,9999123456,9999123451,9999123452,1,1
MP00019878,MP00019878,2023-09-07,13:58:27,PL006,MIL0520562,x@x.com,9999123456,9999123451,9999123452,1,1
MP00019879,MP00019879,2023-09-07,13:58:27,PL007,MIL0357287,x@x.com,9999123456,9999123451,9999123452,1,1
MP00019880,MP00019880,2023-09-07,13:58:27,PL001,MIL0172432,x@x.com,9999123456,9999123451,9999123452,1,1
MP00019881,MP00019881,2023-09-07,13:58:27,PL013,MIL0073274,x@x.com,9999123456,9999123451,9999123452,1,1
MP00019882,MP00019882,2023-09-07,13:58:27,PL011,MIL0091763,x@x.com,9999123456,9999123451,9999123452,1,1
MP00019883,MP00019883,2023-09-07,13:58:27,PL002,MIL0542668,x@x.com,9999123456,9999123451,9999123452,1,1
MP00019884,MP00019884,2023-09-07,13:58:27,PL011,MIL0355197,x@x.com,9999123456,9999123451,9999123452,1,1
MP00019885,MP00019885,2023-09-07,13:58:27,PL006,MIL0340650,x@x.com,9999123456,9999123451,9999123452,1,1
MP00019886,MP00019886,2023-09-07,13:58:27,PL006,MIL0228924,x@x.com,9999123456,9999123451,9999123452,1,1
MP00019887,MP00019887,2023-09-07,13:58:27,PL012,MIL0080239,x@x.com,9999123456,9999123451,9999123452,1,1
MP00019888,MP00019888,2023-09-07,13:58:27,PL012,MIL0012672,x@x.com,9999123456,9999123451,9999123452,1,1
MP00019889,MP00019889,2023-09-07,13:58:27,PL009,MIL0382666,x@x.com,9999123456,9999123451,9999123452,1,1
MP00019890,MP00019890,2023-09-07,13:58:27,PL008,MIL0084813,x@x.com,9999123456,9999123451,9999123452,1,1
MP00019891,MP00019891,2023-09-07,13:58:27,PL008,MIL0560002,x@x.com,9999123456,9999123451,9999123452,1,1
MP00019892,MP00019892,2023-09-07,13:58:27,PL006,MIL0567040,x@x.com,9999123456,9999123451,9999123452,1,1
MP00019893,MP00019893,2023-09-07,13:58:27,PL013,MIL0528993,x@x.com,9999123456,9999123451,9999123452,1,1
MP00019894,MP00019894,2023-09-07,13:58:27,PL005,MIL0342259,x@x.com,9999123456,9999123451,9999123452,1,1
MP00019895,MP00019895,2023-09-07,13:58:27,PL003,MIL0513539,x@x.com,9999123456,9999123451,9999123452,1,1
MP00019896,MP00019896,2023-09-07,13:58:27,PL007,MIL0107253,x@x.com,9999123456,9999123451,9999123452,1,1
MP00019897,MP00019897,2023-09-07,13:58:27,PL006,MIL0154688,x@x.com,9999123456,9999123451,9999123452,1,1
MP00019898,MP00019898,2023-09-07,13:58:27,PL003,MIL0198717,x@x.com,9999123456,9999123451,9999123452,1,1
MP00019899,MP00019899,2023-09-07,13:58:27,PL005,MIL0313335,x@x.com,9999123456,9999123451,9999123452,1,1
MP00019900,MP00019900,2023-09-07,13:58:27,PL001,MIL0352898,x@x.com,9999123456,9999123451,9999123452,1,1
MP00019901,MP00019901,2023-09-07,13:58:27,PL006,MIL0294176,x@x.com,9999123456,9999123451,9999123452,1,1
MP00019902,MP00019902,2023-09-07,13:58:27,PL010,MIL0054004,x@x.com,9999123456,9999123451,9999123452,1,1
MP00019903,MP00019903,2023-09-07,13:58:27,PL002,MIL0005372,x@x.com,9999123456,9999123451,9999123452,1,1
MP00019904,MP00019904,2023-09-07,13:58:27,PL005,MIL0552572,x@x.com,9999123456,9999123451,9999123452,1,1
MP00019905,MP00019905,2023-09-07,13:58:27,PL005,MIL0026297,x@x.com,9999123456,9999123451,9999123452,1,1
MP00019906,MP00019906,2023-09-07,13:58:27,PL004,MIL0482124,x@x.com,9999123456,9999123451,9999123452,1,1
MP00019907,MP00019907,2023-09-07,13:58:27,PL005,MIL0338922,x@x.com,9999123456,9999123451,9999123452,1,1
MP00019908,MP00019908,2023-09-07,13:58:27,PL013,MIL0258323,x@x.com,9999123456,9999123451,9999123452,1,1
MP00019909,MP00019909,2023-09-07,13:58:27,PL010,MIL0329573,x@x.com,9999123456,9999123451,9999123452,1,1
MP00019910,MP00019910,2023-09-07,13:58:27,PL012,MIL0256187,x@x.com,9999123456,9999123451,9999123452,1,1
MP00019911,MP00019911,2023-09-07,13:58:27,PL012,MIL0102710,x@x.com,9999123456,9999123451,9999123452,1,1
MP00019912,MP00019912,2023-09-07,13:58:27,PL005,MIL0358895,x@x.com,9999123456,9999123451,9999123452,1,1
MP00019913,MP00019913,2023-09-07,13:58:27,PL004,MIL0460850,x@x.com,9999123456,9999123451,9999123452,1,1
MP00019914,MP00019914,2023-09-07,13:58:27,PL006,MIL0254144,x@x.com,9999123456,9999123451,9999123452,1,1
MP00019915,MP00019915,2023-09-07,13:58:27,PL007,MIL0120037,x@x.com,9999123456,9999123451,9999123452,1,1
MP00019916,MP00019916,2023-09-07,13:58:27,PL005,MIL0161773,x@x.com,9999123456,9999123451,9999123452,1,1
MP00019917,MP00019917,2023-09-07,13:58:27,PL008,MIL0347737,x@x.com,9999123456,9999123451,9999123452,1,1
MP00019918,MP00019918,2023-09-07,13:58:27,PL013,MIL0370086,x@x.com,9999123456,9999123451,9999123452,1,1
MP00019919,MP00019919,2023-09-07,13:58:27,PL013,MIL0071400,x@x.com,9999123456,9999123451,9999123452,1,1
MP00019920,MP00019920,2023-09-07,13:58:27,PL013,MIL0462755,x@x.com,9999123456,9999123451,9999123452,1,1
MP00019921,MP00019921,2023-09-07,13:58:27,PL009,MIL0288047,x@x.com,9999123456,9999123451,9999123452,1,1
MP00019922,MP00019922,2023-09-07,13:58:27,PL002,MIL0208968,x@x.com,9999123456,9999123451,9999123452,1,1
MP00019923,MP00019923,2023-09-07,13:58:27,PL005,MIL0433293,x@x.com,9999123456,9999123451,9999123452,1,1
MP00019924,MP00019924,2023-09-07,13:58:27,PL002,MIL0412208,x@x.com,9999123456,9999123451,9999123452,1,1
MP00019925,MP00019925,2023-09-07,13:58:27,PL007,MIL0020471,x@x.com,9999123456,9999123451,9999123452,1,1
MP00019926,MP00019926,2023-09-07,13:58:27,PL006,MIL0182345,x@x.com,9999123456,9999123451,9999123452,1,1
MP00019927,MP00019927,2023-09-07,13:58:27,PL003,MIL0304401,x@x.com,9999123456,9999123451,9999123452,1,1
MP00019928,MP00019928,2023-09-07,13:58:27,PL013,MIL0475687,x@x.com,9999123456,9999123451,9999123452,1,1
MP00019929,MP00019929,2023-09-07,13:58:27,PL009,MIL0308408,x@x.com,9999123456,9999123451,9999123452,1,1
MP00019930,MP00019930,2023-09-07,13:58:27,PL003,MIL0530344,x@x.com,9999123456,9999123451,9999123452,1,1
MP00019931,MP00019931,2023-09-07,13:58:27,PL005,MIL0519224,x@x.com,9999123456,9999123451,9999123452,1,1
MP00019932,MP00019932,2023-09-07,13:58:27,PL005,MIL0097373,x@x.com,9999123456,9999123451,9999123452,1,1
MP00019933,MP00019933,2023-09-07,13:58:27,PL013,MIL0322874,x@x.com,9999123456,9999123451,9999123452,1,1
MP00019934,MP00019934,2023-09-07,13:58:27,PL010,MIL0307862,x@x.com,9999123456,9999123451,9999123452,1,1
MP00019935,MP00019935,2023-09-07,13:58:27,PL013,MIL0467381,x@x.com,9999123456,9999123451,9999123452,1,1
MP00019936,MP00019936,2023-09-07,13:58:27,PL006,MIL0302054,x@x.com,9999123456,9999123451,9999123452,1,1
MP00019937,MP00019937,2023-09-07,13:58:27,PL009,MIL0272034,x@x.com,9999123456,9999123451,9999123452,1,1
MP00019938,MP00019938,2023-09-07,13:58:27,PL007,MIL0009898,x@x.com,9999123456,9999123451,9999123452,1,1
MP00019939,MP00019939,2023-09-07,13:58:27,PL012,MIL0103469,x@x.com,9999123456,9999123451,9999123452,1,1
MP00019940,MP00019940,2023-09-07,13:58:27,PL008,MIL0394870,x@x.com,9999123456,9999123451,9999123452,1,1
MP00019941,MP00019941,2023-09-07,13:58:27,PL005,MIL0385431,x@x.com,9999123456,9999123451,9999123452,1,1
MP00019942,MP00019942,2023-09-07,13:58:27,PL004,MIL0220025,x@x.com,9999123456,9999123451,9999123452,1,1
MP00019943,MP00019943,2023-09-07,13:58:27,PL009,MIL0144222,x@x.com,9999123456,9999123451,9999123452,1,1
MP00019944,MP00019944,2023-09-07,13:58:27,PL003,MIL0393784,x@x.com,9999123456,9999123451,9999123452,1,1
MP00019945,MP00019945,2023-09-07,13:58:27,PL001,MIL0414244,x@x.com,9999123456,9999123451,9999123452,1,1
MP00019946,MP00019946,2023-09-07,13:58:27,PL005,MIL0236087,x@x.com,9999123456,9999123451,9999123452,1,1
MP00019947,MP00019947,2023-09-07,13:58:27,PL003,MIL0094727,x@x.com,9999123456,9999123451,9999123452,1,1
MP00019948,MP00019948,2023-09-07,13:58:27,PL007,MIL0438729,x@x.com,9999123456,9999123451,9999123452,1,1
MP00019949,MP00019949,2023-09-07,13:58:27,PL006,MIL0453407,x@x.com,9999123456,9999123451,9999123452,1,1
MP00019950,MP00019950,2023-09-07,13:58:27,PL005,MIL0216811,x@x.com,9999123456,9999123451,9999123452,1,1
MP00019951,MP00019951,2023-09-07,13:58:27,PL007,MIL0256525,x@x.com,9999123456,9999123451,9999123452,1,1
MP00019952,MP00019952,2023-09-07,13:58:27,PL001,MIL0138842,x@x.com,9999123456,9999123451,9999123452,1,1
MP00019953,MP00019953,2023-09-07,13:58:27,PL004,MIL0163709,x@x.com,9999123456,9999123451,9999123452,1,1
MP00019954,MP00019954,2023-09-07,13:58:27,PL002,MIL0007226,x@x.com,9999123456,9999123451,9999123452,1,1
MP00019955,MP00019955,2023-09-07,13:58:27,PL011,MIL0005473,x@x.com,9999123456,9999123451,9999123452,1,1
MP00019956,MP00019956,2023-09-07,13:58:27,PL006,MIL0397650,x@x.com,9999123456,9999123451,9999123452,1,1
MP00019957,MP00019957,2023-09-07,13:58:27,PL003,MIL0455854,x@x.com,9999123456,9999123451,9999123452,1,1
MP00019958,MP00019958,2023-09-07,13:58:27,PL012,MIL0038591,x@x.com,9999123456,9999123451,9999123452,1,1
MP00019959,MP00019959,2023-09-07,13:58:27,PL001,MIL0354440,x@x.com,9999123456,9999123451,9999123452,1,1
MP00019960,MP00019960,2023-09-07,13:58:27,PL004,MIL0168144,x@x.com,9999123456,9999123451,9999123452,1,1
MP00019961,MP00019961,2023-09-07,13:58:27,PL005,MIL0165975,x@x.com,9999123456,9999123451,9999123452,1,1
MP00019962,MP00019962,2023-09-07,13:58:27,PL001,MIL0382361,x@x.com,9999123456,9999123451,9999123452,1,1
MP00019963,MP00019963,2023-09-07,13:58:27,PL005,MIL0390832,x@x.com,9999123456,9999123451,9999123452,1,1
MP00019964,MP00019964,2023-09-07,13:58:27,PL012,MIL0540502,x@x.com,9999123456,9999123451,9999123452,1,1
MP00019965,MP00019965,2023-09-07,13:58:27,PL009,MIL0332066,x@x.com,9999123456,9999123451,9999123452,1,1
MP00019966,MP00019966,2023-09-07,13:58:27,PL005,MIL0410459,x@x.com,9999123456,9999123451,9999123452,1,1
MP00019967,MP00019967,2023-09-07,13:58:27,PL006,MIL0577641,x@x.com,9999123456,9999123451,9999123452,1,1
MP00019968,MP00019968,2023-09-07,13:58:27,PL009,MIL0256393,x@x.com,9999123456,9999123451,9999123452,1,1
MP00019969,MP00019969,2023-09-07,13:58:27,PL006,MIL0245657,x@x.com,9999123456,9999123451,9999123452,1,1
MP00019970,MP00019970,2023-09-07,13:58:27,PL008,MIL0562054,x@x.com,9999123456,9999123451,9999123452,1,1
MP00019971,MP00019971,2023-09-07,13:58:27,PL001,MIL0284018,x@x.com,9999123456,9999123451,9999123452,1,1
MP00019972,MP00019972,2023-09-07,13:58:27,PL012,MIL0099833,x@x.com,9999123456,9999123451,9999123452,1,1
MP00019973,MP00019973,2023-09-07,13:58:27,PL004,MIL0410899,x@x.com,9999123456,9999123451,9999123452,1,1
MP00019974,MP00019974,2023-09-07,13:58:27,PL006,MIL0241627,x@x.com,9999123456,9999123451,9999123452,1,1
MP00019975,MP00019975,2023-09-07,13:58:27,PL002,MIL0025621,x@x.com,9999123456,9999123451,9999123452,1,1
MP00019976,MP00019976,2023-09-07,13:58:27,PL003,MIL0141621,x@x.com,9999123456,9999123451,9999123452,1,1
MP00019977,MP00019977,2023-09-07,13:58:27,PL013,MIL0058333,x@x.com,9999123456,9999123451,9999123452,1,1
MP00019978,MP00019978,2023-09-07,13:58:27,PL012,MIL0343460,x@x.com,9999123456,9999123451,9999123452,1,1
MP00019979,MP00019979,2023-09-07,13:58:27,PL003,MIL0460256,x@x.com,9999123456,9999123451,9999123452,1,1
MP00019980,MP00019980,2023-09-07,13:58:27,PL005,MIL0419967,x@x.com,9999123456,9999123451,9999123452,1,1
