clave,folio,fecha,hora,clave_partido_legado,clave_ciudadano,correo_electronico,whatsapp,telefono,celular,obseravaciones,status
clave,folio,fecha,hora,clave_partido_legado,clave_ciudadano,correo_electronico,whatsapp,telefono,celular,obseravaciones,status
MP00002998,MP00002998,2023-09-07,13:58:27,PL012,MIL0180794,x@x.com,9999123456,9999123451,9999123452,1,1
MP00002999,MP00002999,2023-09-07,13:58:27,PL004,MIL0219573,x@x.com,9999123456,9999123451,9999123452,1,1
MP00003000,MP00003000,2023-09-07,13:58:27,PL011,MIL0176447,x@x.com,9999123456,9999123451,9999123452,1,1
MP00003001,MP00003001,2023-09-07,13:58:27,PL004,MIL0531951,x@x.com,9999123456,9999123451,9999123452,1,1
MP00003002,MP00003002,2023-09-07,13:58:27,PL013,MIL0257336,x@x.com,9999123456,9999123451,9999123452,1,1
MP00003003,MP00003003,2023-09-07,13:58:27,PL012,MIL0414025,x@x.com,9999123456,9999123451,9999123452,1,1
MP00003004,MP00003004,2023-09-07,13:58:27,PL006,MIL0178240,x@x.com,9999123456,9999123451,9999123452,1,1
MP00003005,MP00003005,2023-09-07,13:58:27,PL013,MIL0542529,x@x.com,9999123456,9999123451,9999123452,1,1
MP00003006,MP00003006,2023-09-07,13:58:27,PL003,MIL0484369,x@x.com,9999123456,9999123451,9999123452,1,1
MP00003007,MP00003007,2023-09-07,13:58:27,PL009,MIL0162342,x@x.com,9999123456,9999123451,9999123452,1,1
MP00003008,MP00003008,2023-09-07,13:58:27,PL006,MIL0326698,x@x.com,9999123456,9999123451,9999123452,1,1
MP00003009,MP00003009,2023-09-07,13:58:27,PL005,MIL0043189,x@x.com,9999123456,9999123451,9999123452,1,1
MP00003010,MP00003010,2023-09-07,13:58:27,PL007,MIL0134389,x@x.com,9999123456,9999123451,9999123452,1,1
MP00003011,MP00003011,2023-09-07,13:58:27,PL003,MIL0361092,x@x.com,9999123456,9999123451,9999123452,1,1
MP00003012,MP00003012,2023-09-07,13:58:27,PL013,MIL0315564,x@x.com,9999123456,9999123451,9999123452,1,1
MP00003013,MP00003013,2023-09-07,13:58:27,PL008,MIL0495421,x@x.com,9999123456,9999123451,9999123452,1,1
MP00003014,MP00003014,2023-09-07,13:58:27,PL001,MIL0243712,x@x.com,9999123456,9999123451,9999123452,1,1
MP00003015,MP00003015,2023-09-07,13:58:27,PL004,MIL0368463,x@x.com,9999123456,9999123451,9999123452,1,1
MP00003016,MP00003016,2023-09-07,13:58:27,PL006,MIL0347340,x@x.com,9999123456,9999123451,9999123452,1,1
MP00003017,MP00003017,2023-09-07,13:58:27,PL013,MIL0308893,x@x.com,9999123456,9999123451,9999123452,1,1
MP00003018,MP00003018,2023-09-07,13:58:27,PL002,MIL0075126,x@x.com,9999123456,9999123451,9999123452,1,1
MP00003019,MP00003019,2023-09-07,13:58:27,PL008,MIL0349005,x@x.com,9999123456,9999123451,9999123452,1,1
MP00003020,MP00003020,2023-09-07,13:58:27,PL007,MIL0566892,x@x.com,9999123456,9999123451,9999123452,1,1
MP00003021,MP00003021,2023-09-07,13:58:27,PL011,MIL0233399,x@x.com,9999123456,9999123451,9999123452,1,1
MP00003022,MP00003022,2023-09-07,13:58:27,PL013,MIL0097119,x@x.com,9999123456,9999123451,9999123452,1,1
MP00003023,MP00003023,2023-09-07,13:58:27,PL008,MIL0572848,x@x.com,9999123456,9999123451,9999123452,1,1
MP00003024,MP00003024,2023-09-07,13:58:27,PL003,MIL0172223,x@x.com,9999123456,9999123451,9999123452,1,1
MP00003025,MP00003025,2023-09-07,13:58:27,PL004,MIL0445000,x@x.com,9999123456,9999123451,9999123452,1,1
MP00003026,MP00003026,2023-09-07,13:58:27,PL013,MIL0498105,x@x.com,9999123456,9999123451,9999123452,1,1
MP00003027,MP00003027,2023-09-07,13:58:27,PL013,MIL0525077,x@x.com,9999123456,9999123451,9999123452,1,1
MP00003028,MP00003028,2023-09-07,13:58:27,PL007,MIL0487577,x@x.com,9999123456,9999123451,9999123452,1,1
MP00003029,MP00003029,2023-09-07,13:58:27,PL011,MIL0380281,x@x.com,9999123456,9999123451,9999123452,1,1
MP00003030,MP00003030,2023-09-07,13:58:27,PL007,MIL0033596,x@x.com,9999123456,9999123451,9999123452,1,1
MP00003031,MP00003031,2023-09-07,13:58:27,PL003,MIL0297558,x@x.com,9999123456,9999123451,9999123452,1,1
MP00003032,MP00003032,2023-09-07,13:58:27,PL006,MIL0186026,x@x.com,9999123456,9999123451,9999123452,1,1
MP00003033,MP00003033,2023-09-07,13:58:27,PL002,MIL0150931,x@x.com,9999123456,9999123451,9999123452,1,1
MP00003034,MP00003034,2023-09-07,13:58:27,PL008,MIL0545303,x@x.com,9999123456,9999123451,9999123452,1,1
MP00003035,MP00003035,2023-09-07,13:58:27,PL011,MIL0153878,x@x.com,9999123456,9999123451,9999123452,1,1
MP00003036,MP00003036,2023-09-07,13:58:27,PL012,MIL0245984,x@x.com,9999123456,9999123451,9999123452,1,1
MP00003037,MP00003037,2023-09-07,13:58:27,PL010,MIL0151411,x@x.com,9999123456,9999123451,9999123452,1,1
MP00003038,MP00003038,2023-09-07,13:58:27,PL012,MIL0565363,x@x.com,9999123456,9999123451,9999123452,1,1
MP00003039,MP00003039,2023-09-07,13:58:27,PL001,MIL0045468,x@x.com,9999123456,9999123451,9999123452,1,1
MP00003040,MP00003040,2023-09-07,13:58:27,PL001,MIL0208310,x@x.com,9999123456,9999123451,9999123452,1,1
MP00003041,MP00003041,2023-09-07,13:58:27,PL005,MIL0150187,x@x.com,9999123456,9999123451,9999123452,1,1
MP00003042,MP00003042,2023-09-07,13:58:27,PL009,MIL0351371,x@x.com,9999123456,9999123451,9999123452,1,1
MP00003043,MP00003043,2023-09-07,13:58:27,PL001,MIL0274564,x@x.com,9999123456,9999123451,9999123452,1,1
MP00003044,MP00003044,2023-09-07,13:58:27,PL003,MIL0540963,x@x.com,9999123456,9999123451,9999123452,1,1
MP00003045,MP00003045,2023-09-07,13:58:27,PL008,MIL0003424,x@x.com,9999123456,9999123451,9999123452,1,1
MP00003046,MP00003046,2023-09-07,13:58:27,PL002,MIL0313181,x@x.com,9999123456,9999123451,9999123452,1,1
MP00003047,MP00003047,2023-09-07,13:58:27,PL004,MIL0103360,x@x.com,9999123456,9999123451,9999123452,1,1
MP00003048,MP00003048,2023-09-07,13:58:27,PL012,MIL0200111,x@x.com,9999123456,9999123451,9999123452,1,1
MP00003049,MP00003049,2023-09-07,13:58:27,PL001,MIL0445874,x@x.com,9999123456,9999123451,9999123452,1,1
MP00003050,MP00003050,2023-09-07,13:58:27,PL005,MIL0575804,x@x.com,9999123456,9999123451,9999123452,1,1
MP00003051,MP00003051,2023-09-07,13:58:27,PL008,MIL0500659,x@x.com,9999123456,9999123451,9999123452,1,1
MP00003052,MP00003052,2023-09-07,13:58:27,PL011,MIL0355955,x@x.com,9999123456,9999123451,9999123452,1,1
MP00003053,MP00003053,2023-09-07,13:58:27,PL010,MIL0332142,x@x.com,9999123456,9999123451,9999123452,1,1
MP00003054,MP00003054,2023-09-07,13:58:27,PL010,MIL0302941,x@x.com,9999123456,9999123451,9999123452,1,1
MP00003055,MP00003055,2023-09-07,13:58:27,PL009,MIL0422679,x@x.com,9999123456,9999123451,9999123452,1,1
MP00003056,MP00003056,2023-09-07,13:58:27,PL011,MIL0156313,x@x.com,9999123456,9999123451,9999123452,1,1
MP00003057,MP00003057,2023-09-07,13:58:27,PL013,MIL0429913,x@x.com,9999123456,9999123451,9999123452,1,1
MP00003058,MP00003058,2023-09-07,13:58:27,PL006,MIL0539573,x@x.com,9999123456,9999123451,9999123452,1,1
MP00003059,MP00003059,2023-09-07,13:58:27,PL004,MIL0042922,x@x.com,9999123456,9999123451,9999123452,1,1
MP00003060,MP00003060,2023-09-07,13:58:27,PL007,MIL0316627,x@x.com,9999123456,9999123451,9999123452,1,1
MP00003061,MP00003061,2023-09-07,13:58:27,PL002,MIL0447551,x@x.com,9999123456,9999123451,9999123452,1,1
MP00003062,MP00003062,2023-09-07,13:58:27,PL011,MIL0383739,x@x.com,9999123456,9999123451,9999123452,1,1
MP00003063,MP00003063,2023-09-07,13:58:27,PL010,MIL0217142,x@x.com,9999123456,9999123451,9999123452,1,1
MP00003064,MP00003064,2023-09-07,13:58:27,PL003,MIL0056529,x@x.com,9999123456,9999123451,9999123452,1,1
MP00003065,MP00003065,2023-09-07,13:58:27,PL013,MIL0073511,x@x.com,9999123456,9999123451,9999123452,1,1
MP00003066,MP00003066,2023-09-07,13:58:27,PL006,MIL0108244,x@x.com,9999123456,9999123451,9999123452,1,1
MP00003067,MP00003067,2023-09-07,13:58:27,PL011,MIL0579467,x@x.com,9999123456,9999123451,9999123452,1,1
MP00003068,MP00003068,2023-09-07,13:58:27,PL003,MIL0080589,x@x.com,9999123456,9999123451,9999123452,1,1
MP00003069,MP00003069,2023-09-07,13:58:27,PL009,MIL0462355,x@x.com,9999123456,9999123451,9999123452,1,1
MP00003070,MP00003070,2023-09-07,13:58:27,PL009,MIL0529466,x@x.com,9999123456,9999123451,9999123452,1,1
MP00003071,MP00003071,2023-09-07,13:58:27,PL001,MIL0113145,x@x.com,9999123456,9999123451,9999123452,1,1
MP00003072,MP00003072,2023-09-07,13:58:27,PL007,MIL0431108,x@x.com,9999123456,9999123451,9999123452,1,1
MP00003073,MP00003073,2023-09-07,13:58:27,PL013,MIL0059342,x@x.com,9999123456,9999123451,9999123452,1,1
MP00003074,MP00003074,2023-09-07,13:58:27,PL013,MIL0496604,x@x.com,9999123456,9999123451,9999123452,1,1
MP00003075,MP00003075,2023-09-07,13:58:27,PL002,MIL0286248,x@x.com,9999123456,9999123451,9999123452,1,1
MP00003076,MP00003076,2023-09-07,13:58:27,PL012,MIL0166049,x@x.com,9999123456,9999123451,9999123452,1,1
MP00003077,MP00003077,2023-09-07,13:58:27,PL012,MIL0486119,x@x.com,9999123456,9999123451,9999123452,1,1
MP00003078,MP00003078,2023-09-07,13:58:27,PL001,MIL0461860,x@x.com,9999123456,9999123451,9999123452,1,1
MP00003079,MP00003079,2023-09-07,13:58:27,PL007,MIL0548542,x@x.com,9999123456,9999123451,9999123452,1,1
MP00003080,MP00003080,2023-09-07,13:58:27,PL012,MIL0491828,x@x.com,9999123456,9999123451,9999123452,1,1
MP00003081,MP00003081,2023-09-07,13:58:27,PL011,MIL0047200,x@x.com,9999123456,9999123451,9999123452,1,1
MP00003082,MP00003082,2023-09-07,13:58:27,PL012,MIL0458725,x@x.com,9999123456,9999123451,9999123452,1,1
MP00003083,MP00003083,2023-09-07,13:58:27,PL007,MIL0159563,x@x.com,9999123456,9999123451,9999123452,1,1
MP00003084,MP00003084,2023-09-07,13:58:27,PL002,MIL0535948,x@x.com,9999123456,9999123451,9999123452,1,1
MP00003085,MP00003085,2023-09-07,13:58:27,PL001,MIL0428330,x@x.com,9999123456,9999123451,9999123452,1,1
MP00003086,MP00003086,2023-09-07,13:58:27,PL007,MIL0041838,x@x.com,9999123456,9999123451,9999123452,1,1
MP00003087,MP00003087,2023-09-07,13:58:27,PL013,MIL0488542,x@x.com,9999123456,9999123451,9999123452,1,1
MP00003088,MP00003088,2023-09-07,13:58:27,PL003,MIL0486869,x@x.com,9999123456,9999123451,9999123452,1,1
MP00003089,MP00003089,2023-09-07,13:58:27,PL006,MIL0507164,x@x.com,9999123456,9999123451,9999123452,1,1
MP00003090,MP00003090,2023-09-07,13:58:27,PL012,MIL0458028,x@x.com,9999123456,9999123451,9999123452,1,1
MP00003091,MP00003091,2023-09-07,13:58:27,PL006,MIL0398727,x@x.com,9999123456,9999123451,9999123452,1,1
MP00003092,MP00003092,2023-09-07,13:58:27,PL005,MIL0245449,x@x.com,9999123456,9999123451,9999123452,1,1
MP00003093,MP00003093,2023-09-07,13:58:27,PL008,MIL0391625,x@x.com,9999123456,9999123451,9999123452,1,1
MP00003094,MP00003094,2023-09-07,13:58:27,PL012,MIL0222749,x@x.com,9999123456,9999123451,9999123452,1,1
MP00003095,MP00003095,2023-09-07,13:58:27,PL007,MIL0309850,x@x.com,9999123456,9999123451,9999123452,1,1
MP00003096,MP00003096,2023-09-07,13:58:27,PL005,MIL0358520,x@x.com,9999123456,9999123451,9999123452,1,1
MP00003097,MP00003097,2023-09-07,13:58:27,PL002,MIL0308483,x@x.com,9999123456,9999123451,9999123452,1,1
MP00003098,MP00003098,2023-09-07,13:58:27,PL002,MIL0082154,x@x.com,9999123456,9999123451,9999123452,1,1
MP00003099,MP00003099,2023-09-07,13:58:27,PL008,MIL0392173,x@x.com,9999123456,9999123451,9999123452,1,1
MP00003100,MP00003100,2023-09-07,13:58:27,PL006,MIL0046496,x@x.com,9999123456,9999123451,9999123452,1,1
MP00003101,MP00003101,2023-09-07,13:58:27,PL007,MIL0349926,x@x.com,9999123456,9999123451,9999123452,1,1
MP00003102,MP00003102,2023-09-07,13:58:27,PL007,MIL0343473,x@x.com,9999123456,9999123451,9999123452,1,1
MP00003103,MP00003103,2023-09-07,13:58:27,PL011,MIL0570034,x@x.com,9999123456,9999123451,9999123452,1,1
MP00003104,MP00003104,2023-09-07,13:58:27,PL005,MIL0249760,x@x.com,9999123456,9999123451,9999123452,1,1
MP00003105,MP00003105,2023-09-07,13:58:27,PL001,MIL0210371,x@x.com,9999123456,9999123451,9999123452,1,1
MP00003106,MP00003106,2023-09-07,13:58:27,PL011,MIL0129001,x@x.com,9999123456,9999123451,9999123452,1,1
MP00003107,MP00003107,2023-09-07,13:58:27,PL006,MIL0093964,x@x.com,9999123456,9999123451,9999123452,1,1
MP00003108,MP00003108,2023-09-07,13:58:27,PL006,MIL0088490,x@x.com,9999123456,9999123451,9999123452,1,1
MP00003109,MP00003109,2023-09-07,13:58:27,PL009,MIL0039697,x@x.com,9999123456,9999123451,9999123452,1,1
MP00003110,MP00003110,2023-09-07,13:58:27,PL007,MIL0309337,x@x.com,9999123456,9999123451,9999123452,1,1
MP00003111,MP00003111,2023-09-07,13:58:27,PL002,MIL0246545,x@x.com,9999123456,9999123451,9999123452,1,1
MP00003112,MP00003112,2023-09-07,13:58:27,PL004,MIL0563458,x@x.com,9999123456,9999123451,9999123452,1,1
MP00003113,MP00003113,2023-09-07,13:58:27,PL003,MIL0030853,x@x.com,9999123456,9999123451,9999123452,1,1
MP00003114,MP00003114,2023-09-07,13:58:27,PL012,MIL0322103,x@x.com,9999123456,9999123451,9999123452,1,1
MP00003115,MP00003115,2023-09-07,13:58:27,PL007,MIL0270927,x@x.com,9999123456,9999123451,9999123452,1,1
MP00003116,MP00003116,2023-09-07,13:58:27,PL001,MIL0308960,x@x.com,9999123456,9999123451,9999123452,1,1
MP00003117,MP00003117,2023-09-07,13:58:27,PL007,MIL0414712,x@x.com,9999123456,9999123451,9999123452,1,1
MP00003118,MP00003118,2023-09-07,13:58:27,PL008,MIL0144771,x@x.com,9999123456,9999123451,9999123452,1,1
MP00003119,MP00003119,2023-09-07,13:58:27,PL001,MIL0402018,x@x.com,9999123456,9999123451,9999123452,1,1
MP00003120,MP00003120,2023-09-07,13:58:27,PL005,MIL0434870,x@x.com,9999123456,9999123451,9999123452,1,1
MP00003121,MP00003121,2023-09-07,13:58:27,PL001,MIL0077251,x@x.com,9999123456,9999123451,9999123452,1,1
MP00003122,MP00003122,2023-09-07,13:58:27,PL005,MIL0369579,x@x.com,9999123456,9999123451,9999123452,1,1
MP00003123,MP00003123,2023-09-07,13:58:27,PL007,MIL0001428,x@x.com,9999123456,9999123451,9999123452,1,1
MP00003124,MP00003124,2023-09-07,13:58:27,PL010,MIL0035930,x@x.com,9999123456,9999123451,9999123452,1,1
MP00003125,MP00003125,2023-09-07,13:58:27,PL004,MIL0071299,x@x.com,9999123456,9999123451,9999123452,1,1
MP00003126,MP00003126,2023-09-07,13:58:27,PL009,MIL0410192,x@x.com,9999123456,9999123451,9999123452,1,1
MP00003127,MP00003127,2023-09-07,13:58:27,PL013,MIL0410133,x@x.com,9999123456,9999123451,9999123452,1,1
MP00003128,MP00003128,2023-09-07,13:58:27,PL005,MIL0052331,x@x.com,9999123456,9999123451,9999123452,1,1
MP00003129,MP00003129,2023-09-07,13:58:27,PL005,MIL0172285,x@x.com,9999123456,9999123451,9999123452,1,1
MP00003130,MP00003130,2023-09-07,13:58:27,PL008,MIL0234241,x@x.com,9999123456,9999123451,9999123452,1,1
MP00003131,MP00003131,2023-09-07,13:58:27,PL010,MIL0175305,x@x.com,9999123456,9999123451,9999123452,1,1
MP00003132,MP00003132,2023-09-07,13:58:27,PL013,MIL0113322,x@x.com,9999123456,9999123451,9999123452,1,1
MP00003133,MP00003133,2023-09-07,13:58:27,PL013,MIL0555610,x@x.com,9999123456,9999123451,9999123452,1,1
MP00003134,MP00003134,2023-09-07,13:58:27,PL002,MIL0335197,x@x.com,9999123456,9999123451,9999123452,1,1
MP00003135,MP00003135,2023-09-07,13:58:27,PL003,MIL0373998,x@x.com,9999123456,9999123451,9999123452,1,1
MP00003136,MP00003136,2023-09-07,13:58:27,PL003,MIL0495943,x@x.com,9999123456,9999123451,9999123452,1,1
MP00003137,MP00003137,2023-09-07,13:58:27,PL001,MIL0234987,x@x.com,9999123456,9999123451,9999123452,1,1
MP00003138,MP00003138,2023-09-07,13:58:27,PL008,MIL0157648,x@x.com,9999123456,9999123451,9999123452,1,1
MP00003139,MP00003139,2023-09-07,13:58:27,PL004,MIL0470608,x@x.com,9999123456,9999123451,9999123452,1,1
MP00003140,MP00003140,2023-09-07,13:58:27,PL005,MIL0574955,x@x.com,9999123456,9999123451,9999123452,1,1
MP00003141,MP00003141,2023-09-07,13:58:27,PL012,MIL0382413,x@x.com,9999123456,9999123451,9999123452,1,1
MP00003142,MP00003142,2023-09-07,13:58:27,PL012,MIL0140167,x@x.com,9999123456,9999123451,9999123452,1,1
MP00003143,MP00003143,2023-09-07,13:58:27,PL011,MIL0278420,x@x.com,9999123456,9999123451,9999123452,1,1
MP00003144,MP00003144,2023-09-07,13:58:27,PL001,MIL0191360,x@x.com,9999123456,9999123451,9999123452,1,1
MP00003145,MP00003145,2023-09-07,13:58:27,PL012,MIL0135435,x@x.com,9999123456,9999123451,9999123452,1,1
MP00003146,MP00003146,2023-09-07,13:58:27,PL013,MIL0232996,x@x.com,9999123456,9999123451,9999123452,1,1
MP00003147,MP00003147,2023-09-07,13:58:27,PL003,MIL0093383,x@x.com,9999123456,9999123451,9999123452,1,1
MP00003148,MP00003148,2023-09-07,13:58:27,PL012,MIL0356277,x@x.com,9999123456,9999123451,9999123452,1,1
MP00003149,MP00003149,2023-09-07,13:58:27,PL010,MIL0010628,x@x.com,9999123456,9999123451,9999123452,1,1
MP00003150,MP00003150,2023-09-07,13:58:27,PL006,MIL0028299,x@x.com,9999123456,9999123451,9999123452,1,1
MP00003151,MP00003151,2023-09-07,13:58:27,PL008,MIL0011009,x@x.com,9999123456,9999123451,9999123452,1,1
MP00003152,MP00003152,2023-09-07,13:58:27,PL004,MIL0170291,x@x.com,9999123456,9999123451,9999123452,1,1
MP00003153,MP00003153,2023-09-07,13:58:27,PL011,MIL0465727,x@x.com,9999123456,9999123451,9999123452,1,1
MP00003154,MP00003154,2023-09-07,13:58:27,PL013,MIL0433177,x@x.com,9999123456,9999123451,9999123452,1,1
MP00003155,MP00003155,2023-09-07,13:58:27,PL001,MIL0240294,x@x.com,9999123456,9999123451,9999123452,1,1
MP00003156,MP00003156,2023-09-07,13:58:27,PL013,MIL0482443,x@x.com,9999123456,9999123451,9999123452,1,1
MP00003157,MP00003157,2023-09-07,13:58:27,PL013,MIL0158111,x@x.com,9999123456,9999123451,9999123452,1,1
MP00003158,MP00003158,2023-09-07,13:58:27,PL007,MIL0235769,x@x.com,9999123456,9999123451,9999123452,1,1
MP00003159,MP00003159,2023-09-07,13:58:27,PL012,MIL0280110,x@x.com,9999123456,9999123451,9999123452,1,1
MP00003160,MP00003160,2023-09-07,13:58:27,PL005,MIL0254511,x@x.com,9999123456,9999123451,9999123452,1,1
MP00003161,MP00003161,2023-09-07,13:58:27,PL002,MIL0260865,x@x.com,9999123456,9999123451,9999123452,1,1
MP00003162,MP00003162,2023-09-07,13:58:27,PL008,MIL0360981,x@x.com,9999123456,9999123451,9999123452,1,1
MP00003163,MP00003163,2023-09-07,13:58:27,PL011,MIL0160428,x@x.com,9999123456,9999123451,9999123452,1,1
MP00003164,MP00003164,2023-09-07,13:58:27,PL008,MIL0011822,x@x.com,9999123456,9999123451,9999123452,1,1
MP00003165,MP00003165,2023-09-07,13:58:27,PL005,MIL0482969,x@x.com,9999123456,9999123451,9999123452,1,1
MP00003166,MP00003166,2023-09-07,13:58:27,PL001,MIL0248230,x@x.com,9999123456,9999123451,9999123452,1,1
MP00003167,MP00003167,2023-09-07,13:58:27,PL001,MIL0186373,x@x.com,9999123456,9999123451,9999123452,1,1
MP00003168,MP00003168,2023-09-07,13:58:27,PL003,MIL0480573,x@x.com,9999123456,9999123451,9999123452,1,1
MP00003169,MP00003169,2023-09-07,13:58:27,PL013,MIL0552900,x@x.com,9999123456,9999123451,9999123452,1,1
MP00003170,MP00003170,2023-09-07,13:58:27,PL009,MIL0023799,x@x.com,9999123456,9999123451,9999123452,1,1
MP00003171,MP00003171,2023-09-07,13:58:27,PL013,MIL0495041,x@x.com,9999123456,9999123451,9999123452,1,1
MP00003172,MP00003172,2023-09-07,13:58:27,PL011,MIL0498684,x@x.com,9999123456,9999123451,9999123452,1,1
MP00003173,MP00003173,2023-09-07,13:58:27,PL012,MIL0253810,x@x.com,9999123456,9999123451,9999123452,1,1
MP00003174,MP00003174,2023-09-07,13:58:27,PL003,MIL0340720,x@x.com,9999123456,9999123451,9999123452,1,1
MP00003175,MP00003175,2023-09-07,13:58:27,PL006,MIL0227471,x@x.com,9999123456,9999123451,9999123452,1,1
MP00003176,MP00003176,2023-09-07,13:58:27,PL008,MIL0295248,x@x.com,9999123456,9999123451,9999123452,1,1
MP00003177,MP00003177,2023-09-07,13:58:27,PL009,MIL0461279,x@x.com,9999123456,9999123451,9999123452,1,1
MP00003178,MP00003178,2023-09-07,13:58:27,PL003,MIL0198356,x@x.com,9999123456,9999123451,9999123452,1,1
MP00003179,MP00003179,2023-09-07,13:58:27,PL012,MIL0096450,x@x.com,9999123456,9999123451,9999123452,1,1
MP00003180,MP00003180,2023-09-07,13:58:27,PL006,MIL0484611,x@x.com,9999123456,9999123451,9999123452,1,1
MP00003181,MP00003181,2023-09-07,13:58:27,PL010,MIL0463084,x@x.com,9999123456,9999123451,9999123452,1,1
MP00003182,MP00003182,2023-09-07,13:58:27,PL012,MIL0535301,x@x.com,9999123456,9999123451,9999123452,1,1
MP00003183,MP00003183,2023-09-07,13:58:27,PL006,MIL0358230,x@x.com,9999123456,9999123451,9999123452,1,1
MP00003184,MP00003184,2023-09-07,13:58:27,PL008,MIL0293244,x@x.com,9999123456,9999123451,9999123452,1,1
MP00003185,MP00003185,2023-09-07,13:58:27,PL002,MIL0517984,x@x.com,9999123456,9999123451,9999123452,1,1
MP00003186,MP00003186,2023-09-07,13:58:27,PL001,MIL0148655,x@x.com,9999123456,9999123451,9999123452,1,1
MP00003187,MP00003187,2023-09-07,13:58:27,PL003,MIL0536011,x@x.com,9999123456,9999123451,9999123452,1,1
MP00003188,MP00003188,2023-09-07,13:58:27,PL001,MIL0110978,x@x.com,9999123456,9999123451,9999123452,1,1
MP00003189,MP00003189,2023-09-07,13:58:27,PL012,MIL0125039,x@x.com,9999123456,9999123451,9999123452,1,1
MP00003190,MP00003190,2023-09-07,13:58:27,PL013,MIL0565298,x@x.com,9999123456,9999123451,9999123452,1,1
MP00003191,MP00003191,2023-09-07,13:58:27,PL005,MIL0050343,x@x.com,9999123456,9999123451,9999123452,1,1
MP00003192,MP00003192,2023-09-07,13:58:27,PL010,MIL0539504,x@x.com,9999123456,9999123451,9999123452,1,1
MP00003193,MP00003193,2023-09-07,13:58:27,PL011,MIL0572522,x@x.com,9999123456,9999123451,9999123452,1,1
MP00003194,MP00003194,2023-09-07,13:58:27,PL005,MIL0247301,x@x.com,9999123456,9999123451,9999123452,1,1
MP00003195,MP00003195,2023-09-07,13:58:27,PL009,MIL0423876,x@x.com,9999123456,9999123451,9999123452,1,1
MP00003196,MP00003196,2023-09-07,13:58:27,PL013,MIL0394609,x@x.com,9999123456,9999123451,9999123452,1,1
MP00003197,MP00003197,2023-09-07,13:58:27,PL007,MIL0565284,x@x.com,9999123456,9999123451,9999123452,1,1
MP00003198,MP00003198,2023-09-07,13:58:27,PL001,MIL0297830,x@x.com,9999123456,9999123451,9999123452,1,1
MP00003199,MP00003199,2023-09-07,13:58:27,PL009,MIL0426401,x@x.com,9999123456,9999123451,9999123452,1,1
MP00003200,MP00003200,2023-09-07,13:58:27,PL011,MIL0349954,x@x.com,9999123456,9999123451,9999123452,1,1
MP00003201,MP00003201,2023-09-07,13:58:27,PL013,MIL0452498,x@x.com,9999123456,9999123451,9999123452,1,1
MP00003202,MP00003202,2023-09-07,13:58:27,PL003,MIL0127755,x@x.com,9999123456,9999123451,9999123452,1,1
MP00003203,MP00003203,2023-09-07,13:58:27,PL001,MIL0312899,x@x.com,9999123456,9999123451,9999123452,1,1
MP00003204,MP00003204,2023-09-07,13:58:27,PL008,MIL0573529,x@x.com,9999123456,9999123451,9999123452,1,1
MP00003205,MP00003205,2023-09-07,13:58:27,PL008,MIL0113018,x@x.com,9999123456,9999123451,9999123452,1,1
MP00003206,MP00003206,2023-09-07,13:58:27,PL010,MIL0097615,x@x.com,9999123456,9999123451,9999123452,1,1
MP00003207,MP00003207,2023-09-07,13:58:27,PL007,MIL0429069,x@x.com,9999123456,9999123451,9999123452,1,1
MP00003208,MP00003208,2023-09-07,13:58:27,PL007,MIL0507387,x@x.com,9999123456,9999123451,9999123452,1,1
MP00003209,MP00003209,2023-09-07,13:58:27,PL010,MIL0023038,x@x.com,9999123456,9999123451,9999123452,1,1
MP00003210,MP00003210,2023-09-07,13:58:27,PL005,MIL0029970,x@x.com,9999123456,9999123451,9999123452,1,1
MP00003211,MP00003211,2023-09-07,13:58:27,PL011,MIL0057529,x@x.com,9999123456,9999123451,9999123452,1,1
MP00003212,MP00003212,2023-09-07,13:58:27,PL012,MIL0031062,x@x.com,9999123456,9999123451,9999123452,1,1
MP00003213,MP00003213,2023-09-07,13:58:27,PL010,MIL0285325,x@x.com,9999123456,9999123451,9999123452,1,1
MP00003214,MP00003214,2023-09-07,13:58:27,PL006,MIL0578609,x@x.com,9999123456,9999123451,9999123452,1,1
MP00003215,MP00003215,2023-09-07,13:58:27,PL001,MIL0136400,x@x.com,9999123456,9999123451,9999123452,1,1
MP00003216,MP00003216,2023-09-07,13:58:27,PL012,MIL0353344,x@x.com,9999123456,9999123451,9999123452,1,1
MP00003217,MP00003217,2023-09-07,13:58:27,PL013,MIL0215520,x@x.com,9999123456,9999123451,9999123452,1,1
MP00003218,MP00003218,2023-09-07,13:58:27,PL008,MIL0426353,x@x.com,9999123456,9999123451,9999123452,1,1
MP00003219,MP00003219,2023-09-07,13:58:27,PL010,MIL0334720,x@x.com,9999123456,9999123451,9999123452,1,1
MP00003220,MP00003220,2023-09-07,13:58:27,PL002,MIL0239963,x@x.com,9999123456,9999123451,9999123452,1,1
MP00003221,MP00003221,2023-09-07,13:58:27,PL004,MIL0331652,x@x.com,9999123456,9999123451,9999123452,1,1
MP00003222,MP00003222,2023-09-07,13:58:27,PL010,MIL0055845,x@x.com,9999123456,9999123451,9999123452,1,1
MP00003223,MP00003223,2023-09-07,13:58:27,PL007,MIL0479474,x@x.com,9999123456,9999123451,9999123452,1,1
MP00003224,MP00003224,2023-09-07,13:58:27,PL001,MIL0097122,x@x.com,9999123456,9999123451,9999123452,1,1
MP00003225,MP00003225,2023-09-07,13:58:27,PL007,MIL0091275,x@x.com,9999123456,9999123451,9999123452,1,1
MP00003226,MP00003226,2023-09-07,13:58:27,PL013,MIL0514613,x@x.com,9999123456,9999123451,9999123452,1,1
MP00003227,MP00003227,2023-09-07,13:58:27,PL007,MIL0048768,x@x.com,9999123456,9999123451,9999123452,1,1
MP00003228,MP00003228,2023-09-07,13:58:27,PL010,MIL0155588,x@x.com,9999123456,9999123451,9999123452,1,1
MP00003229,MP00003229,2023-09-07,13:58:27,PL009,MIL0146357,x@x.com,9999123456,9999123451,9999123452,1,1
MP00003230,MP00003230,2023-09-07,13:58:27,PL011,MIL0445297,x@x.com,9999123456,9999123451,9999123452,1,1
MP00003231,MP00003231,2023-09-07,13:58:27,PL006,MIL0348651,x@x.com,9999123456,9999123451,9999123452,1,1
MP00003232,MP00003232,2023-09-07,13:58:27,PL007,MIL0552614,x@x.com,9999123456,9999123451,9999123452,1,1
MP00003233,MP00003233,2023-09-07,13:58:27,PL013,MIL0499979,x@x.com,9999123456,9999123451,9999123452,1,1
MP00003234,MP00003234,2023-09-07,13:58:27,PL010,MIL0100367,x@x.com,9999123456,9999123451,9999123452,1,1
MP00003235,MP00003235,2023-09-07,13:58:27,PL013,MIL0509723,x@x.com,9999123456,9999123451,9999123452,1,1
MP00003236,MP00003236,2023-09-07,13:58:27,PL012,MIL0492557,x@x.com,9999123456,9999123451,9999123452,1,1
MP00003237,MP00003237,2023-09-07,13:58:27,PL007,MIL0025268,x@x.com,9999123456,9999123451,9999123452,1,1
MP00003238,MP00003238,2023-09-07,13:58:27,PL012,MIL0462946,x@x.com,9999123456,9999123451,9999123452,1,1
MP00003239,MP00003239,2023-09-07,13:58:27,PL011,MIL0557277,x@x.com,9999123456,9999123451,9999123452,1,1
MP00003240,MP00003240,2023-09-07,13:58:27,PL002,MIL0264099,x@x.com,9999123456,9999123451,9999123452,1,1
MP00003241,MP00003241,2023-09-07,13:58:27,PL001,MIL0255634,x@x.com,9999123456,9999123451,9999123452,1,1
MP00003242,MP00003242,2023-09-07,13:58:27,PL009,MIL0288064,x@x.com,9999123456,9999123451,9999123452,1,1
MP00003243,MP00003243,2023-09-07,13:58:27,PL003,MIL0247738,x@x.com,9999123456,9999123451,9999123452,1,1
MP00003244,MP00003244,2023-09-07,13:58:27,PL002,MIL0206068,x@x.com,9999123456,9999123451,9999123452,1,1
MP00003245,MP00003245,2023-09-07,13:58:27,PL002,MIL0368766,x@x.com,9999123456,9999123451,9999123452,1,1
MP00003246,MP00003246,2023-09-07,13:58:27,PL011,MIL0025522,x@x.com,9999123456,9999123451,9999123452,1,1
MP00003247,MP00003247,2023-09-07,13:58:27,PL011,MIL0321410,x@x.com,9999123456,9999123451,9999123452,1,1
MP00003248,MP00003248,2023-09-07,13:58:27,PL012,MIL0560948,x@x.com,9999123456,9999123451,9999123452,1,1
MP00003249,MP00003249,2023-09-07,13:58:27,PL009,MIL0342606,x@x.com,9999123456,9999123451,9999123452,1,1
MP00003250,MP00003250,2023-09-07,13:58:27,PL010,MIL0429684,x@x.com,9999123456,9999123451,9999123452,1,1
MP00003251,MP00003251,2023-09-07,13:58:27,PL010,MIL0163189,x@x.com,9999123456,9999123451,9999123452,1,1
MP00003252,MP00003252,2023-09-07,13:58:27,PL013,MIL0264600,x@x.com,9999123456,9999123451,9999123452,1,1
MP00003253,MP00003253,2023-09-07,13:58:27,PL001,MIL0397490,x@x.com,9999123456,9999123451,9999123452,1,1
MP00003254,MP00003254,2023-09-07,13:58:27,PL003,MIL0470791,x@x.com,9999123456,9999123451,9999123452,1,1
MP00003255,MP00003255,2023-09-07,13:58:27,PL005,MIL0155073,x@x.com,9999123456,9999123451,9999123452,1,1
MP00003256,MP00003256,2023-09-07,13:58:27,PL005,MIL0246273,x@x.com,9999123456,9999123451,9999123452,1,1
MP00003257,MP00003257,2023-09-07,13:58:27,PL002,MIL0384330,x@x.com,9999123456,9999123451,9999123452,1,1
MP00003258,MP00003258,2023-09-07,13:58:27,PL003,MIL0553453,x@x.com,9999123456,9999123451,9999123452,1,1
MP00003259,MP00003259,2023-09-07,13:58:27,PL010,MIL0084265,x@x.com,9999123456,9999123451,9999123452,1,1
MP00003260,MP00003260,2023-09-07,13:58:27,PL011,MIL0337005,x@x.com,9999123456,9999123451,9999123452,1,1
MP00003261,MP00003261,2023-09-07,13:58:27,PL007,MIL0342032,x@x.com,9999123456,9999123451,9999123452,1,1
MP00003262,MP00003262,2023-09-07,13:58:27,PL005,MIL0480327,x@x.com,9999123456,9999123451,9999123452,1,1
MP00003263,MP00003263,2023-09-07,13:58:27,PL009,MIL0085846,x@x.com,9999123456,9999123451,9999123452,1,1
MP00003264,MP00003264,2023-09-07,13:58:27,PL012,MIL0089023,x@x.com,9999123456,9999123451,9999123452,1,1
MP00003265,MP00003265,2023-09-07,13:58:27,PL002,MIL0128844,x@x.com,9999123456,9999123451,9999123452,1,1
MP00003266,MP00003266,2023-09-07,13:58:27,PL005,MIL0113352,x@x.com,9999123456,9999123451,9999123452,1,1
MP00003267,MP00003267,2023-09-07,13:58:27,PL011,MIL0256516,x@x.com,9999123456,9999123451,9999123452,1,1
MP00003268,MP00003268,2023-09-07,13:58:27,PL006,MIL0249769,x@x.com,9999123456,9999123451,9999123452,1,1
MP00003269,MP00003269,2023-09-07,13:58:27,PL013,MIL0374873,x@x.com,9999123456,9999123451,9999123452,1,1
MP00003270,MP00003270,2023-09-07,13:58:27,PL008,MIL0052367,x@x.com,9999123456,9999123451,9999123452,1,1
MP00003271,MP00003271,2023-09-07,13:58:27,PL005,MIL0400519,x@x.com,9999123456,9999123451,9999123452,1,1
MP00003272,MP00003272,2023-09-07,13:58:27,PL009,MIL0030736,x@x.com,9999123456,9999123451,9999123452,1,1
MP00003273,MP00003273,2023-09-07,13:58:27,PL002,MIL0174283,x@x.com,9999123456,9999123451,9999123452,1,1
MP00003274,MP00003274,2023-09-07,13:58:27,PL013,MIL0486552,x@x.com,9999123456,9999123451,9999123452,1,1
MP00003275,MP00003275,2023-09-07,13:58:27,PL011,MIL0209872,x@x.com,9999123456,9999123451,9999123452,1,1
MP00003276,MP00003276,2023-09-07,13:58:27,PL004,MIL0401312,x@x.com,9999123456,9999123451,9999123452,1,1
MP00003277,MP00003277,2023-09-07,13:58:27,PL011,MIL0051874,x@x.com,9999123456,9999123451,9999123452,1,1
MP00003278,MP00003278,2023-09-07,13:58:27,PL010,MIL0383994,x@x.com,9999123456,9999123451,9999123452,1,1
MP00003279,MP00003279,2023-09-07,13:58:27,PL012,MIL0067124,x@x.com,9999123456,9999123451,9999123452,1,1
MP00003280,MP00003280,2023-09-07,13:58:27,PL009,MIL0283962,x@x.com,9999123456,9999123451,9999123452,1,1
MP00003281,MP00003281,2023-09-07,13:58:27,PL011,MIL0428427,x@x.com,9999123456,9999123451,9999123452,1,1
MP00003282,MP00003282,2023-09-07,13:58:27,PL011,MIL0168876,x@x.com,9999123456,9999123451,9999123452,1,1
MP00003283,MP00003283,2023-09-07,13:58:27,PL008,MIL0103461,x@x.com,9999123456,9999123451,9999123452,1,1
MP00003284,MP00003284,2023-09-07,13:58:27,PL010,MIL0019272,x@x.com,9999123456,9999123451,9999123452,1,1
MP00003285,MP00003285,2023-09-07,13:58:27,PL007,MIL0043581,x@x.com,9999123456,9999123451,9999123452,1,1
MP00003286,MP00003286,2023-09-07,13:58:27,PL007,MIL0354269,x@x.com,9999123456,9999123451,9999123452,1,1
MP00003287,MP00003287,2023-09-07,13:58:27,PL004,MIL0449548,x@x.com,9999123456,9999123451,9999123452,1,1
MP00003288,MP00003288,2023-09-07,13:58:27,PL007,MIL0519597,x@x.com,9999123456,9999123451,9999123452,1,1
MP00003289,MP00003289,2023-09-07,13:58:27,PL005,MIL0519844,x@x.com,9999123456,9999123451,9999123452,1,1
MP00003290,MP00003290,2023-09-07,13:58:27,PL012,MIL0536463,x@x.com,9999123456,9999123451,9999123452,1,1
MP00003291,MP00003291,2023-09-07,13:58:27,PL001,MIL0074590,x@x.com,9999123456,9999123451,9999123452,1,1
MP00003292,MP00003292,2023-09-07,13:58:27,PL013,MIL0220353,x@x.com,9999123456,9999123451,9999123452,1,1
MP00003293,MP00003293,2023-09-07,13:58:27,PL009,MIL0054374,x@x.com,9999123456,9999123451,9999123452,1,1
MP00003294,MP00003294,2023-09-07,13:58:27,PL008,MIL0006277,x@x.com,9999123456,9999123451,9999123452,1,1
MP00003295,MP00003295,2023-09-07,13:58:27,PL004,MIL0226299,x@x.com,9999123456,9999123451,9999123452,1,1
MP00003296,MP00003296,2023-09-07,13:58:27,PL001,MIL0376909,x@x.com,9999123456,9999123451,9999123452,1,1
MP00003297,MP00003297,2023-09-07,13:58:27,PL007,MIL0522429,x@x.com,9999123456,9999123451,9999123452,1,1
MP00003298,MP00003298,2023-09-07,13:58:27,PL004,MIL0163025,x@x.com,9999123456,9999123451,9999123452,1,1
MP00003299,MP00003299,2023-09-07,13:58:27,PL002,MIL0527825,x@x.com,9999123456,9999123451,9999123452,1,1
MP00003300,MP00003300,2023-09-07,13:58:27,PL008,MIL0526869,x@x.com,9999123456,9999123451,9999123452,1,1
MP00003301,MP00003301,2023-09-07,13:58:27,PL001,MIL0317185,x@x.com,9999123456,9999123451,9999123452,1,1
MP00003302,MP00003302,2023-09-07,13:58:27,PL007,MIL0077705,x@x.com,9999123456,9999123451,9999123452,1,1
MP00003303,MP00003303,2023-09-07,13:58:27,PL001,MIL0215886,x@x.com,9999123456,9999123451,9999123452,1,1
MP00003304,MP00003304,2023-09-07,13:58:27,PL009,MIL0451153,x@x.com,9999123456,9999123451,9999123452,1,1
MP00003305,MP00003305,2023-09-07,13:58:27,PL007,MIL0148421,x@x.com,9999123456,9999123451,9999123452,1,1
MP00003306,MP00003306,2023-09-07,13:58:27,PL005,MIL0204868,x@x.com,9999123456,9999123451,9999123452,1,1
MP00003307,MP00003307,2023-09-07,13:58:27,PL005,MIL0221107,x@x.com,9999123456,9999123451,9999123452,1,1
MP00003308,MP00003308,2023-09-07,13:58:27,PL005,MIL0278055,x@x.com,9999123456,9999123451,9999123452,1,1
MP00003309,MP00003309,2023-09-07,13:58:27,PL009,MIL0252901,x@x.com,9999123456,9999123451,9999123452,1,1
MP00003310,MP00003310,2023-09-07,13:58:27,PL013,MIL0339097,x@x.com,9999123456,9999123451,9999123452,1,1
MP00003311,MP00003311,2023-09-07,13:58:27,PL008,MIL0282925,x@x.com,9999123456,9999123451,9999123452,1,1
MP00003312,MP00003312,2023-09-07,13:58:27,PL008,MIL0106307,x@x.com,9999123456,9999123451,9999123452,1,1
MP00003313,MP00003313,2023-09-07,13:58:27,PL010,MIL0037751,x@x.com,9999123456,9999123451,9999123452,1,1
MP00003314,MP00003314,2023-09-07,13:58:27,PL007,MIL0550730,x@x.com,9999123456,9999123451,9999123452,1,1
MP00003315,MP00003315,2023-09-07,13:58:27,PL005,MIL0568975,x@x.com,9999123456,9999123451,9999123452,1,1
MP00003316,MP00003316,2023-09-07,13:58:27,PL004,MIL0489329,x@x.com,9999123456,9999123451,9999123452,1,1
MP00003317,MP00003317,2023-09-07,13:58:27,PL001,MIL0258467,x@x.com,9999123456,9999123451,9999123452,1,1
MP00003318,MP00003318,2023-09-07,13:58:27,PL005,MIL0498301,x@x.com,9999123456,9999123451,9999123452,1,1
MP00003319,MP00003319,2023-09-07,13:58:27,PL007,MIL0090473,x@x.com,9999123456,9999123451,9999123452,1,1
MP00003320,MP00003320,2023-09-07,13:58:27,PL007,MIL0183201,x@x.com,9999123456,9999123451,9999123452,1,1
MP00003321,MP00003321,2023-09-07,13:58:27,PL001,MIL0247868,x@x.com,9999123456,9999123451,9999123452,1,1
MP00003322,MP00003322,2023-09-07,13:58:27,PL010,MIL0138111,x@x.com,9999123456,9999123451,9999123452,1,1
MP00003323,MP00003323,2023-09-07,13:58:27,PL010,MIL0080122,x@x.com,9999123456,9999123451,9999123452,1,1
MP00003324,MP00003324,2023-09-07,13:58:27,PL008,MIL0550077,x@x.com,9999123456,9999123451,9999123452,1,1
MP00003325,MP00003325,2023-09-07,13:58:27,PL006,MIL0059175,x@x.com,9999123456,9999123451,9999123452,1,1
MP00003326,MP00003326,2023-09-07,13:58:27,PL010,MIL0290936,x@x.com,9999123456,9999123451,9999123452,1,1
MP00003327,MP00003327,2023-09-07,13:58:27,PL011,MIL0222601,x@x.com,9999123456,9999123451,9999123452,1,1
MP00003328,MP00003328,2023-09-07,13:58:27,PL012,MIL0163972,x@x.com,9999123456,9999123451,9999123452,1,1
MP00003329,MP00003329,2023-09-07,13:58:27,PL005,MIL0157117,x@x.com,9999123456,9999123451,9999123452,1,1
MP00003330,MP00003330,2023-09-07,13:58:27,PL010,MIL0540726,x@x.com,9999123456,9999123451,9999123452,1,1
MP00003331,MP00003331,2023-09-07,13:58:27,PL013,MIL0420971,x@x.com,9999123456,9999123451,9999123452,1,1
MP00003332,MP00003332,2023-09-07,13:58:27,PL002,MIL0410636,x@x.com,9999123456,9999123451,9999123452,1,1
MP00003333,MP00003333,2023-09-07,13:58:27,PL012,MIL0191458,x@x.com,9999123456,9999123451,9999123452,1,1
MP00003334,MP00003334,2023-09-07,13:58:27,PL011,MIL0337454,x@x.com,9999123456,9999123451,9999123452,1,1
MP00003335,MP00003335,2023-09-07,13:58:27,PL006,MIL0405043,x@x.com,9999123456,9999123451,9999123452,1,1
MP00003336,MP00003336,2023-09-07,13:58:27,PL007,MIL0101593,x@x.com,9999123456,9999123451,9999123452,1,1
MP00003337,MP00003337,2023-09-07,13:58:27,PL012,MIL0513246,x@x.com,9999123456,9999123451,9999123452,1,1
MP00003338,MP00003338,2023-09-07,13:58:27,PL005,MIL0293817,x@x.com,9999123456,9999123451,9999123452,1,1
MP00003339,MP00003339,2023-09-07,13:58:27,PL008,MIL0496579,x@x.com,9999123456,9999123451,9999123452,1,1
MP00003340,MP00003340,2023-09-07,13:58:27,PL008,MIL0490424,x@x.com,9999123456,9999123451,9999123452,1,1
MP00003341,MP00003341,2023-09-07,13:58:27,PL002,MIL0187937,x@x.com,9999123456,9999123451,9999123452,1,1
MP00003342,MP00003342,2023-09-07,13:58:27,PL006,MIL0506842,x@x.com,9999123456,9999123451,9999123452,1,1
MP00003343,MP00003343,2023-09-07,13:58:27,PL012,MIL0142540,x@x.com,9999123456,9999123451,9999123452,1,1
MP00003344,MP00003344,2023-09-07,13:58:27,PL010,MIL0285093,x@x.com,9999123456,9999123451,9999123452,1,1
MP00003345,MP00003345,2023-09-07,13:58:27,PL013,MIL0009834,x@x.com,9999123456,9999123451,9999123452,1,1
MP00003346,MP00003346,2023-09-07,13:58:27,PL012,MIL0171114,x@x.com,9999123456,9999123451,9999123452,1,1
MP00003347,MP00003347,2023-09-07,13:58:27,PL001,MIL0265410,x@x.com,9999123456,9999123451,9999123452,1,1
MP00003348,MP00003348,2023-09-07,13:58:27,PL006,MIL0444078,x@x.com,9999123456,9999123451,9999123452,1,1
MP00003349,MP00003349,2023-09-07,13:58:27,PL009,MIL0512405,x@x.com,9999123456,9999123451,9999123452,1,1
MP00003350,MP00003350,2023-09-07,13:58:27,PL011,MIL0294204,x@x.com,9999123456,9999123451,9999123452,1,1
MP00003351,MP00003351,2023-09-07,13:58:27,PL003,MIL0122424,x@x.com,9999123456,9999123451,9999123452,1,1
MP00003352,MP00003352,2023-09-07,13:58:27,PL011,MIL0298144,x@x.com,9999123456,9999123451,9999123452,1,1
MP00003353,MP00003353,2023-09-07,13:58:27,PL004,MIL0062676,x@x.com,9999123456,9999123451,9999123452,1,1
MP00003354,MP00003354,2023-09-07,13:58:27,PL008,MIL0013148,x@x.com,9999123456,9999123451,9999123452,1,1
MP00003355,MP00003355,2023-09-07,13:58:27,PL001,MIL0002077,x@x.com,9999123456,9999123451,9999123452,1,1
MP00003356,MP00003356,2023-09-07,13:58:27,PL007,MIL0458077,x@x.com,9999123456,9999123451,9999123452,1,1
MP00003357,MP00003357,2023-09-07,13:58:27,PL009,MIL0234965,x@x.com,9999123456,9999123451,9999123452,1,1
MP00003358,MP00003358,2023-09-07,13:58:27,PL002,MIL0353270,x@x.com,9999123456,9999123451,9999123452,1,1
MP00003359,MP00003359,2023-09-07,13:58:27,PL006,MIL0375394,x@x.com,9999123456,9999123451,9999123452,1,1
MP00003360,MP00003360,2023-09-07,13:58:27,PL009,MIL0513658,x@x.com,9999123456,9999123451,9999123452,1,1
MP00003361,MP00003361,2023-09-07,13:58:27,PL005,MIL0426944,x@x.com,9999123456,9999123451,9999123452,1,1
MP00003362,MP00003362,2023-09-07,13:58:27,PL008,MIL0484117,x@x.com,9999123456,9999123451,9999123452,1,1
MP00003363,MP00003363,2023-09-07,13:58:27,PL001,MIL0374955,x@x.com,9999123456,9999123451,9999123452,1,1
MP00003364,MP00003364,2023-09-07,13:58:27,PL009,MIL0323666,x@x.com,9999123456,9999123451,9999123452,1,1
MP00003365,MP00003365,2023-09-07,13:58:27,PL003,MIL0359023,x@x.com,9999123456,9999123451,9999123452,1,1
MP00003366,MP00003366,2023-09-07,13:58:27,PL013,MIL0088147,x@x.com,9999123456,9999123451,9999123452,1,1
MP00003367,MP00003367,2023-09-07,13:58:27,PL006,MIL0386998,x@x.com,9999123456,9999123451,9999123452,1,1
MP00003368,MP00003368,2023-09-07,13:58:27,PL007,MIL0135223,x@x.com,9999123456,9999123451,9999123452,1,1
MP00003369,MP00003369,2023-09-07,13:58:27,PL004,MIL0310032,x@x.com,9999123456,9999123451,9999123452,1,1
MP00003370,MP00003370,2023-09-07,13:58:27,PL006,MIL0095258,x@x.com,9999123456,9999123451,9999123452,1,1
MP00003371,MP00003371,2023-09-07,13:58:27,PL002,MIL0271594,x@x.com,9999123456,9999123451,9999123452,1,1
MP00003372,MP00003372,2023-09-07,13:58:27,PL007,MIL0349924,x@x.com,9999123456,9999123451,9999123452,1,1
MP00003373,MP00003373,2023-09-07,13:58:27,PL005,MIL0273253,x@x.com,9999123456,9999123451,9999123452,1,1
MP00003374,MP00003374,2023-09-07,13:58:27,PL012,MIL0140137,x@x.com,9999123456,9999123451,9999123452,1,1
MP00003375,MP00003375,2023-09-07,13:58:27,PL001,MIL0243265,x@x.com,9999123456,9999123451,9999123452,1,1
MP00003376,MP00003376,2023-09-07,13:58:27,PL005,MIL0231068,x@x.com,9999123456,9999123451,9999123452,1,1
MP00003377,MP00003377,2023-09-07,13:58:27,PL008,MIL0086579,x@x.com,9999123456,9999123451,9999123452,1,1
MP00003378,MP00003378,2023-09-07,13:58:27,PL001,MIL0560697,x@x.com,9999123456,9999123451,9999123452,1,1
MP00003379,MP00003379,2023-09-07,13:58:27,PL013,MIL0247545,x@x.com,9999123456,9999123451,9999123452,1,1
MP00003380,MP00003380,2023-09-07,13:58:27,PL004,MIL0338460,x@x.com,9999123456,9999123451,9999123452,1,1
MP00003381,MP00003381,2023-09-07,13:58:27,PL004,MIL0238831,x@x.com,9999123456,9999123451,9999123452,1,1
MP00003382,MP00003382,2023-09-07,13:58:27,PL011,MIL0465168,x@x.com,9999123456,9999123451,9999123452,1,1
MP00003383,MP00003383,2023-09-07,13:58:27,PL013,MIL0017705,x@x.com,9999123456,9999123451,9999123452,1,1
MP00003384,MP00003384,2023-09-07,13:58:27,PL010,MIL0354252,x@x.com,9999123456,9999123451,9999123452,1,1
MP00003385,MP00003385,2023-09-07,13:58:27,PL013,MIL0003399,x@x.com,9999123456,9999123451,9999123452,1,1
MP00003386,MP00003386,2023-09-07,13:58:27,PL009,MIL0575559,x@x.com,9999123456,9999123451,9999123452,1,1
MP00003387,MP00003387,2023-09-07,13:58:27,PL001,MIL0314293,x@x.com,9999123456,9999123451,9999123452,1,1
MP00003388,MP00003388,2023-09-07,13:58:27,PL001,MIL0187051,x@x.com,9999123456,9999123451,9999123452,1,1
MP00003389,MP00003389,2023-09-07,13:58:27,PL001,MIL0310243,x@x.com,9999123456,9999123451,9999123452,1,1
MP00003390,MP00003390,2023-09-07,13:58:27,PL003,MIL0373045,x@x.com,9999123456,9999123451,9999123452,1,1
MP00003391,MP00003391,2023-09-07,13:58:27,PL009,MIL0239364,x@x.com,9999123456,9999123451,9999123452,1,1
MP00003392,MP00003392,2023-09-07,13:58:27,PL008,MIL0348990,x@x.com,9999123456,9999123451,9999123452,1,1
MP00003393,MP00003393,2023-09-07,13:58:27,PL008,MIL0125224,x@x.com,9999123456,9999123451,9999123452,1,1
MP00003394,MP00003394,2023-09-07,13:58:27,PL009,MIL0394292,x@x.com,9999123456,9999123451,9999123452,1,1
MP00003395,MP00003395,2023-09-07,13:58:27,PL009,MIL0283043,x@x.com,9999123456,9999123451,9999123452,1,1
MP00003396,MP00003396,2023-09-07,13:58:27,PL013,MIL0333267,x@x.com,9999123456,9999123451,9999123452,1,1
MP00003397,MP00003397,2023-09-07,13:58:27,PL002,MIL0085484,x@x.com,9999123456,9999123451,9999123452,1,1
MP00003398,MP00003398,2023-09-07,13:58:27,PL001,MIL0424508,x@x.com,9999123456,9999123451,9999123452,1,1
MP00003399,MP00003399,2023-09-07,13:58:27,PL012,MIL0221589,x@x.com,9999123456,9999123451,9999123452,1,1
MP00003400,MP00003400,2023-09-07,13:58:27,PL005,MIL0532460,x@x.com,9999123456,9999123451,9999123452,1,1
MP00003401,MP00003401,2023-09-07,13:58:27,PL006,MIL0253472,x@x.com,9999123456,9999123451,9999123452,1,1
MP00003402,MP00003402,2023-09-07,13:58:27,PL011,MIL0122696,x@x.com,9999123456,9999123451,9999123452,1,1
MP00003403,MP00003403,2023-09-07,13:58:27,PL003,MIL0267789,x@x.com,9999123456,9999123451,9999123452,1,1
MP00003404,MP00003404,2023-09-07,13:58:27,PL010,MIL0117163,x@x.com,9999123456,9999123451,9999123452,1,1
MP00003405,MP00003405,2023-09-07,13:58:27,PL002,MIL0044104,x@x.com,9999123456,9999123451,9999123452,1,1
MP00003406,MP00003406,2023-09-07,13:58:27,PL003,MIL0357064,x@x.com,9999123456,9999123451,9999123452,1,1
MP00003407,MP00003407,2023-09-07,13:58:27,PL012,MIL0359622,x@x.com,9999123456,9999123451,9999123452,1,1
MP00003408,MP00003408,2023-09-07,13:58:27,PL013,MIL0271700,x@x.com,9999123456,9999123451,9999123452,1,1
MP00003409,MP00003409,2023-09-07,13:58:27,PL004,MIL0258819,x@x.com,9999123456,9999123451,9999123452,1,1
MP00003410,MP00003410,2023-09-07,13:58:27,PL012,MIL0032265,x@x.com,9999123456,9999123451,9999123452,1,1
MP00003411,MP00003411,2023-09-07,13:58:27,PL006,MIL0279150,x@x.com,9999123456,9999123451,9999123452,1,1
MP00003412,MP00003412,2023-09-07,13:58:27,PL007,MIL0395010,x@x.com,9999123456,9999123451,9999123452,1,1
MP00003413,MP00003413,2023-09-07,13:58:27,PL008,MIL0273950,x@x.com,9999123456,9999123451,9999123452,1,1
MP00003414,MP00003414,2023-09-07,13:58:27,PL006,MIL0281554,x@x.com,9999123456,9999123451,9999123452,1,1
MP00003415,MP00003415,2023-09-07,13:58:27,PL010,MIL0404822,x@x.com,9999123456,9999123451,9999123452,1,1
MP00003416,MP00003416,2023-09-07,13:58:27,PL008,MIL0451022,x@x.com,9999123456,9999123451,9999123452,1,1
MP00003417,MP00003417,2023-09-07,13:58:27,PL013,MIL0434342,x@x.com,9999123456,9999123451,9999123452,1,1
MP00003418,MP00003418,2023-09-07,13:58:27,PL007,MIL0260038,x@x.com,9999123456,9999123451,9999123452,1,1
MP00003419,MP00003419,2023-09-07,13:58:27,PL004,MIL0207894,x@x.com,9999123456,9999123451,9999123452,1,1
MP00003420,MP00003420,2023-09-07,13:58:27,PL005,MIL0425480,x@x.com,9999123456,9999123451,9999123452,1,1
MP00003421,MP00003421,2023-09-07,13:58:27,PL006,MIL0541915,x@x.com,9999123456,9999123451,9999123452,1,1
MP00003422,MP00003422,2023-09-07,13:58:27,PL006,MIL0486339,x@x.com,9999123456,9999123451,9999123452,1,1
MP00003423,MP00003423,2023-09-07,13:58:27,PL004,MIL0037722,x@x.com,9999123456,9999123451,9999123452,1,1
MP00003424,MP00003424,2023-09-07,13:58:27,PL013,MIL0177177,x@x.com,9999123456,9999123451,9999123452,1,1
MP00003425,MP00003425,2023-09-07,13:58:27,PL009,MIL0182636,x@x.com,9999123456,9999123451,9999123452,1,1
MP00003426,MP00003426,2023-09-07,13:58:27,PL013,MIL0443170,x@x.com,9999123456,9999123451,9999123452,1,1
MP00003427,MP00003427,2023-09-07,13:58:27,PL004,MIL0173049,x@x.com,9999123456,9999123451,9999123452,1,1
MP00003428,MP00003428,2023-09-07,13:58:27,PL001,MIL0074903,x@x.com,9999123456,9999123451,9999123452,1,1
MP00003429,MP00003429,2023-09-07,13:58:27,PL002,MIL0345214,x@x.com,9999123456,9999123451,9999123452,1,1
MP00003430,MP00003430,2023-09-07,13:58:27,PL008,MIL0411340,x@x.com,9999123456,9999123451,9999123452,1,1
MP00003431,MP00003431,2023-09-07,13:58:27,PL002,MIL0301647,x@x.com,9999123456,9999123451,9999123452,1,1
MP00003432,MP00003432,2023-09-07,13:58:27,PL005,MIL0322935,x@x.com,9999123456,9999123451,9999123452,1,1
MP00003433,MP00003433,2023-09-07,13:58:27,PL009,MIL0433009,x@x.com,9999123456,9999123451,9999123452,1,1
MP00003434,MP00003434,2023-09-07,13:58:27,PL004,MIL0564561,x@x.com,9999123456,9999123451,9999123452,1,1
MP00003435,MP00003435,2023-09-07,13:58:27,PL011,MIL0141983,x@x.com,9999123456,9999123451,9999123452,1,1
MP00003436,MP00003436,2023-09-07,13:58:27,PL004,MIL0467338,x@x.com,9999123456,9999123451,9999123452,1,1
MP00003437,MP00003437,2023-09-07,13:58:27,PL010,MIL0244420,x@x.com,9999123456,9999123451,9999123452,1,1
MP00003438,MP00003438,2023-09-07,13:58:27,PL011,MIL0236492,x@x.com,9999123456,9999123451,9999123452,1,1
MP00003439,MP00003439,2023-09-07,13:58:27,PL013,MIL0205711,x@x.com,9999123456,9999123451,9999123452,1,1
MP00003440,MP00003440,2023-09-07,13:58:27,PL009,MIL0464925,x@x.com,9999123456,9999123451,9999123452,1,1
MP00003441,MP00003441,2023-09-07,13:58:27,PL008,MIL0247228,x@x.com,9999123456,9999123451,9999123452,1,1
MP00003442,MP00003442,2023-09-07,13:58:27,PL013,MIL0493204,x@x.com,9999123456,9999123451,9999123452,1,1
MP00003443,MP00003443,2023-09-07,13:58:27,PL013,MIL0105998,x@x.com,9999123456,9999123451,9999123452,1,1
MP00003444,MP00003444,2023-09-07,13:58:27,PL010,MIL0056335,x@x.com,9999123456,9999123451,9999123452,1,1
MP00003445,MP00003445,2023-09-07,13:58:27,PL001,MIL0193246,x@x.com,9999123456,9999123451,9999123452,1,1
MP00003446,MP00003446,2023-09-07,13:58:27,PL009,MIL0286221,x@x.com,9999123456,9999123451,9999123452,1,1
MP00003447,MP00003447,2023-09-07,13:58:27,PL003,MIL0264096,x@x.com,9999123456,9999123451,9999123452,1,1
MP00003448,MP00003448,2023-09-07,13:58:27,PL004,MIL0324632,x@x.com,9999123456,9999123451,9999123452,1,1
MP00003449,MP00003449,2023-09-07,13:58:27,PL010,MIL0526410,x@x.com,9999123456,9999123451,9999123452,1,1
MP00003450,MP00003450,2023-09-07,13:58:27,PL001,MIL0022906,x@x.com,9999123456,9999123451,9999123452,1,1
MP00003451,MP00003451,2023-09-07,13:58:27,PL006,MIL0137582,x@x.com,9999123456,9999123451,9999123452,1,1
MP00003452,MP00003452,2023-09-07,13:58:27,PL001,MIL0302865,x@x.com,9999123456,9999123451,9999123452,1,1
MP00003453,MP00003453,2023-09-07,13:58:27,PL012,MIL0486286,x@x.com,9999123456,9999123451,9999123452,1,1
MP00003454,MP00003454,2023-09-07,13:58:27,PL005,MIL0438462,x@x.com,9999123456,9999123451,9999123452,1,1
MP00003455,MP00003455,2023-09-07,13:58:27,PL006,MIL0262266,x@x.com,9999123456,9999123451,9999123452,1,1
MP00003456,MP00003456,2023-09-07,13:58:27,PL006,MIL0351644,x@x.com,9999123456,9999123451,9999123452,1,1
MP00003457,MP00003457,2023-09-07,13:58:27,PL005,MIL0034518,x@x.com,9999123456,9999123451,9999123452,1,1
MP00003458,MP00003458,2023-09-07,13:58:27,PL002,MIL0549926,x@x.com,9999123456,9999123451,9999123452,1,1
MP00003459,MP00003459,2023-09-07,13:58:27,PL002,MIL0232991,x@x.com,9999123456,9999123451,9999123452,1,1
MP00003460,MP00003460,2023-09-07,13:58:27,PL007,MIL0435527,x@x.com,9999123456,9999123451,9999123452,1,1
MP00003461,MP00003461,2023-09-07,13:58:27,PL001,MIL0554935,x@x.com,9999123456,9999123451,9999123452,1,1
MP00003462,MP00003462,2023-09-07,13:58:27,PL001,MIL0296956,x@x.com,9999123456,9999123451,9999123452,1,1
MP00003463,MP00003463,2023-09-07,13:58:27,PL003,MIL0571535,x@x.com,9999123456,9999123451,9999123452,1,1
MP00003464,MP00003464,2023-09-07,13:58:27,PL012,MIL0457449,x@x.com,9999123456,9999123451,9999123452,1,1
MP00003465,MP00003465,2023-09-07,13:58:27,PL011,MIL0067427,x@x.com,9999123456,9999123451,9999123452,1,1
MP00003466,MP00003466,2023-09-07,13:58:27,PL010,MIL0090598,x@x.com,9999123456,9999123451,9999123452,1,1
MP00003467,MP00003467,2023-09-07,13:58:27,PL010,MIL0052089,x@x.com,9999123456,9999123451,9999123452,1,1
MP00003468,MP00003468,2023-09-07,13:58:27,PL003,MIL0530324,x@x.com,9999123456,9999123451,9999123452,1,1
MP00003469,MP00003469,2023-09-07,13:58:27,PL004,MIL0489809,x@x.com,9999123456,9999123451,9999123452,1,1
MP00003470,MP00003470,2023-09-07,13:58:27,PL003,MIL0150998,x@x.com,9999123456,9999123451,9999123452,1,1
MP00003471,MP00003471,2023-09-07,13:58:27,PL008,MIL0145852,x@x.com,9999123456,9999123451,9999123452,1,1
MP00003472,MP00003472,2023-09-07,13:58:27,PL004,MIL0537471,x@x.com,9999123456,9999123451,9999123452,1,1
MP00003473,MP00003473,2023-09-07,13:58:27,PL004,MIL0070384,x@x.com,9999123456,9999123451,9999123452,1,1
MP00003474,MP00003474,2023-09-07,13:58:27,PL009,MIL0226515,x@x.com,9999123456,9999123451,9999123452,1,1
MP00003475,MP00003475,2023-09-07,13:58:27,PL011,MIL0571684,x@x.com,9999123456,9999123451,9999123452,1,1
MP00003476,MP00003476,2023-09-07,13:58:27,PL003,MIL0319110,x@x.com,9999123456,9999123451,9999123452,1,1
MP00003477,MP00003477,2023-09-07,13:58:27,PL007,MIL0401619,x@x.com,9999123456,9999123451,9999123452,1,1
MP00003478,MP00003478,2023-09-07,13:58:27,PL009,MIL0309208,x@x.com,9999123456,9999123451,9999123452,1,1
MP00003479,MP00003479,2023-09-07,13:58:27,PL001,MIL0495761,x@x.com,9999123456,9999123451,9999123452,1,1
MP00003480,MP00003480,2023-09-07,13:58:27,PL010,MIL0262373,x@x.com,9999123456,9999123451,9999123452,1,1
MP00003481,MP00003481,2023-09-07,13:58:27,PL003,MIL0530617,x@x.com,9999123456,9999123451,9999123452,1,1
MP00003482,MP00003482,2023-09-07,13:58:27,PL013,MIL0000725,x@x.com,9999123456,9999123451,9999123452,1,1
MP00003483,MP00003483,2023-09-07,13:58:27,PL009,MIL0547862,x@x.com,9999123456,9999123451,9999123452,1,1
MP00003484,MP00003484,2023-09-07,13:58:27,PL011,MIL0414904,x@x.com,9999123456,9999123451,9999123452,1,1
MP00003485,MP00003485,2023-09-07,13:58:27,PL004,MIL0085056,x@x.com,9999123456,9999123451,9999123452,1,1
MP00003486,MP00003486,2023-09-07,13:58:27,PL004,MIL0192669,x@x.com,9999123456,9999123451,9999123452,1,1
MP00003487,MP00003487,2023-09-07,13:58:27,PL009,MIL0334100,x@x.com,9999123456,9999123451,9999123452,1,1
MP00003488,MP00003488,2023-09-07,13:58:27,PL007,MIL0522050,x@x.com,9999123456,9999123451,9999123452,1,1
MP00003489,MP00003489,2023-09-07,13:58:27,PL011,MIL0122103,x@x.com,9999123456,9999123451,9999123452,1,1
MP00003490,MP00003490,2023-09-07,13:58:27,PL004,MIL0219810,x@x.com,9999123456,9999123451,9999123452,1,1
MP00003491,MP00003491,2023-09-07,13:58:27,PL003,MIL0164514,x@x.com,9999123456,9999123451,9999123452,1,1
MP00003492,MP00003492,2023-09-07,13:58:27,PL010,MIL0187560,x@x.com,9999123456,9999123451,9999123452,1,1
MP00003493,MP00003493,2023-09-07,13:58:27,PL005,MIL0211583,x@x.com,9999123456,9999123451,9999123452,1,1
MP00003494,MP00003494,2023-09-07,13:58:27,PL013,MIL0075438,x@x.com,9999123456,9999123451,9999123452,1,1
MP00003495,MP00003495,2023-09-07,13:58:27,PL011,MIL0307119,x@x.com,9999123456,9999123451,9999123452,1,1
MP00003496,MP00003496,2023-09-07,13:58:27,PL009,MIL0003742,x@x.com,9999123456,9999123451,9999123452,1,1
MP00003497,MP00003497,2023-09-07,13:58:27,PL001,MIL0309206,x@x.com,9999123456,9999123451,9999123452,1,1
MP00003498,MP00003498,2023-09-07,13:58:27,PL007,MIL0417673,x@x.com,9999123456,9999123451,9999123452,1,1
MP00003499,MP00003499,2023-09-07,13:58:27,PL010,MIL0432346,x@x.com,9999123456,9999123451,9999123452,1,1
MP00003500,MP00003500,2023-09-07,13:58:27,PL012,MIL0319624,x@x.com,9999123456,9999123451,9999123452,1,1
MP00003501,MP00003501,2023-09-07,13:58:27,PL012,MIL0152688,x@x.com,9999123456,9999123451,9999123452,1,1
MP00003502,MP00003502,2023-09-07,13:58:27,PL002,MIL0389921,x@x.com,9999123456,9999123451,9999123452,1,1
MP00003503,MP00003503,2023-09-07,13:58:27,PL012,MIL0128906,x@x.com,9999123456,9999123451,9999123452,1,1
MP00003504,MP00003504,2023-09-07,13:58:27,PL013,MIL0134111,x@x.com,9999123456,9999123451,9999123452,1,1
MP00003505,MP00003505,2023-09-07,13:58:27,PL006,MIL0222830,x@x.com,9999123456,9999123451,9999123452,1,1
MP00003506,MP00003506,2023-09-07,13:58:27,PL009,MIL0537112,x@x.com,9999123456,9999123451,9999123452,1,1
MP00003507,MP00003507,2023-09-07,13:58:27,PL007,MIL0426692,x@x.com,9999123456,9999123451,9999123452,1,1
MP00003508,MP00003508,2023-09-07,13:58:27,PL001,MIL0072893,x@x.com,9999123456,9999123451,9999123452,1,1
MP00003509,MP00003509,2023-09-07,13:58:27,PL003,MIL0365932,x@x.com,9999123456,9999123451,9999123452,1,1
MP00003510,MP00003510,2023-09-07,13:58:27,PL012,MIL0054744,x@x.com,9999123456,9999123451,9999123452,1,1
MP00003511,MP00003511,2023-09-07,13:58:27,PL003,MIL0548293,x@x.com,9999123456,9999123451,9999123452,1,1
MP00003512,MP00003512,2023-09-07,13:58:27,PL005,MIL0522938,x@x.com,9999123456,9999123451,9999123452,1,1
MP00003513,MP00003513,2023-09-07,13:58:27,PL006,MIL0145681,x@x.com,9999123456,9999123451,9999123452,1,1
MP00003514,MP00003514,2023-09-07,13:58:27,PL005,MIL0231368,x@x.com,9999123456,9999123451,9999123452,1,1
MP00003515,MP00003515,2023-09-07,13:58:27,PL008,MIL0309940,x@x.com,9999123456,9999123451,9999123452,1,1
MP00003516,MP00003516,2023-09-07,13:58:27,PL013,MIL0557643,x@x.com,9999123456,9999123451,9999123452,1,1
MP00003517,MP00003517,2023-09-07,13:58:27,PL008,MIL0188335,x@x.com,9999123456,9999123451,9999123452,1,1
MP00003518,MP00003518,2023-09-07,13:58:27,PL003,MIL0185561,x@x.com,9999123456,9999123451,9999123452,1,1
MP00003519,MP00003519,2023-09-07,13:58:27,PL005,MIL0565905,x@x.com,9999123456,9999123451,9999123452,1,1
MP00003520,MP00003520,2023-09-07,13:58:27,PL011,MIL0022840,x@x.com,9999123456,9999123451,9999123452,1,1
MP00003521,MP00003521,2023-09-07,13:58:27,PL003,MIL0178224,x@x.com,9999123456,9999123451,9999123452,1,1
MP00003522,MP00003522,2023-09-07,13:58:27,PL003,MIL0218799,x@x.com,9999123456,9999123451,9999123452,1,1
MP00003523,MP00003523,2023-09-07,13:58:27,PL004,MIL0022563,x@x.com,9999123456,9999123451,9999123452,1,1
MP00003524,MP00003524,2023-09-07,13:58:27,PL011,MIL0130383,x@x.com,9999123456,9999123451,9999123452,1,1
MP00003525,MP00003525,2023-09-07,13:58:27,PL003,MIL0467306,x@x.com,9999123456,9999123451,9999123452,1,1
MP00003526,MP00003526,2023-09-07,13:58:27,PL011,MIL0422795,x@x.com,9999123456,9999123451,9999123452,1,1
MP00003527,MP00003527,2023-09-07,13:58:27,PL001,MIL0573315,x@x.com,9999123456,9999123451,9999123452,1,1
MP00003528,MP00003528,2023-09-07,13:58:27,PL002,MIL0564968,x@x.com,9999123456,9999123451,9999123452,1,1
MP00003529,MP00003529,2023-09-07,13:58:27,PL013,MIL0222236,x@x.com,9999123456,9999123451,9999123452,1,1
MP00003530,MP00003530,2023-09-07,13:58:27,PL003,MIL0173519,x@x.com,9999123456,9999123451,9999123452,1,1
MP00003531,MP00003531,2023-09-07,13:58:27,PL007,MIL0221411,x@x.com,9999123456,9999123451,9999123452,1,1
MP00003532,MP00003532,2023-09-07,13:58:27,PL007,MIL0415392,x@x.com,9999123456,9999123451,9999123452,1,1
MP00003533,MP00003533,2023-09-07,13:58:27,PL012,MIL0147735,x@x.com,9999123456,9999123451,9999123452,1,1
MP00003534,MP00003534,2023-09-07,13:58:27,PL008,MIL0411498,x@x.com,9999123456,9999123451,9999123452,1,1
MP00003535,MP00003535,2023-09-07,13:58:27,PL008,MIL0523789,x@x.com,9999123456,9999123451,9999123452,1,1
MP00003536,MP00003536,2023-09-07,13:58:27,PL006,MIL0394856,x@x.com,9999123456,9999123451,9999123452,1,1
MP00003537,MP00003537,2023-09-07,13:58:27,PL003,MIL0435622,x@x.com,9999123456,9999123451,9999123452,1,1
MP00003538,MP00003538,2023-09-07,13:58:27,PL010,MIL0524422,x@x.com,9999123456,9999123451,9999123452,1,1
MP00003539,MP00003539,2023-09-07,13:58:27,PL001,MIL0255200,x@x.com,9999123456,9999123451,9999123452,1,1
MP00003540,MP00003540,2023-09-07,13:58:27,PL002,MIL0333110,x@x.com,9999123456,9999123451,9999123452,1,1
MP00003541,MP00003541,2023-09-07,13:58:27,PL004,MIL0522244,x@x.com,9999123456,9999123451,9999123452,1,1
MP00003542,MP00003542,2023-09-07,13:58:27,PL007,MIL0380947,x@x.com,9999123456,9999123451,9999123452,1,1
MP00003543,MP00003543,2023-09-07,13:58:27,PL011,MIL0156990,x@x.com,9999123456,9999123451,9999123452,1,1
MP00003544,MP00003544,2023-09-07,13:58:27,PL009,MIL0055124,x@x.com,9999123456,9999123451,9999123452,1,1
MP00003545,MP00003545,2023-09-07,13:58:27,PL012,MIL0254921,x@x.com,9999123456,9999123451,9999123452,1,1
MP00003546,MP00003546,2023-09-07,13:58:27,PL008,MIL0349674,x@x.com,9999123456,9999123451,9999123452,1,1
MP00003547,MP00003547,2023-09-07,13:58:27,PL005,MIL0269577,x@x.com,9999123456,9999123451,9999123452,1,1
MP00003548,MP00003548,2023-09-07,13:58:27,PL008,MIL0340621,x@x.com,9999123456,9999123451,9999123452,1,1
MP00003549,MP00003549,2023-09-07,13:58:27,PL001,MIL0193248,x@x.com,9999123456,9999123451,9999123452,1,1
MP00003550,MP00003550,2023-09-07,13:58:27,PL013,MIL0529698,x@x.com,9999123456,9999123451,9999123452,1,1
MP00003551,MP00003551,2023-09-07,13:58:27,PL011,MIL0299066,x@x.com,9999123456,9999123451,9999123452,1,1
MP00003552,MP00003552,2023-09-07,13:58:27,PL010,MIL0519271,x@x.com,9999123456,9999123451,9999123452,1,1
MP00003553,MP00003553,2023-09-07,13:58:27,PL004,MIL0198776,x@x.com,9999123456,9999123451,9999123452,1,1
MP00003554,MP00003554,2023-09-07,13:58:27,PL012,MIL0221337,x@x.com,9999123456,9999123451,9999123452,1,1
MP00003555,MP00003555,2023-09-07,13:58:27,PL001,MIL0295537,x@x.com,9999123456,9999123451,9999123452,1,1
MP00003556,MP00003556,2023-09-07,13:58:27,PL011,MIL0029903,x@x.com,9999123456,9999123451,9999123452,1,1
MP00003557,MP00003557,2023-09-07,13:58:27,PL005,MIL0365984,x@x.com,9999123456,9999123451,9999123452,1,1
MP00003558,MP00003558,2023-09-07,13:58:27,PL007,MIL0164466,x@x.com,9999123456,9999123451,9999123452,1,1
MP00003559,MP00003559,2023-09-07,13:58:27,PL007,MIL0057875,x@x.com,9999123456,9999123451,9999123452,1,1
MP00003560,MP00003560,2023-09-07,13:58:27,PL002,MIL0052504,x@x.com,9999123456,9999123451,9999123452,1,1
MP00003561,MP00003561,2023-09-07,13:58:27,PL010,MIL0387399,x@x.com,9999123456,9999123451,9999123452,1,1
MP00003562,MP00003562,2023-09-07,13:58:27,PL006,MIL0530236,x@x.com,9999123456,9999123451,9999123452,1,1
MP00003563,MP00003563,2023-09-07,13:58:27,PL009,MIL0156055,x@x.com,9999123456,9999123451,9999123452,1,1
MP00003564,MP00003564,2023-09-07,13:58:27,PL005,MIL0490343,x@x.com,9999123456,9999123451,9999123452,1,1
MP00003565,MP00003565,2023-09-07,13:58:27,PL003,MIL0253613,x@x.com,9999123456,9999123451,9999123452,1,1
MP00003566,MP00003566,2023-09-07,13:58:27,PL006,MIL0191791,x@x.com,9999123456,9999123451,9999123452,1,1
MP00003567,MP00003567,2023-09-07,13:58:27,PL003,MIL0083712,x@x.com,9999123456,9999123451,9999123452,1,1
MP00003568,MP00003568,2023-09-07,13:58:27,PL012,MIL0547036,x@x.com,9999123456,9999123451,9999123452,1,1
MP00003569,MP00003569,2023-09-07,13:58:27,PL004,MIL0379128,x@x.com,9999123456,9999123451,9999123452,1,1
MP00003570,MP00003570,2023-09-07,13:58:27,PL012,MIL0482999,x@x.com,9999123456,9999123451,9999123452,1,1
MP00003571,MP00003571,2023-09-07,13:58:27,PL005,MIL0491985,x@x.com,9999123456,9999123451,9999123452,1,1
MP00003572,MP00003572,2023-09-07,13:58:27,PL010,MIL0337990,x@x.com,9999123456,9999123451,9999123452,1,1
MP00003573,MP00003573,2023-09-07,13:58:27,PL007,MIL0567878,x@x.com,9999123456,9999123451,9999123452,1,1
MP00003574,MP00003574,2023-09-07,13:58:27,PL010,MIL0233867,x@x.com,9999123456,9999123451,9999123452,1,1
MP00003575,MP00003575,2023-09-07,13:58:27,PL008,MIL0198095,x@x.com,9999123456,9999123451,9999123452,1,1
MP00003576,MP00003576,2023-09-07,13:58:27,PL013,MIL0193432,x@x.com,9999123456,9999123451,9999123452,1,1
MP00003577,MP00003577,2023-09-07,13:58:27,PL007,MIL0373295,x@x.com,9999123456,9999123451,9999123452,1,1
MP00003578,MP00003578,2023-09-07,13:58:27,PL011,MIL0067477,x@x.com,9999123456,9999123451,9999123452,1,1
MP00003579,MP00003579,2023-09-07,13:58:27,PL007,MIL0112278,x@x.com,9999123456,9999123451,9999123452,1,1
MP00003580,MP00003580,2023-09-07,13:58:27,PL007,MIL0335533,x@x.com,9999123456,9999123451,9999123452,1,1
MP00003581,MP00003581,2023-09-07,13:58:27,PL002,MIL0183755,x@x.com,9999123456,9999123451,9999123452,1,1
MP00003582,MP00003582,2023-09-07,13:58:27,PL012,MIL0250088,x@x.com,9999123456,9999123451,9999123452,1,1
MP00003583,MP00003583,2023-09-07,13:58:27,PL001,MIL0006077,x@x.com,9999123456,9999123451,9999123452,1,1
MP00003584,MP00003584,2023-09-07,13:58:27,PL013,MIL0465912,x@x.com,9999123456,9999123451,9999123452,1,1
MP00003585,MP00003585,2023-09-07,13:58:27,PL004,MIL0329431,x@x.com,9999123456,9999123451,9999123452,1,1
MP00003586,MP00003586,2023-09-07,13:58:27,PL005,MIL0062286,x@x.com,9999123456,9999123451,9999123452,1,1
MP00003587,MP00003587,2023-09-07,13:58:27,PL009,MIL0567042,x@x.com,9999123456,9999123451,9999123452,1,1
MP00003588,MP00003588,2023-09-07,13:58:27,PL001,MIL0568695,x@x.com,9999123456,9999123451,9999123452,1,1
MP00003589,MP00003589,2023-09-07,13:58:27,PL006,MIL0225575,x@x.com,9999123456,9999123451,9999123452,1,1
MP00003590,MP00003590,2023-09-07,13:58:27,PL009,MIL0396529,x@x.com,9999123456,9999123451,9999123452,1,1
MP00003591,MP00003591,2023-09-07,13:58:27,PL004,MIL0095442,x@x.com,9999123456,9999123451,9999123452,1,1
MP00003592,MP00003592,2023-09-07,13:58:27,PL010,MIL0205739,x@x.com,9999123456,9999123451,9999123452,1,1
MP00003593,MP00003593,2023-09-07,13:58:27,PL007,MIL0046101,x@x.com,9999123456,9999123451,9999123452,1,1
MP00003594,MP00003594,2023-09-07,13:58:27,PL007,MIL0575370,x@x.com,9999123456,9999123451,9999123452,1,1
MP00003595,MP00003595,2023-09-07,13:58:27,PL011,MIL0123809,x@x.com,9999123456,9999123451,9999123452,1,1
MP00003596,MP00003596,2023-09-07,13:58:27,PL008,MIL0062763,x@x.com,9999123456,9999123451,9999123452,1,1
MP00003597,MP00003597,2023-09-07,13:58:27,PL002,MIL0389743,x@x.com,9999123456,9999123451,9999123452,1,1
MP00003598,MP00003598,2023-09-07,13:58:27,PL008,MIL0379144,x@x.com,9999123456,9999123451,9999123452,1,1
MP00003599,MP00003599,2023-09-07,13:58:27,PL004,MIL0472264,x@x.com,9999123456,9999123451,9999123452,1,1
MP00003600,MP00003600,2023-09-07,13:58:27,PL010,MIL0453234,x@x.com,9999123456,9999123451,9999123452,1,1
MP00003601,MP00003601,2023-09-07,13:58:27,PL010,MIL0067821,x@x.com,9999123456,9999123451,9999123452,1,1
MP00003602,MP00003602,2023-09-07,13:58:27,PL012,MIL0255218,x@x.com,9999123456,9999123451,9999123452,1,1
MP00003603,MP00003603,2023-09-07,13:58:27,PL001,MIL0517542,x@x.com,9999123456,9999123451,9999123452,1,1
MP00003604,MP00003604,2023-09-07,13:58:27,PL005,MIL0006805,x@x.com,9999123456,9999123451,9999123452,1,1
MP00003605,MP00003605,2023-09-07,13:58:27,PL002,MIL0515929,x@x.com,9999123456,9999123451,9999123452,1,1
MP00003606,MP00003606,2023-09-07,13:58:27,PL007,MIL0537632,x@x.com,9999123456,9999123451,9999123452,1,1
MP00003607,MP00003607,2023-09-07,13:58:27,PL004,MIL0493755,x@x.com,9999123456,9999123451,9999123452,1,1
MP00003608,MP00003608,2023-09-07,13:58:27,PL013,MIL0144463,x@x.com,9999123456,9999123451,9999123452,1,1
MP00003609,MP00003609,2023-09-07,13:58:27,PL008,MIL0327998,x@x.com,9999123456,9999123451,9999123452,1,1
MP00003610,MP00003610,2023-09-07,13:58:27,PL010,MIL0470032,x@x.com,9999123456,9999123451,9999123452,1,1
MP00003611,MP00003611,2023-09-07,13:58:27,PL002,MIL0094916,x@x.com,9999123456,9999123451,9999123452,1,1
MP00003612,MP00003612,2023-09-07,13:58:27,PL006,MIL0534960,x@x.com,9999123456,9999123451,9999123452,1,1
MP00003613,MP00003613,2023-09-07,13:58:27,PL009,MIL0117156,x@x.com,9999123456,9999123451,9999123452,1,1
MP00003614,MP00003614,2023-09-07,13:58:27,PL005,MIL0042074,x@x.com,9999123456,9999123451,9999123452,1,1
MP00003615,MP00003615,2023-09-07,13:58:27,PL007,MIL0438044,x@x.com,9999123456,9999123451,9999123452,1,1
MP00003616,MP00003616,2023-09-07,13:58:27,PL013,MIL0215672,x@x.com,9999123456,9999123451,9999123452,1,1
MP00003617,MP00003617,2023-09-07,13:58:27,PL002,MIL0109397,x@x.com,9999123456,9999123451,9999123452,1,1
MP00003618,MP00003618,2023-09-07,13:58:27,PL010,MIL0557638,x@x.com,9999123456,9999123451,9999123452,1,1
MP00003619,MP00003619,2023-09-07,13:58:27,PL012,MIL0399795,x@x.com,9999123456,9999123451,9999123452,1,1
MP00003620,MP00003620,2023-09-07,13:58:27,PL008,MIL0288619,x@x.com,9999123456,9999123451,9999123452,1,1
MP00003621,MP00003621,2023-09-07,13:58:27,PL007,MIL0471019,x@x.com,9999123456,9999123451,9999123452,1,1
MP00003622,MP00003622,2023-09-07,13:58:27,PL001,MIL0340221,x@x.com,9999123456,9999123451,9999123452,1,1
MP00003623,MP00003623,2023-09-07,13:58:27,PL006,MIL0375720,x@x.com,9999123456,9999123451,9999123452,1,1
MP00003624,MP00003624,2023-09-07,13:58:27,PL002,MIL0442846,x@x.com,9999123456,9999123451,9999123452,1,1
MP00003625,MP00003625,2023-09-07,13:58:27,PL003,MIL0082410,x@x.com,9999123456,9999123451,9999123452,1,1
MP00003626,MP00003626,2023-09-07,13:58:27,PL007,MIL0573588,x@x.com,9999123456,9999123451,9999123452,1,1
MP00003627,MP00003627,2023-09-07,13:58:27,PL006,MIL0395093,x@x.com,9999123456,9999123451,9999123452,1,1
MP00003628,MP00003628,2023-09-07,13:58:27,PL007,MIL0336478,x@x.com,9999123456,9999123451,9999123452,1,1
MP00003629,MP00003629,2023-09-07,13:58:27,PL012,MIL0402532,x@x.com,9999123456,9999123451,9999123452,1,1
MP00003630,MP00003630,2023-09-07,13:58:27,PL001,MIL0305317,x@x.com,9999123456,9999123451,9999123452,1,1
MP00003631,MP00003631,2023-09-07,13:58:27,PL009,MIL0398463,x@x.com,9999123456,9999123451,9999123452,1,1
MP00003632,MP00003632,2023-09-07,13:58:27,PL001,MIL0091822,x@x.com,9999123456,9999123451,9999123452,1,1
MP00003633,MP00003633,2023-09-07,13:58:27,PL009,MIL0293419,x@x.com,9999123456,9999123451,9999123452,1,1
MP00003634,MP00003634,2023-09-07,13:58:27,PL008,MIL0035667,x@x.com,9999123456,9999123451,9999123452,1,1
MP00003635,MP00003635,2023-09-07,13:58:27,PL003,MIL0333905,x@x.com,9999123456,9999123451,9999123452,1,1
MP00003636,MP00003636,2023-09-07,13:58:27,PL006,MIL0107187,x@x.com,9999123456,9999123451,9999123452,1,1
MP00003637,MP00003637,2023-09-07,13:58:27,PL010,MIL0210643,x@x.com,9999123456,9999123451,9999123452,1,1
MP00003638,MP00003638,2023-09-07,13:58:27,PL005,MIL0438201,x@x.com,9999123456,9999123451,9999123452,1,1
MP00003639,MP00003639,2023-09-07,13:58:27,PL001,MIL0126608,x@x.com,9999123456,9999123451,9999123452,1,1
MP00003640,MP00003640,2023-09-07,13:58:27,PL003,MIL0560373,x@x.com,9999123456,9999123451,9999123452,1,1
MP00003641,MP00003641,2023-09-07,13:58:27,PL007,MIL0554864,x@x.com,9999123456,9999123451,9999123452,1,1
MP00003642,MP00003642,2023-09-07,13:58:27,PL013,MIL0423349,x@x.com,9999123456,9999123451,9999123452,1,1
MP00003643,MP00003643,2023-09-07,13:58:27,PL013,MIL0578440,x@x.com,9999123456,9999123451,9999123452,1,1
MP00003644,MP00003644,2023-09-07,13:58:27,PL012,MIL0363269,x@x.com,9999123456,9999123451,9999123452,1,1
MP00003645,MP00003645,2023-09-07,13:58:27,PL007,MIL0203032,x@x.com,9999123456,9999123451,9999123452,1,1
MP00003646,MP00003646,2023-09-07,13:58:27,PL001,MIL0096971,x@x.com,9999123456,9999123451,9999123452,1,1
MP00003647,MP00003647,2023-09-07,13:58:27,PL003,MIL0188429,x@x.com,9999123456,9999123451,9999123452,1,1
MP00003648,MP00003648,2023-09-07,13:58:27,PL001,MIL0096021,x@x.com,9999123456,9999123451,9999123452,1,1
MP00003649,MP00003649,2023-09-07,13:58:27,PL004,MIL0472134,x@x.com,9999123456,9999123451,9999123452,1,1
MP00003650,MP00003650,2023-09-07,13:58:27,PL003,MIL0149563,x@x.com,9999123456,9999123451,9999123452,1,1
MP00003651,MP00003651,2023-09-07,13:58:27,PL013,MIL0490576,x@x.com,9999123456,9999123451,9999123452,1,1
MP00003652,MP00003652,2023-09-07,13:58:27,PL001,MIL0429083,x@x.com,9999123456,9999123451,9999123452,1,1
MP00003653,MP00003653,2023-09-07,13:58:27,PL012,MIL0411773,x@x.com,9999123456,9999123451,9999123452,1,1
MP00003654,MP00003654,2023-09-07,13:58:27,PL009,MIL0142999,x@x.com,9999123456,9999123451,9999123452,1,1
MP00003655,MP00003655,2023-09-07,13:58:27,PL007,MIL0404965,x@x.com,9999123456,9999123451,9999123452,1,1
MP00003656,MP00003656,2023-09-07,13:58:27,PL010,MIL0206036,x@x.com,9999123456,9999123451,9999123452,1,1
MP00003657,MP00003657,2023-09-07,13:58:27,PL012,MIL0042480,x@x.com,9999123456,9999123451,9999123452,1,1
MP00003658,MP00003658,2023-09-07,13:58:27,PL010,MIL0498272,x@x.com,9999123456,9999123451,9999123452,1,1
MP00003659,MP00003659,2023-09-07,13:58:27,PL004,MIL0400195,x@x.com,9999123456,9999123451,9999123452,1,1
MP00003660,MP00003660,2023-09-07,13:58:27,PL008,MIL0340599,x@x.com,9999123456,9999123451,9999123452,1,1
MP00003661,MP00003661,2023-09-07,13:58:27,PL005,MIL0471002,x@x.com,9999123456,9999123451,9999123452,1,1
MP00003662,MP00003662,2023-09-07,13:58:27,PL002,MIL0103183,x@x.com,9999123456,9999123451,9999123452,1,1
MP00003663,MP00003663,2023-09-07,13:58:27,PL010,MIL0444553,x@x.com,9999123456,9999123451,9999123452,1,1
MP00003664,MP00003664,2023-09-07,13:58:27,PL010,MIL0317410,x@x.com,9999123456,9999123451,9999123452,1,1
MP00003665,MP00003665,2023-09-07,13:58:27,PL004,MIL0461988,x@x.com,9999123456,9999123451,9999123452,1,1
MP00003666,MP00003666,2023-09-07,13:58:27,PL009,MIL0371195,x@x.com,9999123456,9999123451,9999123452,1,1
MP00003667,MP00003667,2023-09-07,13:58:27,PL003,MIL0358165,x@x.com,9999123456,9999123451,9999123452,1,1
MP00003668,MP00003668,2023-09-07,13:58:27,PL013,MIL0178579,x@x.com,9999123456,9999123451,9999123452,1,1
MP00003669,MP00003669,2023-09-07,13:58:27,PL010,MIL0150569,x@x.com,9999123456,9999123451,9999123452,1,1
MP00003670,MP00003670,2023-09-07,13:58:27,PL009,MIL0575302,x@x.com,9999123456,9999123451,9999123452,1,1
MP00003671,MP00003671,2023-09-07,13:58:27,PL009,MIL0319440,x@x.com,9999123456,9999123451,9999123452,1,1
MP00003672,MP00003672,2023-09-07,13:58:27,PL011,MIL0256285,x@x.com,9999123456,9999123451,9999123452,1,1
MP00003673,MP00003673,2023-09-07,13:58:27,PL001,MIL0497203,x@x.com,9999123456,9999123451,9999123452,1,1
MP00003674,MP00003674,2023-09-07,13:58:27,PL009,MIL0426336,x@x.com,9999123456,9999123451,9999123452,1,1
MP00003675,MP00003675,2023-09-07,13:58:27,PL006,MIL0561235,x@x.com,9999123456,9999123451,9999123452,1,1
MP00003676,MP00003676,2023-09-07,13:58:27,PL006,MIL0223160,x@x.com,9999123456,9999123451,9999123452,1,1
MP00003677,MP00003677,2023-09-07,13:58:27,PL006,MIL0303062,x@x.com,9999123456,9999123451,9999123452,1,1
MP00003678,MP00003678,2023-09-07,13:58:27,PL008,MIL0438592,x@x.com,9999123456,9999123451,9999123452,1,1
MP00003679,MP00003679,2023-09-07,13:58:27,PL008,MIL0217027,x@x.com,9999123456,9999123451,9999123452,1,1
MP00003680,MP00003680,2023-09-07,13:58:27,PL010,MIL0523015,x@x.com,9999123456,9999123451,9999123452,1,1
MP00003681,MP00003681,2023-09-07,13:58:27,PL009,MIL0544199,x@x.com,9999123456,9999123451,9999123452,1,1
MP00003682,MP00003682,2023-09-07,13:58:27,PL012,MIL0348500,x@x.com,9999123456,9999123451,9999123452,1,1
MP00003683,MP00003683,2023-09-07,13:58:27,PL010,MIL0550347,x@x.com,9999123456,9999123451,9999123452,1,1
MP00003684,MP00003684,2023-09-07,13:58:27,PL006,MIL0341517,x@x.com,9999123456,9999123451,9999123452,1,1
MP00003685,MP00003685,2023-09-07,13:58:27,PL009,MIL0436717,x@x.com,9999123456,9999123451,9999123452,1,1
MP00003686,MP00003686,2023-09-07,13:58:27,PL008,MIL0165501,x@x.com,9999123456,9999123451,9999123452,1,1
MP00003687,MP00003687,2023-09-07,13:58:27,PL011,MIL0099607,x@x.com,9999123456,9999123451,9999123452,1,1
MP00003688,MP00003688,2023-09-07,13:58:27,PL001,MIL0542460,x@x.com,9999123456,9999123451,9999123452,1,1
MP00003689,MP00003689,2023-09-07,13:58:27,PL008,MIL0039030,x@x.com,9999123456,9999123451,9999123452,1,1
MP00003690,MP00003690,2023-09-07,13:58:27,PL004,MIL0120800,x@x.com,9999123456,9999123451,9999123452,1,1
MP00003691,MP00003691,2023-09-07,13:58:27,PL009,MIL0367491,x@x.com,9999123456,9999123451,9999123452,1,1
MP00003692,MP00003692,2023-09-07,13:58:27,PL004,MIL0047681,x@x.com,9999123456,9999123451,9999123452,1,1
MP00003693,MP00003693,2023-09-07,13:58:27,PL004,MIL0194069,x@x.com,9999123456,9999123451,9999123452,1,1
MP00003694,MP00003694,2023-09-07,13:58:27,PL011,MIL0140903,x@x.com,9999123456,9999123451,9999123452,1,1
MP00003695,MP00003695,2023-09-07,13:58:27,PL006,MIL0248176,x@x.com,9999123456,9999123451,9999123452,1,1
MP00003696,MP00003696,2023-09-07,13:58:27,PL007,MIL0032905,x@x.com,9999123456,9999123451,9999123452,1,1
MP00003697,MP00003697,2023-09-07,13:58:27,PL008,MIL0459132,x@x.com,9999123456,9999123451,9999123452,1,1
MP00003698,MP00003698,2023-09-07,13:58:27,PL011,MIL0145603,x@x.com,9999123456,9999123451,9999123452,1,1
MP00003699,MP00003699,2023-09-07,13:58:27,PL005,MIL0477884,x@x.com,9999123456,9999123451,9999123452,1,1
MP00003700,MP00003700,2023-09-07,13:58:27,PL007,MIL0529180,x@x.com,9999123456,9999123451,9999123452,1,1
MP00003701,MP00003701,2023-09-07,13:58:27,PL009,MIL0053532,x@x.com,9999123456,9999123451,9999123452,1,1
MP00003702,MP00003702,2023-09-07,13:58:27,PL008,MIL0235049,x@x.com,9999123456,9999123451,9999123452,1,1
MP00003703,MP00003703,2023-09-07,13:58:27,PL005,MIL0528029,x@x.com,9999123456,9999123451,9999123452,1,1
MP00003704,MP00003704,2023-09-07,13:58:27,PL010,MIL0036276,x@x.com,9999123456,9999123451,9999123452,1,1
MP00003705,MP00003705,2023-09-07,13:58:27,PL006,MIL0508609,x@x.com,9999123456,9999123451,9999123452,1,1
MP00003706,MP00003706,2023-09-07,13:58:27,PL007,MIL0366846,x@x.com,9999123456,9999123451,9999123452,1,1
MP00003707,MP00003707,2023-09-07,13:58:27,PL010,MIL0210919,x@x.com,9999123456,9999123451,9999123452,1,1
MP00003708,MP00003708,2023-09-07,13:58:27,PL012,MIL0572487,x@x.com,9999123456,9999123451,9999123452,1,1
MP00003709,MP00003709,2023-09-07,13:58:27,PL012,MIL0241521,x@x.com,9999123456,9999123451,9999123452,1,1
MP00003710,MP00003710,2023-09-07,13:58:27,PL008,MIL0066032,x@x.com,9999123456,9999123451,9999123452,1,1
MP00003711,MP00003711,2023-09-07,13:58:27,PL007,MIL0492945,x@x.com,9999123456,9999123451,9999123452,1,1
MP00003712,MP00003712,2023-09-07,13:58:27,PL005,MIL0112121,x@x.com,9999123456,9999123451,9999123452,1,1
MP00003713,MP00003713,2023-09-07,13:58:27,PL007,MIL0551917,x@x.com,9999123456,9999123451,9999123452,1,1
MP00003714,MP00003714,2023-09-07,13:58:27,PL003,MIL0059938,x@x.com,9999123456,9999123451,9999123452,1,1
MP00003715,MP00003715,2023-09-07,13:58:27,PL009,MIL0435105,x@x.com,9999123456,9999123451,9999123452,1,1
MP00003716,MP00003716,2023-09-07,13:58:27,PL006,MIL0091887,x@x.com,9999123456,9999123451,9999123452,1,1
MP00003717,MP00003717,2023-09-07,13:58:27,PL009,MIL0311714,x@x.com,9999123456,9999123451,9999123452,1,1
MP00003718,MP00003718,2023-09-07,13:58:27,PL011,MIL0403724,x@x.com,9999123456,9999123451,9999123452,1,1
MP00003719,MP00003719,2023-09-07,13:58:27,PL011,MIL0574757,x@x.com,9999123456,9999123451,9999123452,1,1
MP00003720,MP00003720,2023-09-07,13:58:27,PL003,MIL0080935,x@x.com,9999123456,9999123451,9999123452,1,1
MP00003721,MP00003721,2023-09-07,13:58:27,PL005,MIL0016706,x@x.com,9999123456,9999123451,9999123452,1,1
MP00003722,MP00003722,2023-09-07,13:58:27,PL010,MIL0258776,x@x.com,9999123456,9999123451,9999123452,1,1
MP00003723,MP00003723,2023-09-07,13:58:27,PL003,MIL0148222,x@x.com,9999123456,9999123451,9999123452,1,1
MP00003724,MP00003724,2023-09-07,13:58:27,PL007,MIL0107275,x@x.com,9999123456,9999123451,9999123452,1,1
MP00003725,MP00003725,2023-09-07,13:58:27,PL006,MIL0446441,x@x.com,9999123456,9999123451,9999123452,1,1
MP00003726,MP00003726,2023-09-07,13:58:27,PL005,MIL0064545,x@x.com,9999123456,9999123451,9999123452,1,1
MP00003727,MP00003727,2023-09-07,13:58:27,PL013,MIL0042220,x@x.com,9999123456,9999123451,9999123452,1,1
MP00003728,MP00003728,2023-09-07,13:58:27,PL004,MIL0372166,x@x.com,9999123456,9999123451,9999123452,1,1
MP00003729,MP00003729,2023-09-07,13:58:27,PL011,MIL0447838,x@x.com,9999123456,9999123451,9999123452,1,1
MP00003730,MP00003730,2023-09-07,13:58:27,PL011,MIL0466058,x@x.com,9999123456,9999123451,9999123452,1,1
MP00003731,MP00003731,2023-09-07,13:58:27,PL002,MIL0093937,x@x.com,9999123456,9999123451,9999123452,1,1
MP00003732,MP00003732,2023-09-07,13:58:27,PL008,MIL0167148,x@x.com,9999123456,9999123451,9999123452,1,1
MP00003733,MP00003733,2023-09-07,13:58:27,PL012,MIL0526919,x@x.com,9999123456,9999123451,9999123452,1,1
MP00003734,MP00003734,2023-09-07,13:58:27,PL011,MIL0281650,x@x.com,9999123456,9999123451,9999123452,1,1
MP00003735,MP00003735,2023-09-07,13:58:27,PL012,MIL0403819,x@x.com,9999123456,9999123451,9999123452,1,1
MP00003736,MP00003736,2023-09-07,13:58:27,PL011,MIL0517921,x@x.com,9999123456,9999123451,9999123452,1,1
MP00003737,MP00003737,2023-09-07,13:58:27,PL001,MIL0511089,x@x.com,9999123456,9999123451,9999123452,1,1
MP00003738,MP00003738,2023-09-07,13:58:27,PL007,MIL0506523,x@x.com,9999123456,9999123451,9999123452,1,1
MP00003739,MP00003739,2023-09-07,13:58:27,PL003,MIL0295994,x@x.com,9999123456,9999123451,9999123452,1,1
MP00003740,MP00003740,2023-09-07,13:58:27,PL010,MIL0405795,x@x.com,9999123456,9999123451,9999123452,1,1
MP00003741,MP00003741,2023-09-07,13:58:27,PL012,MIL0290860,x@x.com,9999123456,9999123451,9999123452,1,1
MP00003742,MP00003742,2023-09-07,13:58:27,PL007,MIL0361317,x@x.com,9999123456,9999123451,9999123452,1,1
MP00003743,MP00003743,2023-09-07,13:58:27,PL007,MIL0009422,x@x.com,9999123456,9999123451,9999123452,1,1
MP00003744,MP00003744,2023-09-07,13:58:27,PL002,MIL0315585,x@x.com,9999123456,9999123451,9999123452,1,1
MP00003745,MP00003745,2023-09-07,13:58:27,PL010,MIL0219145,x@x.com,9999123456,9999123451,9999123452,1,1
MP00003746,MP00003746,2023-09-07,13:58:27,PL013,MIL0164505,x@x.com,9999123456,9999123451,9999123452,1,1
MP00003747,MP00003747,2023-09-07,13:58:27,PL001,MIL0573284,x@x.com,9999123456,9999123451,9999123452,1,1
MP00003748,MP00003748,2023-09-07,13:58:27,PL009,MIL0487206,x@x.com,9999123456,9999123451,9999123452,1,1
MP00003749,MP00003749,2023-09-07,13:58:27,PL008,MIL0552482,x@x.com,9999123456,9999123451,9999123452,1,1
MP00003750,MP00003750,2023-09-07,13:58:27,PL011,MIL0285150,x@x.com,9999123456,9999123451,9999123452,1,1
MP00003751,MP00003751,2023-09-07,13:58:27,PL008,MIL0499554,x@x.com,9999123456,9999123451,9999123452,1,1
MP00003752,MP00003752,2023-09-07,13:58:27,PL009,MIL0349029,x@x.com,9999123456,9999123451,9999123452,1,1
MP00003753,MP00003753,2023-09-07,13:58:27,PL011,MIL0210882,x@x.com,9999123456,9999123451,9999123452,1,1
MP00003754,MP00003754,2023-09-07,13:58:27,PL002,MIL0433348,x@x.com,9999123456,9999123451,9999123452,1,1
MP00003755,MP00003755,2023-09-07,13:58:27,PL008,MIL0430550,x@x.com,9999123456,9999123451,9999123452,1,1
MP00003756,MP00003756,2023-09-07,13:58:27,PL009,MIL0287578,x@x.com,9999123456,9999123451,9999123452,1,1
MP00003757,MP00003757,2023-09-07,13:58:27,PL004,MIL0390240,x@x.com,9999123456,9999123451,9999123452,1,1
MP00003758,MP00003758,2023-09-07,13:58:27,PL011,MIL0145211,x@x.com,9999123456,9999123451,9999123452,1,1
MP00003759,MP00003759,2023-09-07,13:58:27,PL004,MIL0184143,x@x.com,9999123456,9999123451,9999123452,1,1
MP00003760,MP00003760,2023-09-07,13:58:27,PL006,MIL0302641,x@x.com,9999123456,9999123451,9999123452,1,1
MP00003761,MP00003761,2023-09-07,13:58:27,PL001,MIL0163436,x@x.com,9999123456,9999123451,9999123452,1,1
MP00003762,MP00003762,2023-09-07,13:58:27,PL012,MIL0080525,x@x.com,9999123456,9999123451,9999123452,1,1
MP00003763,MP00003763,2023-09-07,13:58:27,PL013,MIL0003365,x@x.com,9999123456,9999123451,9999123452,1,1
MP00003764,MP00003764,2023-09-07,13:58:27,PL002,MIL0473854,x@x.com,9999123456,9999123451,9999123452,1,1
MP00003765,MP00003765,2023-09-07,13:58:27,PL005,MIL0415657,x@x.com,9999123456,9999123451,9999123452,1,1
MP00003766,MP00003766,2023-09-07,13:58:27,PL012,MIL0030815,x@x.com,9999123456,9999123451,9999123452,1,1
MP00003767,MP00003767,2023-09-07,13:58:27,PL011,MIL0566831,x@x.com,9999123456,9999123451,9999123452,1,1
MP00003768,MP00003768,2023-09-07,13:58:27,PL007,MIL0354249,x@x.com,9999123456,9999123451,9999123452,1,1
MP00003769,MP00003769,2023-09-07,13:58:27,PL004,MIL0429225,x@x.com,9999123456,9999123451,9999123452,1,1
MP00003770,MP00003770,2023-09-07,13:58:27,PL008,MIL0524235,x@x.com,9999123456,9999123451,9999123452,1,1
MP00003771,MP00003771,2023-09-07,13:58:27,PL002,MIL0174967,x@x.com,9999123456,9999123451,9999123452,1,1
MP00003772,MP00003772,2023-09-07,13:58:27,PL008,MIL0078074,x@x.com,9999123456,9999123451,9999123452,1,1
MP00003773,MP00003773,2023-09-07,13:58:27,PL005,MIL0160335,x@x.com,9999123456,9999123451,9999123452,1,1
MP00003774,MP00003774,2023-09-07,13:58:27,PL003,MIL0073737,x@x.com,9999123456,9999123451,9999123452,1,1
MP00003775,MP00003775,2023-09-07,13:58:27,PL003,MIL0439670,x@x.com,9999123456,9999123451,9999123452,1,1
MP00003776,MP00003776,2023-09-07,13:58:27,PL007,MIL0020513,x@x.com,9999123456,9999123451,9999123452,1,1
MP00003777,MP00003777,2023-09-07,13:58:27,PL007,MIL0107755,x@x.com,9999123456,9999123451,9999123452,1,1
MP00003778,MP00003778,2023-09-07,13:58:27,PL004,MIL0473453,x@x.com,9999123456,9999123451,9999123452,1,1
MP00003779,MP00003779,2023-09-07,13:58:27,PL008,MIL0424659,x@x.com,9999123456,9999123451,9999123452,1,1
MP00003780,MP00003780,2023-09-07,13:58:27,PL013,MIL0158015,x@x.com,9999123456,9999123451,9999123452,1,1
MP00003781,MP00003781,2023-09-07,13:58:27,PL010,MIL0107562,x@x.com,9999123456,9999123451,9999123452,1,1
MP00003782,MP00003782,2023-09-07,13:58:27,PL002,MIL0010196,x@x.com,9999123456,9999123451,9999123452,1,1
MP00003783,MP00003783,2023-09-07,13:58:27,PL012,MIL0510821,x@x.com,9999123456,9999123451,9999123452,1,1
MP00003784,MP00003784,2023-09-07,13:58:27,PL001,MIL0300137,x@x.com,9999123456,9999123451,9999123452,1,1
MP00003785,MP00003785,2023-09-07,13:58:27,PL004,MIL0550909,x@x.com,9999123456,9999123451,9999123452,1,1
MP00003786,MP00003786,2023-09-07,13:58:27,PL006,MIL0566788,x@x.com,9999123456,9999123451,9999123452,1,1
MP00003787,MP00003787,2023-09-07,13:58:27,PL006,MIL0187363,x@x.com,9999123456,9999123451,9999123452,1,1
MP00003788,MP00003788,2023-09-07,13:58:27,PL008,MIL0511188,x@x.com,9999123456,9999123451,9999123452,1,1
MP00003789,MP00003789,2023-09-07,13:58:27,PL005,MIL0574620,x@x.com,9999123456,9999123451,9999123452,1,1
MP00003790,MP00003790,2023-09-07,13:58:27,PL002,MIL0013194,x@x.com,9999123456,9999123451,9999123452,1,1
MP00003791,MP00003791,2023-09-07,13:58:27,PL003,MIL0254657,x@x.com,9999123456,9999123451,9999123452,1,1
MP00003792,MP00003792,2023-09-07,13:58:27,PL011,MIL0118494,x@x.com,9999123456,9999123451,9999123452,1,1
MP00003793,MP00003793,2023-09-07,13:58:27,PL002,MIL0196511,x@x.com,9999123456,9999123451,9999123452,1,1
MP00003794,MP00003794,2023-09-07,13:58:27,PL012,MIL0267155,x@x.com,9999123456,9999123451,9999123452,1,1
MP00003795,MP00003795,2023-09-07,13:58:27,PL006,MIL0351003,x@x.com,9999123456,9999123451,9999123452,1,1
MP00003796,MP00003796,2023-09-07,13:58:27,PL006,MIL0480290,x@x.com,9999123456,9999123451,9999123452,1,1
MP00003797,MP00003797,2023-09-07,13:58:27,PL008,MIL0257476,x@x.com,9999123456,9999123451,9999123452,1,1
MP00003798,MP00003798,2023-09-07,13:58:27,PL006,MIL0471461,x@x.com,9999123456,9999123451,9999123452,1,1
MP00003799,MP00003799,2023-09-07,13:58:27,PL005,MIL0142778,x@x.com,9999123456,9999123451,9999123452,1,1
MP00003800,MP00003800,2023-09-07,13:58:27,PL004,MIL0030618,x@x.com,9999123456,9999123451,9999123452,1,1
MP00003801,MP00003801,2023-09-07,13:58:27,PL001,MIL0229338,x@x.com,9999123456,9999123451,9999123452,1,1
MP00003802,MP00003802,2023-09-07,13:58:27,PL011,MIL0359606,x@x.com,9999123456,9999123451,9999123452,1,1
MP00003803,MP00003803,2023-09-07,13:58:27,PL004,MIL0299413,x@x.com,9999123456,9999123451,9999123452,1,1
MP00003804,MP00003804,2023-09-07,13:58:27,PL013,MIL0538808,x@x.com,9999123456,9999123451,9999123452,1,1
MP00003805,MP00003805,2023-09-07,13:58:27,PL006,MIL0115269,x@x.com,9999123456,9999123451,9999123452,1,1
MP00003806,MP00003806,2023-09-07,13:58:27,PL008,MIL0104092,x@x.com,9999123456,9999123451,9999123452,1,1
MP00003807,MP00003807,2023-09-07,13:58:27,PL005,MIL0549878,x@x.com,9999123456,9999123451,9999123452,1,1
MP00003808,MP00003808,2023-09-07,13:58:27,PL008,MIL0573786,x@x.com,9999123456,9999123451,9999123452,1,1
MP00003809,MP00003809,2023-09-07,13:58:27,PL001,MIL0226389,x@x.com,9999123456,9999123451,9999123452,1,1
MP00003810,MP00003810,2023-09-07,13:58:27,PL007,MIL0270380,x@x.com,9999123456,9999123451,9999123452,1,1
MP00003811,MP00003811,2023-09-07,13:58:27,PL002,MIL0510323,x@x.com,9999123456,9999123451,9999123452,1,1
MP00003812,MP00003812,2023-09-07,13:58:27,PL013,MIL0372222,x@x.com,9999123456,9999123451,9999123452,1,1
MP00003813,MP00003813,2023-09-07,13:58:27,PL007,MIL0469305,x@x.com,9999123456,9999123451,9999123452,1,1
MP00003814,MP00003814,2023-09-07,13:58:27,PL002,MIL0281102,x@x.com,9999123456,9999123451,9999123452,1,1
MP00003815,MP00003815,2023-09-07,13:58:27,PL005,MIL0427951,x@x.com,9999123456,9999123451,9999123452,1,1
MP00003816,MP00003816,2023-09-07,13:58:27,PL001,MIL0368840,x@x.com,9999123456,9999123451,9999123452,1,1
MP00003817,MP00003817,2023-09-07,13:58:27,PL010,MIL0520017,x@x.com,9999123456,9999123451,9999123452,1,1
MP00003818,MP00003818,2023-09-07,13:58:27,PL003,MIL0574779,x@x.com,9999123456,9999123451,9999123452,1,1
MP00003819,MP00003819,2023-09-07,13:58:27,PL010,MIL0456088,x@x.com,9999123456,9999123451,9999123452,1,1
MP00003820,MP00003820,2023-09-07,13:58:27,PL007,MIL0433235,x@x.com,9999123456,9999123451,9999123452,1,1
MP00003821,MP00003821,2023-09-07,13:58:27,PL002,MIL0247644,x@x.com,9999123456,9999123451,9999123452,1,1
MP00003822,MP00003822,2023-09-07,13:58:27,PL005,MIL0082653,x@x.com,9999123456,9999123451,9999123452,1,1
MP00003823,MP00003823,2023-09-07,13:58:27,PL007,MIL0104996,x@x.com,9999123456,9999123451,9999123452,1,1
MP00003824,MP00003824,2023-09-07,13:58:27,PL004,MIL0447113,x@x.com,9999123456,9999123451,9999123452,1,1
MP00003825,MP00003825,2023-09-07,13:58:27,PL013,MIL0023905,x@x.com,9999123456,9999123451,9999123452,1,1
MP00003826,MP00003826,2023-09-07,13:58:27,PL006,MIL0244446,x@x.com,9999123456,9999123451,9999123452,1,1
MP00003827,MP00003827,2023-09-07,13:58:27,PL008,MIL0571243,x@x.com,9999123456,9999123451,9999123452,1,1
MP00003828,MP00003828,2023-09-07,13:58:27,PL012,MIL0150179,x@x.com,9999123456,9999123451,9999123452,1,1
MP00003829,MP00003829,2023-09-07,13:58:27,PL005,MIL0156972,x@x.com,9999123456,9999123451,9999123452,1,1
MP00003830,MP00003830,2023-09-07,13:58:27,PL006,MIL0544572,x@x.com,9999123456,9999123451,9999123452,1,1
MP00003831,MP00003831,2023-09-07,13:58:27,PL010,MIL0417812,x@x.com,9999123456,9999123451,9999123452,1,1
MP00003832,MP00003832,2023-09-07,13:58:27,PL007,MIL0169745,x@x.com,9999123456,9999123451,9999123452,1,1
MP00003833,MP00003833,2023-09-07,13:58:27,PL006,MIL0333050,x@x.com,9999123456,9999123451,9999123452,1,1
MP00003834,MP00003834,2023-09-07,13:58:27,PL012,MIL0189282,x@x.com,9999123456,9999123451,9999123452,1,1
MP00003835,MP00003835,2023-09-07,13:58:27,PL009,MIL0367784,x@x.com,9999123456,9999123451,9999123452,1,1
MP00003836,MP00003836,2023-09-07,13:58:27,PL005,MIL0253881,x@x.com,9999123456,9999123451,9999123452,1,1
MP00003837,MP00003837,2023-09-07,13:58:27,PL002,MIL0140188,x@x.com,9999123456,9999123451,9999123452,1,1
MP00003838,MP00003838,2023-09-07,13:58:27,PL005,MIL0466738,x@x.com,9999123456,9999123451,9999123452,1,1
MP00003839,MP00003839,2023-09-07,13:58:27,PL010,MIL0525022,x@x.com,9999123456,9999123451,9999123452,1,1
MP00003840,MP00003840,2023-09-07,13:58:27,PL008,MIL0041813,x@x.com,9999123456,9999123451,9999123452,1,1
MP00003841,MP00003841,2023-09-07,13:58:27,PL006,MIL0048261,x@x.com,9999123456,9999123451,9999123452,1,1
MP00003842,MP00003842,2023-09-07,13:58:27,PL005,MIL0286227,x@x.com,9999123456,9999123451,9999123452,1,1
MP00003843,MP00003843,2023-09-07,13:58:27,PL005,MIL0329292,x@x.com,9999123456,9999123451,9999123452,1,1
MP00003844,MP00003844,2023-09-07,13:58:27,PL007,MIL0539833,x@x.com,9999123456,9999123451,9999123452,1,1
MP00003845,MP00003845,2023-09-07,13:58:27,PL011,MIL0390148,x@x.com,9999123456,9999123451,9999123452,1,1
MP00003846,MP00003846,2023-09-07,13:58:27,PL011,MIL0553828,x@x.com,9999123456,9999123451,9999123452,1,1
MP00003847,MP00003847,2023-09-07,13:58:27,PL004,MIL0153669,x@x.com,9999123456,9999123451,9999123452,1,1
MP00003848,MP00003848,2023-09-07,13:58:27,PL005,MIL0053378,x@x.com,9999123456,9999123451,9999123452,1,1
MP00003849,MP00003849,2023-09-07,13:58:27,PL001,MIL0429962,x@x.com,9999123456,9999123451,9999123452,1,1
MP00003850,MP00003850,2023-09-07,13:58:27,PL001,MIL0557675,x@x.com,9999123456,9999123451,9999123452,1,1
MP00003851,MP00003851,2023-09-07,13:58:27,PL011,MIL0482101,x@x.com,9999123456,9999123451,9999123452,1,1
MP00003852,MP00003852,2023-09-07,13:58:27,PL005,MIL0275180,x@x.com,9999123456,9999123451,9999123452,1,1
MP00003853,MP00003853,2023-09-07,13:58:27,PL004,MIL0269467,x@x.com,9999123456,9999123451,9999123452,1,1
MP00003854,MP00003854,2023-09-07,13:58:27,PL006,MIL0143218,x@x.com,9999123456,9999123451,9999123452,1,1
MP00003855,MP00003855,2023-09-07,13:58:27,PL006,MIL0510857,x@x.com,9999123456,9999123451,9999123452,1,1
MP00003856,MP00003856,2023-09-07,13:58:27,PL005,MIL0475239,x@x.com,9999123456,9999123451,9999123452,1,1
MP00003857,MP00003857,2023-09-07,13:58:27,PL004,MIL0132101,x@x.com,9999123456,9999123451,9999123452,1,1
MP00003858,MP00003858,2023-09-07,13:58:27,PL009,MIL0334819,x@x.com,9999123456,9999123451,9999123452,1,1
MP00003859,MP00003859,2023-09-07,13:58:27,PL004,MIL0466923,x@x.com,9999123456,9999123451,9999123452,1,1
MP00003860,MP00003860,2023-09-07,13:58:27,PL012,MIL0344842,x@x.com,9999123456,9999123451,9999123452,1,1
MP00003861,MP00003861,2023-09-07,13:58:27,PL013,MIL0139850,x@x.com,9999123456,9999123451,9999123452,1,1
MP00003862,MP00003862,2023-09-07,13:58:27,PL005,MIL0315895,x@x.com,9999123456,9999123451,9999123452,1,1
MP00003863,MP00003863,2023-09-07,13:58:27,PL010,MIL0326668,x@x.com,9999123456,9999123451,9999123452,1,1
MP00003864,MP00003864,2023-09-07,13:58:27,PL005,MIL0468245,x@x.com,9999123456,9999123451,9999123452,1,1
MP00003865,MP00003865,2023-09-07,13:58:27,PL004,MIL0487571,x@x.com,9999123456,9999123451,9999123452,1,1
MP00003866,MP00003866,2023-09-07,13:58:27,PL005,MIL0366728,x@x.com,9999123456,9999123451,9999123452,1,1
MP00003867,MP00003867,2023-09-07,13:58:27,PL002,MIL0248069,x@x.com,9999123456,9999123451,9999123452,1,1
MP00003868,MP00003868,2023-09-07,13:58:27,PL012,MIL0511164,x@x.com,9999123456,9999123451,9999123452,1,1
MP00003869,MP00003869,2023-09-07,13:58:27,PL013,MIL0360004,x@x.com,9999123456,9999123451,9999123452,1,1
MP00003870,MP00003870,2023-09-07,13:58:27,PL005,MIL0439939,x@x.com,9999123456,9999123451,9999123452,1,1
MP00003871,MP00003871,2023-09-07,13:58:27,PL007,MIL0339126,x@x.com,9999123456,9999123451,9999123452,1,1
MP00003872,MP00003872,2023-09-07,13:58:27,PL010,MIL0306217,x@x.com,9999123456,9999123451,9999123452,1,1
MP00003873,MP00003873,2023-09-07,13:58:27,PL004,MIL0491607,x@x.com,9999123456,9999123451,9999123452,1,1
MP00003874,MP00003874,2023-09-07,13:58:27,PL010,MIL0578809,x@x.com,9999123456,9999123451,9999123452,1,1
MP00003875,MP00003875,2023-09-07,13:58:27,PL013,MIL0013404,x@x.com,9999123456,9999123451,9999123452,1,1
MP00003876,MP00003876,2023-09-07,13:58:27,PL007,MIL0201428,x@x.com,9999123456,9999123451,9999123452,1,1
MP00003877,MP00003877,2023-09-07,13:58:27,PL001,MIL0349687,x@x.com,9999123456,9999123451,9999123452,1,1
MP00003878,MP00003878,2023-09-07,13:58:27,PL007,MIL0127579,x@x.com,9999123456,9999123451,9999123452,1,1
MP00003879,MP00003879,2023-09-07,13:58:27,PL007,MIL0362057,x@x.com,9999123456,9999123451,9999123452,1,1
MP00003880,MP00003880,2023-09-07,13:58:27,PL013,MIL0097937,x@x.com,9999123456,9999123451,9999123452,1,1
MP00003881,MP00003881,2023-09-07,13:58:27,PL011,MIL0198318,x@x.com,9999123456,9999123451,9999123452,1,1
MP00003882,MP00003882,2023-09-07,13:58:27,PL012,MIL0188862,x@x.com,9999123456,9999123451,9999123452,1,1
MP00003883,MP00003883,2023-09-07,13:58:27,PL003,MIL0184315,x@x.com,9999123456,9999123451,9999123452,1,1
MP00003884,MP00003884,2023-09-07,13:58:27,PL011,MIL0343296,x@x.com,9999123456,9999123451,9999123452,1,1
MP00003885,MP00003885,2023-09-07,13:58:27,PL006,MIL0087637,x@x.com,9999123456,9999123451,9999123452,1,1
MP00003886,MP00003886,2023-09-07,13:58:27,PL007,MIL0493203,x@x.com,9999123456,9999123451,9999123452,1,1
MP00003887,MP00003887,2023-09-07,13:58:27,PL002,MIL0025557,x@x.com,9999123456,9999123451,9999123452,1,1
MP00003888,MP00003888,2023-09-07,13:58:27,PL010,MIL0265344,x@x.com,9999123456,9999123451,9999123452,1,1
MP00003889,MP00003889,2023-09-07,13:58:27,PL005,MIL0472808,x@x.com,9999123456,9999123451,9999123452,1,1
MP00003890,MP00003890,2023-09-07,13:58:27,PL006,MIL0102320,x@x.com,9999123456,9999123451,9999123452,1,1
MP00003891,MP00003891,2023-09-07,13:58:27,PL008,MIL0330387,x@x.com,9999123456,9999123451,9999123452,1,1
MP00003892,MP00003892,2023-09-07,13:58:27,PL012,MIL0081256,x@x.com,9999123456,9999123451,9999123452,1,1
MP00003893,MP00003893,2023-09-07,13:58:27,PL003,MIL0116358,x@x.com,9999123456,9999123451,9999123452,1,1
MP00003894,MP00003894,2023-09-07,13:58:27,PL004,MIL0352120,x@x.com,9999123456,9999123451,9999123452,1,1
MP00003895,MP00003895,2023-09-07,13:58:27,PL003,MIL0164560,x@x.com,9999123456,9999123451,9999123452,1,1
MP00003896,MP00003896,2023-09-07,13:58:27,PL007,MIL0292407,x@x.com,9999123456,9999123451,9999123452,1,1
MP00003897,MP00003897,2023-09-07,13:58:27,PL011,MIL0304394,x@x.com,9999123456,9999123451,9999123452,1,1
MP00003898,MP00003898,2023-09-07,13:58:27,PL008,MIL0136375,x@x.com,9999123456,9999123451,9999123452,1,1
MP00003899,MP00003899,2023-09-07,13:58:27,PL002,MIL0336430,x@x.com,9999123456,9999123451,9999123452,1,1
MP00003900,MP00003900,2023-09-07,13:58:27,PL007,MIL0062446,x@x.com,9999123456,9999123451,9999123452,1,1
MP00003901,MP00003901,2023-09-07,13:58:27,PL012,MIL0277677,x@x.com,9999123456,9999123451,9999123452,1,1
MP00003902,MP00003902,2023-09-07,13:58:27,PL006,MIL0249188,x@x.com,9999123456,9999123451,9999123452,1,1
MP00003903,MP00003903,2023-09-07,13:58:27,PL013,MIL0143552,x@x.com,9999123456,9999123451,9999123452,1,1
MP00003904,MP00003904,2023-09-07,13:58:27,PL002,MIL0102914,x@x.com,9999123456,9999123451,9999123452,1,1
MP00003905,MP00003905,2023-09-07,13:58:27,PL012,MIL0413485,x@x.com,9999123456,9999123451,9999123452,1,1
MP00003906,MP00003906,2023-09-07,13:58:27,PL007,MIL0354594,x@x.com,9999123456,9999123451,9999123452,1,1
MP00003907,MP00003907,2023-09-07,13:58:27,PL001,MIL0237938,x@x.com,9999123456,9999123451,9999123452,1,1
MP00003908,MP00003908,2023-09-07,13:58:27,PL002,MIL0507778,x@x.com,9999123456,9999123451,9999123452,1,1
MP00003909,MP00003909,2023-09-07,13:58:27,PL004,MIL0485801,x@x.com,9999123456,9999123451,9999123452,1,1
MP00003910,MP00003910,2023-09-07,13:58:27,PL002,MIL0437744,x@x.com,9999123456,9999123451,9999123452,1,1
MP00003911,MP00003911,2023-09-07,13:58:27,PL007,MIL0134670,x@x.com,9999123456,9999123451,9999123452,1,1
MP00003912,MP00003912,2023-09-07,13:58:27,PL003,MIL0357776,x@x.com,9999123456,9999123451,9999123452,1,1
MP00003913,MP00003913,2023-09-07,13:58:27,PL008,MIL0361349,x@x.com,9999123456,9999123451,9999123452,1,1
MP00003914,MP00003914,2023-09-07,13:58:27,PL009,MIL0418002,x@x.com,9999123456,9999123451,9999123452,1,1
MP00003915,MP00003915,2023-09-07,13:58:27,PL009,MIL0507128,x@x.com,9999123456,9999123451,9999123452,1,1
MP00003916,MP00003916,2023-09-07,13:58:27,PL002,MIL0121856,x@x.com,9999123456,9999123451,9999123452,1,1
MP00003917,MP00003917,2023-09-07,13:58:27,PL003,MIL0186573,x@x.com,9999123456,9999123451,9999123452,1,1
MP00003918,MP00003918,2023-09-07,13:58:27,PL012,MIL0234583,x@x.com,9999123456,9999123451,9999123452,1,1
MP00003919,MP00003919,2023-09-07,13:58:27,PL001,MIL0324933,x@x.com,9999123456,9999123451,9999123452,1,1
MP00003920,MP00003920,2023-09-07,13:58:27,PL007,MIL0457833,x@x.com,9999123456,9999123451,9999123452,1,1
MP00003921,MP00003921,2023-09-07,13:58:27,PL012,MIL0389350,x@x.com,9999123456,9999123451,9999123452,1,1
MP00003922,MP00003922,2023-09-07,13:58:27,PL004,MIL0317394,x@x.com,9999123456,9999123451,9999123452,1,1
MP00003923,MP00003923,2023-09-07,13:58:27,PL005,MIL0483716,x@x.com,9999123456,9999123451,9999123452,1,1
MP00003924,MP00003924,2023-09-07,13:58:27,PL011,MIL0049523,x@x.com,9999123456,9999123451,9999123452,1,1
MP00003925,MP00003925,2023-09-07,13:58:27,PL013,MIL0408676,x@x.com,9999123456,9999123451,9999123452,1,1
MP00003926,MP00003926,2023-09-07,13:58:27,PL009,MIL0270748,x@x.com,9999123456,9999123451,9999123452,1,1
MP00003927,MP00003927,2023-09-07,13:58:27,PL006,MIL0376565,x@x.com,9999123456,9999123451,9999123452,1,1
MP00003928,MP00003928,2023-09-07,13:58:27,PL004,MIL0447948,x@x.com,9999123456,9999123451,9999123452,1,1
MP00003929,MP00003929,2023-09-07,13:58:27,PL006,MIL0186559,x@x.com,9999123456,9999123451,9999123452,1,1
MP00003930,MP00003930,2023-09-07,13:58:27,PL004,MIL0337984,x@x.com,9999123456,9999123451,9999123452,1,1
MP00003931,MP00003931,2023-09-07,13:58:27,PL004,MIL0017950,x@x.com,9999123456,9999123451,9999123452,1,1
MP00003932,MP00003932,2023-09-07,13:58:27,PL004,MIL0184351,x@x.com,9999123456,9999123451,9999123452,1,1
MP00003933,MP00003933,2023-09-07,13:58:27,PL006,MIL0275435,x@x.com,9999123456,9999123451,9999123452,1,1
MP00003934,MP00003934,2023-09-07,13:58:27,PL003,MIL0173170,x@x.com,9999123456,9999123451,9999123452,1,1
MP00003935,MP00003935,2023-09-07,13:58:27,PL012,MIL0399852,x@x.com,9999123456,9999123451,9999123452,1,1
MP00003936,MP00003936,2023-09-07,13:58:27,PL008,MIL0132498,x@x.com,9999123456,9999123451,9999123452,1,1
MP00003937,MP00003937,2023-09-07,13:58:27,PL005,MIL0200556,x@x.com,9999123456,9999123451,9999123452,1,1
MP00003938,MP00003938,2023-09-07,13:58:27,PL007,MIL0484989,x@x.com,9999123456,9999123451,9999123452,1,1
MP00003939,MP00003939,2023-09-07,13:58:27,PL009,MIL0290842,x@x.com,9999123456,9999123451,9999123452,1,1
MP00003940,MP00003940,2023-09-07,13:58:27,PL006,MIL0088332,x@x.com,9999123456,9999123451,9999123452,1,1
MP00003941,MP00003941,2023-09-07,13:58:27,PL012,MIL0563933,x@x.com,9999123456,9999123451,9999123452,1,1
MP00003942,MP00003942,2023-09-07,13:58:27,PL003,MIL0120093,x@x.com,9999123456,9999123451,9999123452,1,1
MP00003943,MP00003943,2023-09-07,13:58:27,PL004,MIL0395265,x@x.com,9999123456,9999123451,9999123452,1,1
MP00003944,MP00003944,2023-09-07,13:58:27,PL011,MIL0076798,x@x.com,9999123456,9999123451,9999123452,1,1
MP00003945,MP00003945,2023-09-07,13:58:27,PL011,MIL0507653,x@x.com,9999123456,9999123451,9999123452,1,1
MP00003946,MP00003946,2023-09-07,13:58:27,PL006,MIL0182315,x@x.com,9999123456,9999123451,9999123452,1,1
MP00003947,MP00003947,2023-09-07,13:58:27,PL003,MIL0525301,x@x.com,9999123456,9999123451,9999123452,1,1
MP00003948,MP00003948,2023-09-07,13:58:27,PL010,MIL0024903,x@x.com,9999123456,9999123451,9999123452,1,1
MP00003949,MP00003949,2023-09-07,13:58:27,PL005,MIL0432965,x@x.com,9999123456,9999123451,9999123452,1,1
MP00003950,MP00003950,2023-09-07,13:58:27,PL003,MIL0345347,x@x.com,9999123456,9999123451,9999123452,1,1
MP00003951,MP00003951,2023-09-07,13:58:27,PL006,MIL0138325,x@x.com,9999123456,9999123451,9999123452,1,1
MP00003952,MP00003952,2023-09-07,13:58:27,PL008,MIL0027728,x@x.com,9999123456,9999123451,9999123452,1,1
MP00003953,MP00003953,2023-09-07,13:58:27,PL005,MIL0338902,x@x.com,9999123456,9999123451,9999123452,1,1
MP00003954,MP00003954,2023-09-07,13:58:27,PL006,MIL0243180,x@x.com,9999123456,9999123451,9999123452,1,1
MP00003955,MP00003955,2023-09-07,13:58:27,PL001,MIL0184287,x@x.com,9999123456,9999123451,9999123452,1,1
MP00003956,MP00003956,2023-09-07,13:58:27,PL009,MIL0313423,x@x.com,9999123456,9999123451,9999123452,1,1
MP00003957,MP00003957,2023-09-07,13:58:27,PL001,MIL0146041,x@x.com,9999123456,9999123451,9999123452,1,1
MP00003958,MP00003958,2023-09-07,13:58:27,PL008,MIL0163364,x@x.com,9999123456,9999123451,9999123452,1,1
MP00003959,MP00003959,2023-09-07,13:58:27,PL006,MIL0419077,x@x.com,9999123456,9999123451,9999123452,1,1
MP00003960,MP00003960,2023-09-07,13:58:27,PL013,MIL0272372,x@x.com,9999123456,9999123451,9999123452,1,1
MP00003961,MP00003961,2023-09-07,13:58:27,PL006,MIL0214279,x@x.com,9999123456,9999123451,9999123452,1,1
MP00003962,MP00003962,2023-09-07,13:58:27,PL013,MIL0533168,x@x.com,9999123456,9999123451,9999123452,1,1
MP00003963,MP00003963,2023-09-07,13:58:27,PL001,MIL0019058,x@x.com,9999123456,9999123451,9999123452,1,1
MP00003964,MP00003964,2023-09-07,13:58:27,PL012,MIL0240508,x@x.com,9999123456,9999123451,9999123452,1,1
MP00003965,MP00003965,2023-09-07,13:58:27,PL008,MIL0330459,x@x.com,9999123456,9999123451,9999123452,1,1
MP00003966,MP00003966,2023-09-07,13:58:27,PL005,MIL0218238,x@x.com,9999123456,9999123451,9999123452,1,1
MP00003967,MP00003967,2023-09-07,13:58:27,PL002,MIL0120558,x@x.com,9999123456,9999123451,9999123452,1,1
MP00003968,MP00003968,2023-09-07,13:58:27,PL004,MIL0218415,x@x.com,9999123456,9999123451,9999123452,1,1
MP00003969,MP00003969,2023-09-07,13:58:27,PL012,MIL0487915,x@x.com,9999123456,9999123451,9999123452,1,1
MP00003970,MP00003970,2023-09-07,13:58:27,PL006,MIL0401894,x@x.com,9999123456,9999123451,9999123452,1,1
MP00003971,MP00003971,2023-09-07,13:58:27,PL006,MIL0088123,x@x.com,9999123456,9999123451,9999123452,1,1
MP00003972,MP00003972,2023-09-07,13:58:27,PL004,MIL0425905,x@x.com,9999123456,9999123451,9999123452,1,1
MP00003973,MP00003973,2023-09-07,13:58:27,PL001,MIL0364915,x@x.com,9999123456,9999123451,9999123452,1,1
MP00003974,MP00003974,2023-09-07,13:58:27,PL002,MIL0318484,x@x.com,9999123456,9999123451,9999123452,1,1
MP00003975,MP00003975,2023-09-07,13:58:27,PL013,MIL0028311,x@x.com,9999123456,9999123451,9999123452,1,1
MP00003976,MP00003976,2023-09-07,13:58:27,PL007,MIL0250956,x@x.com,9999123456,9999123451,9999123452,1,1
MP00003977,MP00003977,2023-09-07,13:58:27,PL011,MIL0043627,x@x.com,9999123456,9999123451,9999123452,1,1
MP00003978,MP00003978,2023-09-07,13:58:27,PL001,MIL0457707,x@x.com,9999123456,9999123451,9999123452,1,1
MP00003979,MP00003979,2023-09-07,13:58:27,PL008,MIL0343851,x@x.com,9999123456,9999123451,9999123452,1,1
MP00003980,MP00003980,2023-09-07,13:58:27,PL013,MIL0028958,x@x.com,9999123456,9999123451,9999123452,1,1
MP00003981,MP00003981,2023-09-07,13:58:27,PL009,MIL0546055,x@x.com,9999123456,9999123451,9999123452,1,1
MP00003982,MP00003982,2023-09-07,13:58:27,PL003,MIL0305677,x@x.com,9999123456,9999123451,9999123452,1,1
MP00003983,MP00003983,2023-09-07,13:58:27,PL011,MIL0508976,x@x.com,9999123456,9999123451,9999123452,1,1
MP00003984,MP00003984,2023-09-07,13:58:27,PL013,MIL0325065,x@x.com,9999123456,9999123451,9999123452,1,1
MP00003985,MP00003985,2023-09-07,13:58:27,PL009,MIL0559702,x@x.com,9999123456,9999123451,9999123452,1,1
MP00003986,MP00003986,2023-09-07,13:58:27,PL003,MIL0305517,x@x.com,9999123456,9999123451,9999123452,1,1
MP00003987,MP00003987,2023-09-07,13:58:27,PL010,MIL0379181,x@x.com,9999123456,9999123451,9999123452,1,1
MP00003988,MP00003988,2023-09-07,13:58:27,PL002,MIL0191783,x@x.com,9999123456,9999123451,9999123452,1,1
MP00003989,MP00003989,2023-09-07,13:58:27,PL012,MIL0164584,x@x.com,9999123456,9999123451,9999123452,1,1
MP00003990,MP00003990,2023-09-07,13:58:27,PL002,MIL0306512,x@x.com,9999123456,9999123451,9999123452,1,1
MP00003991,MP00003991,2023-09-07,13:58:27,PL004,MIL0510832,x@x.com,9999123456,9999123451,9999123452,1,1
MP00003992,MP00003992,2023-09-07,13:58:27,PL004,MIL0087095,x@x.com,9999123456,9999123451,9999123452,1,1
MP00003993,MP00003993,2023-09-07,13:58:27,PL002,MIL0269495,x@x.com,9999123456,9999123451,9999123452,1,1
MP00003994,MP00003994,2023-09-07,13:58:27,PL006,MIL0422867,x@x.com,9999123456,9999123451,9999123452,1,1
MP00003995,MP00003995,2023-09-07,13:58:27,PL002,MIL0001101,x@x.com,9999123456,9999123451,9999123452,1,1
MP00003996,MP00003996,2023-09-07,13:58:27,PL001,MIL0418765,x@x.com,9999123456,9999123451,9999123452,1,1
