clave,folio,fecha,hora,clave_partido_legado,clave_ciudadano,correo_electronico,whatsapp,telefono,celular,obseravaciones,status
clave,folio,fecha,hora,clave_partido_legado,clave_ciudadano,correo_electronico,whatsapp,telefono,celular,obseravaciones,status
MP00016984,MP00016984,2023-09-07,13:58:27,PL013,MIL0296394,x@x.com,9999123456,9999123451,9999123452,1,1
MP00016985,MP00016985,2023-09-07,13:58:27,PL008,MIL0407471,x@x.com,9999123456,9999123451,9999123452,1,1
MP00016986,MP00016986,2023-09-07,13:58:27,PL005,MIL0397390,x@x.com,9999123456,9999123451,9999123452,1,1
MP00016987,MP00016987,2023-09-07,13:58:27,PL009,MIL0348513,x@x.com,9999123456,9999123451,9999123452,1,1
MP00016988,MP00016988,2023-09-07,13:58:27,PL006,MIL0066898,x@x.com,9999123456,9999123451,9999123452,1,1
MP00016989,MP00016989,2023-09-07,13:58:27,PL009,MIL0083654,x@x.com,9999123456,9999123451,9999123452,1,1
MP00016990,MP00016990,2023-09-07,13:58:27,PL001,MIL0362043,x@x.com,9999123456,9999123451,9999123452,1,1
MP00016991,MP00016991,2023-09-07,13:58:27,PL006,MIL0543102,x@x.com,9999123456,9999123451,9999123452,1,1
MP00016992,MP00016992,2023-09-07,13:58:27,PL001,MIL0204787,x@x.com,9999123456,9999123451,9999123452,1,1
MP00016993,MP00016993,2023-09-07,13:58:27,PL009,MIL0007550,x@x.com,9999123456,9999123451,9999123452,1,1
MP00016994,MP00016994,2023-09-07,13:58:27,PL004,MIL0106419,x@x.com,9999123456,9999123451,9999123452,1,1
MP00016995,MP00016995,2023-09-07,13:58:27,PL013,MIL0565777,x@x.com,9999123456,9999123451,9999123452,1,1
MP00016996,MP00016996,2023-09-07,13:58:27,PL009,MIL0358356,x@x.com,9999123456,9999123451,9999123452,1,1
MP00016997,MP00016997,2023-09-07,13:58:27,PL007,MIL0504330,x@x.com,9999123456,9999123451,9999123452,1,1
MP00016998,MP00016998,2023-09-07,13:58:27,PL010,MIL0539737,x@x.com,9999123456,9999123451,9999123452,1,1
MP00016999,MP00016999,2023-09-07,13:58:27,PL005,MIL0034957,x@x.com,9999123456,9999123451,9999123452,1,1
MP00017000,MP00017000,2023-09-07,13:58:27,PL006,MIL0276682,x@x.com,9999123456,9999123451,9999123452,1,1
MP00017001,MP00017001,2023-09-07,13:58:27,PL007,MIL0219583,x@x.com,9999123456,9999123451,9999123452,1,1
MP00017002,MP00017002,2023-09-07,13:58:27,PL001,MIL0179897,x@x.com,9999123456,9999123451,9999123452,1,1
MP00017003,MP00017003,2023-09-07,13:58:27,PL004,MIL0017370,x@x.com,9999123456,9999123451,9999123452,1,1
MP00017004,MP00017004,2023-09-07,13:58:27,PL009,MIL0480771,x@x.com,9999123456,9999123451,9999123452,1,1
MP00017005,MP00017005,2023-09-07,13:58:27,PL005,MIL0259670,x@x.com,9999123456,9999123451,9999123452,1,1
MP00017006,MP00017006,2023-09-07,13:58:27,PL006,MIL0395090,x@x.com,9999123456,9999123451,9999123452,1,1
MP00017007,MP00017007,2023-09-07,13:58:27,PL012,MIL0061886,x@x.com,9999123456,9999123451,9999123452,1,1
MP00017008,MP00017008,2023-09-07,13:58:27,PL006,MIL0076703,x@x.com,9999123456,9999123451,9999123452,1,1
MP00017009,MP00017009,2023-09-07,13:58:27,PL006,MIL0140342,x@x.com,9999123456,9999123451,9999123452,1,1
MP00017010,MP00017010,2023-09-07,13:58:27,PL004,MIL0146139,x@x.com,9999123456,9999123451,9999123452,1,1
MP00017011,MP00017011,2023-09-07,13:58:27,PL004,MIL0173215,x@x.com,9999123456,9999123451,9999123452,1,1
MP00017012,MP00017012,2023-09-07,13:58:27,PL006,MIL0246553,x@x.com,9999123456,9999123451,9999123452,1,1
MP00017013,MP00017013,2023-09-07,13:58:27,PL012,MIL0336483,x@x.com,9999123456,9999123451,9999123452,1,1
MP00017014,MP00017014,2023-09-07,13:58:27,PL005,MIL0299533,x@x.com,9999123456,9999123451,9999123452,1,1
MP00017015,MP00017015,2023-09-07,13:58:27,PL009,MIL0379454,x@x.com,9999123456,9999123451,9999123452,1,1
MP00017016,MP00017016,2023-09-07,13:58:27,PL001,MIL0062592,x@x.com,9999123456,9999123451,9999123452,1,1
MP00017017,MP00017017,2023-09-07,13:58:27,PL012,MIL0469668,x@x.com,9999123456,9999123451,9999123452,1,1
MP00017018,MP00017018,2023-09-07,13:58:27,PL007,MIL0478308,x@x.com,9999123456,9999123451,9999123452,1,1
MP00017019,MP00017019,2023-09-07,13:58:27,PL005,MIL0202054,x@x.com,9999123456,9999123451,9999123452,1,1
MP00017020,MP00017020,2023-09-07,13:58:27,PL001,MIL0122367,x@x.com,9999123456,9999123451,9999123452,1,1
MP00017021,MP00017021,2023-09-07,13:58:27,PL006,MIL0111692,x@x.com,9999123456,9999123451,9999123452,1,1
MP00017022,MP00017022,2023-09-07,13:58:27,PL013,MIL0409985,x@x.com,9999123456,9999123451,9999123452,1,1
MP00017023,MP00017023,2023-09-07,13:58:27,PL006,MIL0413151,x@x.com,9999123456,9999123451,9999123452,1,1
MP00017024,MP00017024,2023-09-07,13:58:27,PL011,MIL0334064,x@x.com,9999123456,9999123451,9999123452,1,1
MP00017025,MP00017025,2023-09-07,13:58:27,PL013,MIL0253788,x@x.com,9999123456,9999123451,9999123452,1,1
MP00017026,MP00017026,2023-09-07,13:58:27,PL011,MIL0293591,x@x.com,9999123456,9999123451,9999123452,1,1
MP00017027,MP00017027,2023-09-07,13:58:27,PL013,MIL0257279,x@x.com,9999123456,9999123451,9999123452,1,1
MP00017028,MP00017028,2023-09-07,13:58:27,PL013,MIL0155826,x@x.com,9999123456,9999123451,9999123452,1,1
MP00017029,MP00017029,2023-09-07,13:58:27,PL001,MIL0213912,x@x.com,9999123456,9999123451,9999123452,1,1
MP00017030,MP00017030,2023-09-07,13:58:27,PL005,MIL0162065,x@x.com,9999123456,9999123451,9999123452,1,1
MP00017031,MP00017031,2023-09-07,13:58:27,PL002,MIL0406028,x@x.com,9999123456,9999123451,9999123452,1,1
MP00017032,MP00017032,2023-09-07,13:58:27,PL007,MIL0304165,x@x.com,9999123456,9999123451,9999123452,1,1
MP00017033,MP00017033,2023-09-07,13:58:27,PL007,MIL0570211,x@x.com,9999123456,9999123451,9999123452,1,1
MP00017034,MP00017034,2023-09-07,13:58:27,PL006,MIL0167645,x@x.com,9999123456,9999123451,9999123452,1,1
MP00017035,MP00017035,2023-09-07,13:58:27,PL007,MIL0107796,x@x.com,9999123456,9999123451,9999123452,1,1
MP00017036,MP00017036,2023-09-07,13:58:27,PL007,MIL0211819,x@x.com,9999123456,9999123451,9999123452,1,1
MP00017037,MP00017037,2023-09-07,13:58:27,PL008,MIL0132056,x@x.com,9999123456,9999123451,9999123452,1,1
MP00017038,MP00017038,2023-09-07,13:58:27,PL010,MIL0336643,x@x.com,9999123456,9999123451,9999123452,1,1
MP00017039,MP00017039,2023-09-07,13:58:27,PL001,MIL0325069,x@x.com,9999123456,9999123451,9999123452,1,1
MP00017040,MP00017040,2023-09-07,13:58:27,PL013,MIL0149972,x@x.com,9999123456,9999123451,9999123452,1,1
MP00017041,MP00017041,2023-09-07,13:58:27,PL005,MIL0220319,x@x.com,9999123456,9999123451,9999123452,1,1
MP00017042,MP00017042,2023-09-07,13:58:27,PL003,MIL0497968,x@x.com,9999123456,9999123451,9999123452,1,1
MP00017043,MP00017043,2023-09-07,13:58:27,PL010,MIL0387444,x@x.com,9999123456,9999123451,9999123452,1,1
MP00017044,MP00017044,2023-09-07,13:58:27,PL013,MIL0268482,x@x.com,9999123456,9999123451,9999123452,1,1
MP00017045,MP00017045,2023-09-07,13:58:27,PL012,MIL0469057,x@x.com,9999123456,9999123451,9999123452,1,1
MP00017046,MP00017046,2023-09-07,13:58:27,PL003,MIL0069525,x@x.com,9999123456,9999123451,9999123452,1,1
MP00017047,MP00017047,2023-09-07,13:58:27,PL012,MIL0018075,x@x.com,9999123456,9999123451,9999123452,1,1
MP00017048,MP00017048,2023-09-07,13:58:27,PL013,MIL0114237,x@x.com,9999123456,9999123451,9999123452,1,1
MP00017049,MP00017049,2023-09-07,13:58:27,PL010,MIL0205437,x@x.com,9999123456,9999123451,9999123452,1,1
MP00017050,MP00017050,2023-09-07,13:58:27,PL013,MIL0255966,x@x.com,9999123456,9999123451,9999123452,1,1
MP00017051,MP00017051,2023-09-07,13:58:27,PL001,MIL0521690,x@x.com,9999123456,9999123451,9999123452,1,1
MP00017052,MP00017052,2023-09-07,13:58:27,PL006,MIL0263044,x@x.com,9999123456,9999123451,9999123452,1,1
MP00017053,MP00017053,2023-09-07,13:58:27,PL003,MIL0499905,x@x.com,9999123456,9999123451,9999123452,1,1
MP00017054,MP00017054,2023-09-07,13:58:27,PL002,MIL0150315,x@x.com,9999123456,9999123451,9999123452,1,1
MP00017055,MP00017055,2023-09-07,13:58:27,PL002,MIL0468160,x@x.com,9999123456,9999123451,9999123452,1,1
MP00017056,MP00017056,2023-09-07,13:58:27,PL008,MIL0332137,x@x.com,9999123456,9999123451,9999123452,1,1
MP00017057,MP00017057,2023-09-07,13:58:27,PL009,MIL0473090,x@x.com,9999123456,9999123451,9999123452,1,1
MP00017058,MP00017058,2023-09-07,13:58:27,PL001,MIL0117601,x@x.com,9999123456,9999123451,9999123452,1,1
MP00017059,MP00017059,2023-09-07,13:58:27,PL001,MIL0131562,x@x.com,9999123456,9999123451,9999123452,1,1
MP00017060,MP00017060,2023-09-07,13:58:27,PL001,MIL0227059,x@x.com,9999123456,9999123451,9999123452,1,1
MP00017061,MP00017061,2023-09-07,13:58:27,PL006,MIL0039269,x@x.com,9999123456,9999123451,9999123452,1,1
MP00017062,MP00017062,2023-09-07,13:58:27,PL002,MIL0545226,x@x.com,9999123456,9999123451,9999123452,1,1
MP00017063,MP00017063,2023-09-07,13:58:27,PL013,MIL0019401,x@x.com,9999123456,9999123451,9999123452,1,1
MP00017064,MP00017064,2023-09-07,13:58:27,PL002,MIL0254577,x@x.com,9999123456,9999123451,9999123452,1,1
MP00017065,MP00017065,2023-09-07,13:58:27,PL012,MIL0447577,x@x.com,9999123456,9999123451,9999123452,1,1
MP00017066,MP00017066,2023-09-07,13:58:27,PL006,MIL0563075,x@x.com,9999123456,9999123451,9999123452,1,1
MP00017067,MP00017067,2023-09-07,13:58:27,PL008,MIL0555243,x@x.com,9999123456,9999123451,9999123452,1,1
MP00017068,MP00017068,2023-09-07,13:58:27,PL008,MIL0125243,x@x.com,9999123456,9999123451,9999123452,1,1
MP00017069,MP00017069,2023-09-07,13:58:27,PL003,MIL0158303,x@x.com,9999123456,9999123451,9999123452,1,1
MP00017070,MP00017070,2023-09-07,13:58:27,PL012,MIL0548123,x@x.com,9999123456,9999123451,9999123452,1,1
MP00017071,MP00017071,2023-09-07,13:58:27,PL009,MIL0156228,x@x.com,9999123456,9999123451,9999123452,1,1
MP00017072,MP00017072,2023-09-07,13:58:27,PL008,MIL0090521,x@x.com,9999123456,9999123451,9999123452,1,1
MP00017073,MP00017073,2023-09-07,13:58:27,PL008,MIL0258165,x@x.com,9999123456,9999123451,9999123452,1,1
MP00017074,MP00017074,2023-09-07,13:58:27,PL006,MIL0017403,x@x.com,9999123456,9999123451,9999123452,1,1
MP00017075,MP00017075,2023-09-07,13:58:27,PL007,MIL0044168,x@x.com,9999123456,9999123451,9999123452,1,1
MP00017076,MP00017076,2023-09-07,13:58:27,PL009,MIL0250775,x@x.com,9999123456,9999123451,9999123452,1,1
MP00017077,MP00017077,2023-09-07,13:58:27,PL009,MIL0367533,x@x.com,9999123456,9999123451,9999123452,1,1
MP00017078,MP00017078,2023-09-07,13:58:27,PL009,MIL0011305,x@x.com,9999123456,9999123451,9999123452,1,1
MP00017079,MP00017079,2023-09-07,13:58:27,PL001,MIL0577766,x@x.com,9999123456,9999123451,9999123452,1,1
MP00017080,MP00017080,2023-09-07,13:58:27,PL007,MIL0405113,x@x.com,9999123456,9999123451,9999123452,1,1
MP00017081,MP00017081,2023-09-07,13:58:27,PL011,MIL0449971,x@x.com,9999123456,9999123451,9999123452,1,1
MP00017082,MP00017082,2023-09-07,13:58:27,PL005,MIL0182887,x@x.com,9999123456,9999123451,9999123452,1,1
MP00017083,MP00017083,2023-09-07,13:58:27,PL012,MIL0556139,x@x.com,9999123456,9999123451,9999123452,1,1
MP00017084,MP00017084,2023-09-07,13:58:27,PL007,MIL0220665,x@x.com,9999123456,9999123451,9999123452,1,1
MP00017085,MP00017085,2023-09-07,13:58:27,PL008,MIL0096524,x@x.com,9999123456,9999123451,9999123452,1,1
MP00017086,MP00017086,2023-09-07,13:58:27,PL007,MIL0575564,x@x.com,9999123456,9999123451,9999123452,1,1
MP00017087,MP00017087,2023-09-07,13:58:27,PL007,MIL0501081,x@x.com,9999123456,9999123451,9999123452,1,1
MP00017088,MP00017088,2023-09-07,13:58:27,PL012,MIL0216485,x@x.com,9999123456,9999123451,9999123452,1,1
MP00017089,MP00017089,2023-09-07,13:58:27,PL012,MIL0416242,x@x.com,9999123456,9999123451,9999123452,1,1
MP00017090,MP00017090,2023-09-07,13:58:27,PL011,MIL0482296,x@x.com,9999123456,9999123451,9999123452,1,1
MP00017091,MP00017091,2023-09-07,13:58:27,PL002,MIL0106249,x@x.com,9999123456,9999123451,9999123452,1,1
MP00017092,MP00017092,2023-09-07,13:58:27,PL009,MIL0544899,x@x.com,9999123456,9999123451,9999123452,1,1
MP00017093,MP00017093,2023-09-07,13:58:27,PL002,MIL0043551,x@x.com,9999123456,9999123451,9999123452,1,1
MP00017094,MP00017094,2023-09-07,13:58:27,PL011,MIL0116610,x@x.com,9999123456,9999123451,9999123452,1,1
MP00017095,MP00017095,2023-09-07,13:58:27,PL004,MIL0416975,x@x.com,9999123456,9999123451,9999123452,1,1
MP00017096,MP00017096,2023-09-07,13:58:27,PL004,MIL0208300,x@x.com,9999123456,9999123451,9999123452,1,1
MP00017097,MP00017097,2023-09-07,13:58:27,PL007,MIL0350473,x@x.com,9999123456,9999123451,9999123452,1,1
MP00017098,MP00017098,2023-09-07,13:58:27,PL005,MIL0540427,x@x.com,9999123456,9999123451,9999123452,1,1
MP00017099,MP00017099,2023-09-07,13:58:27,PL006,MIL0239983,x@x.com,9999123456,9999123451,9999123452,1,1
MP00017100,MP00017100,2023-09-07,13:58:27,PL009,MIL0561735,x@x.com,9999123456,9999123451,9999123452,1,1
MP00017101,MP00017101,2023-09-07,13:58:27,PL008,MIL0544038,x@x.com,9999123456,9999123451,9999123452,1,1
MP00017102,MP00017102,2023-09-07,13:58:27,PL013,MIL0137575,x@x.com,9999123456,9999123451,9999123452,1,1
MP00017103,MP00017103,2023-09-07,13:58:27,PL008,MIL0403711,x@x.com,9999123456,9999123451,9999123452,1,1
MP00017104,MP00017104,2023-09-07,13:58:27,PL006,MIL0447404,x@x.com,9999123456,9999123451,9999123452,1,1
MP00017105,MP00017105,2023-09-07,13:58:27,PL008,MIL0193148,x@x.com,9999123456,9999123451,9999123452,1,1
MP00017106,MP00017106,2023-09-07,13:58:27,PL005,MIL0193684,x@x.com,9999123456,9999123451,9999123452,1,1
MP00017107,MP00017107,2023-09-07,13:58:27,PL001,MIL0518312,x@x.com,9999123456,9999123451,9999123452,1,1
MP00017108,MP00017108,2023-09-07,13:58:27,PL008,MIL0418513,x@x.com,9999123456,9999123451,9999123452,1,1
MP00017109,MP00017109,2023-09-07,13:58:27,PL012,MIL0223578,x@x.com,9999123456,9999123451,9999123452,1,1
MP00017110,MP00017110,2023-09-07,13:58:27,PL012,MIL0463803,x@x.com,9999123456,9999123451,9999123452,1,1
MP00017111,MP00017111,2023-09-07,13:58:27,PL006,MIL0400458,x@x.com,9999123456,9999123451,9999123452,1,1
MP00017112,MP00017112,2023-09-07,13:58:27,PL004,MIL0314190,x@x.com,9999123456,9999123451,9999123452,1,1
MP00017113,MP00017113,2023-09-07,13:58:27,PL010,MIL0401890,x@x.com,9999123456,9999123451,9999123452,1,1
MP00017114,MP00017114,2023-09-07,13:58:27,PL013,MIL0074115,x@x.com,9999123456,9999123451,9999123452,1,1
MP00017115,MP00017115,2023-09-07,13:58:27,PL009,MIL0011412,x@x.com,9999123456,9999123451,9999123452,1,1
MP00017116,MP00017116,2023-09-07,13:58:27,PL007,MIL0091466,x@x.com,9999123456,9999123451,9999123452,1,1
MP00017117,MP00017117,2023-09-07,13:58:27,PL005,MIL0453475,x@x.com,9999123456,9999123451,9999123452,1,1
MP00017118,MP00017118,2023-09-07,13:58:27,PL012,MIL0476945,x@x.com,9999123456,9999123451,9999123452,1,1
MP00017119,MP00017119,2023-09-07,13:58:27,PL001,MIL0419127,x@x.com,9999123456,9999123451,9999123452,1,1
MP00017120,MP00017120,2023-09-07,13:58:27,PL012,MIL0347539,x@x.com,9999123456,9999123451,9999123452,1,1
MP00017121,MP00017121,2023-09-07,13:58:27,PL008,MIL0014820,x@x.com,9999123456,9999123451,9999123452,1,1
MP00017122,MP00017122,2023-09-07,13:58:27,PL012,MIL0397912,x@x.com,9999123456,9999123451,9999123452,1,1
MP00017123,MP00017123,2023-09-07,13:58:27,PL001,MIL0435797,x@x.com,9999123456,9999123451,9999123452,1,1
MP00017124,MP00017124,2023-09-07,13:58:27,PL002,MIL0483071,x@x.com,9999123456,9999123451,9999123452,1,1
MP00017125,MP00017125,2023-09-07,13:58:27,PL010,MIL0438469,x@x.com,9999123456,9999123451,9999123452,1,1
MP00017126,MP00017126,2023-09-07,13:58:27,PL007,MIL0500237,x@x.com,9999123456,9999123451,9999123452,1,1
MP00017127,MP00017127,2023-09-07,13:58:27,PL012,MIL0049315,x@x.com,9999123456,9999123451,9999123452,1,1
MP00017128,MP00017128,2023-09-07,13:58:27,PL004,MIL0261501,x@x.com,9999123456,9999123451,9999123452,1,1
MP00017129,MP00017129,2023-09-07,13:58:27,PL009,MIL0572179,x@x.com,9999123456,9999123451,9999123452,1,1
MP00017130,MP00017130,2023-09-07,13:58:27,PL013,MIL0182765,x@x.com,9999123456,9999123451,9999123452,1,1
MP00017131,MP00017131,2023-09-07,13:58:27,PL008,MIL0239501,x@x.com,9999123456,9999123451,9999123452,1,1
MP00017132,MP00017132,2023-09-07,13:58:27,PL001,MIL0247520,x@x.com,9999123456,9999123451,9999123452,1,1
MP00017133,MP00017133,2023-09-07,13:58:27,PL013,MIL0075895,x@x.com,9999123456,9999123451,9999123452,1,1
MP00017134,MP00017134,2023-09-07,13:58:27,PL006,MIL0151751,x@x.com,9999123456,9999123451,9999123452,1,1
MP00017135,MP00017135,2023-09-07,13:58:27,PL011,MIL0371872,x@x.com,9999123456,9999123451,9999123452,1,1
MP00017136,MP00017136,2023-09-07,13:58:27,PL006,MIL0001160,x@x.com,9999123456,9999123451,9999123452,1,1
MP00017137,MP00017137,2023-09-07,13:58:27,PL013,MIL0538735,x@x.com,9999123456,9999123451,9999123452,1,1
MP00017138,MP00017138,2023-09-07,13:58:27,PL004,MIL0309693,x@x.com,9999123456,9999123451,9999123452,1,1
MP00017139,MP00017139,2023-09-07,13:58:27,PL011,MIL0566070,x@x.com,9999123456,9999123451,9999123452,1,1
MP00017140,MP00017140,2023-09-07,13:58:27,PL004,MIL0526963,x@x.com,9999123456,9999123451,9999123452,1,1
MP00017141,MP00017141,2023-09-07,13:58:27,PL011,MIL0425942,x@x.com,9999123456,9999123451,9999123452,1,1
MP00017142,MP00017142,2023-09-07,13:58:27,PL011,MIL0276475,x@x.com,9999123456,9999123451,9999123452,1,1
MP00017143,MP00017143,2023-09-07,13:58:27,PL003,MIL0210699,x@x.com,9999123456,9999123451,9999123452,1,1
MP00017144,MP00017144,2023-09-07,13:58:27,PL008,MIL0336555,x@x.com,9999123456,9999123451,9999123452,1,1
MP00017145,MP00017145,2023-09-07,13:58:27,PL004,MIL0008971,x@x.com,9999123456,9999123451,9999123452,1,1
MP00017146,MP00017146,2023-09-07,13:58:27,PL013,MIL0375903,x@x.com,9999123456,9999123451,9999123452,1,1
MP00017147,MP00017147,2023-09-07,13:58:27,PL010,MIL0397314,x@x.com,9999123456,9999123451,9999123452,1,1
MP00017148,MP00017148,2023-09-07,13:58:27,PL012,MIL0067398,x@x.com,9999123456,9999123451,9999123452,1,1
MP00017149,MP00017149,2023-09-07,13:58:27,PL011,MIL0230864,x@x.com,9999123456,9999123451,9999123452,1,1
MP00017150,MP00017150,2023-09-07,13:58:27,PL004,MIL0509476,x@x.com,9999123456,9999123451,9999123452,1,1
MP00017151,MP00017151,2023-09-07,13:58:27,PL002,MIL0552467,x@x.com,9999123456,9999123451,9999123452,1,1
MP00017152,MP00017152,2023-09-07,13:58:27,PL012,MIL0003974,x@x.com,9999123456,9999123451,9999123452,1,1
MP00017153,MP00017153,2023-09-07,13:58:27,PL001,MIL0092271,x@x.com,9999123456,9999123451,9999123452,1,1
MP00017154,MP00017154,2023-09-07,13:58:27,PL009,MIL0361899,x@x.com,9999123456,9999123451,9999123452,1,1
MP00017155,MP00017155,2023-09-07,13:58:27,PL001,MIL0151216,x@x.com,9999123456,9999123451,9999123452,1,1
MP00017156,MP00017156,2023-09-07,13:58:27,PL004,MIL0405187,x@x.com,9999123456,9999123451,9999123452,1,1
MP00017157,MP00017157,2023-09-07,13:58:27,PL011,MIL0061928,x@x.com,9999123456,9999123451,9999123452,1,1
MP00017158,MP00017158,2023-09-07,13:58:27,PL013,MIL0008599,x@x.com,9999123456,9999123451,9999123452,1,1
MP00017159,MP00017159,2023-09-07,13:58:27,PL012,MIL0524166,x@x.com,9999123456,9999123451,9999123452,1,1
MP00017160,MP00017160,2023-09-07,13:58:27,PL011,MIL0020821,x@x.com,9999123456,9999123451,9999123452,1,1
MP00017161,MP00017161,2023-09-07,13:58:27,PL002,MIL0096399,x@x.com,9999123456,9999123451,9999123452,1,1
MP00017162,MP00017162,2023-09-07,13:58:27,PL012,MIL0386799,x@x.com,9999123456,9999123451,9999123452,1,1
MP00017163,MP00017163,2023-09-07,13:58:27,PL008,MIL0224721,x@x.com,9999123456,9999123451,9999123452,1,1
MP00017164,MP00017164,2023-09-07,13:58:27,PL002,MIL0380684,x@x.com,9999123456,9999123451,9999123452,1,1
MP00017165,MP00017165,2023-09-07,13:58:27,PL005,MIL0200360,x@x.com,9999123456,9999123451,9999123452,1,1
MP00017166,MP00017166,2023-09-07,13:58:27,PL008,MIL0216839,x@x.com,9999123456,9999123451,9999123452,1,1
MP00017167,MP00017167,2023-09-07,13:58:27,PL010,MIL0091202,x@x.com,9999123456,9999123451,9999123452,1,1
MP00017168,MP00017168,2023-09-07,13:58:27,PL008,MIL0437323,x@x.com,9999123456,9999123451,9999123452,1,1
MP00017169,MP00017169,2023-09-07,13:58:27,PL002,MIL0072000,x@x.com,9999123456,9999123451,9999123452,1,1
MP00017170,MP00017170,2023-09-07,13:58:27,PL006,MIL0148819,x@x.com,9999123456,9999123451,9999123452,1,1
MP00017171,MP00017171,2023-09-07,13:58:27,PL010,MIL0025118,x@x.com,9999123456,9999123451,9999123452,1,1
MP00017172,MP00017172,2023-09-07,13:58:27,PL006,MIL0384505,x@x.com,9999123456,9999123451,9999123452,1,1
MP00017173,MP00017173,2023-09-07,13:58:27,PL010,MIL0221767,x@x.com,9999123456,9999123451,9999123452,1,1
MP00017174,MP00017174,2023-09-07,13:58:27,PL010,MIL0128007,x@x.com,9999123456,9999123451,9999123452,1,1
MP00017175,MP00017175,2023-09-07,13:58:27,PL010,MIL0399031,x@x.com,9999123456,9999123451,9999123452,1,1
MP00017176,MP00017176,2023-09-07,13:58:27,PL004,MIL0089213,x@x.com,9999123456,9999123451,9999123452,1,1
MP00017177,MP00017177,2023-09-07,13:58:27,PL008,MIL0560216,x@x.com,9999123456,9999123451,9999123452,1,1
MP00017178,MP00017178,2023-09-07,13:58:27,PL012,MIL0176599,x@x.com,9999123456,9999123451,9999123452,1,1
MP00017179,MP00017179,2023-09-07,13:58:27,PL007,MIL0493791,x@x.com,9999123456,9999123451,9999123452,1,1
MP00017180,MP00017180,2023-09-07,13:58:27,PL013,MIL0439714,x@x.com,9999123456,9999123451,9999123452,1,1
MP00017181,MP00017181,2023-09-07,13:58:27,PL012,MIL0512709,x@x.com,9999123456,9999123451,9999123452,1,1
MP00017182,MP00017182,2023-09-07,13:58:27,PL006,MIL0063684,x@x.com,9999123456,9999123451,9999123452,1,1
MP00017183,MP00017183,2023-09-07,13:58:27,PL001,MIL0280466,x@x.com,9999123456,9999123451,9999123452,1,1
MP00017184,MP00017184,2023-09-07,13:58:27,PL011,MIL0571732,x@x.com,9999123456,9999123451,9999123452,1,1
MP00017185,MP00017185,2023-09-07,13:58:27,PL005,MIL0376640,x@x.com,9999123456,9999123451,9999123452,1,1
MP00017186,MP00017186,2023-09-07,13:58:27,PL008,MIL0277445,x@x.com,9999123456,9999123451,9999123452,1,1
MP00017187,MP00017187,2023-09-07,13:58:27,PL012,MIL0026329,x@x.com,9999123456,9999123451,9999123452,1,1
MP00017188,MP00017188,2023-09-07,13:58:27,PL011,MIL0358938,x@x.com,9999123456,9999123451,9999123452,1,1
MP00017189,MP00017189,2023-09-07,13:58:27,PL006,MIL0570682,x@x.com,9999123456,9999123451,9999123452,1,1
MP00017190,MP00017190,2023-09-07,13:58:27,PL004,MIL0326541,x@x.com,9999123456,9999123451,9999123452,1,1
MP00017191,MP00017191,2023-09-07,13:58:27,PL006,MIL0026814,x@x.com,9999123456,9999123451,9999123452,1,1
MP00017192,MP00017192,2023-09-07,13:58:27,PL011,MIL0514624,x@x.com,9999123456,9999123451,9999123452,1,1
MP00017193,MP00017193,2023-09-07,13:58:27,PL011,MIL0359134,x@x.com,9999123456,9999123451,9999123452,1,1
MP00017194,MP00017194,2023-09-07,13:58:27,PL012,MIL0132243,x@x.com,9999123456,9999123451,9999123452,1,1
MP00017195,MP00017195,2023-09-07,13:58:27,PL002,MIL0224851,x@x.com,9999123456,9999123451,9999123452,1,1
MP00017196,MP00017196,2023-09-07,13:58:27,PL004,MIL0033102,x@x.com,9999123456,9999123451,9999123452,1,1
MP00017197,MP00017197,2023-09-07,13:58:27,PL012,MIL0390241,x@x.com,9999123456,9999123451,9999123452,1,1
MP00017198,MP00017198,2023-09-07,13:58:27,PL012,MIL0176829,x@x.com,9999123456,9999123451,9999123452,1,1
MP00017199,MP00017199,2023-09-07,13:58:27,PL013,MIL0208618,x@x.com,9999123456,9999123451,9999123452,1,1
MP00017200,MP00017200,2023-09-07,13:58:27,PL001,MIL0003945,x@x.com,9999123456,9999123451,9999123452,1,1
MP00017201,MP00017201,2023-09-07,13:58:27,PL006,MIL0454598,x@x.com,9999123456,9999123451,9999123452,1,1
MP00017202,MP00017202,2023-09-07,13:58:27,PL009,MIL0108061,x@x.com,9999123456,9999123451,9999123452,1,1
MP00017203,MP00017203,2023-09-07,13:58:27,PL011,MIL0491425,x@x.com,9999123456,9999123451,9999123452,1,1
MP00017204,MP00017204,2023-09-07,13:58:27,PL008,MIL0510200,x@x.com,9999123456,9999123451,9999123452,1,1
MP00017205,MP00017205,2023-09-07,13:58:27,PL011,MIL0441880,x@x.com,9999123456,9999123451,9999123452,1,1
MP00017206,MP00017206,2023-09-07,13:58:27,PL012,MIL0053741,x@x.com,9999123456,9999123451,9999123452,1,1
MP00017207,MP00017207,2023-09-07,13:58:27,PL001,MIL0014736,x@x.com,9999123456,9999123451,9999123452,1,1
MP00017208,MP00017208,2023-09-07,13:58:27,PL010,MIL0338706,x@x.com,9999123456,9999123451,9999123452,1,1
MP00017209,MP00017209,2023-09-07,13:58:27,PL004,MIL0159302,x@x.com,9999123456,9999123451,9999123452,1,1
MP00017210,MP00017210,2023-09-07,13:58:27,PL003,MIL0057563,x@x.com,9999123456,9999123451,9999123452,1,1
MP00017211,MP00017211,2023-09-07,13:58:27,PL005,MIL0491102,x@x.com,9999123456,9999123451,9999123452,1,1
MP00017212,MP00017212,2023-09-07,13:58:27,PL008,MIL0288920,x@x.com,9999123456,9999123451,9999123452,1,1
MP00017213,MP00017213,2023-09-07,13:58:27,PL001,MIL0320664,x@x.com,9999123456,9999123451,9999123452,1,1
MP00017214,MP00017214,2023-09-07,13:58:27,PL004,MIL0206877,x@x.com,9999123456,9999123451,9999123452,1,1
MP00017215,MP00017215,2023-09-07,13:58:27,PL009,MIL0314983,x@x.com,9999123456,9999123451,9999123452,1,1
MP00017216,MP00017216,2023-09-07,13:58:27,PL010,MIL0375956,x@x.com,9999123456,9999123451,9999123452,1,1
MP00017217,MP00017217,2023-09-07,13:58:27,PL003,MIL0188723,x@x.com,9999123456,9999123451,9999123452,1,1
MP00017218,MP00017218,2023-09-07,13:58:27,PL010,MIL0525665,x@x.com,9999123456,9999123451,9999123452,1,1
MP00017219,MP00017219,2023-09-07,13:58:27,PL004,MIL0174308,x@x.com,9999123456,9999123451,9999123452,1,1
MP00017220,MP00017220,2023-09-07,13:58:27,PL004,MIL0047881,x@x.com,9999123456,9999123451,9999123452,1,1
MP00017221,MP00017221,2023-09-07,13:58:27,PL013,MIL0405291,x@x.com,9999123456,9999123451,9999123452,1,1
MP00017222,MP00017222,2023-09-07,13:58:27,PL008,MIL0295912,x@x.com,9999123456,9999123451,9999123452,1,1
MP00017223,MP00017223,2023-09-07,13:58:27,PL005,MIL0199658,x@x.com,9999123456,9999123451,9999123452,1,1
MP00017224,MP00017224,2023-09-07,13:58:27,PL006,MIL0286358,x@x.com,9999123456,9999123451,9999123452,1,1
MP00017225,MP00017225,2023-09-07,13:58:27,PL006,MIL0133052,x@x.com,9999123456,9999123451,9999123452,1,1
MP00017226,MP00017226,2023-09-07,13:58:27,PL003,MIL0195864,x@x.com,9999123456,9999123451,9999123452,1,1
MP00017227,MP00017227,2023-09-07,13:58:27,PL002,MIL0095144,x@x.com,9999123456,9999123451,9999123452,1,1
MP00017228,MP00017228,2023-09-07,13:58:27,PL008,MIL0354781,x@x.com,9999123456,9999123451,9999123452,1,1
MP00017229,MP00017229,2023-09-07,13:58:27,PL005,MIL0070323,x@x.com,9999123456,9999123451,9999123452,1,1
MP00017230,MP00017230,2023-09-07,13:58:27,PL004,MIL0127513,x@x.com,9999123456,9999123451,9999123452,1,1
MP00017231,MP00017231,2023-09-07,13:58:27,PL005,MIL0455831,x@x.com,9999123456,9999123451,9999123452,1,1
MP00017232,MP00017232,2023-09-07,13:58:27,PL005,MIL0439542,x@x.com,9999123456,9999123451,9999123452,1,1
MP00017233,MP00017233,2023-09-07,13:58:27,PL002,MIL0580532,x@x.com,9999123456,9999123451,9999123452,1,1
MP00017234,MP00017234,2023-09-07,13:58:27,PL004,MIL0051955,x@x.com,9999123456,9999123451,9999123452,1,1
MP00017235,MP00017235,2023-09-07,13:58:27,PL006,MIL0090810,x@x.com,9999123456,9999123451,9999123452,1,1
MP00017236,MP00017236,2023-09-07,13:58:27,PL008,MIL0154767,x@x.com,9999123456,9999123451,9999123452,1,1
MP00017237,MP00017237,2023-09-07,13:58:27,PL010,MIL0394055,x@x.com,9999123456,9999123451,9999123452,1,1
MP00017238,MP00017238,2023-09-07,13:58:27,PL010,MIL0360152,x@x.com,9999123456,9999123451,9999123452,1,1
MP00017239,MP00017239,2023-09-07,13:58:27,PL004,MIL0024079,x@x.com,9999123456,9999123451,9999123452,1,1
MP00017240,MP00017240,2023-09-07,13:58:27,PL006,MIL0353926,x@x.com,9999123456,9999123451,9999123452,1,1
MP00017241,MP00017241,2023-09-07,13:58:27,PL012,MIL0328816,x@x.com,9999123456,9999123451,9999123452,1,1
MP00017242,MP00017242,2023-09-07,13:58:27,PL001,MIL0054483,x@x.com,9999123456,9999123451,9999123452,1,1
MP00017243,MP00017243,2023-09-07,13:58:27,PL005,MIL0370529,x@x.com,9999123456,9999123451,9999123452,1,1
MP00017244,MP00017244,2023-09-07,13:58:27,PL011,MIL0206727,x@x.com,9999123456,9999123451,9999123452,1,1
MP00017245,MP00017245,2023-09-07,13:58:27,PL006,MIL0365693,x@x.com,9999123456,9999123451,9999123452,1,1
MP00017246,MP00017246,2023-09-07,13:58:27,PL010,MIL0060071,x@x.com,9999123456,9999123451,9999123452,1,1
MP00017247,MP00017247,2023-09-07,13:58:27,PL013,MIL0571718,x@x.com,9999123456,9999123451,9999123452,1,1
MP00017248,MP00017248,2023-09-07,13:58:27,PL010,MIL0053264,x@x.com,9999123456,9999123451,9999123452,1,1
MP00017249,MP00017249,2023-09-07,13:58:27,PL004,MIL0128182,x@x.com,9999123456,9999123451,9999123452,1,1
MP00017250,MP00017250,2023-09-07,13:58:27,PL007,MIL0452312,x@x.com,9999123456,9999123451,9999123452,1,1
MP00017251,MP00017251,2023-09-07,13:58:27,PL008,MIL0206327,x@x.com,9999123456,9999123451,9999123452,1,1
MP00017252,MP00017252,2023-09-07,13:58:27,PL002,MIL0312637,x@x.com,9999123456,9999123451,9999123452,1,1
MP00017253,MP00017253,2023-09-07,13:58:27,PL011,MIL0200748,x@x.com,9999123456,9999123451,9999123452,1,1
MP00017254,MP00017254,2023-09-07,13:58:27,PL004,MIL0401356,x@x.com,9999123456,9999123451,9999123452,1,1
MP00017255,MP00017255,2023-09-07,13:58:27,PL012,MIL0536584,x@x.com,9999123456,9999123451,9999123452,1,1
MP00017256,MP00017256,2023-09-07,13:58:27,PL004,MIL0246538,x@x.com,9999123456,9999123451,9999123452,1,1
MP00017257,MP00017257,2023-09-07,13:58:27,PL001,MIL0019300,x@x.com,9999123456,9999123451,9999123452,1,1
MP00017258,MP00017258,2023-09-07,13:58:27,PL003,MIL0003100,x@x.com,9999123456,9999123451,9999123452,1,1
MP00017259,MP00017259,2023-09-07,13:58:27,PL002,MIL0542496,x@x.com,9999123456,9999123451,9999123452,1,1
MP00017260,MP00017260,2023-09-07,13:58:27,PL009,MIL0336773,x@x.com,9999123456,9999123451,9999123452,1,1
MP00017261,MP00017261,2023-09-07,13:58:27,PL009,MIL0393174,x@x.com,9999123456,9999123451,9999123452,1,1
MP00017262,MP00017262,2023-09-07,13:58:27,PL007,MIL0072552,x@x.com,9999123456,9999123451,9999123452,1,1
MP00017263,MP00017263,2023-09-07,13:58:27,PL006,MIL0119712,x@x.com,9999123456,9999123451,9999123452,1,1
MP00017264,MP00017264,2023-09-07,13:58:27,PL003,MIL0164892,x@x.com,9999123456,9999123451,9999123452,1,1
MP00017265,MP00017265,2023-09-07,13:58:27,PL008,MIL0490758,x@x.com,9999123456,9999123451,9999123452,1,1
MP00017266,MP00017266,2023-09-07,13:58:27,PL011,MIL0342138,x@x.com,9999123456,9999123451,9999123452,1,1
MP00017267,MP00017267,2023-09-07,13:58:27,PL007,MIL0254166,x@x.com,9999123456,9999123451,9999123452,1,1
MP00017268,MP00017268,2023-09-07,13:58:27,PL012,MIL0402753,x@x.com,9999123456,9999123451,9999123452,1,1
MP00017269,MP00017269,2023-09-07,13:58:27,PL002,MIL0510374,x@x.com,9999123456,9999123451,9999123452,1,1
MP00017270,MP00017270,2023-09-07,13:58:27,PL009,MIL0049604,x@x.com,9999123456,9999123451,9999123452,1,1
MP00017271,MP00017271,2023-09-07,13:58:27,PL011,MIL0314294,x@x.com,9999123456,9999123451,9999123452,1,1
MP00017272,MP00017272,2023-09-07,13:58:27,PL008,MIL0296776,x@x.com,9999123456,9999123451,9999123452,1,1
MP00017273,MP00017273,2023-09-07,13:58:27,PL002,MIL0280532,x@x.com,9999123456,9999123451,9999123452,1,1
MP00017274,MP00017274,2023-09-07,13:58:27,PL011,MIL0420284,x@x.com,9999123456,9999123451,9999123452,1,1
MP00017275,MP00017275,2023-09-07,13:58:27,PL008,MIL0049127,x@x.com,9999123456,9999123451,9999123452,1,1
MP00017276,MP00017276,2023-09-07,13:58:27,PL010,MIL0133469,x@x.com,9999123456,9999123451,9999123452,1,1
MP00017277,MP00017277,2023-09-07,13:58:27,PL011,MIL0351176,x@x.com,9999123456,9999123451,9999123452,1,1
MP00017278,MP00017278,2023-09-07,13:58:27,PL006,MIL0303854,x@x.com,9999123456,9999123451,9999123452,1,1
MP00017279,MP00017279,2023-09-07,13:58:27,PL007,MIL0427694,x@x.com,9999123456,9999123451,9999123452,1,1
MP00017280,MP00017280,2023-09-07,13:58:27,PL001,MIL0322139,x@x.com,9999123456,9999123451,9999123452,1,1
MP00017281,MP00017281,2023-09-07,13:58:27,PL004,MIL0025211,x@x.com,9999123456,9999123451,9999123452,1,1
MP00017282,MP00017282,2023-09-07,13:58:27,PL001,MIL0559410,x@x.com,9999123456,9999123451,9999123452,1,1
MP00017283,MP00017283,2023-09-07,13:58:27,PL007,MIL0221191,x@x.com,9999123456,9999123451,9999123452,1,1
MP00017284,MP00017284,2023-09-07,13:58:27,PL005,MIL0053906,x@x.com,9999123456,9999123451,9999123452,1,1
MP00017285,MP00017285,2023-09-07,13:58:27,PL010,MIL0249727,x@x.com,9999123456,9999123451,9999123452,1,1
MP00017286,MP00017286,2023-09-07,13:58:27,PL012,MIL0212866,x@x.com,9999123456,9999123451,9999123452,1,1
MP00017287,MP00017287,2023-09-07,13:58:27,PL011,MIL0151223,x@x.com,9999123456,9999123451,9999123452,1,1
MP00017288,MP00017288,2023-09-07,13:58:27,PL002,MIL0192074,x@x.com,9999123456,9999123451,9999123452,1,1
MP00017289,MP00017289,2023-09-07,13:58:27,PL001,MIL0315278,x@x.com,9999123456,9999123451,9999123452,1,1
MP00017290,MP00017290,2023-09-07,13:58:27,PL008,MIL0255341,x@x.com,9999123456,9999123451,9999123452,1,1
MP00017291,MP00017291,2023-09-07,13:58:27,PL003,MIL0327438,x@x.com,9999123456,9999123451,9999123452,1,1
MP00017292,MP00017292,2023-09-07,13:58:27,PL011,MIL0025451,x@x.com,9999123456,9999123451,9999123452,1,1
MP00017293,MP00017293,2023-09-07,13:58:27,PL003,MIL0166799,x@x.com,9999123456,9999123451,9999123452,1,1
MP00017294,MP00017294,2023-09-07,13:58:27,PL011,MIL0250747,x@x.com,9999123456,9999123451,9999123452,1,1
MP00017295,MP00017295,2023-09-07,13:58:27,PL013,MIL0021132,x@x.com,9999123456,9999123451,9999123452,1,1
MP00017296,MP00017296,2023-09-07,13:58:27,PL002,MIL0362687,x@x.com,9999123456,9999123451,9999123452,1,1
MP00017297,MP00017297,2023-09-07,13:58:27,PL007,MIL0450133,x@x.com,9999123456,9999123451,9999123452,1,1
MP00017298,MP00017298,2023-09-07,13:58:27,PL008,MIL0532014,x@x.com,9999123456,9999123451,9999123452,1,1
MP00017299,MP00017299,2023-09-07,13:58:27,PL010,MIL0388525,x@x.com,9999123456,9999123451,9999123452,1,1
MP00017300,MP00017300,2023-09-07,13:58:27,PL013,MIL0563538,x@x.com,9999123456,9999123451,9999123452,1,1
MP00017301,MP00017301,2023-09-07,13:58:27,PL001,MIL0554441,x@x.com,9999123456,9999123451,9999123452,1,1
MP00017302,MP00017302,2023-09-07,13:58:27,PL002,MIL0155278,x@x.com,9999123456,9999123451,9999123452,1,1
MP00017303,MP00017303,2023-09-07,13:58:27,PL002,MIL0479609,x@x.com,9999123456,9999123451,9999123452,1,1
MP00017304,MP00017304,2023-09-07,13:58:27,PL006,MIL0353843,x@x.com,9999123456,9999123451,9999123452,1,1
MP00017305,MP00017305,2023-09-07,13:58:27,PL001,MIL0504535,x@x.com,9999123456,9999123451,9999123452,1,1
MP00017306,MP00017306,2023-09-07,13:58:27,PL007,MIL0531475,x@x.com,9999123456,9999123451,9999123452,1,1
MP00017307,MP00017307,2023-09-07,13:58:27,PL006,MIL0413188,x@x.com,9999123456,9999123451,9999123452,1,1
MP00017308,MP00017308,2023-09-07,13:58:27,PL008,MIL0572002,x@x.com,9999123456,9999123451,9999123452,1,1
MP00017309,MP00017309,2023-09-07,13:58:27,PL012,MIL0182080,x@x.com,9999123456,9999123451,9999123452,1,1
MP00017310,MP00017310,2023-09-07,13:58:27,PL005,MIL0238337,x@x.com,9999123456,9999123451,9999123452,1,1
MP00017311,MP00017311,2023-09-07,13:58:27,PL006,MIL0345977,x@x.com,9999123456,9999123451,9999123452,1,1
MP00017312,MP00017312,2023-09-07,13:58:27,PL002,MIL0257080,x@x.com,9999123456,9999123451,9999123452,1,1
MP00017313,MP00017313,2023-09-07,13:58:27,PL007,MIL0333100,x@x.com,9999123456,9999123451,9999123452,1,1
MP00017314,MP00017314,2023-09-07,13:58:27,PL009,MIL0347040,x@x.com,9999123456,9999123451,9999123452,1,1
MP00017315,MP00017315,2023-09-07,13:58:27,PL001,MIL0199198,x@x.com,9999123456,9999123451,9999123452,1,1
MP00017316,MP00017316,2023-09-07,13:58:27,PL008,MIL0376541,x@x.com,9999123456,9999123451,9999123452,1,1
MP00017317,MP00017317,2023-09-07,13:58:27,PL009,MIL0493608,x@x.com,9999123456,9999123451,9999123452,1,1
MP00017318,MP00017318,2023-09-07,13:58:27,PL008,MIL0037771,x@x.com,9999123456,9999123451,9999123452,1,1
MP00017319,MP00017319,2023-09-07,13:58:27,PL007,MIL0160665,x@x.com,9999123456,9999123451,9999123452,1,1
MP00017320,MP00017320,2023-09-07,13:58:27,PL006,MIL0087621,x@x.com,9999123456,9999123451,9999123452,1,1
MP00017321,MP00017321,2023-09-07,13:58:27,PL007,MIL0544890,x@x.com,9999123456,9999123451,9999123452,1,1
MP00017322,MP00017322,2023-09-07,13:58:27,PL008,MIL0506836,x@x.com,9999123456,9999123451,9999123452,1,1
MP00017323,MP00017323,2023-09-07,13:58:27,PL008,MIL0315360,x@x.com,9999123456,9999123451,9999123452,1,1
MP00017324,MP00017324,2023-09-07,13:58:27,PL007,MIL0009527,x@x.com,9999123456,9999123451,9999123452,1,1
MP00017325,MP00017325,2023-09-07,13:58:27,PL012,MIL0350513,x@x.com,9999123456,9999123451,9999123452,1,1
MP00017326,MP00017326,2023-09-07,13:58:27,PL007,MIL0312936,x@x.com,9999123456,9999123451,9999123452,1,1
MP00017327,MP00017327,2023-09-07,13:58:27,PL009,MIL0077637,x@x.com,9999123456,9999123451,9999123452,1,1
MP00017328,MP00017328,2023-09-07,13:58:27,PL013,MIL0361177,x@x.com,9999123456,9999123451,9999123452,1,1
MP00017329,MP00017329,2023-09-07,13:58:27,PL007,MIL0456226,x@x.com,9999123456,9999123451,9999123452,1,1
MP00017330,MP00017330,2023-09-07,13:58:27,PL012,MIL0427272,x@x.com,9999123456,9999123451,9999123452,1,1
MP00017331,MP00017331,2023-09-07,13:58:27,PL009,MIL0381200,x@x.com,9999123456,9999123451,9999123452,1,1
MP00017332,MP00017332,2023-09-07,13:58:27,PL012,MIL0303446,x@x.com,9999123456,9999123451,9999123452,1,1
MP00017333,MP00017333,2023-09-07,13:58:27,PL011,MIL0067465,x@x.com,9999123456,9999123451,9999123452,1,1
MP00017334,MP00017334,2023-09-07,13:58:27,PL006,MIL0575316,x@x.com,9999123456,9999123451,9999123452,1,1
MP00017335,MP00017335,2023-09-07,13:58:27,PL008,MIL0454635,x@x.com,9999123456,9999123451,9999123452,1,1
MP00017336,MP00017336,2023-09-07,13:58:27,PL005,MIL0093608,x@x.com,9999123456,9999123451,9999123452,1,1
MP00017337,MP00017337,2023-09-07,13:58:27,PL006,MIL0029723,x@x.com,9999123456,9999123451,9999123452,1,1
MP00017338,MP00017338,2023-09-07,13:58:27,PL010,MIL0077057,x@x.com,9999123456,9999123451,9999123452,1,1
MP00017339,MP00017339,2023-09-07,13:58:27,PL011,MIL0457135,x@x.com,9999123456,9999123451,9999123452,1,1
MP00017340,MP00017340,2023-09-07,13:58:27,PL003,MIL0264672,x@x.com,9999123456,9999123451,9999123452,1,1
MP00017341,MP00017341,2023-09-07,13:58:27,PL001,MIL0534188,x@x.com,9999123456,9999123451,9999123452,1,1
MP00017342,MP00017342,2023-09-07,13:58:27,PL009,MIL0557004,x@x.com,9999123456,9999123451,9999123452,1,1
MP00017343,MP00017343,2023-09-07,13:58:27,PL009,MIL0378621,x@x.com,9999123456,9999123451,9999123452,1,1
MP00017344,MP00017344,2023-09-07,13:58:27,PL007,MIL0566864,x@x.com,9999123456,9999123451,9999123452,1,1
MP00017345,MP00017345,2023-09-07,13:58:27,PL003,MIL0217402,x@x.com,9999123456,9999123451,9999123452,1,1
MP00017346,MP00017346,2023-09-07,13:58:27,PL003,MIL0306339,x@x.com,9999123456,9999123451,9999123452,1,1
MP00017347,MP00017347,2023-09-07,13:58:27,PL009,MIL0488003,x@x.com,9999123456,9999123451,9999123452,1,1
MP00017348,MP00017348,2023-09-07,13:58:27,PL012,MIL0180427,x@x.com,9999123456,9999123451,9999123452,1,1
MP00017349,MP00017349,2023-09-07,13:58:27,PL011,MIL0182448,x@x.com,9999123456,9999123451,9999123452,1,1
MP00017350,MP00017350,2023-09-07,13:58:27,PL008,MIL0329916,x@x.com,9999123456,9999123451,9999123452,1,1
MP00017351,MP00017351,2023-09-07,13:58:27,PL003,MIL0098367,x@x.com,9999123456,9999123451,9999123452,1,1
MP00017352,MP00017352,2023-09-07,13:58:27,PL009,MIL0351558,x@x.com,9999123456,9999123451,9999123452,1,1
MP00017353,MP00017353,2023-09-07,13:58:27,PL004,MIL0296554,x@x.com,9999123456,9999123451,9999123452,1,1
MP00017354,MP00017354,2023-09-07,13:58:27,PL013,MIL0406767,x@x.com,9999123456,9999123451,9999123452,1,1
MP00017355,MP00017355,2023-09-07,13:58:27,PL007,MIL0264816,x@x.com,9999123456,9999123451,9999123452,1,1
MP00017356,MP00017356,2023-09-07,13:58:27,PL005,MIL0413289,x@x.com,9999123456,9999123451,9999123452,1,1
MP00017357,MP00017357,2023-09-07,13:58:27,PL011,MIL0183962,x@x.com,9999123456,9999123451,9999123452,1,1
MP00017358,MP00017358,2023-09-07,13:58:27,PL001,MIL0070160,x@x.com,9999123456,9999123451,9999123452,1,1
MP00017359,MP00017359,2023-09-07,13:58:27,PL012,MIL0325018,x@x.com,9999123456,9999123451,9999123452,1,1
MP00017360,MP00017360,2023-09-07,13:58:27,PL013,MIL0362112,x@x.com,9999123456,9999123451,9999123452,1,1
MP00017361,MP00017361,2023-09-07,13:58:27,PL004,MIL0010636,x@x.com,9999123456,9999123451,9999123452,1,1
MP00017362,MP00017362,2023-09-07,13:58:27,PL009,MIL0034872,x@x.com,9999123456,9999123451,9999123452,1,1
MP00017363,MP00017363,2023-09-07,13:58:27,PL010,MIL0166744,x@x.com,9999123456,9999123451,9999123452,1,1
MP00017364,MP00017364,2023-09-07,13:58:27,PL004,MIL0298632,x@x.com,9999123456,9999123451,9999123452,1,1
MP00017365,MP00017365,2023-09-07,13:58:27,PL013,MIL0570536,x@x.com,9999123456,9999123451,9999123452,1,1
MP00017366,MP00017366,2023-09-07,13:58:27,PL011,MIL0345111,x@x.com,9999123456,9999123451,9999123452,1,1
MP00017367,MP00017367,2023-09-07,13:58:27,PL013,MIL0415712,x@x.com,9999123456,9999123451,9999123452,1,1
MP00017368,MP00017368,2023-09-07,13:58:27,PL011,MIL0559586,x@x.com,9999123456,9999123451,9999123452,1,1
MP00017369,MP00017369,2023-09-07,13:58:27,PL001,MIL0496599,x@x.com,9999123456,9999123451,9999123452,1,1
MP00017370,MP00017370,2023-09-07,13:58:27,PL008,MIL0022535,x@x.com,9999123456,9999123451,9999123452,1,1
MP00017371,MP00017371,2023-09-07,13:58:27,PL010,MIL0166237,x@x.com,9999123456,9999123451,9999123452,1,1
MP00017372,MP00017372,2023-09-07,13:58:27,PL008,MIL0360053,x@x.com,9999123456,9999123451,9999123452,1,1
MP00017373,MP00017373,2023-09-07,13:58:27,PL007,MIL0011986,x@x.com,9999123456,9999123451,9999123452,1,1
MP00017374,MP00017374,2023-09-07,13:58:27,PL009,MIL0169102,x@x.com,9999123456,9999123451,9999123452,1,1
MP00017375,MP00017375,2023-09-07,13:58:27,PL011,MIL0570689,x@x.com,9999123456,9999123451,9999123452,1,1
MP00017376,MP00017376,2023-09-07,13:58:27,PL007,MIL0549924,x@x.com,9999123456,9999123451,9999123452,1,1
MP00017377,MP00017377,2023-09-07,13:58:27,PL012,MIL0469566,x@x.com,9999123456,9999123451,9999123452,1,1
MP00017378,MP00017378,2023-09-07,13:58:27,PL011,MIL0469554,x@x.com,9999123456,9999123451,9999123452,1,1
MP00017379,MP00017379,2023-09-07,13:58:27,PL005,MIL0044545,x@x.com,9999123456,9999123451,9999123452,1,1
MP00017380,MP00017380,2023-09-07,13:58:27,PL002,MIL0004535,x@x.com,9999123456,9999123451,9999123452,1,1
MP00017381,MP00017381,2023-09-07,13:58:27,PL008,MIL0364611,x@x.com,9999123456,9999123451,9999123452,1,1
MP00017382,MP00017382,2023-09-07,13:58:27,PL006,MIL0292522,x@x.com,9999123456,9999123451,9999123452,1,1
MP00017383,MP00017383,2023-09-07,13:58:27,PL001,MIL0408584,x@x.com,9999123456,9999123451,9999123452,1,1
MP00017384,MP00017384,2023-09-07,13:58:27,PL003,MIL0431225,x@x.com,9999123456,9999123451,9999123452,1,1
MP00017385,MP00017385,2023-09-07,13:58:27,PL006,MIL0297006,x@x.com,9999123456,9999123451,9999123452,1,1
MP00017386,MP00017386,2023-09-07,13:58:27,PL006,MIL0017996,x@x.com,9999123456,9999123451,9999123452,1,1
MP00017387,MP00017387,2023-09-07,13:58:27,PL009,MIL0229512,x@x.com,9999123456,9999123451,9999123452,1,1
MP00017388,MP00017388,2023-09-07,13:58:27,PL005,MIL0445736,x@x.com,9999123456,9999123451,9999123452,1,1
MP00017389,MP00017389,2023-09-07,13:58:27,PL004,MIL0402941,x@x.com,9999123456,9999123451,9999123452,1,1
MP00017390,MP00017390,2023-09-07,13:58:27,PL009,MIL0508815,x@x.com,9999123456,9999123451,9999123452,1,1
MP00017391,MP00017391,2023-09-07,13:58:27,PL006,MIL0445618,x@x.com,9999123456,9999123451,9999123452,1,1
MP00017392,MP00017392,2023-09-07,13:58:27,PL007,MIL0168315,x@x.com,9999123456,9999123451,9999123452,1,1
MP00017393,MP00017393,2023-09-07,13:58:27,PL002,MIL0400776,x@x.com,9999123456,9999123451,9999123452,1,1
MP00017394,MP00017394,2023-09-07,13:58:27,PL005,MIL0162706,x@x.com,9999123456,9999123451,9999123452,1,1
MP00017395,MP00017395,2023-09-07,13:58:27,PL010,MIL0270226,x@x.com,9999123456,9999123451,9999123452,1,1
MP00017396,MP00017396,2023-09-07,13:58:27,PL002,MIL0258702,x@x.com,9999123456,9999123451,9999123452,1,1
MP00017397,MP00017397,2023-09-07,13:58:27,PL012,MIL0361376,x@x.com,9999123456,9999123451,9999123452,1,1
MP00017398,MP00017398,2023-09-07,13:58:27,PL007,MIL0173584,x@x.com,9999123456,9999123451,9999123452,1,1
MP00017399,MP00017399,2023-09-07,13:58:27,PL007,MIL0345085,x@x.com,9999123456,9999123451,9999123452,1,1
MP00017400,MP00017400,2023-09-07,13:58:27,PL013,MIL0395139,x@x.com,9999123456,9999123451,9999123452,1,1
MP00017401,MP00017401,2023-09-07,13:58:27,PL007,MIL0299980,x@x.com,9999123456,9999123451,9999123452,1,1
MP00017402,MP00017402,2023-09-07,13:58:27,PL002,MIL0254778,x@x.com,9999123456,9999123451,9999123452,1,1
MP00017403,MP00017403,2023-09-07,13:58:27,PL005,MIL0240006,x@x.com,9999123456,9999123451,9999123452,1,1
MP00017404,MP00017404,2023-09-07,13:58:27,PL007,MIL0081194,x@x.com,9999123456,9999123451,9999123452,1,1
MP00017405,MP00017405,2023-09-07,13:58:27,PL011,MIL0134747,x@x.com,9999123456,9999123451,9999123452,1,1
MP00017406,MP00017406,2023-09-07,13:58:27,PL008,MIL0448182,x@x.com,9999123456,9999123451,9999123452,1,1
MP00017407,MP00017407,2023-09-07,13:58:27,PL004,MIL0425687,x@x.com,9999123456,9999123451,9999123452,1,1
MP00017408,MP00017408,2023-09-07,13:58:27,PL001,MIL0255506,x@x.com,9999123456,9999123451,9999123452,1,1
MP00017409,MP00017409,2023-09-07,13:58:27,PL013,MIL0580350,x@x.com,9999123456,9999123451,9999123452,1,1
MP00017410,MP00017410,2023-09-07,13:58:27,PL012,MIL0184096,x@x.com,9999123456,9999123451,9999123452,1,1
MP00017411,MP00017411,2023-09-07,13:58:27,PL002,MIL0408757,x@x.com,9999123456,9999123451,9999123452,1,1
MP00017412,MP00017412,2023-09-07,13:58:27,PL013,MIL0507513,x@x.com,9999123456,9999123451,9999123452,1,1
MP00017413,MP00017413,2023-09-07,13:58:27,PL010,MIL0109158,x@x.com,9999123456,9999123451,9999123452,1,1
MP00017414,MP00017414,2023-09-07,13:58:27,PL004,MIL0191417,x@x.com,9999123456,9999123451,9999123452,1,1
MP00017415,MP00017415,2023-09-07,13:58:27,PL005,MIL0254229,x@x.com,9999123456,9999123451,9999123452,1,1
MP00017416,MP00017416,2023-09-07,13:58:27,PL006,MIL0200802,x@x.com,9999123456,9999123451,9999123452,1,1
MP00017417,MP00017417,2023-09-07,13:58:27,PL007,MIL0373643,x@x.com,9999123456,9999123451,9999123452,1,1
MP00017418,MP00017418,2023-09-07,13:58:27,PL007,MIL0112218,x@x.com,9999123456,9999123451,9999123452,1,1
MP00017419,MP00017419,2023-09-07,13:58:27,PL002,MIL0068134,x@x.com,9999123456,9999123451,9999123452,1,1
MP00017420,MP00017420,2023-09-07,13:58:27,PL001,MIL0037317,x@x.com,9999123456,9999123451,9999123452,1,1
MP00017421,MP00017421,2023-09-07,13:58:27,PL013,MIL0560688,x@x.com,9999123456,9999123451,9999123452,1,1
MP00017422,MP00017422,2023-09-07,13:58:27,PL012,MIL0428111,x@x.com,9999123456,9999123451,9999123452,1,1
MP00017423,MP00017423,2023-09-07,13:58:27,PL006,MIL0416794,x@x.com,9999123456,9999123451,9999123452,1,1
MP00017424,MP00017424,2023-09-07,13:58:27,PL001,MIL0022157,x@x.com,9999123456,9999123451,9999123452,1,1
MP00017425,MP00017425,2023-09-07,13:58:27,PL007,MIL0206485,x@x.com,9999123456,9999123451,9999123452,1,1
MP00017426,MP00017426,2023-09-07,13:58:27,PL001,MIL0012621,x@x.com,9999123456,9999123451,9999123452,1,1
MP00017427,MP00017427,2023-09-07,13:58:27,PL007,MIL0205104,x@x.com,9999123456,9999123451,9999123452,1,1
MP00017428,MP00017428,2023-09-07,13:58:27,PL006,MIL0117478,x@x.com,9999123456,9999123451,9999123452,1,1
MP00017429,MP00017429,2023-09-07,13:58:27,PL011,MIL0425025,x@x.com,9999123456,9999123451,9999123452,1,1
MP00017430,MP00017430,2023-09-07,13:58:27,PL009,MIL0099693,x@x.com,9999123456,9999123451,9999123452,1,1
MP00017431,MP00017431,2023-09-07,13:58:27,PL004,MIL0524584,x@x.com,9999123456,9999123451,9999123452,1,1
MP00017432,MP00017432,2023-09-07,13:58:27,PL009,MIL0145730,x@x.com,9999123456,9999123451,9999123452,1,1
MP00017433,MP00017433,2023-09-07,13:58:27,PL010,MIL0351630,x@x.com,9999123456,9999123451,9999123452,1,1
MP00017434,MP00017434,2023-09-07,13:58:27,PL009,MIL0542124,x@x.com,9999123456,9999123451,9999123452,1,1
MP00017435,MP00017435,2023-09-07,13:58:27,PL008,MIL0241606,x@x.com,9999123456,9999123451,9999123452,1,1
MP00017436,MP00017436,2023-09-07,13:58:27,PL012,MIL0217810,x@x.com,9999123456,9999123451,9999123452,1,1
MP00017437,MP00017437,2023-09-07,13:58:27,PL005,MIL0015571,x@x.com,9999123456,9999123451,9999123452,1,1
MP00017438,MP00017438,2023-09-07,13:58:27,PL006,MIL0550337,x@x.com,9999123456,9999123451,9999123452,1,1
MP00017439,MP00017439,2023-09-07,13:58:27,PL007,MIL0540419,x@x.com,9999123456,9999123451,9999123452,1,1
MP00017440,MP00017440,2023-09-07,13:58:27,PL004,MIL0394871,x@x.com,9999123456,9999123451,9999123452,1,1
MP00017441,MP00017441,2023-09-07,13:58:27,PL008,MIL0002594,x@x.com,9999123456,9999123451,9999123452,1,1
MP00017442,MP00017442,2023-09-07,13:58:27,PL012,MIL0204096,x@x.com,9999123456,9999123451,9999123452,1,1
MP00017443,MP00017443,2023-09-07,13:58:27,PL004,MIL0359276,x@x.com,9999123456,9999123451,9999123452,1,1
MP00017444,MP00017444,2023-09-07,13:58:27,PL009,MIL0516598,x@x.com,9999123456,9999123451,9999123452,1,1
MP00017445,MP00017445,2023-09-07,13:58:27,PL010,MIL0351891,x@x.com,9999123456,9999123451,9999123452,1,1
MP00017446,MP00017446,2023-09-07,13:58:27,PL007,MIL0322944,x@x.com,9999123456,9999123451,9999123452,1,1
MP00017447,MP00017447,2023-09-07,13:58:27,PL009,MIL0257223,x@x.com,9999123456,9999123451,9999123452,1,1
MP00017448,MP00017448,2023-09-07,13:58:27,PL002,MIL0482103,x@x.com,9999123456,9999123451,9999123452,1,1
MP00017449,MP00017449,2023-09-07,13:58:27,PL010,MIL0084812,x@x.com,9999123456,9999123451,9999123452,1,1
MP00017450,MP00017450,2023-09-07,13:58:27,PL003,MIL0062777,x@x.com,9999123456,9999123451,9999123452,1,1
MP00017451,MP00017451,2023-09-07,13:58:27,PL007,MIL0153977,x@x.com,9999123456,9999123451,9999123452,1,1
MP00017452,MP00017452,2023-09-07,13:58:27,PL011,MIL0050890,x@x.com,9999123456,9999123451,9999123452,1,1
MP00017453,MP00017453,2023-09-07,13:58:27,PL006,MIL0530846,x@x.com,9999123456,9999123451,9999123452,1,1
MP00017454,MP00017454,2023-09-07,13:58:27,PL008,MIL0178978,x@x.com,9999123456,9999123451,9999123452,1,1
MP00017455,MP00017455,2023-09-07,13:58:27,PL003,MIL0422070,x@x.com,9999123456,9999123451,9999123452,1,1
MP00017456,MP00017456,2023-09-07,13:58:27,PL006,MIL0442980,x@x.com,9999123456,9999123451,9999123452,1,1
MP00017457,MP00017457,2023-09-07,13:58:27,PL013,MIL0270227,x@x.com,9999123456,9999123451,9999123452,1,1
MP00017458,MP00017458,2023-09-07,13:58:27,PL011,MIL0492240,x@x.com,9999123456,9999123451,9999123452,1,1
MP00017459,MP00017459,2023-09-07,13:58:27,PL007,MIL0503445,x@x.com,9999123456,9999123451,9999123452,1,1
MP00017460,MP00017460,2023-09-07,13:58:27,PL006,MIL0215275,x@x.com,9999123456,9999123451,9999123452,1,1
MP00017461,MP00017461,2023-09-07,13:58:27,PL010,MIL0028308,x@x.com,9999123456,9999123451,9999123452,1,1
MP00017462,MP00017462,2023-09-07,13:58:27,PL002,MIL0115684,x@x.com,9999123456,9999123451,9999123452,1,1
MP00017463,MP00017463,2023-09-07,13:58:27,PL008,MIL0369654,x@x.com,9999123456,9999123451,9999123452,1,1
MP00017464,MP00017464,2023-09-07,13:58:27,PL003,MIL0335113,x@x.com,9999123456,9999123451,9999123452,1,1
MP00017465,MP00017465,2023-09-07,13:58:27,PL009,MIL0182730,x@x.com,9999123456,9999123451,9999123452,1,1
MP00017466,MP00017466,2023-09-07,13:58:27,PL004,MIL0478590,x@x.com,9999123456,9999123451,9999123452,1,1
MP00017467,MP00017467,2023-09-07,13:58:27,PL011,MIL0016959,x@x.com,9999123456,9999123451,9999123452,1,1
MP00017468,MP00017468,2023-09-07,13:58:27,PL010,MIL0308208,x@x.com,9999123456,9999123451,9999123452,1,1
MP00017469,MP00017469,2023-09-07,13:58:27,PL001,MIL0196084,x@x.com,9999123456,9999123451,9999123452,1,1
MP00017470,MP00017470,2023-09-07,13:58:27,PL002,MIL0278881,x@x.com,9999123456,9999123451,9999123452,1,1
MP00017471,MP00017471,2023-09-07,13:58:27,PL012,MIL0276652,x@x.com,9999123456,9999123451,9999123452,1,1
MP00017472,MP00017472,2023-09-07,13:58:27,PL006,MIL0546280,x@x.com,9999123456,9999123451,9999123452,1,1
MP00017473,MP00017473,2023-09-07,13:58:27,PL004,MIL0422245,x@x.com,9999123456,9999123451,9999123452,1,1
MP00017474,MP00017474,2023-09-07,13:58:27,PL010,MIL0207983,x@x.com,9999123456,9999123451,9999123452,1,1
MP00017475,MP00017475,2023-09-07,13:58:27,PL009,MIL0292083,x@x.com,9999123456,9999123451,9999123452,1,1
MP00017476,MP00017476,2023-09-07,13:58:27,PL004,MIL0130514,x@x.com,9999123456,9999123451,9999123452,1,1
MP00017477,MP00017477,2023-09-07,13:58:27,PL006,MIL0026728,x@x.com,9999123456,9999123451,9999123452,1,1
MP00017478,MP00017478,2023-09-07,13:58:27,PL002,MIL0540924,x@x.com,9999123456,9999123451,9999123452,1,1
MP00017479,MP00017479,2023-09-07,13:58:27,PL003,MIL0454414,x@x.com,9999123456,9999123451,9999123452,1,1
MP00017480,MP00017480,2023-09-07,13:58:27,PL006,MIL0391577,x@x.com,9999123456,9999123451,9999123452,1,1
MP00017481,MP00017481,2023-09-07,13:58:27,PL001,MIL0131156,x@x.com,9999123456,9999123451,9999123452,1,1
MP00017482,MP00017482,2023-09-07,13:58:27,PL012,MIL0218440,x@x.com,9999123456,9999123451,9999123452,1,1
MP00017483,MP00017483,2023-09-07,13:58:27,PL009,MIL0551723,x@x.com,9999123456,9999123451,9999123452,1,1
MP00017484,MP00017484,2023-09-07,13:58:27,PL011,MIL0138077,x@x.com,9999123456,9999123451,9999123452,1,1
MP00017485,MP00017485,2023-09-07,13:58:27,PL013,MIL0484193,x@x.com,9999123456,9999123451,9999123452,1,1
MP00017486,MP00017486,2023-09-07,13:58:27,PL007,MIL0101027,x@x.com,9999123456,9999123451,9999123452,1,1
MP00017487,MP00017487,2023-09-07,13:58:27,PL009,MIL0494887,x@x.com,9999123456,9999123451,9999123452,1,1
MP00017488,MP00017488,2023-09-07,13:58:27,PL004,MIL0413814,x@x.com,9999123456,9999123451,9999123452,1,1
MP00017489,MP00017489,2023-09-07,13:58:27,PL002,MIL0217137,x@x.com,9999123456,9999123451,9999123452,1,1
MP00017490,MP00017490,2023-09-07,13:58:27,PL009,MIL0381849,x@x.com,9999123456,9999123451,9999123452,1,1
MP00017491,MP00017491,2023-09-07,13:58:27,PL006,MIL0033482,x@x.com,9999123456,9999123451,9999123452,1,1
MP00017492,MP00017492,2023-09-07,13:58:27,PL004,MIL0498911,x@x.com,9999123456,9999123451,9999123452,1,1
MP00017493,MP00017493,2023-09-07,13:58:27,PL001,MIL0155636,x@x.com,9999123456,9999123451,9999123452,1,1
MP00017494,MP00017494,2023-09-07,13:58:27,PL009,MIL0553246,x@x.com,9999123456,9999123451,9999123452,1,1
MP00017495,MP00017495,2023-09-07,13:58:27,PL009,MIL0174814,x@x.com,9999123456,9999123451,9999123452,1,1
MP00017496,MP00017496,2023-09-07,13:58:27,PL005,MIL0330382,x@x.com,9999123456,9999123451,9999123452,1,1
MP00017497,MP00017497,2023-09-07,13:58:27,PL005,MIL0522500,x@x.com,9999123456,9999123451,9999123452,1,1
MP00017498,MP00017498,2023-09-07,13:58:27,PL010,MIL0382188,x@x.com,9999123456,9999123451,9999123452,1,1
MP00017499,MP00017499,2023-09-07,13:58:27,PL008,MIL0061945,x@x.com,9999123456,9999123451,9999123452,1,1
MP00017500,MP00017500,2023-09-07,13:58:27,PL004,MIL0224535,x@x.com,9999123456,9999123451,9999123452,1,1
MP00017501,MP00017501,2023-09-07,13:58:27,PL007,MIL0244905,x@x.com,9999123456,9999123451,9999123452,1,1
MP00017502,MP00017502,2023-09-07,13:58:27,PL009,MIL0182408,x@x.com,9999123456,9999123451,9999123452,1,1
MP00017503,MP00017503,2023-09-07,13:58:27,PL010,MIL0217157,x@x.com,9999123456,9999123451,9999123452,1,1
MP00017504,MP00017504,2023-09-07,13:58:27,PL011,MIL0308357,x@x.com,9999123456,9999123451,9999123452,1,1
MP00017505,MP00017505,2023-09-07,13:58:27,PL006,MIL0183675,x@x.com,9999123456,9999123451,9999123452,1,1
MP00017506,MP00017506,2023-09-07,13:58:27,PL010,MIL0196563,x@x.com,9999123456,9999123451,9999123452,1,1
MP00017507,MP00017507,2023-09-07,13:58:27,PL011,MIL0532813,x@x.com,9999123456,9999123451,9999123452,1,1
MP00017508,MP00017508,2023-09-07,13:58:27,PL012,MIL0099225,x@x.com,9999123456,9999123451,9999123452,1,1
MP00017509,MP00017509,2023-09-07,13:58:27,PL006,MIL0268011,x@x.com,9999123456,9999123451,9999123452,1,1
MP00017510,MP00017510,2023-09-07,13:58:27,PL010,MIL0037955,x@x.com,9999123456,9999123451,9999123452,1,1
MP00017511,MP00017511,2023-09-07,13:58:27,PL004,MIL0515728,x@x.com,9999123456,9999123451,9999123452,1,1
MP00017512,MP00017512,2023-09-07,13:58:27,PL003,MIL0500962,x@x.com,9999123456,9999123451,9999123452,1,1
MP00017513,MP00017513,2023-09-07,13:58:27,PL001,MIL0233949,x@x.com,9999123456,9999123451,9999123452,1,1
MP00017514,MP00017514,2023-09-07,13:58:27,PL001,MIL0091131,x@x.com,9999123456,9999123451,9999123452,1,1
MP00017515,MP00017515,2023-09-07,13:58:27,PL003,MIL0133091,x@x.com,9999123456,9999123451,9999123452,1,1
MP00017516,MP00017516,2023-09-07,13:58:27,PL003,MIL0286199,x@x.com,9999123456,9999123451,9999123452,1,1
MP00017517,MP00017517,2023-09-07,13:58:27,PL002,MIL0282623,x@x.com,9999123456,9999123451,9999123452,1,1
MP00017518,MP00017518,2023-09-07,13:58:27,PL001,MIL0291021,x@x.com,9999123456,9999123451,9999123452,1,1
MP00017519,MP00017519,2023-09-07,13:58:27,PL007,MIL0050183,x@x.com,9999123456,9999123451,9999123452,1,1
MP00017520,MP00017520,2023-09-07,13:58:27,PL006,MIL0369435,x@x.com,9999123456,9999123451,9999123452,1,1
MP00017521,MP00017521,2023-09-07,13:58:27,PL012,MIL0171216,x@x.com,9999123456,9999123451,9999123452,1,1
MP00017522,MP00017522,2023-09-07,13:58:27,PL010,MIL0000173,x@x.com,9999123456,9999123451,9999123452,1,1
MP00017523,MP00017523,2023-09-07,13:58:27,PL011,MIL0284906,x@x.com,9999123456,9999123451,9999123452,1,1
MP00017524,MP00017524,2023-09-07,13:58:27,PL013,MIL0248912,x@x.com,9999123456,9999123451,9999123452,1,1
MP00017525,MP00017525,2023-09-07,13:58:27,PL001,MIL0332138,x@x.com,9999123456,9999123451,9999123452,1,1
MP00017526,MP00017526,2023-09-07,13:58:27,PL010,MIL0249212,x@x.com,9999123456,9999123451,9999123452,1,1
MP00017527,MP00017527,2023-09-07,13:58:27,PL002,MIL0265153,x@x.com,9999123456,9999123451,9999123452,1,1
MP00017528,MP00017528,2023-09-07,13:58:27,PL006,MIL0157449,x@x.com,9999123456,9999123451,9999123452,1,1
MP00017529,MP00017529,2023-09-07,13:58:27,PL003,MIL0287156,x@x.com,9999123456,9999123451,9999123452,1,1
MP00017530,MP00017530,2023-09-07,13:58:27,PL010,MIL0560160,x@x.com,9999123456,9999123451,9999123452,1,1
MP00017531,MP00017531,2023-09-07,13:58:27,PL006,MIL0475684,x@x.com,9999123456,9999123451,9999123452,1,1
MP00017532,MP00017532,2023-09-07,13:58:27,PL002,MIL0195767,x@x.com,9999123456,9999123451,9999123452,1,1
MP00017533,MP00017533,2023-09-07,13:58:27,PL012,MIL0259987,x@x.com,9999123456,9999123451,9999123452,1,1
MP00017534,MP00017534,2023-09-07,13:58:27,PL004,MIL0054667,x@x.com,9999123456,9999123451,9999123452,1,1
MP00017535,MP00017535,2023-09-07,13:58:27,PL007,MIL0346443,x@x.com,9999123456,9999123451,9999123452,1,1
MP00017536,MP00017536,2023-09-07,13:58:27,PL007,MIL0271090,x@x.com,9999123456,9999123451,9999123452,1,1
MP00017537,MP00017537,2023-09-07,13:58:27,PL010,MIL0529238,x@x.com,9999123456,9999123451,9999123452,1,1
MP00017538,MP00017538,2023-09-07,13:58:27,PL009,MIL0017212,x@x.com,9999123456,9999123451,9999123452,1,1
MP00017539,MP00017539,2023-09-07,13:58:27,PL001,MIL0560465,x@x.com,9999123456,9999123451,9999123452,1,1
MP00017540,MP00017540,2023-09-07,13:58:27,PL005,MIL0060983,x@x.com,9999123456,9999123451,9999123452,1,1
MP00017541,MP00017541,2023-09-07,13:58:27,PL010,MIL0477434,x@x.com,9999123456,9999123451,9999123452,1,1
MP00017542,MP00017542,2023-09-07,13:58:27,PL005,MIL0196495,x@x.com,9999123456,9999123451,9999123452,1,1
MP00017543,MP00017543,2023-09-07,13:58:27,PL001,MIL0483140,x@x.com,9999123456,9999123451,9999123452,1,1
MP00017544,MP00017544,2023-09-07,13:58:27,PL008,MIL0258254,x@x.com,9999123456,9999123451,9999123452,1,1
MP00017545,MP00017545,2023-09-07,13:58:27,PL008,MIL0216076,x@x.com,9999123456,9999123451,9999123452,1,1
MP00017546,MP00017546,2023-09-07,13:58:27,PL005,MIL0413321,x@x.com,9999123456,9999123451,9999123452,1,1
MP00017547,MP00017547,2023-09-07,13:58:27,PL009,MIL0408320,x@x.com,9999123456,9999123451,9999123452,1,1
MP00017548,MP00017548,2023-09-07,13:58:27,PL008,MIL0571538,x@x.com,9999123456,9999123451,9999123452,1,1
MP00017549,MP00017549,2023-09-07,13:58:27,PL001,MIL0435355,x@x.com,9999123456,9999123451,9999123452,1,1
MP00017550,MP00017550,2023-09-07,13:58:27,PL003,MIL0249564,x@x.com,9999123456,9999123451,9999123452,1,1
MP00017551,MP00017551,2023-09-07,13:58:27,PL012,MIL0186188,x@x.com,9999123456,9999123451,9999123452,1,1
MP00017552,MP00017552,2023-09-07,13:58:27,PL005,MIL0312908,x@x.com,9999123456,9999123451,9999123452,1,1
MP00017553,MP00017553,2023-09-07,13:58:27,PL002,MIL0573788,x@x.com,9999123456,9999123451,9999123452,1,1
MP00017554,MP00017554,2023-09-07,13:58:27,PL002,MIL0115106,x@x.com,9999123456,9999123451,9999123452,1,1
MP00017555,MP00017555,2023-09-07,13:58:27,PL013,MIL0569076,x@x.com,9999123456,9999123451,9999123452,1,1
MP00017556,MP00017556,2023-09-07,13:58:27,PL008,MIL0426189,x@x.com,9999123456,9999123451,9999123452,1,1
MP00017557,MP00017557,2023-09-07,13:58:27,PL007,MIL0444317,x@x.com,9999123456,9999123451,9999123452,1,1
MP00017558,MP00017558,2023-09-07,13:58:27,PL012,MIL0008460,x@x.com,9999123456,9999123451,9999123452,1,1
MP00017559,MP00017559,2023-09-07,13:58:27,PL008,MIL0310404,x@x.com,9999123456,9999123451,9999123452,1,1
MP00017560,MP00017560,2023-09-07,13:58:27,PL011,MIL0435038,x@x.com,9999123456,9999123451,9999123452,1,1
MP00017561,MP00017561,2023-09-07,13:58:27,PL004,MIL0390681,x@x.com,9999123456,9999123451,9999123452,1,1
MP00017562,MP00017562,2023-09-07,13:58:27,PL005,MIL0259276,x@x.com,9999123456,9999123451,9999123452,1,1
MP00017563,MP00017563,2023-09-07,13:58:27,PL005,MIL0082370,x@x.com,9999123456,9999123451,9999123452,1,1
MP00017564,MP00017564,2023-09-07,13:58:27,PL005,MIL0458122,x@x.com,9999123456,9999123451,9999123452,1,1
MP00017565,MP00017565,2023-09-07,13:58:27,PL006,MIL0303003,x@x.com,9999123456,9999123451,9999123452,1,1
MP00017566,MP00017566,2023-09-07,13:58:27,PL005,MIL0473930,x@x.com,9999123456,9999123451,9999123452,1,1
MP00017567,MP00017567,2023-09-07,13:58:27,PL005,MIL0459824,x@x.com,9999123456,9999123451,9999123452,1,1
MP00017568,MP00017568,2023-09-07,13:58:27,PL010,MIL0575806,x@x.com,9999123456,9999123451,9999123452,1,1
MP00017569,MP00017569,2023-09-07,13:58:27,PL008,MIL0081681,x@x.com,9999123456,9999123451,9999123452,1,1
MP00017570,MP00017570,2023-09-07,13:58:27,PL013,MIL0132547,x@x.com,9999123456,9999123451,9999123452,1,1
MP00017571,MP00017571,2023-09-07,13:58:27,PL010,MIL0107271,x@x.com,9999123456,9999123451,9999123452,1,1
MP00017572,MP00017572,2023-09-07,13:58:27,PL009,MIL0185077,x@x.com,9999123456,9999123451,9999123452,1,1
MP00017573,MP00017573,2023-09-07,13:58:27,PL004,MIL0287235,x@x.com,9999123456,9999123451,9999123452,1,1
MP00017574,MP00017574,2023-09-07,13:58:27,PL013,MIL0517144,x@x.com,9999123456,9999123451,9999123452,1,1
MP00017575,MP00017575,2023-09-07,13:58:27,PL002,MIL0314024,x@x.com,9999123456,9999123451,9999123452,1,1
MP00017576,MP00017576,2023-09-07,13:58:27,PL012,MIL0514939,x@x.com,9999123456,9999123451,9999123452,1,1
MP00017577,MP00017577,2023-09-07,13:58:27,PL006,MIL0201806,x@x.com,9999123456,9999123451,9999123452,1,1
MP00017578,MP00017578,2023-09-07,13:58:27,PL013,MIL0132855,x@x.com,9999123456,9999123451,9999123452,1,1
MP00017579,MP00017579,2023-09-07,13:58:27,PL004,MIL0004242,x@x.com,9999123456,9999123451,9999123452,1,1
MP00017580,MP00017580,2023-09-07,13:58:27,PL010,MIL0324152,x@x.com,9999123456,9999123451,9999123452,1,1
MP00017581,MP00017581,2023-09-07,13:58:27,PL006,MIL0152742,x@x.com,9999123456,9999123451,9999123452,1,1
MP00017582,MP00017582,2023-09-07,13:58:27,PL005,MIL0002708,x@x.com,9999123456,9999123451,9999123452,1,1
MP00017583,MP00017583,2023-09-07,13:58:27,PL013,MIL0534762,x@x.com,9999123456,9999123451,9999123452,1,1
MP00017584,MP00017584,2023-09-07,13:58:27,PL007,MIL0381614,x@x.com,9999123456,9999123451,9999123452,1,1
MP00017585,MP00017585,2023-09-07,13:58:27,PL004,MIL0106900,x@x.com,9999123456,9999123451,9999123452,1,1
MP00017586,MP00017586,2023-09-07,13:58:27,PL009,MIL0399869,x@x.com,9999123456,9999123451,9999123452,1,1
MP00017587,MP00017587,2023-09-07,13:58:27,PL011,MIL0129042,x@x.com,9999123456,9999123451,9999123452,1,1
MP00017588,MP00017588,2023-09-07,13:58:27,PL012,MIL0312871,x@x.com,9999123456,9999123451,9999123452,1,1
MP00017589,MP00017589,2023-09-07,13:58:27,PL006,MIL0543180,x@x.com,9999123456,9999123451,9999123452,1,1
MP00017590,MP00017590,2023-09-07,13:58:27,PL013,MIL0416258,x@x.com,9999123456,9999123451,9999123452,1,1
MP00017591,MP00017591,2023-09-07,13:58:27,PL002,MIL0297792,x@x.com,9999123456,9999123451,9999123452,1,1
MP00017592,MP00017592,2023-09-07,13:58:27,PL012,MIL0564177,x@x.com,9999123456,9999123451,9999123452,1,1
MP00017593,MP00017593,2023-09-07,13:58:27,PL004,MIL0093249,x@x.com,9999123456,9999123451,9999123452,1,1
MP00017594,MP00017594,2023-09-07,13:58:27,PL009,MIL0259058,x@x.com,9999123456,9999123451,9999123452,1,1
MP00017595,MP00017595,2023-09-07,13:58:27,PL009,MIL0218039,x@x.com,9999123456,9999123451,9999123452,1,1
MP00017596,MP00017596,2023-09-07,13:58:27,PL007,MIL0546572,x@x.com,9999123456,9999123451,9999123452,1,1
MP00017597,MP00017597,2023-09-07,13:58:27,PL002,MIL0327631,x@x.com,9999123456,9999123451,9999123452,1,1
MP00017598,MP00017598,2023-09-07,13:58:27,PL002,MIL0526636,x@x.com,9999123456,9999123451,9999123452,1,1
MP00017599,MP00017599,2023-09-07,13:58:27,PL011,MIL0084470,x@x.com,9999123456,9999123451,9999123452,1,1
MP00017600,MP00017600,2023-09-07,13:58:27,PL008,MIL0514425,x@x.com,9999123456,9999123451,9999123452,1,1
MP00017601,MP00017601,2023-09-07,13:58:27,PL007,MIL0009768,x@x.com,9999123456,9999123451,9999123452,1,1
MP00017602,MP00017602,2023-09-07,13:58:27,PL004,MIL0564929,x@x.com,9999123456,9999123451,9999123452,1,1
MP00017603,MP00017603,2023-09-07,13:58:27,PL001,MIL0404999,x@x.com,9999123456,9999123451,9999123452,1,1
MP00017604,MP00017604,2023-09-07,13:58:27,PL011,MIL0331559,x@x.com,9999123456,9999123451,9999123452,1,1
MP00017605,MP00017605,2023-09-07,13:58:27,PL006,MIL0336195,x@x.com,9999123456,9999123451,9999123452,1,1
MP00017606,MP00017606,2023-09-07,13:58:27,PL008,MIL0179005,x@x.com,9999123456,9999123451,9999123452,1,1
MP00017607,MP00017607,2023-09-07,13:58:27,PL012,MIL0364461,x@x.com,9999123456,9999123451,9999123452,1,1
MP00017608,MP00017608,2023-09-07,13:58:27,PL012,MIL0560553,x@x.com,9999123456,9999123451,9999123452,1,1
MP00017609,MP00017609,2023-09-07,13:58:27,PL009,MIL0490860,x@x.com,9999123456,9999123451,9999123452,1,1
MP00017610,MP00017610,2023-09-07,13:58:27,PL002,MIL0155000,x@x.com,9999123456,9999123451,9999123452,1,1
MP00017611,MP00017611,2023-09-07,13:58:27,PL010,MIL0441594,x@x.com,9999123456,9999123451,9999123452,1,1
MP00017612,MP00017612,2023-09-07,13:58:27,PL002,MIL0511218,x@x.com,9999123456,9999123451,9999123452,1,1
MP00017613,MP00017613,2023-09-07,13:58:27,PL009,MIL0361711,x@x.com,9999123456,9999123451,9999123452,1,1
MP00017614,MP00017614,2023-09-07,13:58:27,PL009,MIL0482174,x@x.com,9999123456,9999123451,9999123452,1,1
MP00017615,MP00017615,2023-09-07,13:58:27,PL001,MIL0549834,x@x.com,9999123456,9999123451,9999123452,1,1
MP00017616,MP00017616,2023-09-07,13:58:27,PL002,MIL0518759,x@x.com,9999123456,9999123451,9999123452,1,1
MP00017617,MP00017617,2023-09-07,13:58:27,PL007,MIL0053584,x@x.com,9999123456,9999123451,9999123452,1,1
MP00017618,MP00017618,2023-09-07,13:58:27,PL005,MIL0236779,x@x.com,9999123456,9999123451,9999123452,1,1
MP00017619,MP00017619,2023-09-07,13:58:27,PL012,MIL0170811,x@x.com,9999123456,9999123451,9999123452,1,1
MP00017620,MP00017620,2023-09-07,13:58:27,PL006,MIL0483334,x@x.com,9999123456,9999123451,9999123452,1,1
MP00017621,MP00017621,2023-09-07,13:58:27,PL002,MIL0306497,x@x.com,9999123456,9999123451,9999123452,1,1
MP00017622,MP00017622,2023-09-07,13:58:27,PL004,MIL0055777,x@x.com,9999123456,9999123451,9999123452,1,1
MP00017623,MP00017623,2023-09-07,13:58:27,PL010,MIL0231641,x@x.com,9999123456,9999123451,9999123452,1,1
MP00017624,MP00017624,2023-09-07,13:58:27,PL005,MIL0399650,x@x.com,9999123456,9999123451,9999123452,1,1
MP00017625,MP00017625,2023-09-07,13:58:27,PL005,MIL0231200,x@x.com,9999123456,9999123451,9999123452,1,1
MP00017626,MP00017626,2023-09-07,13:58:27,PL011,MIL0186741,x@x.com,9999123456,9999123451,9999123452,1,1
MP00017627,MP00017627,2023-09-07,13:58:27,PL011,MIL0512393,x@x.com,9999123456,9999123451,9999123452,1,1
MP00017628,MP00017628,2023-09-07,13:58:27,PL002,MIL0487732,x@x.com,9999123456,9999123451,9999123452,1,1
MP00017629,MP00017629,2023-09-07,13:58:27,PL005,MIL0113599,x@x.com,9999123456,9999123451,9999123452,1,1
MP00017630,MP00017630,2023-09-07,13:58:27,PL012,MIL0516560,x@x.com,9999123456,9999123451,9999123452,1,1
MP00017631,MP00017631,2023-09-07,13:58:27,PL007,MIL0168459,x@x.com,9999123456,9999123451,9999123452,1,1
MP00017632,MP00017632,2023-09-07,13:58:27,PL010,MIL0132976,x@x.com,9999123456,9999123451,9999123452,1,1
MP00017633,MP00017633,2023-09-07,13:58:27,PL007,MIL0220164,x@x.com,9999123456,9999123451,9999123452,1,1
MP00017634,MP00017634,2023-09-07,13:58:27,PL011,MIL0345813,x@x.com,9999123456,9999123451,9999123452,1,1
MP00017635,MP00017635,2023-09-07,13:58:27,PL012,MIL0496097,x@x.com,9999123456,9999123451,9999123452,1,1
MP00017636,MP00017636,2023-09-07,13:58:27,PL013,MIL0354264,x@x.com,9999123456,9999123451,9999123452,1,1
MP00017637,MP00017637,2023-09-07,13:58:27,PL007,MIL0463840,x@x.com,9999123456,9999123451,9999123452,1,1
MP00017638,MP00017638,2023-09-07,13:58:27,PL004,MIL0503425,x@x.com,9999123456,9999123451,9999123452,1,1
MP00017639,MP00017639,2023-09-07,13:58:27,PL002,MIL0094775,x@x.com,9999123456,9999123451,9999123452,1,1
MP00017640,MP00017640,2023-09-07,13:58:27,PL009,MIL0334777,x@x.com,9999123456,9999123451,9999123452,1,1
MP00017641,MP00017641,2023-09-07,13:58:27,PL012,MIL0121726,x@x.com,9999123456,9999123451,9999123452,1,1
MP00017642,MP00017642,2023-09-07,13:58:27,PL006,MIL0418808,x@x.com,9999123456,9999123451,9999123452,1,1
MP00017643,MP00017643,2023-09-07,13:58:27,PL004,MIL0503034,x@x.com,9999123456,9999123451,9999123452,1,1
MP00017644,MP00017644,2023-09-07,13:58:27,PL003,MIL0433703,x@x.com,9999123456,9999123451,9999123452,1,1
MP00017645,MP00017645,2023-09-07,13:58:27,PL011,MIL0507594,x@x.com,9999123456,9999123451,9999123452,1,1
MP00017646,MP00017646,2023-09-07,13:58:27,PL011,MIL0378671,x@x.com,9999123456,9999123451,9999123452,1,1
MP00017647,MP00017647,2023-09-07,13:58:27,PL013,MIL0135137,x@x.com,9999123456,9999123451,9999123452,1,1
MP00017648,MP00017648,2023-09-07,13:58:27,PL008,MIL0499937,x@x.com,9999123456,9999123451,9999123452,1,1
MP00017649,MP00017649,2023-09-07,13:58:27,PL010,MIL0174041,x@x.com,9999123456,9999123451,9999123452,1,1
MP00017650,MP00017650,2023-09-07,13:58:27,PL005,MIL0137923,x@x.com,9999123456,9999123451,9999123452,1,1
MP00017651,MP00017651,2023-09-07,13:58:27,PL005,MIL0042928,x@x.com,9999123456,9999123451,9999123452,1,1
MP00017652,MP00017652,2023-09-07,13:58:27,PL008,MIL0464144,x@x.com,9999123456,9999123451,9999123452,1,1
MP00017653,MP00017653,2023-09-07,13:58:27,PL003,MIL0434697,x@x.com,9999123456,9999123451,9999123452,1,1
MP00017654,MP00017654,2023-09-07,13:58:27,PL011,MIL0392902,x@x.com,9999123456,9999123451,9999123452,1,1
MP00017655,MP00017655,2023-09-07,13:58:27,PL008,MIL0093326,x@x.com,9999123456,9999123451,9999123452,1,1
MP00017656,MP00017656,2023-09-07,13:58:27,PL003,MIL0507419,x@x.com,9999123456,9999123451,9999123452,1,1
MP00017657,MP00017657,2023-09-07,13:58:27,PL004,MIL0124659,x@x.com,9999123456,9999123451,9999123452,1,1
MP00017658,MP00017658,2023-09-07,13:58:27,PL006,MIL0494907,x@x.com,9999123456,9999123451,9999123452,1,1
MP00017659,MP00017659,2023-09-07,13:58:27,PL008,MIL0524462,x@x.com,9999123456,9999123451,9999123452,1,1
MP00017660,MP00017660,2023-09-07,13:58:27,PL007,MIL0177297,x@x.com,9999123456,9999123451,9999123452,1,1
MP00017661,MP00017661,2023-09-07,13:58:27,PL003,MIL0193452,x@x.com,9999123456,9999123451,9999123452,1,1
MP00017662,MP00017662,2023-09-07,13:58:27,PL008,MIL0397449,x@x.com,9999123456,9999123451,9999123452,1,1
MP00017663,MP00017663,2023-09-07,13:58:27,PL003,MIL0410082,x@x.com,9999123456,9999123451,9999123452,1,1
MP00017664,MP00017664,2023-09-07,13:58:27,PL011,MIL0046299,x@x.com,9999123456,9999123451,9999123452,1,1
MP00017665,MP00017665,2023-09-07,13:58:27,PL007,MIL0245830,x@x.com,9999123456,9999123451,9999123452,1,1
MP00017666,MP00017666,2023-09-07,13:58:27,PL008,MIL0116752,x@x.com,9999123456,9999123451,9999123452,1,1
MP00017667,MP00017667,2023-09-07,13:58:27,PL013,MIL0034173,x@x.com,9999123456,9999123451,9999123452,1,1
MP00017668,MP00017668,2023-09-07,13:58:27,PL007,MIL0365527,x@x.com,9999123456,9999123451,9999123452,1,1
MP00017669,MP00017669,2023-09-07,13:58:27,PL002,MIL0060876,x@x.com,9999123456,9999123451,9999123452,1,1
MP00017670,MP00017670,2023-09-07,13:58:27,PL009,MIL0573594,x@x.com,9999123456,9999123451,9999123452,1,1
MP00017671,MP00017671,2023-09-07,13:58:27,PL008,MIL0563643,x@x.com,9999123456,9999123451,9999123452,1,1
MP00017672,MP00017672,2023-09-07,13:58:27,PL006,MIL0418557,x@x.com,9999123456,9999123451,9999123452,1,1
MP00017673,MP00017673,2023-09-07,13:58:27,PL010,MIL0495918,x@x.com,9999123456,9999123451,9999123452,1,1
MP00017674,MP00017674,2023-09-07,13:58:27,PL012,MIL0146359,x@x.com,9999123456,9999123451,9999123452,1,1
MP00017675,MP00017675,2023-09-07,13:58:27,PL007,MIL0476531,x@x.com,9999123456,9999123451,9999123452,1,1
MP00017676,MP00017676,2023-09-07,13:58:27,PL010,MIL0468973,x@x.com,9999123456,9999123451,9999123452,1,1
MP00017677,MP00017677,2023-09-07,13:58:27,PL012,MIL0134812,x@x.com,9999123456,9999123451,9999123452,1,1
MP00017678,MP00017678,2023-09-07,13:58:27,PL004,MIL0299179,x@x.com,9999123456,9999123451,9999123452,1,1
MP00017679,MP00017679,2023-09-07,13:58:27,PL004,MIL0408647,x@x.com,9999123456,9999123451,9999123452,1,1
MP00017680,MP00017680,2023-09-07,13:58:27,PL006,MIL0481202,x@x.com,9999123456,9999123451,9999123452,1,1
MP00017681,MP00017681,2023-09-07,13:58:27,PL011,MIL0292219,x@x.com,9999123456,9999123451,9999123452,1,1
MP00017682,MP00017682,2023-09-07,13:58:27,PL009,MIL0072029,x@x.com,9999123456,9999123451,9999123452,1,1
MP00017683,MP00017683,2023-09-07,13:58:27,PL009,MIL0417664,x@x.com,9999123456,9999123451,9999123452,1,1
MP00017684,MP00017684,2023-09-07,13:58:27,PL004,MIL0357266,x@x.com,9999123456,9999123451,9999123452,1,1
MP00017685,MP00017685,2023-09-07,13:58:27,PL005,MIL0143717,x@x.com,9999123456,9999123451,9999123452,1,1
MP00017686,MP00017686,2023-09-07,13:58:27,PL013,MIL0149492,x@x.com,9999123456,9999123451,9999123452,1,1
MP00017687,MP00017687,2023-09-07,13:58:27,PL013,MIL0556744,x@x.com,9999123456,9999123451,9999123452,1,1
MP00017688,MP00017688,2023-09-07,13:58:27,PL001,MIL0014343,x@x.com,9999123456,9999123451,9999123452,1,1
MP00017689,MP00017689,2023-09-07,13:58:27,PL009,MIL0298271,x@x.com,9999123456,9999123451,9999123452,1,1
MP00017690,MP00017690,2023-09-07,13:58:27,PL002,MIL0006720,x@x.com,9999123456,9999123451,9999123452,1,1
MP00017691,MP00017691,2023-09-07,13:58:27,PL011,MIL0407946,x@x.com,9999123456,9999123451,9999123452,1,1
MP00017692,MP00017692,2023-09-07,13:58:27,PL010,MIL0467486,x@x.com,9999123456,9999123451,9999123452,1,1
MP00017693,MP00017693,2023-09-07,13:58:27,PL006,MIL0091099,x@x.com,9999123456,9999123451,9999123452,1,1
MP00017694,MP00017694,2023-09-07,13:58:27,PL012,MIL0543327,x@x.com,9999123456,9999123451,9999123452,1,1
MP00017695,MP00017695,2023-09-07,13:58:27,PL008,MIL0028149,x@x.com,9999123456,9999123451,9999123452,1,1
MP00017696,MP00017696,2023-09-07,13:58:27,PL006,MIL0176017,x@x.com,9999123456,9999123451,9999123452,1,1
MP00017697,MP00017697,2023-09-07,13:58:27,PL001,MIL0134239,x@x.com,9999123456,9999123451,9999123452,1,1
MP00017698,MP00017698,2023-09-07,13:58:27,PL001,MIL0316639,x@x.com,9999123456,9999123451,9999123452,1,1
MP00017699,MP00017699,2023-09-07,13:58:27,PL011,MIL0426347,x@x.com,9999123456,9999123451,9999123452,1,1
MP00017700,MP00017700,2023-09-07,13:58:27,PL012,MIL0449996,x@x.com,9999123456,9999123451,9999123452,1,1
MP00017701,MP00017701,2023-09-07,13:58:27,PL008,MIL0318881,x@x.com,9999123456,9999123451,9999123452,1,1
MP00017702,MP00017702,2023-09-07,13:58:27,PL011,MIL0175764,x@x.com,9999123456,9999123451,9999123452,1,1
MP00017703,MP00017703,2023-09-07,13:58:27,PL007,MIL0046817,x@x.com,9999123456,9999123451,9999123452,1,1
MP00017704,MP00017704,2023-09-07,13:58:27,PL008,MIL0516426,x@x.com,9999123456,9999123451,9999123452,1,1
MP00017705,MP00017705,2023-09-07,13:58:27,PL002,MIL0081227,x@x.com,9999123456,9999123451,9999123452,1,1
MP00017706,MP00017706,2023-09-07,13:58:27,PL009,MIL0020583,x@x.com,9999123456,9999123451,9999123452,1,1
MP00017707,MP00017707,2023-09-07,13:58:27,PL008,MIL0173725,x@x.com,9999123456,9999123451,9999123452,1,1
MP00017708,MP00017708,2023-09-07,13:58:27,PL006,MIL0515908,x@x.com,9999123456,9999123451,9999123452,1,1
MP00017709,MP00017709,2023-09-07,13:58:27,PL012,MIL0448369,x@x.com,9999123456,9999123451,9999123452,1,1
MP00017710,MP00017710,2023-09-07,13:58:27,PL013,MIL0552973,x@x.com,9999123456,9999123451,9999123452,1,1
MP00017711,MP00017711,2023-09-07,13:58:27,PL004,MIL0125016,x@x.com,9999123456,9999123451,9999123452,1,1
MP00017712,MP00017712,2023-09-07,13:58:27,PL013,MIL0134649,x@x.com,9999123456,9999123451,9999123452,1,1
MP00017713,MP00017713,2023-09-07,13:58:27,PL004,MIL0566185,x@x.com,9999123456,9999123451,9999123452,1,1
MP00017714,MP00017714,2023-09-07,13:58:27,PL011,MIL0087224,x@x.com,9999123456,9999123451,9999123452,1,1
MP00017715,MP00017715,2023-09-07,13:58:27,PL003,MIL0296205,x@x.com,9999123456,9999123451,9999123452,1,1
MP00017716,MP00017716,2023-09-07,13:58:27,PL001,MIL0403869,x@x.com,9999123456,9999123451,9999123452,1,1
MP00017717,MP00017717,2023-09-07,13:58:27,PL012,MIL0357015,x@x.com,9999123456,9999123451,9999123452,1,1
MP00017718,MP00017718,2023-09-07,13:58:27,PL003,MIL0322620,x@x.com,9999123456,9999123451,9999123452,1,1
MP00017719,MP00017719,2023-09-07,13:58:27,PL006,MIL0299575,x@x.com,9999123456,9999123451,9999123452,1,1
MP00017720,MP00017720,2023-09-07,13:58:27,PL001,MIL0481975,x@x.com,9999123456,9999123451,9999123452,1,1
MP00017721,MP00017721,2023-09-07,13:58:27,PL004,MIL0214793,x@x.com,9999123456,9999123451,9999123452,1,1
MP00017722,MP00017722,2023-09-07,13:58:27,PL007,MIL0369635,x@x.com,9999123456,9999123451,9999123452,1,1
MP00017723,MP00017723,2023-09-07,13:58:27,PL012,MIL0541714,x@x.com,9999123456,9999123451,9999123452,1,1
MP00017724,MP00017724,2023-09-07,13:58:27,PL001,MIL0051508,x@x.com,9999123456,9999123451,9999123452,1,1
MP00017725,MP00017725,2023-09-07,13:58:27,PL006,MIL0468977,x@x.com,9999123456,9999123451,9999123452,1,1
MP00017726,MP00017726,2023-09-07,13:58:27,PL012,MIL0077632,x@x.com,9999123456,9999123451,9999123452,1,1
MP00017727,MP00017727,2023-09-07,13:58:27,PL013,MIL0262893,x@x.com,9999123456,9999123451,9999123452,1,1
MP00017728,MP00017728,2023-09-07,13:58:27,PL010,MIL0031275,x@x.com,9999123456,9999123451,9999123452,1,1
MP00017729,MP00017729,2023-09-07,13:58:27,PL006,MIL0256446,x@x.com,9999123456,9999123451,9999123452,1,1
MP00017730,MP00017730,2023-09-07,13:58:27,PL012,MIL0434993,x@x.com,9999123456,9999123451,9999123452,1,1
MP00017731,MP00017731,2023-09-07,13:58:27,PL013,MIL0200522,x@x.com,9999123456,9999123451,9999123452,1,1
MP00017732,MP00017732,2023-09-07,13:58:27,PL013,MIL0034810,x@x.com,9999123456,9999123451,9999123452,1,1
MP00017733,MP00017733,2023-09-07,13:58:27,PL011,MIL0242800,x@x.com,9999123456,9999123451,9999123452,1,1
MP00017734,MP00017734,2023-09-07,13:58:27,PL006,MIL0211335,x@x.com,9999123456,9999123451,9999123452,1,1
MP00017735,MP00017735,2023-09-07,13:58:27,PL011,MIL0419744,x@x.com,9999123456,9999123451,9999123452,1,1
MP00017736,MP00017736,2023-09-07,13:58:27,PL008,MIL0438004,x@x.com,9999123456,9999123451,9999123452,1,1
MP00017737,MP00017737,2023-09-07,13:58:27,PL003,MIL0567549,x@x.com,9999123456,9999123451,9999123452,1,1
MP00017738,MP00017738,2023-09-07,13:58:27,PL006,MIL0135272,x@x.com,9999123456,9999123451,9999123452,1,1
MP00017739,MP00017739,2023-09-07,13:58:27,PL005,MIL0275416,x@x.com,9999123456,9999123451,9999123452,1,1
MP00017740,MP00017740,2023-09-07,13:58:27,PL003,MIL0071581,x@x.com,9999123456,9999123451,9999123452,1,1
MP00017741,MP00017741,2023-09-07,13:58:27,PL011,MIL0168455,x@x.com,9999123456,9999123451,9999123452,1,1
MP00017742,MP00017742,2023-09-07,13:58:27,PL004,MIL0249521,x@x.com,9999123456,9999123451,9999123452,1,1
MP00017743,MP00017743,2023-09-07,13:58:27,PL013,MIL0491281,x@x.com,9999123456,9999123451,9999123452,1,1
MP00017744,MP00017744,2023-09-07,13:58:27,PL013,MIL0262925,x@x.com,9999123456,9999123451,9999123452,1,1
MP00017745,MP00017745,2023-09-07,13:58:27,PL013,MIL0231877,x@x.com,9999123456,9999123451,9999123452,1,1
MP00017746,MP00017746,2023-09-07,13:58:27,PL004,MIL0340974,x@x.com,9999123456,9999123451,9999123452,1,1
MP00017747,MP00017747,2023-09-07,13:58:27,PL002,MIL0531987,x@x.com,9999123456,9999123451,9999123452,1,1
MP00017748,MP00017748,2023-09-07,13:58:27,PL008,MIL0238008,x@x.com,9999123456,9999123451,9999123452,1,1
MP00017749,MP00017749,2023-09-07,13:58:27,PL012,MIL0534074,x@x.com,9999123456,9999123451,9999123452,1,1
MP00017750,MP00017750,2023-09-07,13:58:27,PL012,MIL0025460,x@x.com,9999123456,9999123451,9999123452,1,1
MP00017751,MP00017751,2023-09-07,13:58:27,PL001,MIL0041736,x@x.com,9999123456,9999123451,9999123452,1,1
MP00017752,MP00017752,2023-09-07,13:58:27,PL004,MIL0094981,x@x.com,9999123456,9999123451,9999123452,1,1
MP00017753,MP00017753,2023-09-07,13:58:27,PL003,MIL0186181,x@x.com,9999123456,9999123451,9999123452,1,1
MP00017754,MP00017754,2023-09-07,13:58:27,PL006,MIL0142977,x@x.com,9999123456,9999123451,9999123452,1,1
MP00017755,MP00017755,2023-09-07,13:58:27,PL005,MIL0531133,x@x.com,9999123456,9999123451,9999123452,1,1
MP00017756,MP00017756,2023-09-07,13:58:27,PL012,MIL0483625,x@x.com,9999123456,9999123451,9999123452,1,1
MP00017757,MP00017757,2023-09-07,13:58:27,PL001,MIL0476554,x@x.com,9999123456,9999123451,9999123452,1,1
MP00017758,MP00017758,2023-09-07,13:58:27,PL007,MIL0205721,x@x.com,9999123456,9999123451,9999123452,1,1
MP00017759,MP00017759,2023-09-07,13:58:27,PL004,MIL0454146,x@x.com,9999123456,9999123451,9999123452,1,1
MP00017760,MP00017760,2023-09-07,13:58:27,PL012,MIL0220712,x@x.com,9999123456,9999123451,9999123452,1,1
MP00017761,MP00017761,2023-09-07,13:58:27,PL005,MIL0137744,x@x.com,9999123456,9999123451,9999123452,1,1
MP00017762,MP00017762,2023-09-07,13:58:27,PL009,MIL0157756,x@x.com,9999123456,9999123451,9999123452,1,1
MP00017763,MP00017763,2023-09-07,13:58:27,PL007,MIL0236885,x@x.com,9999123456,9999123451,9999123452,1,1
MP00017764,MP00017764,2023-09-07,13:58:27,PL001,MIL0289642,x@x.com,9999123456,9999123451,9999123452,1,1
MP00017765,MP00017765,2023-09-07,13:58:27,PL005,MIL0510518,x@x.com,9999123456,9999123451,9999123452,1,1
MP00017766,MP00017766,2023-09-07,13:58:27,PL013,MIL0353552,x@x.com,9999123456,9999123451,9999123452,1,1
MP00017767,MP00017767,2023-09-07,13:58:27,PL008,MIL0286640,x@x.com,9999123456,9999123451,9999123452,1,1
MP00017768,MP00017768,2023-09-07,13:58:27,PL001,MIL0150538,x@x.com,9999123456,9999123451,9999123452,1,1
MP00017769,MP00017769,2023-09-07,13:58:27,PL013,MIL0253989,x@x.com,9999123456,9999123451,9999123452,1,1
MP00017770,MP00017770,2023-09-07,13:58:27,PL003,MIL0238465,x@x.com,9999123456,9999123451,9999123452,1,1
MP00017771,MP00017771,2023-09-07,13:58:27,PL004,MIL0277782,x@x.com,9999123456,9999123451,9999123452,1,1
MP00017772,MP00017772,2023-09-07,13:58:27,PL010,MIL0248628,x@x.com,9999123456,9999123451,9999123452,1,1
MP00017773,MP00017773,2023-09-07,13:58:27,PL013,MIL0045408,x@x.com,9999123456,9999123451,9999123452,1,1
MP00017774,MP00017774,2023-09-07,13:58:27,PL009,MIL0090610,x@x.com,9999123456,9999123451,9999123452,1,1
MP00017775,MP00017775,2023-09-07,13:58:27,PL003,MIL0526402,x@x.com,9999123456,9999123451,9999123452,1,1
MP00017776,MP00017776,2023-09-07,13:58:27,PL012,MIL0125602,x@x.com,9999123456,9999123451,9999123452,1,1
MP00017777,MP00017777,2023-09-07,13:58:27,PL011,MIL0100369,x@x.com,9999123456,9999123451,9999123452,1,1
MP00017778,MP00017778,2023-09-07,13:58:27,PL009,MIL0265632,x@x.com,9999123456,9999123451,9999123452,1,1
MP00017779,MP00017779,2023-09-07,13:58:27,PL004,MIL0390824,x@x.com,9999123456,9999123451,9999123452,1,1
MP00017780,MP00017780,2023-09-07,13:58:27,PL002,MIL0389742,x@x.com,9999123456,9999123451,9999123452,1,1
MP00017781,MP00017781,2023-09-07,13:58:27,PL004,MIL0552026,x@x.com,9999123456,9999123451,9999123452,1,1
MP00017782,MP00017782,2023-09-07,13:58:27,PL005,MIL0247620,x@x.com,9999123456,9999123451,9999123452,1,1
MP00017783,MP00017783,2023-09-07,13:58:27,PL006,MIL0247375,x@x.com,9999123456,9999123451,9999123452,1,1
MP00017784,MP00017784,2023-09-07,13:58:27,PL005,MIL0467107,x@x.com,9999123456,9999123451,9999123452,1,1
MP00017785,MP00017785,2023-09-07,13:58:27,PL010,MIL0002782,x@x.com,9999123456,9999123451,9999123452,1,1
MP00017786,MP00017786,2023-09-07,13:58:27,PL006,MIL0120897,x@x.com,9999123456,9999123451,9999123452,1,1
MP00017787,MP00017787,2023-09-07,13:58:27,PL007,MIL0558644,x@x.com,9999123456,9999123451,9999123452,1,1
MP00017788,MP00017788,2023-09-07,13:58:27,PL009,MIL0007429,x@x.com,9999123456,9999123451,9999123452,1,1
MP00017789,MP00017789,2023-09-07,13:58:27,PL002,MIL0335284,x@x.com,9999123456,9999123451,9999123452,1,1
MP00017790,MP00017790,2023-09-07,13:58:27,PL001,MIL0077691,x@x.com,9999123456,9999123451,9999123452,1,1
MP00017791,MP00017791,2023-09-07,13:58:27,PL006,MIL0316483,x@x.com,9999123456,9999123451,9999123452,1,1
MP00017792,MP00017792,2023-09-07,13:58:27,PL008,MIL0371135,x@x.com,9999123456,9999123451,9999123452,1,1
MP00017793,MP00017793,2023-09-07,13:58:27,PL001,MIL0031840,x@x.com,9999123456,9999123451,9999123452,1,1
MP00017794,MP00017794,2023-09-07,13:58:27,PL010,MIL0324895,x@x.com,9999123456,9999123451,9999123452,1,1
MP00017795,MP00017795,2023-09-07,13:58:27,PL006,MIL0246708,x@x.com,9999123456,9999123451,9999123452,1,1
MP00017796,MP00017796,2023-09-07,13:58:27,PL013,MIL0287664,x@x.com,9999123456,9999123451,9999123452,1,1
MP00017797,MP00017797,2023-09-07,13:58:27,PL002,MIL0559513,x@x.com,9999123456,9999123451,9999123452,1,1
MP00017798,MP00017798,2023-09-07,13:58:27,PL009,MIL0095078,x@x.com,9999123456,9999123451,9999123452,1,1
MP00017799,MP00017799,2023-09-07,13:58:27,PL008,MIL0420407,x@x.com,9999123456,9999123451,9999123452,1,1
MP00017800,MP00017800,2023-09-07,13:58:27,PL010,MIL0205582,x@x.com,9999123456,9999123451,9999123452,1,1
MP00017801,MP00017801,2023-09-07,13:58:27,PL012,MIL0526717,x@x.com,9999123456,9999123451,9999123452,1,1
MP00017802,MP00017802,2023-09-07,13:58:27,PL009,MIL0235412,x@x.com,9999123456,9999123451,9999123452,1,1
MP00017803,MP00017803,2023-09-07,13:58:27,PL002,MIL0557379,x@x.com,9999123456,9999123451,9999123452,1,1
MP00017804,MP00017804,2023-09-07,13:58:27,PL011,MIL0054115,x@x.com,9999123456,9999123451,9999123452,1,1
MP00017805,MP00017805,2023-09-07,13:58:27,PL002,MIL0494820,x@x.com,9999123456,9999123451,9999123452,1,1
MP00017806,MP00017806,2023-09-07,13:58:27,PL012,MIL0529548,x@x.com,9999123456,9999123451,9999123452,1,1
MP00017807,MP00017807,2023-09-07,13:58:27,PL013,MIL0469979,x@x.com,9999123456,9999123451,9999123452,1,1
MP00017808,MP00017808,2023-09-07,13:58:27,PL008,MIL0069396,x@x.com,9999123456,9999123451,9999123452,1,1
MP00017809,MP00017809,2023-09-07,13:58:27,PL007,MIL0279240,x@x.com,9999123456,9999123451,9999123452,1,1
MP00017810,MP00017810,2023-09-07,13:58:27,PL012,MIL0247977,x@x.com,9999123456,9999123451,9999123452,1,1
MP00017811,MP00017811,2023-09-07,13:58:27,PL007,MIL0084422,x@x.com,9999123456,9999123451,9999123452,1,1
MP00017812,MP00017812,2023-09-07,13:58:27,PL007,MIL0042147,x@x.com,9999123456,9999123451,9999123452,1,1
MP00017813,MP00017813,2023-09-07,13:58:27,PL013,MIL0195027,x@x.com,9999123456,9999123451,9999123452,1,1
MP00017814,MP00017814,2023-09-07,13:58:27,PL009,MIL0145328,x@x.com,9999123456,9999123451,9999123452,1,1
MP00017815,MP00017815,2023-09-07,13:58:27,PL007,MIL0540637,x@x.com,9999123456,9999123451,9999123452,1,1
MP00017816,MP00017816,2023-09-07,13:58:27,PL005,MIL0567960,x@x.com,9999123456,9999123451,9999123452,1,1
MP00017817,MP00017817,2023-09-07,13:58:27,PL011,MIL0251342,x@x.com,9999123456,9999123451,9999123452,1,1
MP00017818,MP00017818,2023-09-07,13:58:27,PL006,MIL0462052,x@x.com,9999123456,9999123451,9999123452,1,1
MP00017819,MP00017819,2023-09-07,13:58:27,PL003,MIL0038254,x@x.com,9999123456,9999123451,9999123452,1,1
MP00017820,MP00017820,2023-09-07,13:58:27,PL003,MIL0250428,x@x.com,9999123456,9999123451,9999123452,1,1
MP00017821,MP00017821,2023-09-07,13:58:27,PL001,MIL0573848,x@x.com,9999123456,9999123451,9999123452,1,1
MP00017822,MP00017822,2023-09-07,13:58:27,PL012,MIL0356530,x@x.com,9999123456,9999123451,9999123452,1,1
MP00017823,MP00017823,2023-09-07,13:58:27,PL005,MIL0173334,x@x.com,9999123456,9999123451,9999123452,1,1
MP00017824,MP00017824,2023-09-07,13:58:27,PL005,MIL0125849,x@x.com,9999123456,9999123451,9999123452,1,1
MP00017825,MP00017825,2023-09-07,13:58:27,PL002,MIL0069428,x@x.com,9999123456,9999123451,9999123452,1,1
MP00017826,MP00017826,2023-09-07,13:58:27,PL010,MIL0242079,x@x.com,9999123456,9999123451,9999123452,1,1
MP00017827,MP00017827,2023-09-07,13:58:27,PL001,MIL0515301,x@x.com,9999123456,9999123451,9999123452,1,1
MP00017828,MP00017828,2023-09-07,13:58:27,PL007,MIL0153653,x@x.com,9999123456,9999123451,9999123452,1,1
MP00017829,MP00017829,2023-09-07,13:58:27,PL010,MIL0185336,x@x.com,9999123456,9999123451,9999123452,1,1
MP00017830,MP00017830,2023-09-07,13:58:27,PL005,MIL0344708,x@x.com,9999123456,9999123451,9999123452,1,1
MP00017831,MP00017831,2023-09-07,13:58:27,PL009,MIL0107009,x@x.com,9999123456,9999123451,9999123452,1,1
MP00017832,MP00017832,2023-09-07,13:58:27,PL005,MIL0394884,x@x.com,9999123456,9999123451,9999123452,1,1
MP00017833,MP00017833,2023-09-07,13:58:27,PL002,MIL0148662,x@x.com,9999123456,9999123451,9999123452,1,1
MP00017834,MP00017834,2023-09-07,13:58:27,PL008,MIL0579625,x@x.com,9999123456,9999123451,9999123452,1,1
MP00017835,MP00017835,2023-09-07,13:58:27,PL004,MIL0171256,x@x.com,9999123456,9999123451,9999123452,1,1
MP00017836,MP00017836,2023-09-07,13:58:27,PL008,MIL0531791,x@x.com,9999123456,9999123451,9999123452,1,1
MP00017837,MP00017837,2023-09-07,13:58:27,PL011,MIL0076890,x@x.com,9999123456,9999123451,9999123452,1,1
MP00017838,MP00017838,2023-09-07,13:58:27,PL011,MIL0053786,x@x.com,9999123456,9999123451,9999123452,1,1
MP00017839,MP00017839,2023-09-07,13:58:27,PL007,MIL0200199,x@x.com,9999123456,9999123451,9999123452,1,1
MP00017840,MP00017840,2023-09-07,13:58:27,PL013,MIL0050895,x@x.com,9999123456,9999123451,9999123452,1,1
MP00017841,MP00017841,2023-09-07,13:58:27,PL007,MIL0164212,x@x.com,9999123456,9999123451,9999123452,1,1
MP00017842,MP00017842,2023-09-07,13:58:27,PL002,MIL0284571,x@x.com,9999123456,9999123451,9999123452,1,1
MP00017843,MP00017843,2023-09-07,13:58:27,PL011,MIL0093541,x@x.com,9999123456,9999123451,9999123452,1,1
MP00017844,MP00017844,2023-09-07,13:58:27,PL006,MIL0230413,x@x.com,9999123456,9999123451,9999123452,1,1
MP00017845,MP00017845,2023-09-07,13:58:27,PL001,MIL0356622,x@x.com,9999123456,9999123451,9999123452,1,1
MP00017846,MP00017846,2023-09-07,13:58:27,PL011,MIL0038236,x@x.com,9999123456,9999123451,9999123452,1,1
MP00017847,MP00017847,2023-09-07,13:58:27,PL012,MIL0189856,x@x.com,9999123456,9999123451,9999123452,1,1
MP00017848,MP00017848,2023-09-07,13:58:27,PL006,MIL0481858,x@x.com,9999123456,9999123451,9999123452,1,1
MP00017849,MP00017849,2023-09-07,13:58:27,PL004,MIL0203409,x@x.com,9999123456,9999123451,9999123452,1,1
MP00017850,MP00017850,2023-09-07,13:58:27,PL004,MIL0248065,x@x.com,9999123456,9999123451,9999123452,1,1
MP00017851,MP00017851,2023-09-07,13:58:27,PL004,MIL0392375,x@x.com,9999123456,9999123451,9999123452,1,1
MP00017852,MP00017852,2023-09-07,13:58:27,PL011,MIL0190606,x@x.com,9999123456,9999123451,9999123452,1,1
MP00017853,MP00017853,2023-09-07,13:58:27,PL012,MIL0006737,x@x.com,9999123456,9999123451,9999123452,1,1
MP00017854,MP00017854,2023-09-07,13:58:27,PL002,MIL0042243,x@x.com,9999123456,9999123451,9999123452,1,1
MP00017855,MP00017855,2023-09-07,13:58:27,PL009,MIL0387671,x@x.com,9999123456,9999123451,9999123452,1,1
MP00017856,MP00017856,2023-09-07,13:58:27,PL013,MIL0245987,x@x.com,9999123456,9999123451,9999123452,1,1
MP00017857,MP00017857,2023-09-07,13:58:27,PL002,MIL0150414,x@x.com,9999123456,9999123451,9999123452,1,1
MP00017858,MP00017858,2023-09-07,13:58:27,PL004,MIL0006315,x@x.com,9999123456,9999123451,9999123452,1,1
MP00017859,MP00017859,2023-09-07,13:58:27,PL010,MIL0313332,x@x.com,9999123456,9999123451,9999123452,1,1
MP00017860,MP00017860,2023-09-07,13:58:27,PL013,MIL0318313,x@x.com,9999123456,9999123451,9999123452,1,1
MP00017861,MP00017861,2023-09-07,13:58:27,PL004,MIL0157400,x@x.com,9999123456,9999123451,9999123452,1,1
MP00017862,MP00017862,2023-09-07,13:58:27,PL012,MIL0125518,x@x.com,9999123456,9999123451,9999123452,1,1
MP00017863,MP00017863,2023-09-07,13:58:27,PL013,MIL0487329,x@x.com,9999123456,9999123451,9999123452,1,1
MP00017864,MP00017864,2023-09-07,13:58:27,PL005,MIL0205796,x@x.com,9999123456,9999123451,9999123452,1,1
MP00017865,MP00017865,2023-09-07,13:58:27,PL012,MIL0447815,x@x.com,9999123456,9999123451,9999123452,1,1
MP00017866,MP00017866,2023-09-07,13:58:27,PL009,MIL0569101,x@x.com,9999123456,9999123451,9999123452,1,1
MP00017867,MP00017867,2023-09-07,13:58:27,PL008,MIL0352445,x@x.com,9999123456,9999123451,9999123452,1,1
MP00017868,MP00017868,2023-09-07,13:58:27,PL010,MIL0065140,x@x.com,9999123456,9999123451,9999123452,1,1
MP00017869,MP00017869,2023-09-07,13:58:27,PL013,MIL0523873,x@x.com,9999123456,9999123451,9999123452,1,1
MP00017870,MP00017870,2023-09-07,13:58:27,PL006,MIL0322285,x@x.com,9999123456,9999123451,9999123452,1,1
MP00017871,MP00017871,2023-09-07,13:58:27,PL012,MIL0298725,x@x.com,9999123456,9999123451,9999123452,1,1
MP00017872,MP00017872,2023-09-07,13:58:27,PL004,MIL0303635,x@x.com,9999123456,9999123451,9999123452,1,1
MP00017873,MP00017873,2023-09-07,13:58:27,PL005,MIL0115623,x@x.com,9999123456,9999123451,9999123452,1,1
MP00017874,MP00017874,2023-09-07,13:58:27,PL004,MIL0146295,x@x.com,9999123456,9999123451,9999123452,1,1
MP00017875,MP00017875,2023-09-07,13:58:27,PL007,MIL0177323,x@x.com,9999123456,9999123451,9999123452,1,1
MP00017876,MP00017876,2023-09-07,13:58:27,PL002,MIL0102148,x@x.com,9999123456,9999123451,9999123452,1,1
MP00017877,MP00017877,2023-09-07,13:58:27,PL012,MIL0125115,x@x.com,9999123456,9999123451,9999123452,1,1
MP00017878,MP00017878,2023-09-07,13:58:27,PL013,MIL0035357,x@x.com,9999123456,9999123451,9999123452,1,1
MP00017879,MP00017879,2023-09-07,13:58:27,PL007,MIL0461074,x@x.com,9999123456,9999123451,9999123452,1,1
MP00017880,MP00017880,2023-09-07,13:58:27,PL006,MIL0324728,x@x.com,9999123456,9999123451,9999123452,1,1
MP00017881,MP00017881,2023-09-07,13:58:27,PL002,MIL0128881,x@x.com,9999123456,9999123451,9999123452,1,1
MP00017882,MP00017882,2023-09-07,13:58:27,PL003,MIL0011150,x@x.com,9999123456,9999123451,9999123452,1,1
MP00017883,MP00017883,2023-09-07,13:58:27,PL013,MIL0560479,x@x.com,9999123456,9999123451,9999123452,1,1
MP00017884,MP00017884,2023-09-07,13:58:27,PL005,MIL0297442,x@x.com,9999123456,9999123451,9999123452,1,1
MP00017885,MP00017885,2023-09-07,13:58:27,PL012,MIL0372615,x@x.com,9999123456,9999123451,9999123452,1,1
MP00017886,MP00017886,2023-09-07,13:58:27,PL003,MIL0555015,x@x.com,9999123456,9999123451,9999123452,1,1
MP00017887,MP00017887,2023-09-07,13:58:27,PL002,MIL0572186,x@x.com,9999123456,9999123451,9999123452,1,1
MP00017888,MP00017888,2023-09-07,13:58:27,PL012,MIL0388857,x@x.com,9999123456,9999123451,9999123452,1,1
MP00017889,MP00017889,2023-09-07,13:58:27,PL007,MIL0528284,x@x.com,9999123456,9999123451,9999123452,1,1
MP00017890,MP00017890,2023-09-07,13:58:27,PL013,MIL0012607,x@x.com,9999123456,9999123451,9999123452,1,1
MP00017891,MP00017891,2023-09-07,13:58:27,PL013,MIL0292162,x@x.com,9999123456,9999123451,9999123452,1,1
MP00017892,MP00017892,2023-09-07,13:58:27,PL008,MIL0565806,x@x.com,9999123456,9999123451,9999123452,1,1
MP00017893,MP00017893,2023-09-07,13:58:27,PL005,MIL0250504,x@x.com,9999123456,9999123451,9999123452,1,1
MP00017894,MP00017894,2023-09-07,13:58:27,PL008,MIL0421546,x@x.com,9999123456,9999123451,9999123452,1,1
MP00017895,MP00017895,2023-09-07,13:58:27,PL008,MIL0435409,x@x.com,9999123456,9999123451,9999123452,1,1
MP00017896,MP00017896,2023-09-07,13:58:27,PL003,MIL0487292,x@x.com,9999123456,9999123451,9999123452,1,1
MP00017897,MP00017897,2023-09-07,13:58:27,PL012,MIL0028738,x@x.com,9999123456,9999123451,9999123452,1,1
MP00017898,MP00017898,2023-09-07,13:58:27,PL006,MIL0573050,x@x.com,9999123456,9999123451,9999123452,1,1
MP00017899,MP00017899,2023-09-07,13:58:27,PL003,MIL0204261,x@x.com,9999123456,9999123451,9999123452,1,1
MP00017900,MP00017900,2023-09-07,13:58:27,PL004,MIL0214121,x@x.com,9999123456,9999123451,9999123452,1,1
MP00017901,MP00017901,2023-09-07,13:58:27,PL005,MIL0329155,x@x.com,9999123456,9999123451,9999123452,1,1
MP00017902,MP00017902,2023-09-07,13:58:27,PL011,MIL0133845,x@x.com,9999123456,9999123451,9999123452,1,1
MP00017903,MP00017903,2023-09-07,13:58:27,PL002,MIL0293557,x@x.com,9999123456,9999123451,9999123452,1,1
MP00017904,MP00017904,2023-09-07,13:58:27,PL001,MIL0434101,x@x.com,9999123456,9999123451,9999123452,1,1
MP00017905,MP00017905,2023-09-07,13:58:27,PL005,MIL0379937,x@x.com,9999123456,9999123451,9999123452,1,1
MP00017906,MP00017906,2023-09-07,13:58:27,PL009,MIL0282887,x@x.com,9999123456,9999123451,9999123452,1,1
MP00017907,MP00017907,2023-09-07,13:58:27,PL009,MIL0426391,x@x.com,9999123456,9999123451,9999123452,1,1
MP00017908,MP00017908,2023-09-07,13:58:27,PL004,MIL0110818,x@x.com,9999123456,9999123451,9999123452,1,1
MP00017909,MP00017909,2023-09-07,13:58:27,PL011,MIL0031578,x@x.com,9999123456,9999123451,9999123452,1,1
MP00017910,MP00017910,2023-09-07,13:58:27,PL013,MIL0469914,x@x.com,9999123456,9999123451,9999123452,1,1
MP00017911,MP00017911,2023-09-07,13:58:27,PL004,MIL0254901,x@x.com,9999123456,9999123451,9999123452,1,1
MP00017912,MP00017912,2023-09-07,13:58:27,PL011,MIL0430133,x@x.com,9999123456,9999123451,9999123452,1,1
MP00017913,MP00017913,2023-09-07,13:58:27,PL009,MIL0109124,x@x.com,9999123456,9999123451,9999123452,1,1
MP00017914,MP00017914,2023-09-07,13:58:27,PL006,MIL0439613,x@x.com,9999123456,9999123451,9999123452,1,1
MP00017915,MP00017915,2023-09-07,13:58:27,PL002,MIL0108090,x@x.com,9999123456,9999123451,9999123452,1,1
MP00017916,MP00017916,2023-09-07,13:58:27,PL005,MIL0509161,x@x.com,9999123456,9999123451,9999123452,1,1
MP00017917,MP00017917,2023-09-07,13:58:27,PL002,MIL0043192,x@x.com,9999123456,9999123451,9999123452,1,1
MP00017918,MP00017918,2023-09-07,13:58:27,PL013,MIL0340948,x@x.com,9999123456,9999123451,9999123452,1,1
MP00017919,MP00017919,2023-09-07,13:58:27,PL010,MIL0563095,x@x.com,9999123456,9999123451,9999123452,1,1
MP00017920,MP00017920,2023-09-07,13:58:27,PL007,MIL0255796,x@x.com,9999123456,9999123451,9999123452,1,1
MP00017921,MP00017921,2023-09-07,13:58:27,PL004,MIL0362874,x@x.com,9999123456,9999123451,9999123452,1,1
MP00017922,MP00017922,2023-09-07,13:58:27,PL006,MIL0328974,x@x.com,9999123456,9999123451,9999123452,1,1
MP00017923,MP00017923,2023-09-07,13:58:27,PL011,MIL0419274,x@x.com,9999123456,9999123451,9999123452,1,1
MP00017924,MP00017924,2023-09-07,13:58:27,PL006,MIL0448019,x@x.com,9999123456,9999123451,9999123452,1,1
MP00017925,MP00017925,2023-09-07,13:58:27,PL008,MIL0096431,x@x.com,9999123456,9999123451,9999123452,1,1
MP00017926,MP00017926,2023-09-07,13:58:27,PL003,MIL0048593,x@x.com,9999123456,9999123451,9999123452,1,1
MP00017927,MP00017927,2023-09-07,13:58:27,PL009,MIL0095110,x@x.com,9999123456,9999123451,9999123452,1,1
MP00017928,MP00017928,2023-09-07,13:58:27,PL009,MIL0163076,x@x.com,9999123456,9999123451,9999123452,1,1
MP00017929,MP00017929,2023-09-07,13:58:27,PL003,MIL0010206,x@x.com,9999123456,9999123451,9999123452,1,1
MP00017930,MP00017930,2023-09-07,13:58:27,PL008,MIL0115339,x@x.com,9999123456,9999123451,9999123452,1,1
MP00017931,MP00017931,2023-09-07,13:58:27,PL005,MIL0423037,x@x.com,9999123456,9999123451,9999123452,1,1
MP00017932,MP00017932,2023-09-07,13:58:27,PL001,MIL0423345,x@x.com,9999123456,9999123451,9999123452,1,1
MP00017933,MP00017933,2023-09-07,13:58:27,PL013,MIL0441231,x@x.com,9999123456,9999123451,9999123452,1,1
MP00017934,MP00017934,2023-09-07,13:58:27,PL003,MIL0379428,x@x.com,9999123456,9999123451,9999123452,1,1
MP00017935,MP00017935,2023-09-07,13:58:27,PL004,MIL0246636,x@x.com,9999123456,9999123451,9999123452,1,1
MP00017936,MP00017936,2023-09-07,13:58:27,PL002,MIL0115541,x@x.com,9999123456,9999123451,9999123452,1,1
MP00017937,MP00017937,2023-09-07,13:58:27,PL010,MIL0041467,x@x.com,9999123456,9999123451,9999123452,1,1
MP00017938,MP00017938,2023-09-07,13:58:27,PL006,MIL0285769,x@x.com,9999123456,9999123451,9999123452,1,1
MP00017939,MP00017939,2023-09-07,13:58:27,PL001,MIL0357499,x@x.com,9999123456,9999123451,9999123452,1,1
MP00017940,MP00017940,2023-09-07,13:58:27,PL005,MIL0023953,x@x.com,9999123456,9999123451,9999123452,1,1
MP00017941,MP00017941,2023-09-07,13:58:27,PL005,MIL0041886,x@x.com,9999123456,9999123451,9999123452,1,1
MP00017942,MP00017942,2023-09-07,13:58:27,PL006,MIL0272446,x@x.com,9999123456,9999123451,9999123452,1,1
MP00017943,MP00017943,2023-09-07,13:58:27,PL007,MIL0322624,x@x.com,9999123456,9999123451,9999123452,1,1
MP00017944,MP00017944,2023-09-07,13:58:27,PL007,MIL0531171,x@x.com,9999123456,9999123451,9999123452,1,1
MP00017945,MP00017945,2023-09-07,13:58:27,PL005,MIL0530893,x@x.com,9999123456,9999123451,9999123452,1,1
MP00017946,MP00017946,2023-09-07,13:58:27,PL012,MIL0040511,x@x.com,9999123456,9999123451,9999123452,1,1
MP00017947,MP00017947,2023-09-07,13:58:27,PL010,MIL0174418,x@x.com,9999123456,9999123451,9999123452,1,1
MP00017948,MP00017948,2023-09-07,13:58:27,PL004,MIL0492372,x@x.com,9999123456,9999123451,9999123452,1,1
MP00017949,MP00017949,2023-09-07,13:58:27,PL006,MIL0504426,x@x.com,9999123456,9999123451,9999123452,1,1
MP00017950,MP00017950,2023-09-07,13:58:27,PL006,MIL0080364,x@x.com,9999123456,9999123451,9999123452,1,1
MP00017951,MP00017951,2023-09-07,13:58:27,PL008,MIL0284050,x@x.com,9999123456,9999123451,9999123452,1,1
MP00017952,MP00017952,2023-09-07,13:58:27,PL006,MIL0280099,x@x.com,9999123456,9999123451,9999123452,1,1
MP00017953,MP00017953,2023-09-07,13:58:27,PL001,MIL0443516,x@x.com,9999123456,9999123451,9999123452,1,1
MP00017954,MP00017954,2023-09-07,13:58:27,PL011,MIL0147224,x@x.com,9999123456,9999123451,9999123452,1,1
MP00017955,MP00017955,2023-09-07,13:58:27,PL010,MIL0424653,x@x.com,9999123456,9999123451,9999123452,1,1
MP00017956,MP00017956,2023-09-07,13:58:27,PL010,MIL0249855,x@x.com,9999123456,9999123451,9999123452,1,1
MP00017957,MP00017957,2023-09-07,13:58:27,PL004,MIL0063109,x@x.com,9999123456,9999123451,9999123452,1,1
MP00017958,MP00017958,2023-09-07,13:58:27,PL001,MIL0154309,x@x.com,9999123456,9999123451,9999123452,1,1
MP00017959,MP00017959,2023-09-07,13:58:27,PL003,MIL0030563,x@x.com,9999123456,9999123451,9999123452,1,1
MP00017960,MP00017960,2023-09-07,13:58:27,PL006,MIL0337075,x@x.com,9999123456,9999123451,9999123452,1,1
MP00017961,MP00017961,2023-09-07,13:58:27,PL003,MIL0400616,x@x.com,9999123456,9999123451,9999123452,1,1
MP00017962,MP00017962,2023-09-07,13:58:27,PL012,MIL0139920,x@x.com,9999123456,9999123451,9999123452,1,1
MP00017963,MP00017963,2023-09-07,13:58:27,PL003,MIL0122803,x@x.com,9999123456,9999123451,9999123452,1,1
MP00017964,MP00017964,2023-09-07,13:58:27,PL001,MIL0179060,x@x.com,9999123456,9999123451,9999123452,1,1
MP00017965,MP00017965,2023-09-07,13:58:27,PL007,MIL0192336,x@x.com,9999123456,9999123451,9999123452,1,1
MP00017966,MP00017966,2023-09-07,13:58:27,PL008,MIL0472917,x@x.com,9999123456,9999123451,9999123452,1,1
MP00017967,MP00017967,2023-09-07,13:58:27,PL009,MIL0357975,x@x.com,9999123456,9999123451,9999123452,1,1
MP00017968,MP00017968,2023-09-07,13:58:27,PL009,MIL0523582,x@x.com,9999123456,9999123451,9999123452,1,1
MP00017969,MP00017969,2023-09-07,13:58:27,PL006,MIL0026499,x@x.com,9999123456,9999123451,9999123452,1,1
MP00017970,MP00017970,2023-09-07,13:58:27,PL013,MIL0378530,x@x.com,9999123456,9999123451,9999123452,1,1
MP00017971,MP00017971,2023-09-07,13:58:27,PL009,MIL0029658,x@x.com,9999123456,9999123451,9999123452,1,1
MP00017972,MP00017972,2023-09-07,13:58:27,PL004,MIL0090227,x@x.com,9999123456,9999123451,9999123452,1,1
MP00017973,MP00017973,2023-09-07,13:58:27,PL013,MIL0509938,x@x.com,9999123456,9999123451,9999123452,1,1
MP00017974,MP00017974,2023-09-07,13:58:27,PL002,MIL0537574,x@x.com,9999123456,9999123451,9999123452,1,1
MP00017975,MP00017975,2023-09-07,13:58:27,PL011,MIL0005306,x@x.com,9999123456,9999123451,9999123452,1,1
MP00017976,MP00017976,2023-09-07,13:58:27,PL010,MIL0217633,x@x.com,9999123456,9999123451,9999123452,1,1
MP00017977,MP00017977,2023-09-07,13:58:27,PL011,MIL0379685,x@x.com,9999123456,9999123451,9999123452,1,1
MP00017978,MP00017978,2023-09-07,13:58:27,PL003,MIL0019814,x@x.com,9999123456,9999123451,9999123452,1,1
MP00017979,MP00017979,2023-09-07,13:58:27,PL011,MIL0468025,x@x.com,9999123456,9999123451,9999123452,1,1
MP00017980,MP00017980,2023-09-07,13:58:27,PL005,MIL0293141,x@x.com,9999123456,9999123451,9999123452,1,1
MP00017981,MP00017981,2023-09-07,13:58:27,PL001,MIL0514658,x@x.com,9999123456,9999123451,9999123452,1,1
MP00017982,MP00017982,2023-09-07,13:58:27,PL002,MIL0265681,x@x.com,9999123456,9999123451,9999123452,1,1
