clave,folio,fecha,hora,clave_partido_legado,clave_ciudadano,correo_electronico,whatsapp,telefono,celular,obseravaciones,status
clave,folio,fecha,hora,clave_partido_legado,clave_ciudadano,correo_electronico,whatsapp,telefono,celular,obseravaciones,status
MP00009991,MP00009991,2023-09-07,13:58:27,PL013,MIL0301837,x@x.com,9999123456,9999123451,9999123452,1,1
MP00009992,MP00009992,2023-09-07,13:58:27,PL007,MIL0467313,x@x.com,9999123456,9999123451,9999123452,1,1
MP00009993,MP00009993,2023-09-07,13:58:27,PL009,MIL0537689,x@x.com,9999123456,9999123451,9999123452,1,1
MP00009994,MP00009994,2023-09-07,13:58:27,PL011,MIL0230333,x@x.com,9999123456,9999123451,9999123452,1,1
MP00009995,MP00009995,2023-09-07,13:58:27,PL009,MIL0003409,x@x.com,9999123456,9999123451,9999123452,1,1
MP00009996,MP00009996,2023-09-07,13:58:27,PL008,MIL0142483,x@x.com,9999123456,9999123451,9999123452,1,1
MP00009997,MP00009997,2023-09-07,13:58:27,PL009,MIL0101394,x@x.com,9999123456,9999123451,9999123452,1,1
MP00009998,MP00009998,2023-09-07,13:58:27,PL001,MIL0446765,x@x.com,9999123456,9999123451,9999123452,1,1
MP00009999,MP00009999,2023-09-07,13:58:27,PL013,MIL0405382,x@x.com,9999123456,9999123451,9999123452,1,1
MP00010000,MP00010000,2023-09-07,13:58:27,PL002,MIL0100404,x@x.com,9999123456,9999123451,9999123452,1,1
MP00010001,MP00010001,2023-09-07,13:58:27,PL010,MIL0133561,x@x.com,9999123456,9999123451,9999123452,1,1
MP00010002,MP00010002,2023-09-07,13:58:27,PL004,MIL0052169,x@x.com,9999123456,9999123451,9999123452,1,1
MP00010003,MP00010003,2023-09-07,13:58:27,PL001,MIL0115963,x@x.com,9999123456,9999123451,9999123452,1,1
MP00010004,MP00010004,2023-09-07,13:58:27,PL003,MIL0342294,x@x.com,9999123456,9999123451,9999123452,1,1
MP00010005,MP00010005,2023-09-07,13:58:27,PL007,MIL0198736,x@x.com,9999123456,9999123451,9999123452,1,1
MP00010006,MP00010006,2023-09-07,13:58:27,PL001,MIL0185482,x@x.com,9999123456,9999123451,9999123452,1,1
MP00010007,MP00010007,2023-09-07,13:58:27,PL010,MIL0548607,x@x.com,9999123456,9999123451,9999123452,1,1
MP00010008,MP00010008,2023-09-07,13:58:27,PL008,MIL0168649,x@x.com,9999123456,9999123451,9999123452,1,1
MP00010009,MP00010009,2023-09-07,13:58:27,PL001,MIL0233468,x@x.com,9999123456,9999123451,9999123452,1,1
MP00010010,MP00010010,2023-09-07,13:58:27,PL003,MIL0287801,x@x.com,9999123456,9999123451,9999123452,1,1
MP00010011,MP00010011,2023-09-07,13:58:27,PL007,MIL0529069,x@x.com,9999123456,9999123451,9999123452,1,1
MP00010012,MP00010012,2023-09-07,13:58:27,PL009,MIL0418349,x@x.com,9999123456,9999123451,9999123452,1,1
MP00010013,MP00010013,2023-09-07,13:58:27,PL002,MIL0509549,x@x.com,9999123456,9999123451,9999123452,1,1
MP00010014,MP00010014,2023-09-07,13:58:27,PL006,MIL0084840,x@x.com,9999123456,9999123451,9999123452,1,1
MP00010015,MP00010015,2023-09-07,13:58:27,PL009,MIL0519628,x@x.com,9999123456,9999123451,9999123452,1,1
MP00010016,MP00010016,2023-09-07,13:58:27,PL011,MIL0389571,x@x.com,9999123456,9999123451,9999123452,1,1
MP00010017,MP00010017,2023-09-07,13:58:27,PL007,MIL0047245,x@x.com,9999123456,9999123451,9999123452,1,1
MP00010018,MP00010018,2023-09-07,13:58:27,PL004,MIL0343805,x@x.com,9999123456,9999123451,9999123452,1,1
MP00010019,MP00010019,2023-09-07,13:58:27,PL008,MIL0105518,x@x.com,9999123456,9999123451,9999123452,1,1
MP00010020,MP00010020,2023-09-07,13:58:27,PL002,MIL0282746,x@x.com,9999123456,9999123451,9999123452,1,1
MP00010021,MP00010021,2023-09-07,13:58:27,PL011,MIL0135351,x@x.com,9999123456,9999123451,9999123452,1,1
MP00010022,MP00010022,2023-09-07,13:58:27,PL010,MIL0466815,x@x.com,9999123456,9999123451,9999123452,1,1
MP00010023,MP00010023,2023-09-07,13:58:27,PL001,MIL0018722,x@x.com,9999123456,9999123451,9999123452,1,1
MP00010024,MP00010024,2023-09-07,13:58:27,PL001,MIL0148929,x@x.com,9999123456,9999123451,9999123452,1,1
MP00010025,MP00010025,2023-09-07,13:58:27,PL010,MIL0373156,x@x.com,9999123456,9999123451,9999123452,1,1
MP00010026,MP00010026,2023-09-07,13:58:27,PL013,MIL0130726,x@x.com,9999123456,9999123451,9999123452,1,1
MP00010027,MP00010027,2023-09-07,13:58:27,PL006,MIL0423352,x@x.com,9999123456,9999123451,9999123452,1,1
MP00010028,MP00010028,2023-09-07,13:58:27,PL005,MIL0123992,x@x.com,9999123456,9999123451,9999123452,1,1
MP00010029,MP00010029,2023-09-07,13:58:27,PL002,MIL0550137,x@x.com,9999123456,9999123451,9999123452,1,1
MP00010030,MP00010030,2023-09-07,13:58:27,PL009,MIL0214685,x@x.com,9999123456,9999123451,9999123452,1,1
MP00010031,MP00010031,2023-09-07,13:58:27,PL004,MIL0219585,x@x.com,9999123456,9999123451,9999123452,1,1
MP00010032,MP00010032,2023-09-07,13:58:27,PL013,MIL0105853,x@x.com,9999123456,9999123451,9999123452,1,1
MP00010033,MP00010033,2023-09-07,13:58:27,PL012,MIL0428576,x@x.com,9999123456,9999123451,9999123452,1,1
MP00010034,MP00010034,2023-09-07,13:58:27,PL011,MIL0171366,x@x.com,9999123456,9999123451,9999123452,1,1
MP00010035,MP00010035,2023-09-07,13:58:27,PL008,MIL0349844,x@x.com,9999123456,9999123451,9999123452,1,1
MP00010036,MP00010036,2023-09-07,13:58:27,PL012,MIL0390144,x@x.com,9999123456,9999123451,9999123452,1,1
MP00010037,MP00010037,2023-09-07,13:58:27,PL013,MIL0319086,x@x.com,9999123456,9999123451,9999123452,1,1
MP00010038,MP00010038,2023-09-07,13:58:27,PL011,MIL0408877,x@x.com,9999123456,9999123451,9999123452,1,1
MP00010039,MP00010039,2023-09-07,13:58:27,PL012,MIL0074127,x@x.com,9999123456,9999123451,9999123452,1,1
MP00010040,MP00010040,2023-09-07,13:58:27,PL008,MIL0272607,x@x.com,9999123456,9999123451,9999123452,1,1
MP00010041,MP00010041,2023-09-07,13:58:27,PL002,MIL0164940,x@x.com,9999123456,9999123451,9999123452,1,1
MP00010042,MP00010042,2023-09-07,13:58:27,PL001,MIL0552540,x@x.com,9999123456,9999123451,9999123452,1,1
MP00010043,MP00010043,2023-09-07,13:58:27,PL003,MIL0251844,x@x.com,9999123456,9999123451,9999123452,1,1
MP00010044,MP00010044,2023-09-07,13:58:27,PL008,MIL0306065,x@x.com,9999123456,9999123451,9999123452,1,1
MP00010045,MP00010045,2023-09-07,13:58:27,PL006,MIL0256889,x@x.com,9999123456,9999123451,9999123452,1,1
MP00010046,MP00010046,2023-09-07,13:58:27,PL001,MIL0409093,x@x.com,9999123456,9999123451,9999123452,1,1
MP00010047,MP00010047,2023-09-07,13:58:27,PL005,MIL0279775,x@x.com,9999123456,9999123451,9999123452,1,1
MP00010048,MP00010048,2023-09-07,13:58:27,PL011,MIL0272282,x@x.com,9999123456,9999123451,9999123452,1,1
MP00010049,MP00010049,2023-09-07,13:58:27,PL005,MIL0197064,x@x.com,9999123456,9999123451,9999123452,1,1
MP00010050,MP00010050,2023-09-07,13:58:27,PL003,MIL0339720,x@x.com,9999123456,9999123451,9999123452,1,1
MP00010051,MP00010051,2023-09-07,13:58:27,PL006,MIL0069663,x@x.com,9999123456,9999123451,9999123452,1,1
MP00010052,MP00010052,2023-09-07,13:58:27,PL004,MIL0335013,x@x.com,9999123456,9999123451,9999123452,1,1
MP00010053,MP00010053,2023-09-07,13:58:27,PL003,MIL0041968,x@x.com,9999123456,9999123451,9999123452,1,1
MP00010054,MP00010054,2023-09-07,13:58:27,PL012,MIL0253235,x@x.com,9999123456,9999123451,9999123452,1,1
MP00010055,MP00010055,2023-09-07,13:58:27,PL006,MIL0344381,x@x.com,9999123456,9999123451,9999123452,1,1
MP00010056,MP00010056,2023-09-07,13:58:27,PL005,MIL0007858,x@x.com,9999123456,9999123451,9999123452,1,1
MP00010057,MP00010057,2023-09-07,13:58:27,PL012,MIL0406513,x@x.com,9999123456,9999123451,9999123452,1,1
MP00010058,MP00010058,2023-09-07,13:58:27,PL001,MIL0197268,x@x.com,9999123456,9999123451,9999123452,1,1
MP00010059,MP00010059,2023-09-07,13:58:27,PL013,MIL0196011,x@x.com,9999123456,9999123451,9999123452,1,1
MP00010060,MP00010060,2023-09-07,13:58:27,PL005,MIL0162664,x@x.com,9999123456,9999123451,9999123452,1,1
MP00010061,MP00010061,2023-09-07,13:58:27,PL008,MIL0540823,x@x.com,9999123456,9999123451,9999123452,1,1
MP00010062,MP00010062,2023-09-07,13:58:27,PL010,MIL0257467,x@x.com,9999123456,9999123451,9999123452,1,1
MP00010063,MP00010063,2023-09-07,13:58:27,PL012,MIL0430359,x@x.com,9999123456,9999123451,9999123452,1,1
MP00010064,MP00010064,2023-09-07,13:58:27,PL013,MIL0108532,x@x.com,9999123456,9999123451,9999123452,1,1
MP00010065,MP00010065,2023-09-07,13:58:27,PL012,MIL0158525,x@x.com,9999123456,9999123451,9999123452,1,1
MP00010066,MP00010066,2023-09-07,13:58:27,PL007,MIL0319684,x@x.com,9999123456,9999123451,9999123452,1,1
MP00010067,MP00010067,2023-09-07,13:58:27,PL006,MIL0497140,x@x.com,9999123456,9999123451,9999123452,1,1
MP00010068,MP00010068,2023-09-07,13:58:27,PL002,MIL0104522,x@x.com,9999123456,9999123451,9999123452,1,1
MP00010069,MP00010069,2023-09-07,13:58:27,PL011,MIL0005095,x@x.com,9999123456,9999123451,9999123452,1,1
MP00010070,MP00010070,2023-09-07,13:58:27,PL002,MIL0489358,x@x.com,9999123456,9999123451,9999123452,1,1
MP00010071,MP00010071,2023-09-07,13:58:27,PL005,MIL0510116,x@x.com,9999123456,9999123451,9999123452,1,1
MP00010072,MP00010072,2023-09-07,13:58:27,PL002,MIL0551876,x@x.com,9999123456,9999123451,9999123452,1,1
MP00010073,MP00010073,2023-09-07,13:58:27,PL013,MIL0032449,x@x.com,9999123456,9999123451,9999123452,1,1
MP00010074,MP00010074,2023-09-07,13:58:27,PL012,MIL0184458,x@x.com,9999123456,9999123451,9999123452,1,1
MP00010075,MP00010075,2023-09-07,13:58:27,PL008,MIL0431121,x@x.com,9999123456,9999123451,9999123452,1,1
MP00010076,MP00010076,2023-09-07,13:58:27,PL007,MIL0492635,x@x.com,9999123456,9999123451,9999123452,1,1
MP00010077,MP00010077,2023-09-07,13:58:27,PL008,MIL0298343,x@x.com,9999123456,9999123451,9999123452,1,1
MP00010078,MP00010078,2023-09-07,13:58:27,PL006,MIL0371334,x@x.com,9999123456,9999123451,9999123452,1,1
MP00010079,MP00010079,2023-09-07,13:58:27,PL006,MIL0473574,x@x.com,9999123456,9999123451,9999123452,1,1
MP00010080,MP00010080,2023-09-07,13:58:27,PL006,MIL0013009,x@x.com,9999123456,9999123451,9999123452,1,1
MP00010081,MP00010081,2023-09-07,13:58:27,PL006,MIL0364810,x@x.com,9999123456,9999123451,9999123452,1,1
MP00010082,MP00010082,2023-09-07,13:58:27,PL013,MIL0526152,x@x.com,9999123456,9999123451,9999123452,1,1
MP00010083,MP00010083,2023-09-07,13:58:27,PL012,MIL0474596,x@x.com,9999123456,9999123451,9999123452,1,1
MP00010084,MP00010084,2023-09-07,13:58:27,PL003,MIL0161570,x@x.com,9999123456,9999123451,9999123452,1,1
MP00010085,MP00010085,2023-09-07,13:58:27,PL008,MIL0421845,x@x.com,9999123456,9999123451,9999123452,1,1
MP00010086,MP00010086,2023-09-07,13:58:27,PL008,MIL0255126,x@x.com,9999123456,9999123451,9999123452,1,1
MP00010087,MP00010087,2023-09-07,13:58:27,PL003,MIL0325722,x@x.com,9999123456,9999123451,9999123452,1,1
MP00010088,MP00010088,2023-09-07,13:58:27,PL007,MIL0496175,x@x.com,9999123456,9999123451,9999123452,1,1
MP00010089,MP00010089,2023-09-07,13:58:27,PL006,MIL0008445,x@x.com,9999123456,9999123451,9999123452,1,1
MP00010090,MP00010090,2023-09-07,13:58:27,PL011,MIL0024424,x@x.com,9999123456,9999123451,9999123452,1,1
MP00010091,MP00010091,2023-09-07,13:58:27,PL005,MIL0142642,x@x.com,9999123456,9999123451,9999123452,1,1
MP00010092,MP00010092,2023-09-07,13:58:27,PL004,MIL0236712,x@x.com,9999123456,9999123451,9999123452,1,1
MP00010093,MP00010093,2023-09-07,13:58:27,PL011,MIL0325258,x@x.com,9999123456,9999123451,9999123452,1,1
MP00010094,MP00010094,2023-09-07,13:58:27,PL005,MIL0072650,x@x.com,9999123456,9999123451,9999123452,1,1
MP00010095,MP00010095,2023-09-07,13:58:27,PL004,MIL0492603,x@x.com,9999123456,9999123451,9999123452,1,1
MP00010096,MP00010096,2023-09-07,13:58:27,PL009,MIL0535153,x@x.com,9999123456,9999123451,9999123452,1,1
MP00010097,MP00010097,2023-09-07,13:58:27,PL002,MIL0276203,x@x.com,9999123456,9999123451,9999123452,1,1
MP00010098,MP00010098,2023-09-07,13:58:27,PL009,MIL0061675,x@x.com,9999123456,9999123451,9999123452,1,1
MP00010099,MP00010099,2023-09-07,13:58:27,PL003,MIL0218938,x@x.com,9999123456,9999123451,9999123452,1,1
MP00010100,MP00010100,2023-09-07,13:58:27,PL003,MIL0282244,x@x.com,9999123456,9999123451,9999123452,1,1
MP00010101,MP00010101,2023-09-07,13:58:27,PL008,MIL0019097,x@x.com,9999123456,9999123451,9999123452,1,1
MP00010102,MP00010102,2023-09-07,13:58:27,PL006,MIL0374771,x@x.com,9999123456,9999123451,9999123452,1,1
MP00010103,MP00010103,2023-09-07,13:58:27,PL001,MIL0261278,x@x.com,9999123456,9999123451,9999123452,1,1
MP00010104,MP00010104,2023-09-07,13:58:27,PL012,MIL0163472,x@x.com,9999123456,9999123451,9999123452,1,1
MP00010105,MP00010105,2023-09-07,13:58:27,PL010,MIL0489193,x@x.com,9999123456,9999123451,9999123452,1,1
MP00010106,MP00010106,2023-09-07,13:58:27,PL010,MIL0550844,x@x.com,9999123456,9999123451,9999123452,1,1
MP00010107,MP00010107,2023-09-07,13:58:27,PL001,MIL0080929,x@x.com,9999123456,9999123451,9999123452,1,1
MP00010108,MP00010108,2023-09-07,13:58:27,PL004,MIL0316253,x@x.com,9999123456,9999123451,9999123452,1,1
MP00010109,MP00010109,2023-09-07,13:58:27,PL005,MIL0578036,x@x.com,9999123456,9999123451,9999123452,1,1
MP00010110,MP00010110,2023-09-07,13:58:27,PL006,MIL0298822,x@x.com,9999123456,9999123451,9999123452,1,1
MP00010111,MP00010111,2023-09-07,13:58:27,PL003,MIL0422439,x@x.com,9999123456,9999123451,9999123452,1,1
MP00010112,MP00010112,2023-09-07,13:58:27,PL010,MIL0579343,x@x.com,9999123456,9999123451,9999123452,1,1
MP00010113,MP00010113,2023-09-07,13:58:27,PL003,MIL0359838,x@x.com,9999123456,9999123451,9999123452,1,1
MP00010114,MP00010114,2023-09-07,13:58:27,PL010,MIL0401854,x@x.com,9999123456,9999123451,9999123452,1,1
MP00010115,MP00010115,2023-09-07,13:58:27,PL008,MIL0210815,x@x.com,9999123456,9999123451,9999123452,1,1
MP00010116,MP00010116,2023-09-07,13:58:27,PL002,MIL0115112,x@x.com,9999123456,9999123451,9999123452,1,1
MP00010117,MP00010117,2023-09-07,13:58:27,PL006,MIL0106268,x@x.com,9999123456,9999123451,9999123452,1,1
MP00010118,MP00010118,2023-09-07,13:58:27,PL007,MIL0417983,x@x.com,9999123456,9999123451,9999123452,1,1
MP00010119,MP00010119,2023-09-07,13:58:27,PL009,MIL0082228,x@x.com,9999123456,9999123451,9999123452,1,1
MP00010120,MP00010120,2023-09-07,13:58:27,PL012,MIL0079319,x@x.com,9999123456,9999123451,9999123452,1,1
MP00010121,MP00010121,2023-09-07,13:58:27,PL011,MIL0419557,x@x.com,9999123456,9999123451,9999123452,1,1
MP00010122,MP00010122,2023-09-07,13:58:27,PL012,MIL0050585,x@x.com,9999123456,9999123451,9999123452,1,1
MP00010123,MP00010123,2023-09-07,13:58:27,PL004,MIL0325931,x@x.com,9999123456,9999123451,9999123452,1,1
MP00010124,MP00010124,2023-09-07,13:58:27,PL006,MIL0029177,x@x.com,9999123456,9999123451,9999123452,1,1
MP00010125,MP00010125,2023-09-07,13:58:27,PL009,MIL0225347,x@x.com,9999123456,9999123451,9999123452,1,1
MP00010126,MP00010126,2023-09-07,13:58:27,PL001,MIL0335391,x@x.com,9999123456,9999123451,9999123452,1,1
MP00010127,MP00010127,2023-09-07,13:58:27,PL001,MIL0139425,x@x.com,9999123456,9999123451,9999123452,1,1
MP00010128,MP00010128,2023-09-07,13:58:27,PL013,MIL0341870,x@x.com,9999123456,9999123451,9999123452,1,1
MP00010129,MP00010129,2023-09-07,13:58:27,PL005,MIL0379830,x@x.com,9999123456,9999123451,9999123452,1,1
MP00010130,MP00010130,2023-09-07,13:58:27,PL007,MIL0057039,x@x.com,9999123456,9999123451,9999123452,1,1
MP00010131,MP00010131,2023-09-07,13:58:27,PL009,MIL0297110,x@x.com,9999123456,9999123451,9999123452,1,1
MP00010132,MP00010132,2023-09-07,13:58:27,PL004,MIL0031380,x@x.com,9999123456,9999123451,9999123452,1,1
MP00010133,MP00010133,2023-09-07,13:58:27,PL005,MIL0141774,x@x.com,9999123456,9999123451,9999123452,1,1
MP00010134,MP00010134,2023-09-07,13:58:27,PL003,MIL0183560,x@x.com,9999123456,9999123451,9999123452,1,1
MP00010135,MP00010135,2023-09-07,13:58:27,PL011,MIL0163869,x@x.com,9999123456,9999123451,9999123452,1,1
MP00010136,MP00010136,2023-09-07,13:58:27,PL009,MIL0083781,x@x.com,9999123456,9999123451,9999123452,1,1
MP00010137,MP00010137,2023-09-07,13:58:27,PL009,MIL0044235,x@x.com,9999123456,9999123451,9999123452,1,1
MP00010138,MP00010138,2023-09-07,13:58:27,PL012,MIL0026753,x@x.com,9999123456,9999123451,9999123452,1,1
MP00010139,MP00010139,2023-09-07,13:58:27,PL011,MIL0542625,x@x.com,9999123456,9999123451,9999123452,1,1
MP00010140,MP00010140,2023-09-07,13:58:27,PL004,MIL0229997,x@x.com,9999123456,9999123451,9999123452,1,1
MP00010141,MP00010141,2023-09-07,13:58:27,PL002,MIL0023057,x@x.com,9999123456,9999123451,9999123452,1,1
MP00010142,MP00010142,2023-09-07,13:58:27,PL001,MIL0409456,x@x.com,9999123456,9999123451,9999123452,1,1
MP00010143,MP00010143,2023-09-07,13:58:27,PL008,MIL0451377,x@x.com,9999123456,9999123451,9999123452,1,1
MP00010144,MP00010144,2023-09-07,13:58:27,PL012,MIL0555643,x@x.com,9999123456,9999123451,9999123452,1,1
MP00010145,MP00010145,2023-09-07,13:58:27,PL004,MIL0034086,x@x.com,9999123456,9999123451,9999123452,1,1
MP00010146,MP00010146,2023-09-07,13:58:27,PL007,MIL0281382,x@x.com,9999123456,9999123451,9999123452,1,1
MP00010147,MP00010147,2023-09-07,13:58:27,PL009,MIL0051884,x@x.com,9999123456,9999123451,9999123452,1,1
MP00010148,MP00010148,2023-09-07,13:58:27,PL008,MIL0519182,x@x.com,9999123456,9999123451,9999123452,1,1
MP00010149,MP00010149,2023-09-07,13:58:27,PL011,MIL0266110,x@x.com,9999123456,9999123451,9999123452,1,1
MP00010150,MP00010150,2023-09-07,13:58:27,PL012,MIL0036517,x@x.com,9999123456,9999123451,9999123452,1,1
MP00010151,MP00010151,2023-09-07,13:58:27,PL010,MIL0143996,x@x.com,9999123456,9999123451,9999123452,1,1
MP00010152,MP00010152,2023-09-07,13:58:27,PL006,MIL0302091,x@x.com,9999123456,9999123451,9999123452,1,1
MP00010153,MP00010153,2023-09-07,13:58:27,PL013,MIL0433160,x@x.com,9999123456,9999123451,9999123452,1,1
MP00010154,MP00010154,2023-09-07,13:58:27,PL012,MIL0225145,x@x.com,9999123456,9999123451,9999123452,1,1
MP00010155,MP00010155,2023-09-07,13:58:27,PL013,MIL0537404,x@x.com,9999123456,9999123451,9999123452,1,1
MP00010156,MP00010156,2023-09-07,13:58:27,PL004,MIL0094667,x@x.com,9999123456,9999123451,9999123452,1,1
MP00010157,MP00010157,2023-09-07,13:58:27,PL011,MIL0293198,x@x.com,9999123456,9999123451,9999123452,1,1
MP00010158,MP00010158,2023-09-07,13:58:27,PL010,MIL0427184,x@x.com,9999123456,9999123451,9999123452,1,1
MP00010159,MP00010159,2023-09-07,13:58:27,PL003,MIL0230298,x@x.com,9999123456,9999123451,9999123452,1,1
MP00010160,MP00010160,2023-09-07,13:58:27,PL011,MIL0174255,x@x.com,9999123456,9999123451,9999123452,1,1
MP00010161,MP00010161,2023-09-07,13:58:27,PL011,MIL0156716,x@x.com,9999123456,9999123451,9999123452,1,1
MP00010162,MP00010162,2023-09-07,13:58:27,PL005,MIL0313254,x@x.com,9999123456,9999123451,9999123452,1,1
MP00010163,MP00010163,2023-09-07,13:58:27,PL005,MIL0147611,x@x.com,9999123456,9999123451,9999123452,1,1
MP00010164,MP00010164,2023-09-07,13:58:27,PL001,MIL0521565,x@x.com,9999123456,9999123451,9999123452,1,1
MP00010165,MP00010165,2023-09-07,13:58:27,PL008,MIL0179624,x@x.com,9999123456,9999123451,9999123452,1,1
MP00010166,MP00010166,2023-09-07,13:58:27,PL010,MIL0102102,x@x.com,9999123456,9999123451,9999123452,1,1
MP00010167,MP00010167,2023-09-07,13:58:27,PL009,MIL0463835,x@x.com,9999123456,9999123451,9999123452,1,1
MP00010168,MP00010168,2023-09-07,13:58:27,PL001,MIL0198719,x@x.com,9999123456,9999123451,9999123452,1,1
MP00010169,MP00010169,2023-09-07,13:58:27,PL008,MIL0448146,x@x.com,9999123456,9999123451,9999123452,1,1
MP00010170,MP00010170,2023-09-07,13:58:27,PL002,MIL0193448,x@x.com,9999123456,9999123451,9999123452,1,1
MP00010171,MP00010171,2023-09-07,13:58:27,PL012,MIL0045786,x@x.com,9999123456,9999123451,9999123452,1,1
MP00010172,MP00010172,2023-09-07,13:58:27,PL011,MIL0005471,x@x.com,9999123456,9999123451,9999123452,1,1
MP00010173,MP00010173,2023-09-07,13:58:27,PL004,MIL0187030,x@x.com,9999123456,9999123451,9999123452,1,1
MP00010174,MP00010174,2023-09-07,13:58:27,PL009,MIL0360493,x@x.com,9999123456,9999123451,9999123452,1,1
MP00010175,MP00010175,2023-09-07,13:58:27,PL001,MIL0430901,x@x.com,9999123456,9999123451,9999123452,1,1
MP00010176,MP00010176,2023-09-07,13:58:27,PL002,MIL0446193,x@x.com,9999123456,9999123451,9999123452,1,1
MP00010177,MP00010177,2023-09-07,13:58:27,PL009,MIL0050492,x@x.com,9999123456,9999123451,9999123452,1,1
MP00010178,MP00010178,2023-09-07,13:58:27,PL008,MIL0261699,x@x.com,9999123456,9999123451,9999123452,1,1
MP00010179,MP00010179,2023-09-07,13:58:27,PL009,MIL0380729,x@x.com,9999123456,9999123451,9999123452,1,1
MP00010180,MP00010180,2023-09-07,13:58:27,PL003,MIL0079143,x@x.com,9999123456,9999123451,9999123452,1,1
MP00010181,MP00010181,2023-09-07,13:58:27,PL011,MIL0169687,x@x.com,9999123456,9999123451,9999123452,1,1
MP00010182,MP00010182,2023-09-07,13:58:27,PL002,MIL0208770,x@x.com,9999123456,9999123451,9999123452,1,1
MP00010183,MP00010183,2023-09-07,13:58:27,PL004,MIL0258666,x@x.com,9999123456,9999123451,9999123452,1,1
MP00010184,MP00010184,2023-09-07,13:58:27,PL002,MIL0397873,x@x.com,9999123456,9999123451,9999123452,1,1
MP00010185,MP00010185,2023-09-07,13:58:27,PL002,MIL0437945,x@x.com,9999123456,9999123451,9999123452,1,1
MP00010186,MP00010186,2023-09-07,13:58:27,PL009,MIL0382685,x@x.com,9999123456,9999123451,9999123452,1,1
MP00010187,MP00010187,2023-09-07,13:58:27,PL001,MIL0157709,x@x.com,9999123456,9999123451,9999123452,1,1
MP00010188,MP00010188,2023-09-07,13:58:27,PL007,MIL0369465,x@x.com,9999123456,9999123451,9999123452,1,1
MP00010189,MP00010189,2023-09-07,13:58:27,PL005,MIL0272384,x@x.com,9999123456,9999123451,9999123452,1,1
MP00010190,MP00010190,2023-09-07,13:58:27,PL013,MIL0251797,x@x.com,9999123456,9999123451,9999123452,1,1
MP00010191,MP00010191,2023-09-07,13:58:27,PL003,MIL0047877,x@x.com,9999123456,9999123451,9999123452,1,1
MP00010192,MP00010192,2023-09-07,13:58:27,PL001,MIL0528886,x@x.com,9999123456,9999123451,9999123452,1,1
MP00010193,MP00010193,2023-09-07,13:58:27,PL009,MIL0427533,x@x.com,9999123456,9999123451,9999123452,1,1
MP00010194,MP00010194,2023-09-07,13:58:27,PL004,MIL0024574,x@x.com,9999123456,9999123451,9999123452,1,1
MP00010195,MP00010195,2023-09-07,13:58:27,PL009,MIL0524438,x@x.com,9999123456,9999123451,9999123452,1,1
MP00010196,MP00010196,2023-09-07,13:58:27,PL003,MIL0172983,x@x.com,9999123456,9999123451,9999123452,1,1
MP00010197,MP00010197,2023-09-07,13:58:27,PL007,MIL0477249,x@x.com,9999123456,9999123451,9999123452,1,1
MP00010198,MP00010198,2023-09-07,13:58:27,PL006,MIL0325571,x@x.com,9999123456,9999123451,9999123452,1,1
MP00010199,MP00010199,2023-09-07,13:58:27,PL002,MIL0180998,x@x.com,9999123456,9999123451,9999123452,1,1
MP00010200,MP00010200,2023-09-07,13:58:27,PL006,MIL0325873,x@x.com,9999123456,9999123451,9999123452,1,1
MP00010201,MP00010201,2023-09-07,13:58:27,PL002,MIL0037720,x@x.com,9999123456,9999123451,9999123452,1,1
MP00010202,MP00010202,2023-09-07,13:58:27,PL006,MIL0383397,x@x.com,9999123456,9999123451,9999123452,1,1
MP00010203,MP00010203,2023-09-07,13:58:27,PL008,MIL0392530,x@x.com,9999123456,9999123451,9999123452,1,1
MP00010204,MP00010204,2023-09-07,13:58:27,PL013,MIL0505029,x@x.com,9999123456,9999123451,9999123452,1,1
MP00010205,MP00010205,2023-09-07,13:58:27,PL013,MIL0056484,x@x.com,9999123456,9999123451,9999123452,1,1
MP00010206,MP00010206,2023-09-07,13:58:27,PL005,MIL0378198,x@x.com,9999123456,9999123451,9999123452,1,1
MP00010207,MP00010207,2023-09-07,13:58:27,PL011,MIL0057414,x@x.com,9999123456,9999123451,9999123452,1,1
MP00010208,MP00010208,2023-09-07,13:58:27,PL008,MIL0028677,x@x.com,9999123456,9999123451,9999123452,1,1
MP00010209,MP00010209,2023-09-07,13:58:27,PL008,MIL0275711,x@x.com,9999123456,9999123451,9999123452,1,1
MP00010210,MP00010210,2023-09-07,13:58:27,PL010,MIL0317712,x@x.com,9999123456,9999123451,9999123452,1,1
MP00010211,MP00010211,2023-09-07,13:58:27,PL001,MIL0387565,x@x.com,9999123456,9999123451,9999123452,1,1
MP00010212,MP00010212,2023-09-07,13:58:27,PL007,MIL0450909,x@x.com,9999123456,9999123451,9999123452,1,1
MP00010213,MP00010213,2023-09-07,13:58:27,PL011,MIL0367339,x@x.com,9999123456,9999123451,9999123452,1,1
MP00010214,MP00010214,2023-09-07,13:58:27,PL006,MIL0058452,x@x.com,9999123456,9999123451,9999123452,1,1
MP00010215,MP00010215,2023-09-07,13:58:27,PL012,MIL0144748,x@x.com,9999123456,9999123451,9999123452,1,1
MP00010216,MP00010216,2023-09-07,13:58:27,PL010,MIL0545718,x@x.com,9999123456,9999123451,9999123452,1,1
MP00010217,MP00010217,2023-09-07,13:58:27,PL013,MIL0569400,x@x.com,9999123456,9999123451,9999123452,1,1
MP00010218,MP00010218,2023-09-07,13:58:27,PL012,MIL0406437,x@x.com,9999123456,9999123451,9999123452,1,1
MP00010219,MP00010219,2023-09-07,13:58:27,PL011,MIL0099725,x@x.com,9999123456,9999123451,9999123452,1,1
MP00010220,MP00010220,2023-09-07,13:58:27,PL010,MIL0220992,x@x.com,9999123456,9999123451,9999123452,1,1
MP00010221,MP00010221,2023-09-07,13:58:27,PL003,MIL0346092,x@x.com,9999123456,9999123451,9999123452,1,1
MP00010222,MP00010222,2023-09-07,13:58:27,PL002,MIL0460092,x@x.com,9999123456,9999123451,9999123452,1,1
MP00010223,MP00010223,2023-09-07,13:58:27,PL002,MIL0350727,x@x.com,9999123456,9999123451,9999123452,1,1
MP00010224,MP00010224,2023-09-07,13:58:27,PL001,MIL0011195,x@x.com,9999123456,9999123451,9999123452,1,1
MP00010225,MP00010225,2023-09-07,13:58:27,PL003,MIL0242102,x@x.com,9999123456,9999123451,9999123452,1,1
MP00010226,MP00010226,2023-09-07,13:58:27,PL008,MIL0497852,x@x.com,9999123456,9999123451,9999123452,1,1
MP00010227,MP00010227,2023-09-07,13:58:27,PL005,MIL0219333,x@x.com,9999123456,9999123451,9999123452,1,1
MP00010228,MP00010228,2023-09-07,13:58:27,PL003,MIL0124589,x@x.com,9999123456,9999123451,9999123452,1,1
MP00010229,MP00010229,2023-09-07,13:58:27,PL003,MIL0004924,x@x.com,9999123456,9999123451,9999123452,1,1
MP00010230,MP00010230,2023-09-07,13:58:27,PL007,MIL0079541,x@x.com,9999123456,9999123451,9999123452,1,1
MP00010231,MP00010231,2023-09-07,13:58:27,PL009,MIL0378829,x@x.com,9999123456,9999123451,9999123452,1,1
MP00010232,MP00010232,2023-09-07,13:58:27,PL010,MIL0366668,x@x.com,9999123456,9999123451,9999123452,1,1
MP00010233,MP00010233,2023-09-07,13:58:27,PL001,MIL0040718,x@x.com,9999123456,9999123451,9999123452,1,1
MP00010234,MP00010234,2023-09-07,13:58:27,PL008,MIL0268188,x@x.com,9999123456,9999123451,9999123452,1,1
MP00010235,MP00010235,2023-09-07,13:58:27,PL012,MIL0430126,x@x.com,9999123456,9999123451,9999123452,1,1
MP00010236,MP00010236,2023-09-07,13:58:27,PL010,MIL0542539,x@x.com,9999123456,9999123451,9999123452,1,1
MP00010237,MP00010237,2023-09-07,13:58:27,PL007,MIL0182829,x@x.com,9999123456,9999123451,9999123452,1,1
MP00010238,MP00010238,2023-09-07,13:58:27,PL013,MIL0443779,x@x.com,9999123456,9999123451,9999123452,1,1
MP00010239,MP00010239,2023-09-07,13:58:27,PL011,MIL0327332,x@x.com,9999123456,9999123451,9999123452,1,1
MP00010240,MP00010240,2023-09-07,13:58:27,PL008,MIL0304955,x@x.com,9999123456,9999123451,9999123452,1,1
MP00010241,MP00010241,2023-09-07,13:58:27,PL011,MIL0194921,x@x.com,9999123456,9999123451,9999123452,1,1
MP00010242,MP00010242,2023-09-07,13:58:27,PL005,MIL0548511,x@x.com,9999123456,9999123451,9999123452,1,1
MP00010243,MP00010243,2023-09-07,13:58:27,PL004,MIL0211100,x@x.com,9999123456,9999123451,9999123452,1,1
MP00010244,MP00010244,2023-09-07,13:58:27,PL010,MIL0372270,x@x.com,9999123456,9999123451,9999123452,1,1
MP00010245,MP00010245,2023-09-07,13:58:27,PL006,MIL0466993,x@x.com,9999123456,9999123451,9999123452,1,1
MP00010246,MP00010246,2023-09-07,13:58:27,PL005,MIL0544621,x@x.com,9999123456,9999123451,9999123452,1,1
MP00010247,MP00010247,2023-09-07,13:58:27,PL011,MIL0297527,x@x.com,9999123456,9999123451,9999123452,1,1
MP00010248,MP00010248,2023-09-07,13:58:27,PL007,MIL0254053,x@x.com,9999123456,9999123451,9999123452,1,1
MP00010249,MP00010249,2023-09-07,13:58:27,PL012,MIL0231173,x@x.com,9999123456,9999123451,9999123452,1,1
MP00010250,MP00010250,2023-09-07,13:58:27,PL005,MIL0222692,x@x.com,9999123456,9999123451,9999123452,1,1
MP00010251,MP00010251,2023-09-07,13:58:27,PL008,MIL0360327,x@x.com,9999123456,9999123451,9999123452,1,1
MP00010252,MP00010252,2023-09-07,13:58:27,PL013,MIL0391369,x@x.com,9999123456,9999123451,9999123452,1,1
MP00010253,MP00010253,2023-09-07,13:58:27,PL003,MIL0394652,x@x.com,9999123456,9999123451,9999123452,1,1
MP00010254,MP00010254,2023-09-07,13:58:27,PL012,MIL0411973,x@x.com,9999123456,9999123451,9999123452,1,1
MP00010255,MP00010255,2023-09-07,13:58:27,PL012,MIL0093783,x@x.com,9999123456,9999123451,9999123452,1,1
MP00010256,MP00010256,2023-09-07,13:58:27,PL003,MIL0393879,x@x.com,9999123456,9999123451,9999123452,1,1
MP00010257,MP00010257,2023-09-07,13:58:27,PL009,MIL0122640,x@x.com,9999123456,9999123451,9999123452,1,1
MP00010258,MP00010258,2023-09-07,13:58:27,PL003,MIL0486061,x@x.com,9999123456,9999123451,9999123452,1,1
MP00010259,MP00010259,2023-09-07,13:58:27,PL006,MIL0218424,x@x.com,9999123456,9999123451,9999123452,1,1
MP00010260,MP00010260,2023-09-07,13:58:27,PL013,MIL0578366,x@x.com,9999123456,9999123451,9999123452,1,1
MP00010261,MP00010261,2023-09-07,13:58:27,PL003,MIL0223478,x@x.com,9999123456,9999123451,9999123452,1,1
MP00010262,MP00010262,2023-09-07,13:58:27,PL006,MIL0012694,x@x.com,9999123456,9999123451,9999123452,1,1
MP00010263,MP00010263,2023-09-07,13:58:27,PL006,MIL0325885,x@x.com,9999123456,9999123451,9999123452,1,1
MP00010264,MP00010264,2023-09-07,13:58:27,PL003,MIL0383142,x@x.com,9999123456,9999123451,9999123452,1,1
MP00010265,MP00010265,2023-09-07,13:58:27,PL011,MIL0204940,x@x.com,9999123456,9999123451,9999123452,1,1
MP00010266,MP00010266,2023-09-07,13:58:27,PL003,MIL0014009,x@x.com,9999123456,9999123451,9999123452,1,1
MP00010267,MP00010267,2023-09-07,13:58:27,PL002,MIL0199013,x@x.com,9999123456,9999123451,9999123452,1,1
MP00010268,MP00010268,2023-09-07,13:58:27,PL006,MIL0069218,x@x.com,9999123456,9999123451,9999123452,1,1
MP00010269,MP00010269,2023-09-07,13:58:27,PL010,MIL0003827,x@x.com,9999123456,9999123451,9999123452,1,1
MP00010270,MP00010270,2023-09-07,13:58:27,PL012,MIL0495062,x@x.com,9999123456,9999123451,9999123452,1,1
MP00010271,MP00010271,2023-09-07,13:58:27,PL013,MIL0467930,x@x.com,9999123456,9999123451,9999123452,1,1
MP00010272,MP00010272,2023-09-07,13:58:27,PL011,MIL0369123,x@x.com,9999123456,9999123451,9999123452,1,1
MP00010273,MP00010273,2023-09-07,13:58:27,PL001,MIL0294189,x@x.com,9999123456,9999123451,9999123452,1,1
MP00010274,MP00010274,2023-09-07,13:58:27,PL004,MIL0412439,x@x.com,9999123456,9999123451,9999123452,1,1
MP00010275,MP00010275,2023-09-07,13:58:27,PL007,MIL0100614,x@x.com,9999123456,9999123451,9999123452,1,1
MP00010276,MP00010276,2023-09-07,13:58:27,PL003,MIL0033011,x@x.com,9999123456,9999123451,9999123452,1,1
MP00010277,MP00010277,2023-09-07,13:58:27,PL008,MIL0193445,x@x.com,9999123456,9999123451,9999123452,1,1
MP00010278,MP00010278,2023-09-07,13:58:27,PL006,MIL0098114,x@x.com,9999123456,9999123451,9999123452,1,1
MP00010279,MP00010279,2023-09-07,13:58:27,PL004,MIL0551591,x@x.com,9999123456,9999123451,9999123452,1,1
MP00010280,MP00010280,2023-09-07,13:58:27,PL004,MIL0349591,x@x.com,9999123456,9999123451,9999123452,1,1
MP00010281,MP00010281,2023-09-07,13:58:27,PL009,MIL0266392,x@x.com,9999123456,9999123451,9999123452,1,1
MP00010282,MP00010282,2023-09-07,13:58:27,PL002,MIL0396000,x@x.com,9999123456,9999123451,9999123452,1,1
MP00010283,MP00010283,2023-09-07,13:58:27,PL006,MIL0040459,x@x.com,9999123456,9999123451,9999123452,1,1
MP00010284,MP00010284,2023-09-07,13:58:27,PL012,MIL0567877,x@x.com,9999123456,9999123451,9999123452,1,1
MP00010285,MP00010285,2023-09-07,13:58:27,PL010,MIL0270970,x@x.com,9999123456,9999123451,9999123452,1,1
MP00010286,MP00010286,2023-09-07,13:58:27,PL008,MIL0374982,x@x.com,9999123456,9999123451,9999123452,1,1
MP00010287,MP00010287,2023-09-07,13:58:27,PL008,MIL0280434,x@x.com,9999123456,9999123451,9999123452,1,1
MP00010288,MP00010288,2023-09-07,13:58:27,PL007,MIL0218673,x@x.com,9999123456,9999123451,9999123452,1,1
MP00010289,MP00010289,2023-09-07,13:58:27,PL011,MIL0450132,x@x.com,9999123456,9999123451,9999123452,1,1
MP00010290,MP00010290,2023-09-07,13:58:27,PL005,MIL0384972,x@x.com,9999123456,9999123451,9999123452,1,1
MP00010291,MP00010291,2023-09-07,13:58:27,PL008,MIL0216854,x@x.com,9999123456,9999123451,9999123452,1,1
MP00010292,MP00010292,2023-09-07,13:58:27,PL002,MIL0011473,x@x.com,9999123456,9999123451,9999123452,1,1
MP00010293,MP00010293,2023-09-07,13:58:27,PL011,MIL0496499,x@x.com,9999123456,9999123451,9999123452,1,1
MP00010294,MP00010294,2023-09-07,13:58:27,PL006,MIL0109424,x@x.com,9999123456,9999123451,9999123452,1,1
MP00010295,MP00010295,2023-09-07,13:58:27,PL010,MIL0228445,x@x.com,9999123456,9999123451,9999123452,1,1
MP00010296,MP00010296,2023-09-07,13:58:27,PL004,MIL0319645,x@x.com,9999123456,9999123451,9999123452,1,1
MP00010297,MP00010297,2023-09-07,13:58:27,PL001,MIL0414113,x@x.com,9999123456,9999123451,9999123452,1,1
MP00010298,MP00010298,2023-09-07,13:58:27,PL005,MIL0123352,x@x.com,9999123456,9999123451,9999123452,1,1
MP00010299,MP00010299,2023-09-07,13:58:27,PL004,MIL0470627,x@x.com,9999123456,9999123451,9999123452,1,1
MP00010300,MP00010300,2023-09-07,13:58:27,PL006,MIL0272855,x@x.com,9999123456,9999123451,9999123452,1,1
MP00010301,MP00010301,2023-09-07,13:58:27,PL009,MIL0336582,x@x.com,9999123456,9999123451,9999123452,1,1
MP00010302,MP00010302,2023-09-07,13:58:27,PL010,MIL0098928,x@x.com,9999123456,9999123451,9999123452,1,1
MP00010303,MP00010303,2023-09-07,13:58:27,PL009,MIL0320470,x@x.com,9999123456,9999123451,9999123452,1,1
MP00010304,MP00010304,2023-09-07,13:58:27,PL008,MIL0124033,x@x.com,9999123456,9999123451,9999123452,1,1
MP00010305,MP00010305,2023-09-07,13:58:27,PL009,MIL0549881,x@x.com,9999123456,9999123451,9999123452,1,1
MP00010306,MP00010306,2023-09-07,13:58:27,PL007,MIL0401381,x@x.com,9999123456,9999123451,9999123452,1,1
MP00010307,MP00010307,2023-09-07,13:58:27,PL010,MIL0444258,x@x.com,9999123456,9999123451,9999123452,1,1
MP00010308,MP00010308,2023-09-07,13:58:27,PL010,MIL0409528,x@x.com,9999123456,9999123451,9999123452,1,1
MP00010309,MP00010309,2023-09-07,13:58:27,PL003,MIL0494939,x@x.com,9999123456,9999123451,9999123452,1,1
MP00010310,MP00010310,2023-09-07,13:58:27,PL002,MIL0460486,x@x.com,9999123456,9999123451,9999123452,1,1
MP00010311,MP00010311,2023-09-07,13:58:27,PL005,MIL0009536,x@x.com,9999123456,9999123451,9999123452,1,1
MP00010312,MP00010312,2023-09-07,13:58:27,PL012,MIL0438688,x@x.com,9999123456,9999123451,9999123452,1,1
MP00010313,MP00010313,2023-09-07,13:58:27,PL003,MIL0034906,x@x.com,9999123456,9999123451,9999123452,1,1
MP00010314,MP00010314,2023-09-07,13:58:27,PL007,MIL0447555,x@x.com,9999123456,9999123451,9999123452,1,1
MP00010315,MP00010315,2023-09-07,13:58:27,PL012,MIL0227826,x@x.com,9999123456,9999123451,9999123452,1,1
MP00010316,MP00010316,2023-09-07,13:58:27,PL005,MIL0240598,x@x.com,9999123456,9999123451,9999123452,1,1
MP00010317,MP00010317,2023-09-07,13:58:27,PL008,MIL0091720,x@x.com,9999123456,9999123451,9999123452,1,1
MP00010318,MP00010318,2023-09-07,13:58:27,PL013,MIL0363005,x@x.com,9999123456,9999123451,9999123452,1,1
MP00010319,MP00010319,2023-09-07,13:58:27,PL005,MIL0248463,x@x.com,9999123456,9999123451,9999123452,1,1
MP00010320,MP00010320,2023-09-07,13:58:27,PL005,MIL0453958,x@x.com,9999123456,9999123451,9999123452,1,1
MP00010321,MP00010321,2023-09-07,13:58:27,PL009,MIL0521204,x@x.com,9999123456,9999123451,9999123452,1,1
MP00010322,MP00010322,2023-09-07,13:58:27,PL001,MIL0355015,x@x.com,9999123456,9999123451,9999123452,1,1
MP00010323,MP00010323,2023-09-07,13:58:27,PL010,MIL0430886,x@x.com,9999123456,9999123451,9999123452,1,1
MP00010324,MP00010324,2023-09-07,13:58:27,PL013,MIL0192377,x@x.com,9999123456,9999123451,9999123452,1,1
MP00010325,MP00010325,2023-09-07,13:58:27,PL001,MIL0545998,x@x.com,9999123456,9999123451,9999123452,1,1
MP00010326,MP00010326,2023-09-07,13:58:27,PL012,MIL0540308,x@x.com,9999123456,9999123451,9999123452,1,1
MP00010327,MP00010327,2023-09-07,13:58:27,PL001,MIL0307679,x@x.com,9999123456,9999123451,9999123452,1,1
MP00010328,MP00010328,2023-09-07,13:58:27,PL010,MIL0223128,x@x.com,9999123456,9999123451,9999123452,1,1
MP00010329,MP00010329,2023-09-07,13:58:27,PL008,MIL0422472,x@x.com,9999123456,9999123451,9999123452,1,1
MP00010330,MP00010330,2023-09-07,13:58:27,PL004,MIL0091901,x@x.com,9999123456,9999123451,9999123452,1,1
MP00010331,MP00010331,2023-09-07,13:58:27,PL008,MIL0040876,x@x.com,9999123456,9999123451,9999123452,1,1
MP00010332,MP00010332,2023-09-07,13:58:27,PL010,MIL0206880,x@x.com,9999123456,9999123451,9999123452,1,1
MP00010333,MP00010333,2023-09-07,13:58:27,PL011,MIL0487224,x@x.com,9999123456,9999123451,9999123452,1,1
MP00010334,MP00010334,2023-09-07,13:58:27,PL013,MIL0443728,x@x.com,9999123456,9999123451,9999123452,1,1
MP00010335,MP00010335,2023-09-07,13:58:27,PL013,MIL0264191,x@x.com,9999123456,9999123451,9999123452,1,1
MP00010336,MP00010336,2023-09-07,13:58:27,PL004,MIL0248442,x@x.com,9999123456,9999123451,9999123452,1,1
MP00010337,MP00010337,2023-09-07,13:58:27,PL008,MIL0527338,x@x.com,9999123456,9999123451,9999123452,1,1
MP00010338,MP00010338,2023-09-07,13:58:27,PL011,MIL0021032,x@x.com,9999123456,9999123451,9999123452,1,1
MP00010339,MP00010339,2023-09-07,13:58:27,PL005,MIL0177109,x@x.com,9999123456,9999123451,9999123452,1,1
MP00010340,MP00010340,2023-09-07,13:58:27,PL010,MIL0312060,x@x.com,9999123456,9999123451,9999123452,1,1
MP00010341,MP00010341,2023-09-07,13:58:27,PL006,MIL0562860,x@x.com,9999123456,9999123451,9999123452,1,1
MP00010342,MP00010342,2023-09-07,13:58:27,PL005,MIL0199726,x@x.com,9999123456,9999123451,9999123452,1,1
MP00010343,MP00010343,2023-09-07,13:58:27,PL010,MIL0020517,x@x.com,9999123456,9999123451,9999123452,1,1
MP00010344,MP00010344,2023-09-07,13:58:27,PL005,MIL0343844,x@x.com,9999123456,9999123451,9999123452,1,1
MP00010345,MP00010345,2023-09-07,13:58:27,PL007,MIL0405448,x@x.com,9999123456,9999123451,9999123452,1,1
MP00010346,MP00010346,2023-09-07,13:58:27,PL003,MIL0264453,x@x.com,9999123456,9999123451,9999123452,1,1
MP00010347,MP00010347,2023-09-07,13:58:27,PL007,MIL0170328,x@x.com,9999123456,9999123451,9999123452,1,1
MP00010348,MP00010348,2023-09-07,13:58:27,PL006,MIL0196200,x@x.com,9999123456,9999123451,9999123452,1,1
MP00010349,MP00010349,2023-09-07,13:58:27,PL005,MIL0392806,x@x.com,9999123456,9999123451,9999123452,1,1
MP00010350,MP00010350,2023-09-07,13:58:27,PL001,MIL0487337,x@x.com,9999123456,9999123451,9999123452,1,1
MP00010351,MP00010351,2023-09-07,13:58:27,PL006,MIL0080135,x@x.com,9999123456,9999123451,9999123452,1,1
MP00010352,MP00010352,2023-09-07,13:58:27,PL001,MIL0142060,x@x.com,9999123456,9999123451,9999123452,1,1
MP00010353,MP00010353,2023-09-07,13:58:27,PL011,MIL0236218,x@x.com,9999123456,9999123451,9999123452,1,1
MP00010354,MP00010354,2023-09-07,13:58:27,PL010,MIL0454158,x@x.com,9999123456,9999123451,9999123452,1,1
MP00010355,MP00010355,2023-09-07,13:58:27,PL006,MIL0572932,x@x.com,9999123456,9999123451,9999123452,1,1
MP00010356,MP00010356,2023-09-07,13:58:27,PL007,MIL0230280,x@x.com,9999123456,9999123451,9999123452,1,1
MP00010357,MP00010357,2023-09-07,13:58:27,PL008,MIL0030090,x@x.com,9999123456,9999123451,9999123452,1,1
MP00010358,MP00010358,2023-09-07,13:58:27,PL010,MIL0108735,x@x.com,9999123456,9999123451,9999123452,1,1
MP00010359,MP00010359,2023-09-07,13:58:27,PL013,MIL0222892,x@x.com,9999123456,9999123451,9999123452,1,1
MP00010360,MP00010360,2023-09-07,13:58:27,PL011,MIL0375160,x@x.com,9999123456,9999123451,9999123452,1,1
MP00010361,MP00010361,2023-09-07,13:58:27,PL009,MIL0500054,x@x.com,9999123456,9999123451,9999123452,1,1
MP00010362,MP00010362,2023-09-07,13:58:27,PL007,MIL0332423,x@x.com,9999123456,9999123451,9999123452,1,1
MP00010363,MP00010363,2023-09-07,13:58:27,PL002,MIL0030366,x@x.com,9999123456,9999123451,9999123452,1,1
MP00010364,MP00010364,2023-09-07,13:58:27,PL009,MIL0230481,x@x.com,9999123456,9999123451,9999123452,1,1
MP00010365,MP00010365,2023-09-07,13:58:27,PL003,MIL0328817,x@x.com,9999123456,9999123451,9999123452,1,1
MP00010366,MP00010366,2023-09-07,13:58:27,PL008,MIL0087959,x@x.com,9999123456,9999123451,9999123452,1,1
MP00010367,MP00010367,2023-09-07,13:58:27,PL013,MIL0405444,x@x.com,9999123456,9999123451,9999123452,1,1
MP00010368,MP00010368,2023-09-07,13:58:27,PL009,MIL0058777,x@x.com,9999123456,9999123451,9999123452,1,1
MP00010369,MP00010369,2023-09-07,13:58:27,PL012,MIL0423577,x@x.com,9999123456,9999123451,9999123452,1,1
MP00010370,MP00010370,2023-09-07,13:58:27,PL005,MIL0005144,x@x.com,9999123456,9999123451,9999123452,1,1
MP00010371,MP00010371,2023-09-07,13:58:27,PL005,MIL0428107,x@x.com,9999123456,9999123451,9999123452,1,1
MP00010372,MP00010372,2023-09-07,13:58:27,PL007,MIL0440504,x@x.com,9999123456,9999123451,9999123452,1,1
MP00010373,MP00010373,2023-09-07,13:58:27,PL002,MIL0383056,x@x.com,9999123456,9999123451,9999123452,1,1
MP00010374,MP00010374,2023-09-07,13:58:27,PL002,MIL0422051,x@x.com,9999123456,9999123451,9999123452,1,1
MP00010375,MP00010375,2023-09-07,13:58:27,PL004,MIL0339529,x@x.com,9999123456,9999123451,9999123452,1,1
MP00010376,MP00010376,2023-09-07,13:58:27,PL013,MIL0513977,x@x.com,9999123456,9999123451,9999123452,1,1
MP00010377,MP00010377,2023-09-07,13:58:27,PL003,MIL0008664,x@x.com,9999123456,9999123451,9999123452,1,1
MP00010378,MP00010378,2023-09-07,13:58:27,PL005,MIL0558682,x@x.com,9999123456,9999123451,9999123452,1,1
MP00010379,MP00010379,2023-09-07,13:58:27,PL011,MIL0225506,x@x.com,9999123456,9999123451,9999123452,1,1
MP00010380,MP00010380,2023-09-07,13:58:27,PL005,MIL0314731,x@x.com,9999123456,9999123451,9999123452,1,1
MP00010381,MP00010381,2023-09-07,13:58:27,PL011,MIL0414473,x@x.com,9999123456,9999123451,9999123452,1,1
MP00010382,MP00010382,2023-09-07,13:58:27,PL006,MIL0417752,x@x.com,9999123456,9999123451,9999123452,1,1
MP00010383,MP00010383,2023-09-07,13:58:27,PL008,MIL0469662,x@x.com,9999123456,9999123451,9999123452,1,1
MP00010384,MP00010384,2023-09-07,13:58:27,PL006,MIL0029774,x@x.com,9999123456,9999123451,9999123452,1,1
MP00010385,MP00010385,2023-09-07,13:58:27,PL004,MIL0241788,x@x.com,9999123456,9999123451,9999123452,1,1
MP00010386,MP00010386,2023-09-07,13:58:27,PL010,MIL0232830,x@x.com,9999123456,9999123451,9999123452,1,1
MP00010387,MP00010387,2023-09-07,13:58:27,PL008,MIL0542991,x@x.com,9999123456,9999123451,9999123452,1,1
MP00010388,MP00010388,2023-09-07,13:58:27,PL005,MIL0390981,x@x.com,9999123456,9999123451,9999123452,1,1
MP00010389,MP00010389,2023-09-07,13:58:27,PL002,MIL0109091,x@x.com,9999123456,9999123451,9999123452,1,1
MP00010390,MP00010390,2023-09-07,13:58:27,PL008,MIL0363266,x@x.com,9999123456,9999123451,9999123452,1,1
MP00010391,MP00010391,2023-09-07,13:58:27,PL012,MIL0541029,x@x.com,9999123456,9999123451,9999123452,1,1
MP00010392,MP00010392,2023-09-07,13:58:27,PL006,MIL0215348,x@x.com,9999123456,9999123451,9999123452,1,1
MP00010393,MP00010393,2023-09-07,13:58:27,PL008,MIL0347135,x@x.com,9999123456,9999123451,9999123452,1,1
MP00010394,MP00010394,2023-09-07,13:58:27,PL013,MIL0581087,x@x.com,9999123456,9999123451,9999123452,1,1
MP00010395,MP00010395,2023-09-07,13:58:27,PL011,MIL0413309,x@x.com,9999123456,9999123451,9999123452,1,1
MP00010396,MP00010396,2023-09-07,13:58:27,PL001,MIL0099179,x@x.com,9999123456,9999123451,9999123452,1,1
MP00010397,MP00010397,2023-09-07,13:58:27,PL009,MIL0170934,x@x.com,9999123456,9999123451,9999123452,1,1
MP00010398,MP00010398,2023-09-07,13:58:27,PL012,MIL0138313,x@x.com,9999123456,9999123451,9999123452,1,1
MP00010399,MP00010399,2023-09-07,13:58:27,PL008,MIL0170130,x@x.com,9999123456,9999123451,9999123452,1,1
MP00010400,MP00010400,2023-09-07,13:58:27,PL006,MIL0237264,x@x.com,9999123456,9999123451,9999123452,1,1
MP00010401,MP00010401,2023-09-07,13:58:27,PL006,MIL0483041,x@x.com,9999123456,9999123451,9999123452,1,1
MP00010402,MP00010402,2023-09-07,13:58:27,PL010,MIL0381910,x@x.com,9999123456,9999123451,9999123452,1,1
MP00010403,MP00010403,2023-09-07,13:58:27,PL002,MIL0342424,x@x.com,9999123456,9999123451,9999123452,1,1
MP00010404,MP00010404,2023-09-07,13:58:27,PL004,MIL0238189,x@x.com,9999123456,9999123451,9999123452,1,1
MP00010405,MP00010405,2023-09-07,13:58:27,PL011,MIL0136265,x@x.com,9999123456,9999123451,9999123452,1,1
MP00010406,MP00010406,2023-09-07,13:58:27,PL002,MIL0204683,x@x.com,9999123456,9999123451,9999123452,1,1
MP00010407,MP00010407,2023-09-07,13:58:27,PL013,MIL0174965,x@x.com,9999123456,9999123451,9999123452,1,1
MP00010408,MP00010408,2023-09-07,13:58:27,PL003,MIL0031496,x@x.com,9999123456,9999123451,9999123452,1,1
MP00010409,MP00010409,2023-09-07,13:58:27,PL011,MIL0186565,x@x.com,9999123456,9999123451,9999123452,1,1
MP00010410,MP00010410,2023-09-07,13:58:27,PL005,MIL0313807,x@x.com,9999123456,9999123451,9999123452,1,1
MP00010411,MP00010411,2023-09-07,13:58:27,PL007,MIL0152046,x@x.com,9999123456,9999123451,9999123452,1,1
MP00010412,MP00010412,2023-09-07,13:58:27,PL010,MIL0132205,x@x.com,9999123456,9999123451,9999123452,1,1
MP00010413,MP00010413,2023-09-07,13:58:27,PL006,MIL0041803,x@x.com,9999123456,9999123451,9999123452,1,1
MP00010414,MP00010414,2023-09-07,13:58:27,PL013,MIL0111627,x@x.com,9999123456,9999123451,9999123452,1,1
MP00010415,MP00010415,2023-09-07,13:58:27,PL005,MIL0277633,x@x.com,9999123456,9999123451,9999123452,1,1
MP00010416,MP00010416,2023-09-07,13:58:27,PL002,MIL0579465,x@x.com,9999123456,9999123451,9999123452,1,1
MP00010417,MP00010417,2023-09-07,13:58:27,PL002,MIL0082505,x@x.com,9999123456,9999123451,9999123452,1,1
MP00010418,MP00010418,2023-09-07,13:58:27,PL006,MIL0344700,x@x.com,9999123456,9999123451,9999123452,1,1
MP00010419,MP00010419,2023-09-07,13:58:27,PL008,MIL0220667,x@x.com,9999123456,9999123451,9999123452,1,1
MP00010420,MP00010420,2023-09-07,13:58:27,PL010,MIL0337056,x@x.com,9999123456,9999123451,9999123452,1,1
MP00010421,MP00010421,2023-09-07,13:58:27,PL006,MIL0055742,x@x.com,9999123456,9999123451,9999123452,1,1
MP00010422,MP00010422,2023-09-07,13:58:27,PL002,MIL0457742,x@x.com,9999123456,9999123451,9999123452,1,1
MP00010423,MP00010423,2023-09-07,13:58:27,PL006,MIL0453089,x@x.com,9999123456,9999123451,9999123452,1,1
MP00010424,MP00010424,2023-09-07,13:58:27,PL005,MIL0080464,x@x.com,9999123456,9999123451,9999123452,1,1
MP00010425,MP00010425,2023-09-07,13:58:27,PL002,MIL0431970,x@x.com,9999123456,9999123451,9999123452,1,1
MP00010426,MP00010426,2023-09-07,13:58:27,PL002,MIL0554067,x@x.com,9999123456,9999123451,9999123452,1,1
MP00010427,MP00010427,2023-09-07,13:58:27,PL010,MIL0185623,x@x.com,9999123456,9999123451,9999123452,1,1
MP00010428,MP00010428,2023-09-07,13:58:27,PL008,MIL0153441,x@x.com,9999123456,9999123451,9999123452,1,1
MP00010429,MP00010429,2023-09-07,13:58:27,PL010,MIL0140380,x@x.com,9999123456,9999123451,9999123452,1,1
MP00010430,MP00010430,2023-09-07,13:58:27,PL004,MIL0149351,x@x.com,9999123456,9999123451,9999123452,1,1
MP00010431,MP00010431,2023-09-07,13:58:27,PL007,MIL0238828,x@x.com,9999123456,9999123451,9999123452,1,1
MP00010432,MP00010432,2023-09-07,13:58:27,PL011,MIL0189195,x@x.com,9999123456,9999123451,9999123452,1,1
MP00010433,MP00010433,2023-09-07,13:58:27,PL002,MIL0541805,x@x.com,9999123456,9999123451,9999123452,1,1
MP00010434,MP00010434,2023-09-07,13:58:27,PL004,MIL0245404,x@x.com,9999123456,9999123451,9999123452,1,1
MP00010435,MP00010435,2023-09-07,13:58:27,PL005,MIL0565380,x@x.com,9999123456,9999123451,9999123452,1,1
MP00010436,MP00010436,2023-09-07,13:58:27,PL007,MIL0165018,x@x.com,9999123456,9999123451,9999123452,1,1
MP00010437,MP00010437,2023-09-07,13:58:27,PL005,MIL0169101,x@x.com,9999123456,9999123451,9999123452,1,1
MP00010438,MP00010438,2023-09-07,13:58:27,PL011,MIL0024915,x@x.com,9999123456,9999123451,9999123452,1,1
MP00010439,MP00010439,2023-09-07,13:58:27,PL008,MIL0342532,x@x.com,9999123456,9999123451,9999123452,1,1
MP00010440,MP00010440,2023-09-07,13:58:27,PL007,MIL0332757,x@x.com,9999123456,9999123451,9999123452,1,1
MP00010441,MP00010441,2023-09-07,13:58:27,PL013,MIL0356183,x@x.com,9999123456,9999123451,9999123452,1,1
MP00010442,MP00010442,2023-09-07,13:58:27,PL009,MIL0011966,x@x.com,9999123456,9999123451,9999123452,1,1
MP00010443,MP00010443,2023-09-07,13:58:27,PL007,MIL0513659,x@x.com,9999123456,9999123451,9999123452,1,1
MP00010444,MP00010444,2023-09-07,13:58:27,PL001,MIL0459441,x@x.com,9999123456,9999123451,9999123452,1,1
MP00010445,MP00010445,2023-09-07,13:58:27,PL001,MIL0342213,x@x.com,9999123456,9999123451,9999123452,1,1
MP00010446,MP00010446,2023-09-07,13:58:27,PL002,MIL0000187,x@x.com,9999123456,9999123451,9999123452,1,1
MP00010447,MP00010447,2023-09-07,13:58:27,PL011,MIL0114560,x@x.com,9999123456,9999123451,9999123452,1,1
MP00010448,MP00010448,2023-09-07,13:58:27,PL010,MIL0076625,x@x.com,9999123456,9999123451,9999123452,1,1
MP00010449,MP00010449,2023-09-07,13:58:27,PL004,MIL0330841,x@x.com,9999123456,9999123451,9999123452,1,1
MP00010450,MP00010450,2023-09-07,13:58:27,PL010,MIL0161685,x@x.com,9999123456,9999123451,9999123452,1,1
MP00010451,MP00010451,2023-09-07,13:58:27,PL013,MIL0368361,x@x.com,9999123456,9999123451,9999123452,1,1
MP00010452,MP00010452,2023-09-07,13:58:27,PL011,MIL0389097,x@x.com,9999123456,9999123451,9999123452,1,1
MP00010453,MP00010453,2023-09-07,13:58:27,PL002,MIL0431648,x@x.com,9999123456,9999123451,9999123452,1,1
MP00010454,MP00010454,2023-09-07,13:58:27,PL004,MIL0237798,x@x.com,9999123456,9999123451,9999123452,1,1
MP00010455,MP00010455,2023-09-07,13:58:27,PL003,MIL0144888,x@x.com,9999123456,9999123451,9999123452,1,1
MP00010456,MP00010456,2023-09-07,13:58:27,PL012,MIL0326466,x@x.com,9999123456,9999123451,9999123452,1,1
MP00010457,MP00010457,2023-09-07,13:58:27,PL011,MIL0315447,x@x.com,9999123456,9999123451,9999123452,1,1
MP00010458,MP00010458,2023-09-07,13:58:27,PL008,MIL0529580,x@x.com,9999123456,9999123451,9999123452,1,1
MP00010459,MP00010459,2023-09-07,13:58:27,PL012,MIL0281640,x@x.com,9999123456,9999123451,9999123452,1,1
MP00010460,MP00010460,2023-09-07,13:58:27,PL005,MIL0360860,x@x.com,9999123456,9999123451,9999123452,1,1
MP00010461,MP00010461,2023-09-07,13:58:27,PL010,MIL0433895,x@x.com,9999123456,9999123451,9999123452,1,1
MP00010462,MP00010462,2023-09-07,13:58:27,PL006,MIL0041111,x@x.com,9999123456,9999123451,9999123452,1,1
MP00010463,MP00010463,2023-09-07,13:58:27,PL012,MIL0283102,x@x.com,9999123456,9999123451,9999123452,1,1
MP00010464,MP00010464,2023-09-07,13:58:27,PL009,MIL0438314,x@x.com,9999123456,9999123451,9999123452,1,1
MP00010465,MP00010465,2023-09-07,13:58:27,PL010,MIL0019713,x@x.com,9999123456,9999123451,9999123452,1,1
MP00010466,MP00010466,2023-09-07,13:58:27,PL002,MIL0049152,x@x.com,9999123456,9999123451,9999123452,1,1
MP00010467,MP00010467,2023-09-07,13:58:27,PL009,MIL0031124,x@x.com,9999123456,9999123451,9999123452,1,1
MP00010468,MP00010468,2023-09-07,13:58:27,PL008,MIL0359362,x@x.com,9999123456,9999123451,9999123452,1,1
MP00010469,MP00010469,2023-09-07,13:58:27,PL011,MIL0381474,x@x.com,9999123456,9999123451,9999123452,1,1
MP00010470,MP00010470,2023-09-07,13:58:27,PL001,MIL0492113,x@x.com,9999123456,9999123451,9999123452,1,1
MP00010471,MP00010471,2023-09-07,13:58:27,PL005,MIL0534685,x@x.com,9999123456,9999123451,9999123452,1,1
MP00010472,MP00010472,2023-09-07,13:58:27,PL007,MIL0289359,x@x.com,9999123456,9999123451,9999123452,1,1
MP00010473,MP00010473,2023-09-07,13:58:27,PL009,MIL0529128,x@x.com,9999123456,9999123451,9999123452,1,1
MP00010474,MP00010474,2023-09-07,13:58:27,PL011,MIL0366374,x@x.com,9999123456,9999123451,9999123452,1,1
MP00010475,MP00010475,2023-09-07,13:58:27,PL012,MIL0261938,x@x.com,9999123456,9999123451,9999123452,1,1
MP00010476,MP00010476,2023-09-07,13:58:27,PL009,MIL0258995,x@x.com,9999123456,9999123451,9999123452,1,1
MP00010477,MP00010477,2023-09-07,13:58:27,PL006,MIL0201038,x@x.com,9999123456,9999123451,9999123452,1,1
MP00010478,MP00010478,2023-09-07,13:58:27,PL002,MIL0547756,x@x.com,9999123456,9999123451,9999123452,1,1
MP00010479,MP00010479,2023-09-07,13:58:27,PL004,MIL0208542,x@x.com,9999123456,9999123451,9999123452,1,1
MP00010480,MP00010480,2023-09-07,13:58:27,PL011,MIL0051613,x@x.com,9999123456,9999123451,9999123452,1,1
MP00010481,MP00010481,2023-09-07,13:58:27,PL003,MIL0322728,x@x.com,9999123456,9999123451,9999123452,1,1
MP00010482,MP00010482,2023-09-07,13:58:27,PL013,MIL0143289,x@x.com,9999123456,9999123451,9999123452,1,1
MP00010483,MP00010483,2023-09-07,13:58:27,PL001,MIL0033809,x@x.com,9999123456,9999123451,9999123452,1,1
MP00010484,MP00010484,2023-09-07,13:58:27,PL006,MIL0517233,x@x.com,9999123456,9999123451,9999123452,1,1
MP00010485,MP00010485,2023-09-07,13:58:27,PL003,MIL0055391,x@x.com,9999123456,9999123451,9999123452,1,1
MP00010486,MP00010486,2023-09-07,13:58:27,PL012,MIL0208245,x@x.com,9999123456,9999123451,9999123452,1,1
MP00010487,MP00010487,2023-09-07,13:58:27,PL010,MIL0484144,x@x.com,9999123456,9999123451,9999123452,1,1
MP00010488,MP00010488,2023-09-07,13:58:27,PL007,MIL0559038,x@x.com,9999123456,9999123451,9999123452,1,1
MP00010489,MP00010489,2023-09-07,13:58:27,PL006,MIL0111102,x@x.com,9999123456,9999123451,9999123452,1,1
MP00010490,MP00010490,2023-09-07,13:58:27,PL010,MIL0575508,x@x.com,9999123456,9999123451,9999123452,1,1
MP00010491,MP00010491,2023-09-07,13:58:27,PL008,MIL0357914,x@x.com,9999123456,9999123451,9999123452,1,1
MP00010492,MP00010492,2023-09-07,13:58:27,PL012,MIL0452750,x@x.com,9999123456,9999123451,9999123452,1,1
MP00010493,MP00010493,2023-09-07,13:58:27,PL005,MIL0521438,x@x.com,9999123456,9999123451,9999123452,1,1
MP00010494,MP00010494,2023-09-07,13:58:27,PL001,MIL0103825,x@x.com,9999123456,9999123451,9999123452,1,1
MP00010495,MP00010495,2023-09-07,13:58:27,PL008,MIL0228594,x@x.com,9999123456,9999123451,9999123452,1,1
MP00010496,MP00010496,2023-09-07,13:58:27,PL008,MIL0104299,x@x.com,9999123456,9999123451,9999123452,1,1
MP00010497,MP00010497,2023-09-07,13:58:27,PL002,MIL0009844,x@x.com,9999123456,9999123451,9999123452,1,1
MP00010498,MP00010498,2023-09-07,13:58:27,PL002,MIL0361679,x@x.com,9999123456,9999123451,9999123452,1,1
MP00010499,MP00010499,2023-09-07,13:58:27,PL013,MIL0058172,x@x.com,9999123456,9999123451,9999123452,1,1
MP00010500,MP00010500,2023-09-07,13:58:27,PL006,MIL0111863,x@x.com,9999123456,9999123451,9999123452,1,1
MP00010501,MP00010501,2023-09-07,13:58:27,PL001,MIL0329018,x@x.com,9999123456,9999123451,9999123452,1,1
MP00010502,MP00010502,2023-09-07,13:58:27,PL012,MIL0082588,x@x.com,9999123456,9999123451,9999123452,1,1
MP00010503,MP00010503,2023-09-07,13:58:27,PL002,MIL0214067,x@x.com,9999123456,9999123451,9999123452,1,1
MP00010504,MP00010504,2023-09-07,13:58:27,PL011,MIL0320772,x@x.com,9999123456,9999123451,9999123452,1,1
MP00010505,MP00010505,2023-09-07,13:58:27,PL006,MIL0549137,x@x.com,9999123456,9999123451,9999123452,1,1
MP00010506,MP00010506,2023-09-07,13:58:27,PL002,MIL0389871,x@x.com,9999123456,9999123451,9999123452,1,1
MP00010507,MP00010507,2023-09-07,13:58:27,PL005,MIL0458243,x@x.com,9999123456,9999123451,9999123452,1,1
MP00010508,MP00010508,2023-09-07,13:58:27,PL005,MIL0130059,x@x.com,9999123456,9999123451,9999123452,1,1
MP00010509,MP00010509,2023-09-07,13:58:27,PL009,MIL0155797,x@x.com,9999123456,9999123451,9999123452,1,1
MP00010510,MP00010510,2023-09-07,13:58:27,PL007,MIL0209177,x@x.com,9999123456,9999123451,9999123452,1,1
MP00010511,MP00010511,2023-09-07,13:58:27,PL012,MIL0239299,x@x.com,9999123456,9999123451,9999123452,1,1
MP00010512,MP00010512,2023-09-07,13:58:27,PL003,MIL0466536,x@x.com,9999123456,9999123451,9999123452,1,1
MP00010513,MP00010513,2023-09-07,13:58:27,PL010,MIL0475410,x@x.com,9999123456,9999123451,9999123452,1,1
MP00010514,MP00010514,2023-09-07,13:58:27,PL010,MIL0358336,x@x.com,9999123456,9999123451,9999123452,1,1
MP00010515,MP00010515,2023-09-07,13:58:27,PL010,MIL0065692,x@x.com,9999123456,9999123451,9999123452,1,1
MP00010516,MP00010516,2023-09-07,13:58:27,PL009,MIL0391104,x@x.com,9999123456,9999123451,9999123452,1,1
MP00010517,MP00010517,2023-09-07,13:58:27,PL003,MIL0035626,x@x.com,9999123456,9999123451,9999123452,1,1
MP00010518,MP00010518,2023-09-07,13:58:27,PL001,MIL0116176,x@x.com,9999123456,9999123451,9999123452,1,1
MP00010519,MP00010519,2023-09-07,13:58:27,PL013,MIL0376253,x@x.com,9999123456,9999123451,9999123452,1,1
MP00010520,MP00010520,2023-09-07,13:58:27,PL013,MIL0241772,x@x.com,9999123456,9999123451,9999123452,1,1
MP00010521,MP00010521,2023-09-07,13:58:27,PL007,MIL0423270,x@x.com,9999123456,9999123451,9999123452,1,1
MP00010522,MP00010522,2023-09-07,13:58:27,PL007,MIL0289273,x@x.com,9999123456,9999123451,9999123452,1,1
MP00010523,MP00010523,2023-09-07,13:58:27,PL009,MIL0412205,x@x.com,9999123456,9999123451,9999123452,1,1
MP00010524,MP00010524,2023-09-07,13:58:27,PL008,MIL0047271,x@x.com,9999123456,9999123451,9999123452,1,1
MP00010525,MP00010525,2023-09-07,13:58:27,PL001,MIL0013236,x@x.com,9999123456,9999123451,9999123452,1,1
MP00010526,MP00010526,2023-09-07,13:58:27,PL006,MIL0036040,x@x.com,9999123456,9999123451,9999123452,1,1
MP00010527,MP00010527,2023-09-07,13:58:27,PL001,MIL0580719,x@x.com,9999123456,9999123451,9999123452,1,1
MP00010528,MP00010528,2023-09-07,13:58:27,PL005,MIL0437640,x@x.com,9999123456,9999123451,9999123452,1,1
MP00010529,MP00010529,2023-09-07,13:58:27,PL002,MIL0550225,x@x.com,9999123456,9999123451,9999123452,1,1
MP00010530,MP00010530,2023-09-07,13:58:27,PL008,MIL0155134,x@x.com,9999123456,9999123451,9999123452,1,1
MP00010531,MP00010531,2023-09-07,13:58:27,PL008,MIL0137224,x@x.com,9999123456,9999123451,9999123452,1,1
MP00010532,MP00010532,2023-09-07,13:58:27,PL005,MIL0183149,x@x.com,9999123456,9999123451,9999123452,1,1
MP00010533,MP00010533,2023-09-07,13:58:27,PL013,MIL0267344,x@x.com,9999123456,9999123451,9999123452,1,1
MP00010534,MP00010534,2023-09-07,13:58:27,PL001,MIL0562301,x@x.com,9999123456,9999123451,9999123452,1,1
MP00010535,MP00010535,2023-09-07,13:58:27,PL012,MIL0431663,x@x.com,9999123456,9999123451,9999123452,1,1
MP00010536,MP00010536,2023-09-07,13:58:27,PL001,MIL0041412,x@x.com,9999123456,9999123451,9999123452,1,1
MP00010537,MP00010537,2023-09-07,13:58:27,PL009,MIL0539016,x@x.com,9999123456,9999123451,9999123452,1,1
MP00010538,MP00010538,2023-09-07,13:58:27,PL011,MIL0116670,x@x.com,9999123456,9999123451,9999123452,1,1
MP00010539,MP00010539,2023-09-07,13:58:27,PL001,MIL0170452,x@x.com,9999123456,9999123451,9999123452,1,1
MP00010540,MP00010540,2023-09-07,13:58:27,PL013,MIL0225516,x@x.com,9999123456,9999123451,9999123452,1,1
MP00010541,MP00010541,2023-09-07,13:58:27,PL007,MIL0374152,x@x.com,9999123456,9999123451,9999123452,1,1
MP00010542,MP00010542,2023-09-07,13:58:27,PL011,MIL0383589,x@x.com,9999123456,9999123451,9999123452,1,1
MP00010543,MP00010543,2023-09-07,13:58:27,PL002,MIL0002904,x@x.com,9999123456,9999123451,9999123452,1,1
MP00010544,MP00010544,2023-09-07,13:58:27,PL004,MIL0407252,x@x.com,9999123456,9999123451,9999123452,1,1
MP00010545,MP00010545,2023-09-07,13:58:27,PL006,MIL0486790,x@x.com,9999123456,9999123451,9999123452,1,1
MP00010546,MP00010546,2023-09-07,13:58:27,PL009,MIL0505623,x@x.com,9999123456,9999123451,9999123452,1,1
MP00010547,MP00010547,2023-09-07,13:58:27,PL010,MIL0142287,x@x.com,9999123456,9999123451,9999123452,1,1
MP00010548,MP00010548,2023-09-07,13:58:27,PL013,MIL0196198,x@x.com,9999123456,9999123451,9999123452,1,1
MP00010549,MP00010549,2023-09-07,13:58:27,PL005,MIL0259740,x@x.com,9999123456,9999123451,9999123452,1,1
MP00010550,MP00010550,2023-09-07,13:58:27,PL003,MIL0505038,x@x.com,9999123456,9999123451,9999123452,1,1
MP00010551,MP00010551,2023-09-07,13:58:27,PL004,MIL0492430,x@x.com,9999123456,9999123451,9999123452,1,1
MP00010552,MP00010552,2023-09-07,13:58:27,PL001,MIL0547131,x@x.com,9999123456,9999123451,9999123452,1,1
MP00010553,MP00010553,2023-09-07,13:58:27,PL013,MIL0409532,x@x.com,9999123456,9999123451,9999123452,1,1
MP00010554,MP00010554,2023-09-07,13:58:27,PL008,MIL0193609,x@x.com,9999123456,9999123451,9999123452,1,1
MP00010555,MP00010555,2023-09-07,13:58:27,PL009,MIL0418849,x@x.com,9999123456,9999123451,9999123452,1,1
MP00010556,MP00010556,2023-09-07,13:58:27,PL007,MIL0385339,x@x.com,9999123456,9999123451,9999123452,1,1
MP00010557,MP00010557,2023-09-07,13:58:27,PL009,MIL0577322,x@x.com,9999123456,9999123451,9999123452,1,1
MP00010558,MP00010558,2023-09-07,13:58:27,PL011,MIL0467148,x@x.com,9999123456,9999123451,9999123452,1,1
MP00010559,MP00010559,2023-09-07,13:58:27,PL001,MIL0193706,x@x.com,9999123456,9999123451,9999123452,1,1
MP00010560,MP00010560,2023-09-07,13:58:27,PL012,MIL0018534,x@x.com,9999123456,9999123451,9999123452,1,1
MP00010561,MP00010561,2023-09-07,13:58:27,PL005,MIL0267254,x@x.com,9999123456,9999123451,9999123452,1,1
MP00010562,MP00010562,2023-09-07,13:58:27,PL004,MIL0024087,x@x.com,9999123456,9999123451,9999123452,1,1
MP00010563,MP00010563,2023-09-07,13:58:27,PL002,MIL0374230,x@x.com,9999123456,9999123451,9999123452,1,1
MP00010564,MP00010564,2023-09-07,13:58:27,PL008,MIL0120298,x@x.com,9999123456,9999123451,9999123452,1,1
MP00010565,MP00010565,2023-09-07,13:58:27,PL010,MIL0562798,x@x.com,9999123456,9999123451,9999123452,1,1
MP00010566,MP00010566,2023-09-07,13:58:27,PL001,MIL0159034,x@x.com,9999123456,9999123451,9999123452,1,1
MP00010567,MP00010567,2023-09-07,13:58:27,PL007,MIL0348061,x@x.com,9999123456,9999123451,9999123452,1,1
MP00010568,MP00010568,2023-09-07,13:58:27,PL001,MIL0076822,x@x.com,9999123456,9999123451,9999123452,1,1
MP00010569,MP00010569,2023-09-07,13:58:27,PL007,MIL0275631,x@x.com,9999123456,9999123451,9999123452,1,1
MP00010570,MP00010570,2023-09-07,13:58:27,PL013,MIL0160577,x@x.com,9999123456,9999123451,9999123452,1,1
MP00010571,MP00010571,2023-09-07,13:58:27,PL012,MIL0476336,x@x.com,9999123456,9999123451,9999123452,1,1
MP00010572,MP00010572,2023-09-07,13:58:27,PL001,MIL0357792,x@x.com,9999123456,9999123451,9999123452,1,1
MP00010573,MP00010573,2023-09-07,13:58:27,PL003,MIL0049806,x@x.com,9999123456,9999123451,9999123452,1,1
MP00010574,MP00010574,2023-09-07,13:58:27,PL006,MIL0356261,x@x.com,9999123456,9999123451,9999123452,1,1
MP00010575,MP00010575,2023-09-07,13:58:27,PL005,MIL0193900,x@x.com,9999123456,9999123451,9999123452,1,1
MP00010576,MP00010576,2023-09-07,13:58:27,PL004,MIL0294084,x@x.com,9999123456,9999123451,9999123452,1,1
MP00010577,MP00010577,2023-09-07,13:58:27,PL010,MIL0113137,x@x.com,9999123456,9999123451,9999123452,1,1
MP00010578,MP00010578,2023-09-07,13:58:27,PL010,MIL0291587,x@x.com,9999123456,9999123451,9999123452,1,1
MP00010579,MP00010579,2023-09-07,13:58:27,PL008,MIL0252112,x@x.com,9999123456,9999123451,9999123452,1,1
MP00010580,MP00010580,2023-09-07,13:58:27,PL010,MIL0229901,x@x.com,9999123456,9999123451,9999123452,1,1
MP00010581,MP00010581,2023-09-07,13:58:27,PL009,MIL0174003,x@x.com,9999123456,9999123451,9999123452,1,1
MP00010582,MP00010582,2023-09-07,13:58:27,PL005,MIL0276635,x@x.com,9999123456,9999123451,9999123452,1,1
MP00010583,MP00010583,2023-09-07,13:58:27,PL013,MIL0219204,x@x.com,9999123456,9999123451,9999123452,1,1
MP00010584,MP00010584,2023-09-07,13:58:27,PL003,MIL0173149,x@x.com,9999123456,9999123451,9999123452,1,1
MP00010585,MP00010585,2023-09-07,13:58:27,PL001,MIL0385446,x@x.com,9999123456,9999123451,9999123452,1,1
MP00010586,MP00010586,2023-09-07,13:58:27,PL010,MIL0111615,x@x.com,9999123456,9999123451,9999123452,1,1
MP00010587,MP00010587,2023-09-07,13:58:27,PL013,MIL0162042,x@x.com,9999123456,9999123451,9999123452,1,1
MP00010588,MP00010588,2023-09-07,13:58:27,PL011,MIL0078924,x@x.com,9999123456,9999123451,9999123452,1,1
MP00010589,MP00010589,2023-09-07,13:58:27,PL009,MIL0405223,x@x.com,9999123456,9999123451,9999123452,1,1
MP00010590,MP00010590,2023-09-07,13:58:27,PL012,MIL0262140,x@x.com,9999123456,9999123451,9999123452,1,1
MP00010591,MP00010591,2023-09-07,13:58:27,PL013,MIL0016499,x@x.com,9999123456,9999123451,9999123452,1,1
MP00010592,MP00010592,2023-09-07,13:58:27,PL010,MIL0033247,x@x.com,9999123456,9999123451,9999123452,1,1
MP00010593,MP00010593,2023-09-07,13:58:27,PL006,MIL0192595,x@x.com,9999123456,9999123451,9999123452,1,1
MP00010594,MP00010594,2023-09-07,13:58:27,PL006,MIL0011588,x@x.com,9999123456,9999123451,9999123452,1,1
MP00010595,MP00010595,2023-09-07,13:58:27,PL004,MIL0346982,x@x.com,9999123456,9999123451,9999123452,1,1
MP00010596,MP00010596,2023-09-07,13:58:27,PL010,MIL0147010,x@x.com,9999123456,9999123451,9999123452,1,1
MP00010597,MP00010597,2023-09-07,13:58:27,PL007,MIL0236997,x@x.com,9999123456,9999123451,9999123452,1,1
MP00010598,MP00010598,2023-09-07,13:58:27,PL012,MIL0307068,x@x.com,9999123456,9999123451,9999123452,1,1
MP00010599,MP00010599,2023-09-07,13:58:27,PL006,MIL0347849,x@x.com,9999123456,9999123451,9999123452,1,1
MP00010600,MP00010600,2023-09-07,13:58:27,PL002,MIL0539952,x@x.com,9999123456,9999123451,9999123452,1,1
MP00010601,MP00010601,2023-09-07,13:58:27,PL002,MIL0396177,x@x.com,9999123456,9999123451,9999123452,1,1
MP00010602,MP00010602,2023-09-07,13:58:27,PL010,MIL0446218,x@x.com,9999123456,9999123451,9999123452,1,1
MP00010603,MP00010603,2023-09-07,13:58:27,PL001,MIL0466653,x@x.com,9999123456,9999123451,9999123452,1,1
MP00010604,MP00010604,2023-09-07,13:58:27,PL013,MIL0504196,x@x.com,9999123456,9999123451,9999123452,1,1
MP00010605,MP00010605,2023-09-07,13:58:27,PL007,MIL0278468,x@x.com,9999123456,9999123451,9999123452,1,1
MP00010606,MP00010606,2023-09-07,13:58:27,PL010,MIL0453903,x@x.com,9999123456,9999123451,9999123452,1,1
MP00010607,MP00010607,2023-09-07,13:58:27,PL011,MIL0429017,x@x.com,9999123456,9999123451,9999123452,1,1
MP00010608,MP00010608,2023-09-07,13:58:27,PL012,MIL0428770,x@x.com,9999123456,9999123451,9999123452,1,1
MP00010609,MP00010609,2023-09-07,13:58:27,PL011,MIL0030275,x@x.com,9999123456,9999123451,9999123452,1,1
MP00010610,MP00010610,2023-09-07,13:58:27,PL005,MIL0312486,x@x.com,9999123456,9999123451,9999123452,1,1
MP00010611,MP00010611,2023-09-07,13:58:27,PL009,MIL0011218,x@x.com,9999123456,9999123451,9999123452,1,1
MP00010612,MP00010612,2023-09-07,13:58:27,PL008,MIL0010946,x@x.com,9999123456,9999123451,9999123452,1,1
MP00010613,MP00010613,2023-09-07,13:58:27,PL013,MIL0122022,x@x.com,9999123456,9999123451,9999123452,1,1
MP00010614,MP00010614,2023-09-07,13:58:27,PL009,MIL0356119,x@x.com,9999123456,9999123451,9999123452,1,1
MP00010615,MP00010615,2023-09-07,13:58:27,PL007,MIL0384715,x@x.com,9999123456,9999123451,9999123452,1,1
MP00010616,MP00010616,2023-09-07,13:58:27,PL005,MIL0049249,x@x.com,9999123456,9999123451,9999123452,1,1
MP00010617,MP00010617,2023-09-07,13:58:27,PL011,MIL0071948,x@x.com,9999123456,9999123451,9999123452,1,1
MP00010618,MP00010618,2023-09-07,13:58:27,PL003,MIL0192829,x@x.com,9999123456,9999123451,9999123452,1,1
MP00010619,MP00010619,2023-09-07,13:58:27,PL011,MIL0366449,x@x.com,9999123456,9999123451,9999123452,1,1
MP00010620,MP00010620,2023-09-07,13:58:27,PL005,MIL0307997,x@x.com,9999123456,9999123451,9999123452,1,1
MP00010621,MP00010621,2023-09-07,13:58:27,PL007,MIL0497207,x@x.com,9999123456,9999123451,9999123452,1,1
MP00010622,MP00010622,2023-09-07,13:58:27,PL005,MIL0352278,x@x.com,9999123456,9999123451,9999123452,1,1
MP00010623,MP00010623,2023-09-07,13:58:27,PL002,MIL0020290,x@x.com,9999123456,9999123451,9999123452,1,1
MP00010624,MP00010624,2023-09-07,13:58:27,PL008,MIL0559952,x@x.com,9999123456,9999123451,9999123452,1,1
MP00010625,MP00010625,2023-09-07,13:58:27,PL009,MIL0072639,x@x.com,9999123456,9999123451,9999123452,1,1
MP00010626,MP00010626,2023-09-07,13:58:27,PL001,MIL0113372,x@x.com,9999123456,9999123451,9999123452,1,1
MP00010627,MP00010627,2023-09-07,13:58:27,PL012,MIL0387778,x@x.com,9999123456,9999123451,9999123452,1,1
MP00010628,MP00010628,2023-09-07,13:58:27,PL005,MIL0201842,x@x.com,9999123456,9999123451,9999123452,1,1
MP00010629,MP00010629,2023-09-07,13:58:27,PL006,MIL0525410,x@x.com,9999123456,9999123451,9999123452,1,1
MP00010630,MP00010630,2023-09-07,13:58:27,PL003,MIL0429484,x@x.com,9999123456,9999123451,9999123452,1,1
MP00010631,MP00010631,2023-09-07,13:58:27,PL010,MIL0352815,x@x.com,9999123456,9999123451,9999123452,1,1
MP00010632,MP00010632,2023-09-07,13:58:27,PL004,MIL0198654,x@x.com,9999123456,9999123451,9999123452,1,1
MP00010633,MP00010633,2023-09-07,13:58:27,PL013,MIL0175414,x@x.com,9999123456,9999123451,9999123452,1,1
MP00010634,MP00010634,2023-09-07,13:58:27,PL009,MIL0402077,x@x.com,9999123456,9999123451,9999123452,1,1
MP00010635,MP00010635,2023-09-07,13:58:27,PL013,MIL0478079,x@x.com,9999123456,9999123451,9999123452,1,1
MP00010636,MP00010636,2023-09-07,13:58:27,PL001,MIL0022803,x@x.com,9999123456,9999123451,9999123452,1,1
MP00010637,MP00010637,2023-09-07,13:58:27,PL002,MIL0198937,x@x.com,9999123456,9999123451,9999123452,1,1
MP00010638,MP00010638,2023-09-07,13:58:27,PL006,MIL0247330,x@x.com,9999123456,9999123451,9999123452,1,1
MP00010639,MP00010639,2023-09-07,13:58:27,PL011,MIL0014575,x@x.com,9999123456,9999123451,9999123452,1,1
MP00010640,MP00010640,2023-09-07,13:58:27,PL005,MIL0089727,x@x.com,9999123456,9999123451,9999123452,1,1
MP00010641,MP00010641,2023-09-07,13:58:27,PL009,MIL0313468,x@x.com,9999123456,9999123451,9999123452,1,1
MP00010642,MP00010642,2023-09-07,13:58:27,PL002,MIL0443605,x@x.com,9999123456,9999123451,9999123452,1,1
MP00010643,MP00010643,2023-09-07,13:58:27,PL001,MIL0149894,x@x.com,9999123456,9999123451,9999123452,1,1
MP00010644,MP00010644,2023-09-07,13:58:27,PL009,MIL0151362,x@x.com,9999123456,9999123451,9999123452,1,1
MP00010645,MP00010645,2023-09-07,13:58:27,PL009,MIL0319797,x@x.com,9999123456,9999123451,9999123452,1,1
MP00010646,MP00010646,2023-09-07,13:58:27,PL005,MIL0091939,x@x.com,9999123456,9999123451,9999123452,1,1
MP00010647,MP00010647,2023-09-07,13:58:27,PL010,MIL0227150,x@x.com,9999123456,9999123451,9999123452,1,1
MP00010648,MP00010648,2023-09-07,13:58:27,PL004,MIL0543329,x@x.com,9999123456,9999123451,9999123452,1,1
MP00010649,MP00010649,2023-09-07,13:58:27,PL007,MIL0376683,x@x.com,9999123456,9999123451,9999123452,1,1
MP00010650,MP00010650,2023-09-07,13:58:27,PL001,MIL0221169,x@x.com,9999123456,9999123451,9999123452,1,1
MP00010651,MP00010651,2023-09-07,13:58:27,PL005,MIL0488259,x@x.com,9999123456,9999123451,9999123452,1,1
MP00010652,MP00010652,2023-09-07,13:58:27,PL010,MIL0277753,x@x.com,9999123456,9999123451,9999123452,1,1
MP00010653,MP00010653,2023-09-07,13:58:27,PL003,MIL0227636,x@x.com,9999123456,9999123451,9999123452,1,1
MP00010654,MP00010654,2023-09-07,13:58:27,PL001,MIL0504809,x@x.com,9999123456,9999123451,9999123452,1,1
MP00010655,MP00010655,2023-09-07,13:58:27,PL006,MIL0140783,x@x.com,9999123456,9999123451,9999123452,1,1
MP00010656,MP00010656,2023-09-07,13:58:27,PL002,MIL0099000,x@x.com,9999123456,9999123451,9999123452,1,1
MP00010657,MP00010657,2023-09-07,13:58:27,PL002,MIL0384675,x@x.com,9999123456,9999123451,9999123452,1,1
MP00010658,MP00010658,2023-09-07,13:58:27,PL005,MIL0171871,x@x.com,9999123456,9999123451,9999123452,1,1
MP00010659,MP00010659,2023-09-07,13:58:27,PL002,MIL0300006,x@x.com,9999123456,9999123451,9999123452,1,1
MP00010660,MP00010660,2023-09-07,13:58:27,PL007,MIL0277972,x@x.com,9999123456,9999123451,9999123452,1,1
MP00010661,MP00010661,2023-09-07,13:58:27,PL006,MIL0234765,x@x.com,9999123456,9999123451,9999123452,1,1
MP00010662,MP00010662,2023-09-07,13:58:27,PL006,MIL0493615,x@x.com,9999123456,9999123451,9999123452,1,1
MP00010663,MP00010663,2023-09-07,13:58:27,PL009,MIL0343845,x@x.com,9999123456,9999123451,9999123452,1,1
MP00010664,MP00010664,2023-09-07,13:58:27,PL011,MIL0554952,x@x.com,9999123456,9999123451,9999123452,1,1
MP00010665,MP00010665,2023-09-07,13:58:27,PL006,MIL0482221,x@x.com,9999123456,9999123451,9999123452,1,1
MP00010666,MP00010666,2023-09-07,13:58:27,PL006,MIL0401251,x@x.com,9999123456,9999123451,9999123452,1,1
MP00010667,MP00010667,2023-09-07,13:58:27,PL003,MIL0197402,x@x.com,9999123456,9999123451,9999123452,1,1
MP00010668,MP00010668,2023-09-07,13:58:27,PL007,MIL0463207,x@x.com,9999123456,9999123451,9999123452,1,1
MP00010669,MP00010669,2023-09-07,13:58:27,PL004,MIL0132370,x@x.com,9999123456,9999123451,9999123452,1,1
MP00010670,MP00010670,2023-09-07,13:58:27,PL009,MIL0549679,x@x.com,9999123456,9999123451,9999123452,1,1
MP00010671,MP00010671,2023-09-07,13:58:27,PL010,MIL0071008,x@x.com,9999123456,9999123451,9999123452,1,1
MP00010672,MP00010672,2023-09-07,13:58:27,PL013,MIL0231693,x@x.com,9999123456,9999123451,9999123452,1,1
MP00010673,MP00010673,2023-09-07,13:58:27,PL007,MIL0405466,x@x.com,9999123456,9999123451,9999123452,1,1
MP00010674,MP00010674,2023-09-07,13:58:27,PL013,MIL0132400,x@x.com,9999123456,9999123451,9999123452,1,1
MP00010675,MP00010675,2023-09-07,13:58:27,PL010,MIL0363312,x@x.com,9999123456,9999123451,9999123452,1,1
MP00010676,MP00010676,2023-09-07,13:58:27,PL007,MIL0163030,x@x.com,9999123456,9999123451,9999123452,1,1
MP00010677,MP00010677,2023-09-07,13:58:27,PL008,MIL0569442,x@x.com,9999123456,9999123451,9999123452,1,1
MP00010678,MP00010678,2023-09-07,13:58:27,PL012,MIL0200083,x@x.com,9999123456,9999123451,9999123452,1,1
MP00010679,MP00010679,2023-09-07,13:58:27,PL001,MIL0207093,x@x.com,9999123456,9999123451,9999123452,1,1
MP00010680,MP00010680,2023-09-07,13:58:27,PL005,MIL0233819,x@x.com,9999123456,9999123451,9999123452,1,1
MP00010681,MP00010681,2023-09-07,13:58:27,PL009,MIL0164822,x@x.com,9999123456,9999123451,9999123452,1,1
MP00010682,MP00010682,2023-09-07,13:58:27,PL006,MIL0019658,x@x.com,9999123456,9999123451,9999123452,1,1
MP00010683,MP00010683,2023-09-07,13:58:27,PL005,MIL0482671,x@x.com,9999123456,9999123451,9999123452,1,1
MP00010684,MP00010684,2023-09-07,13:58:27,PL003,MIL0414287,x@x.com,9999123456,9999123451,9999123452,1,1
MP00010685,MP00010685,2023-09-07,13:58:27,PL005,MIL0164787,x@x.com,9999123456,9999123451,9999123452,1,1
MP00010686,MP00010686,2023-09-07,13:58:27,PL012,MIL0428338,x@x.com,9999123456,9999123451,9999123452,1,1
MP00010687,MP00010687,2023-09-07,13:58:27,PL004,MIL0072336,x@x.com,9999123456,9999123451,9999123452,1,1
MP00010688,MP00010688,2023-09-07,13:58:27,PL002,MIL0479305,x@x.com,9999123456,9999123451,9999123452,1,1
MP00010689,MP00010689,2023-09-07,13:58:27,PL001,MIL0553857,x@x.com,9999123456,9999123451,9999123452,1,1
MP00010690,MP00010690,2023-09-07,13:58:27,PL008,MIL0209343,x@x.com,9999123456,9999123451,9999123452,1,1
MP00010691,MP00010691,2023-09-07,13:58:27,PL001,MIL0581078,x@x.com,9999123456,9999123451,9999123452,1,1
MP00010692,MP00010692,2023-09-07,13:58:27,PL003,MIL0386710,x@x.com,9999123456,9999123451,9999123452,1,1
MP00010693,MP00010693,2023-09-07,13:58:27,PL003,MIL0118460,x@x.com,9999123456,9999123451,9999123452,1,1
MP00010694,MP00010694,2023-09-07,13:58:27,PL011,MIL0259351,x@x.com,9999123456,9999123451,9999123452,1,1
MP00010695,MP00010695,2023-09-07,13:58:27,PL005,MIL0241653,x@x.com,9999123456,9999123451,9999123452,1,1
MP00010696,MP00010696,2023-09-07,13:58:27,PL006,MIL0019301,x@x.com,9999123456,9999123451,9999123452,1,1
MP00010697,MP00010697,2023-09-07,13:58:27,PL006,MIL0024994,x@x.com,9999123456,9999123451,9999123452,1,1
MP00010698,MP00010698,2023-09-07,13:58:27,PL003,MIL0122703,x@x.com,9999123456,9999123451,9999123452,1,1
MP00010699,MP00010699,2023-09-07,13:58:27,PL002,MIL0197741,x@x.com,9999123456,9999123451,9999123452,1,1
MP00010700,MP00010700,2023-09-07,13:58:27,PL012,MIL0224783,x@x.com,9999123456,9999123451,9999123452,1,1
MP00010701,MP00010701,2023-09-07,13:58:27,PL013,MIL0393262,x@x.com,9999123456,9999123451,9999123452,1,1
MP00010702,MP00010702,2023-09-07,13:58:27,PL008,MIL0516925,x@x.com,9999123456,9999123451,9999123452,1,1
MP00010703,MP00010703,2023-09-07,13:58:27,PL010,MIL0495703,x@x.com,9999123456,9999123451,9999123452,1,1
MP00010704,MP00010704,2023-09-07,13:58:27,PL002,MIL0124729,x@x.com,9999123456,9999123451,9999123452,1,1
MP00010705,MP00010705,2023-09-07,13:58:27,PL006,MIL0518025,x@x.com,9999123456,9999123451,9999123452,1,1
MP00010706,MP00010706,2023-09-07,13:58:27,PL008,MIL0519539,x@x.com,9999123456,9999123451,9999123452,1,1
MP00010707,MP00010707,2023-09-07,13:58:27,PL008,MIL0339820,x@x.com,9999123456,9999123451,9999123452,1,1
MP00010708,MP00010708,2023-09-07,13:58:27,PL007,MIL0437995,x@x.com,9999123456,9999123451,9999123452,1,1
MP00010709,MP00010709,2023-09-07,13:58:27,PL006,MIL0301749,x@x.com,9999123456,9999123451,9999123452,1,1
MP00010710,MP00010710,2023-09-07,13:58:27,PL002,MIL0126543,x@x.com,9999123456,9999123451,9999123452,1,1
MP00010711,MP00010711,2023-09-07,13:58:27,PL008,MIL0391054,x@x.com,9999123456,9999123451,9999123452,1,1
MP00010712,MP00010712,2023-09-07,13:58:27,PL008,MIL0580814,x@x.com,9999123456,9999123451,9999123452,1,1
MP00010713,MP00010713,2023-09-07,13:58:27,PL013,MIL0383342,x@x.com,9999123456,9999123451,9999123452,1,1
MP00010714,MP00010714,2023-09-07,13:58:27,PL004,MIL0560906,x@x.com,9999123456,9999123451,9999123452,1,1
MP00010715,MP00010715,2023-09-07,13:58:27,PL009,MIL0533634,x@x.com,9999123456,9999123451,9999123452,1,1
MP00010716,MP00010716,2023-09-07,13:58:27,PL001,MIL0360460,x@x.com,9999123456,9999123451,9999123452,1,1
MP00010717,MP00010717,2023-09-07,13:58:27,PL013,MIL0310583,x@x.com,9999123456,9999123451,9999123452,1,1
MP00010718,MP00010718,2023-09-07,13:58:27,PL004,MIL0512078,x@x.com,9999123456,9999123451,9999123452,1,1
MP00010719,MP00010719,2023-09-07,13:58:27,PL012,MIL0182095,x@x.com,9999123456,9999123451,9999123452,1,1
MP00010720,MP00010720,2023-09-07,13:58:27,PL012,MIL0103204,x@x.com,9999123456,9999123451,9999123452,1,1
MP00010721,MP00010721,2023-09-07,13:58:27,PL013,MIL0422404,x@x.com,9999123456,9999123451,9999123452,1,1
MP00010722,MP00010722,2023-09-07,13:58:27,PL011,MIL0335580,x@x.com,9999123456,9999123451,9999123452,1,1
MP00010723,MP00010723,2023-09-07,13:58:27,PL009,MIL0226155,x@x.com,9999123456,9999123451,9999123452,1,1
MP00010724,MP00010724,2023-09-07,13:58:27,PL013,MIL0497377,x@x.com,9999123456,9999123451,9999123452,1,1
MP00010725,MP00010725,2023-09-07,13:58:27,PL007,MIL0134519,x@x.com,9999123456,9999123451,9999123452,1,1
MP00010726,MP00010726,2023-09-07,13:58:27,PL002,MIL0086620,x@x.com,9999123456,9999123451,9999123452,1,1
MP00010727,MP00010727,2023-09-07,13:58:27,PL010,MIL0574273,x@x.com,9999123456,9999123451,9999123452,1,1
MP00010728,MP00010728,2023-09-07,13:58:27,PL002,MIL0569234,x@x.com,9999123456,9999123451,9999123452,1,1
MP00010729,MP00010729,2023-09-07,13:58:27,PL005,MIL0378215,x@x.com,9999123456,9999123451,9999123452,1,1
MP00010730,MP00010730,2023-09-07,13:58:27,PL013,MIL0079259,x@x.com,9999123456,9999123451,9999123452,1,1
MP00010731,MP00010731,2023-09-07,13:58:27,PL012,MIL0046577,x@x.com,9999123456,9999123451,9999123452,1,1
MP00010732,MP00010732,2023-09-07,13:58:27,PL013,MIL0352848,x@x.com,9999123456,9999123451,9999123452,1,1
MP00010733,MP00010733,2023-09-07,13:58:27,PL012,MIL0521023,x@x.com,9999123456,9999123451,9999123452,1,1
MP00010734,MP00010734,2023-09-07,13:58:27,PL013,MIL0502182,x@x.com,9999123456,9999123451,9999123452,1,1
MP00010735,MP00010735,2023-09-07,13:58:27,PL002,MIL0005423,x@x.com,9999123456,9999123451,9999123452,1,1
MP00010736,MP00010736,2023-09-07,13:58:27,PL003,MIL0187823,x@x.com,9999123456,9999123451,9999123452,1,1
MP00010737,MP00010737,2023-09-07,13:58:27,PL003,MIL0107360,x@x.com,9999123456,9999123451,9999123452,1,1
MP00010738,MP00010738,2023-09-07,13:58:27,PL006,MIL0313909,x@x.com,9999123456,9999123451,9999123452,1,1
MP00010739,MP00010739,2023-09-07,13:58:27,PL009,MIL0559726,x@x.com,9999123456,9999123451,9999123452,1,1
MP00010740,MP00010740,2023-09-07,13:58:27,PL013,MIL0355059,x@x.com,9999123456,9999123451,9999123452,1,1
MP00010741,MP00010741,2023-09-07,13:58:27,PL010,MIL0339764,x@x.com,9999123456,9999123451,9999123452,1,1
MP00010742,MP00010742,2023-09-07,13:58:27,PL007,MIL0105746,x@x.com,9999123456,9999123451,9999123452,1,1
MP00010743,MP00010743,2023-09-07,13:58:27,PL002,MIL0212180,x@x.com,9999123456,9999123451,9999123452,1,1
MP00010744,MP00010744,2023-09-07,13:58:27,PL013,MIL0567921,x@x.com,9999123456,9999123451,9999123452,1,1
MP00010745,MP00010745,2023-09-07,13:58:27,PL009,MIL0126764,x@x.com,9999123456,9999123451,9999123452,1,1
MP00010746,MP00010746,2023-09-07,13:58:27,PL007,MIL0180410,x@x.com,9999123456,9999123451,9999123452,1,1
MP00010747,MP00010747,2023-09-07,13:58:27,PL005,MIL0048861,x@x.com,9999123456,9999123451,9999123452,1,1
MP00010748,MP00010748,2023-09-07,13:58:27,PL008,MIL0448607,x@x.com,9999123456,9999123451,9999123452,1,1
MP00010749,MP00010749,2023-09-07,13:58:27,PL010,MIL0530627,x@x.com,9999123456,9999123451,9999123452,1,1
MP00010750,MP00010750,2023-09-07,13:58:27,PL004,MIL0565703,x@x.com,9999123456,9999123451,9999123452,1,1
MP00010751,MP00010751,2023-09-07,13:58:27,PL005,MIL0560370,x@x.com,9999123456,9999123451,9999123452,1,1
MP00010752,MP00010752,2023-09-07,13:58:27,PL009,MIL0252190,x@x.com,9999123456,9999123451,9999123452,1,1
MP00010753,MP00010753,2023-09-07,13:58:27,PL004,MIL0459678,x@x.com,9999123456,9999123451,9999123452,1,1
MP00010754,MP00010754,2023-09-07,13:58:27,PL006,MIL0491996,x@x.com,9999123456,9999123451,9999123452,1,1
MP00010755,MP00010755,2023-09-07,13:58:27,PL013,MIL0496734,x@x.com,9999123456,9999123451,9999123452,1,1
MP00010756,MP00010756,2023-09-07,13:58:27,PL005,MIL0430107,x@x.com,9999123456,9999123451,9999123452,1,1
MP00010757,MP00010757,2023-09-07,13:58:27,PL004,MIL0271197,x@x.com,9999123456,9999123451,9999123452,1,1
MP00010758,MP00010758,2023-09-07,13:58:27,PL008,MIL0497661,x@x.com,9999123456,9999123451,9999123452,1,1
MP00010759,MP00010759,2023-09-07,13:58:27,PL009,MIL0380600,x@x.com,9999123456,9999123451,9999123452,1,1
MP00010760,MP00010760,2023-09-07,13:58:27,PL001,MIL0097275,x@x.com,9999123456,9999123451,9999123452,1,1
MP00010761,MP00010761,2023-09-07,13:58:27,PL011,MIL0427039,x@x.com,9999123456,9999123451,9999123452,1,1
MP00010762,MP00010762,2023-09-07,13:58:27,PL013,MIL0012106,x@x.com,9999123456,9999123451,9999123452,1,1
MP00010763,MP00010763,2023-09-07,13:58:27,PL002,MIL0352653,x@x.com,9999123456,9999123451,9999123452,1,1
MP00010764,MP00010764,2023-09-07,13:58:27,PL010,MIL0022886,x@x.com,9999123456,9999123451,9999123452,1,1
MP00010765,MP00010765,2023-09-07,13:58:27,PL009,MIL0053380,x@x.com,9999123456,9999123451,9999123452,1,1
MP00010766,MP00010766,2023-09-07,13:58:27,PL010,MIL0378911,x@x.com,9999123456,9999123451,9999123452,1,1
MP00010767,MP00010767,2023-09-07,13:58:27,PL002,MIL0323139,x@x.com,9999123456,9999123451,9999123452,1,1
MP00010768,MP00010768,2023-09-07,13:58:27,PL007,MIL0009641,x@x.com,9999123456,9999123451,9999123452,1,1
MP00010769,MP00010769,2023-09-07,13:58:27,PL010,MIL0374441,x@x.com,9999123456,9999123451,9999123452,1,1
MP00010770,MP00010770,2023-09-07,13:58:27,PL009,MIL0525194,x@x.com,9999123456,9999123451,9999123452,1,1
MP00010771,MP00010771,2023-09-07,13:58:27,PL002,MIL0497956,x@x.com,9999123456,9999123451,9999123452,1,1
MP00010772,MP00010772,2023-09-07,13:58:27,PL007,MIL0033327,x@x.com,9999123456,9999123451,9999123452,1,1
MP00010773,MP00010773,2023-09-07,13:58:27,PL002,MIL0433234,x@x.com,9999123456,9999123451,9999123452,1,1
MP00010774,MP00010774,2023-09-07,13:58:27,PL006,MIL0110449,x@x.com,9999123456,9999123451,9999123452,1,1
MP00010775,MP00010775,2023-09-07,13:58:27,PL004,MIL0452618,x@x.com,9999123456,9999123451,9999123452,1,1
MP00010776,MP00010776,2023-09-07,13:58:27,PL008,MIL0089777,x@x.com,9999123456,9999123451,9999123452,1,1
MP00010777,MP00010777,2023-09-07,13:58:27,PL006,MIL0001878,x@x.com,9999123456,9999123451,9999123452,1,1
MP00010778,MP00010778,2023-09-07,13:58:27,PL010,MIL0102878,x@x.com,9999123456,9999123451,9999123452,1,1
MP00010779,MP00010779,2023-09-07,13:58:27,PL006,MIL0073625,x@x.com,9999123456,9999123451,9999123452,1,1
MP00010780,MP00010780,2023-09-07,13:58:27,PL006,MIL0359654,x@x.com,9999123456,9999123451,9999123452,1,1
MP00010781,MP00010781,2023-09-07,13:58:27,PL001,MIL0186472,x@x.com,9999123456,9999123451,9999123452,1,1
MP00010782,MP00010782,2023-09-07,13:58:27,PL001,MIL0299463,x@x.com,9999123456,9999123451,9999123452,1,1
MP00010783,MP00010783,2023-09-07,13:58:27,PL001,MIL0272481,x@x.com,9999123456,9999123451,9999123452,1,1
MP00010784,MP00010784,2023-09-07,13:58:27,PL001,MIL0312308,x@x.com,9999123456,9999123451,9999123452,1,1
MP00010785,MP00010785,2023-09-07,13:58:27,PL007,MIL0390621,x@x.com,9999123456,9999123451,9999123452,1,1
MP00010786,MP00010786,2023-09-07,13:58:27,PL012,MIL0370738,x@x.com,9999123456,9999123451,9999123452,1,1
MP00010787,MP00010787,2023-09-07,13:58:27,PL012,MIL0477245,x@x.com,9999123456,9999123451,9999123452,1,1
MP00010788,MP00010788,2023-09-07,13:58:27,PL007,MIL0534700,x@x.com,9999123456,9999123451,9999123452,1,1
MP00010789,MP00010789,2023-09-07,13:58:27,PL012,MIL0361773,x@x.com,9999123456,9999123451,9999123452,1,1
MP00010790,MP00010790,2023-09-07,13:58:27,PL005,MIL0426853,x@x.com,9999123456,9999123451,9999123452,1,1
MP00010791,MP00010791,2023-09-07,13:58:27,PL006,MIL0033648,x@x.com,9999123456,9999123451,9999123452,1,1
MP00010792,MP00010792,2023-09-07,13:58:27,PL006,MIL0386102,x@x.com,9999123456,9999123451,9999123452,1,1
MP00010793,MP00010793,2023-09-07,13:58:27,PL003,MIL0415673,x@x.com,9999123456,9999123451,9999123452,1,1
MP00010794,MP00010794,2023-09-07,13:58:27,PL006,MIL0207469,x@x.com,9999123456,9999123451,9999123452,1,1
MP00010795,MP00010795,2023-09-07,13:58:27,PL013,MIL0564836,x@x.com,9999123456,9999123451,9999123452,1,1
MP00010796,MP00010796,2023-09-07,13:58:27,PL004,MIL0060705,x@x.com,9999123456,9999123451,9999123452,1,1
MP00010797,MP00010797,2023-09-07,13:58:27,PL008,MIL0218524,x@x.com,9999123456,9999123451,9999123452,1,1
MP00010798,MP00010798,2023-09-07,13:58:27,PL004,MIL0259971,x@x.com,9999123456,9999123451,9999123452,1,1
MP00010799,MP00010799,2023-09-07,13:58:27,PL012,MIL0246034,x@x.com,9999123456,9999123451,9999123452,1,1
MP00010800,MP00010800,2023-09-07,13:58:27,PL003,MIL0029131,x@x.com,9999123456,9999123451,9999123452,1,1
MP00010801,MP00010801,2023-09-07,13:58:27,PL013,MIL0343888,x@x.com,9999123456,9999123451,9999123452,1,1
MP00010802,MP00010802,2023-09-07,13:58:27,PL004,MIL0429138,x@x.com,9999123456,9999123451,9999123452,1,1
MP00010803,MP00010803,2023-09-07,13:58:27,PL007,MIL0051810,x@x.com,9999123456,9999123451,9999123452,1,1
MP00010804,MP00010804,2023-09-07,13:58:27,PL011,MIL0352145,x@x.com,9999123456,9999123451,9999123452,1,1
MP00010805,MP00010805,2023-09-07,13:58:27,PL009,MIL0101742,x@x.com,9999123456,9999123451,9999123452,1,1
MP00010806,MP00010806,2023-09-07,13:58:27,PL002,MIL0041598,x@x.com,9999123456,9999123451,9999123452,1,1
MP00010807,MP00010807,2023-09-07,13:58:27,PL006,MIL0529410,x@x.com,9999123456,9999123451,9999123452,1,1
MP00010808,MP00010808,2023-09-07,13:58:27,PL011,MIL0350686,x@x.com,9999123456,9999123451,9999123452,1,1
MP00010809,MP00010809,2023-09-07,13:58:27,PL008,MIL0522144,x@x.com,9999123456,9999123451,9999123452,1,1
MP00010810,MP00010810,2023-09-07,13:58:27,PL008,MIL0477911,x@x.com,9999123456,9999123451,9999123452,1,1
MP00010811,MP00010811,2023-09-07,13:58:27,PL008,MIL0260337,x@x.com,9999123456,9999123451,9999123452,1,1
MP00010812,MP00010812,2023-09-07,13:58:27,PL012,MIL0390471,x@x.com,9999123456,9999123451,9999123452,1,1
MP00010813,MP00010813,2023-09-07,13:58:27,PL011,MIL0541757,x@x.com,9999123456,9999123451,9999123452,1,1
MP00010814,MP00010814,2023-09-07,13:58:27,PL004,MIL0411219,x@x.com,9999123456,9999123451,9999123452,1,1
MP00010815,MP00010815,2023-09-07,13:58:27,PL010,MIL0019623,x@x.com,9999123456,9999123451,9999123452,1,1
MP00010816,MP00010816,2023-09-07,13:58:27,PL011,MIL0158857,x@x.com,9999123456,9999123451,9999123452,1,1
MP00010817,MP00010817,2023-09-07,13:58:27,PL008,MIL0136505,x@x.com,9999123456,9999123451,9999123452,1,1
MP00010818,MP00010818,2023-09-07,13:58:27,PL001,MIL0245237,x@x.com,9999123456,9999123451,9999123452,1,1
MP00010819,MP00010819,2023-09-07,13:58:27,PL007,MIL0409397,x@x.com,9999123456,9999123451,9999123452,1,1
MP00010820,MP00010820,2023-09-07,13:58:27,PL006,MIL0362097,x@x.com,9999123456,9999123451,9999123452,1,1
MP00010821,MP00010821,2023-09-07,13:58:27,PL012,MIL0197866,x@x.com,9999123456,9999123451,9999123452,1,1
MP00010822,MP00010822,2023-09-07,13:58:27,PL002,MIL0241049,x@x.com,9999123456,9999123451,9999123452,1,1
MP00010823,MP00010823,2023-09-07,13:58:27,PL013,MIL0316731,x@x.com,9999123456,9999123451,9999123452,1,1
MP00010824,MP00010824,2023-09-07,13:58:27,PL011,MIL0383297,x@x.com,9999123456,9999123451,9999123452,1,1
MP00010825,MP00010825,2023-09-07,13:58:27,PL009,MIL0533329,x@x.com,9999123456,9999123451,9999123452,1,1
MP00010826,MP00010826,2023-09-07,13:58:27,PL002,MIL0292020,x@x.com,9999123456,9999123451,9999123452,1,1
MP00010827,MP00010827,2023-09-07,13:58:27,PL006,MIL0284447,x@x.com,9999123456,9999123451,9999123452,1,1
MP00010828,MP00010828,2023-09-07,13:58:27,PL013,MIL0506627,x@x.com,9999123456,9999123451,9999123452,1,1
MP00010829,MP00010829,2023-09-07,13:58:27,PL002,MIL0527062,x@x.com,9999123456,9999123451,9999123452,1,1
MP00010830,MP00010830,2023-09-07,13:58:27,PL001,MIL0259516,x@x.com,9999123456,9999123451,9999123452,1,1
MP00010831,MP00010831,2023-09-07,13:58:27,PL013,MIL0254805,x@x.com,9999123456,9999123451,9999123452,1,1
MP00010832,MP00010832,2023-09-07,13:58:27,PL007,MIL0171352,x@x.com,9999123456,9999123451,9999123452,1,1
MP00010833,MP00010833,2023-09-07,13:58:27,PL001,MIL0300259,x@x.com,9999123456,9999123451,9999123452,1,1
MP00010834,MP00010834,2023-09-07,13:58:27,PL011,MIL0344851,x@x.com,9999123456,9999123451,9999123452,1,1
MP00010835,MP00010835,2023-09-07,13:58:27,PL001,MIL0376197,x@x.com,9999123456,9999123451,9999123452,1,1
MP00010836,MP00010836,2023-09-07,13:58:27,PL007,MIL0095099,x@x.com,9999123456,9999123451,9999123452,1,1
MP00010837,MP00010837,2023-09-07,13:58:27,PL012,MIL0133672,x@x.com,9999123456,9999123451,9999123452,1,1
MP00010838,MP00010838,2023-09-07,13:58:27,PL013,MIL0251223,x@x.com,9999123456,9999123451,9999123452,1,1
MP00010839,MP00010839,2023-09-07,13:58:27,PL008,MIL0108999,x@x.com,9999123456,9999123451,9999123452,1,1
MP00010840,MP00010840,2023-09-07,13:58:27,PL012,MIL0523396,x@x.com,9999123456,9999123451,9999123452,1,1
MP00010841,MP00010841,2023-09-07,13:58:27,PL004,MIL0132103,x@x.com,9999123456,9999123451,9999123452,1,1
MP00010842,MP00010842,2023-09-07,13:58:27,PL010,MIL0436237,x@x.com,9999123456,9999123451,9999123452,1,1
MP00010843,MP00010843,2023-09-07,13:58:27,PL013,MIL0120818,x@x.com,9999123456,9999123451,9999123452,1,1
MP00010844,MP00010844,2023-09-07,13:58:27,PL009,MIL0469951,x@x.com,9999123456,9999123451,9999123452,1,1
MP00010845,MP00010845,2023-09-07,13:58:27,PL011,MIL0091769,x@x.com,9999123456,9999123451,9999123452,1,1
MP00010846,MP00010846,2023-09-07,13:58:27,PL007,MIL0072749,x@x.com,9999123456,9999123451,9999123452,1,1
MP00010847,MP00010847,2023-09-07,13:58:27,PL001,MIL0373860,x@x.com,9999123456,9999123451,9999123452,1,1
MP00010848,MP00010848,2023-09-07,13:58:27,PL011,MIL0409928,x@x.com,9999123456,9999123451,9999123452,1,1
MP00010849,MP00010849,2023-09-07,13:58:27,PL003,MIL0240057,x@x.com,9999123456,9999123451,9999123452,1,1
MP00010850,MP00010850,2023-09-07,13:58:27,PL004,MIL0392158,x@x.com,9999123456,9999123451,9999123452,1,1
MP00010851,MP00010851,2023-09-07,13:58:27,PL010,MIL0552783,x@x.com,9999123456,9999123451,9999123452,1,1
MP00010852,MP00010852,2023-09-07,13:58:27,PL012,MIL0173543,x@x.com,9999123456,9999123451,9999123452,1,1
MP00010853,MP00010853,2023-09-07,13:58:27,PL009,MIL0032894,x@x.com,9999123456,9999123451,9999123452,1,1
MP00010854,MP00010854,2023-09-07,13:58:27,PL009,MIL0172927,x@x.com,9999123456,9999123451,9999123452,1,1
MP00010855,MP00010855,2023-09-07,13:58:27,PL009,MIL0574853,x@x.com,9999123456,9999123451,9999123452,1,1
MP00010856,MP00010856,2023-09-07,13:58:27,PL013,MIL0163631,x@x.com,9999123456,9999123451,9999123452,1,1
MP00010857,MP00010857,2023-09-07,13:58:27,PL012,MIL0016661,x@x.com,9999123456,9999123451,9999123452,1,1
MP00010858,MP00010858,2023-09-07,13:58:27,PL001,MIL0101631,x@x.com,9999123456,9999123451,9999123452,1,1
MP00010859,MP00010859,2023-09-07,13:58:27,PL011,MIL0572358,x@x.com,9999123456,9999123451,9999123452,1,1
MP00010860,MP00010860,2023-09-07,13:58:27,PL006,MIL0348397,x@x.com,9999123456,9999123451,9999123452,1,1
MP00010861,MP00010861,2023-09-07,13:58:27,PL003,MIL0066113,x@x.com,9999123456,9999123451,9999123452,1,1
MP00010862,MP00010862,2023-09-07,13:58:27,PL004,MIL0364457,x@x.com,9999123456,9999123451,9999123452,1,1
MP00010863,MP00010863,2023-09-07,13:58:27,PL002,MIL0205200,x@x.com,9999123456,9999123451,9999123452,1,1
MP00010864,MP00010864,2023-09-07,13:58:27,PL008,MIL0121635,x@x.com,9999123456,9999123451,9999123452,1,1
MP00010865,MP00010865,2023-09-07,13:58:27,PL011,MIL0321221,x@x.com,9999123456,9999123451,9999123452,1,1
MP00010866,MP00010866,2023-09-07,13:58:27,PL013,MIL0400205,x@x.com,9999123456,9999123451,9999123452,1,1
MP00010867,MP00010867,2023-09-07,13:58:27,PL009,MIL0062997,x@x.com,9999123456,9999123451,9999123452,1,1
MP00010868,MP00010868,2023-09-07,13:58:27,PL011,MIL0220742,x@x.com,9999123456,9999123451,9999123452,1,1
MP00010869,MP00010869,2023-09-07,13:58:27,PL008,MIL0244666,x@x.com,9999123456,9999123451,9999123452,1,1
MP00010870,MP00010870,2023-09-07,13:58:27,PL004,MIL0110343,x@x.com,9999123456,9999123451,9999123452,1,1
MP00010871,MP00010871,2023-09-07,13:58:27,PL003,MIL0221002,x@x.com,9999123456,9999123451,9999123452,1,1
MP00010872,MP00010872,2023-09-07,13:58:27,PL005,MIL0098158,x@x.com,9999123456,9999123451,9999123452,1,1
MP00010873,MP00010873,2023-09-07,13:58:27,PL004,MIL0383022,x@x.com,9999123456,9999123451,9999123452,1,1
MP00010874,MP00010874,2023-09-07,13:58:27,PL004,MIL0162447,x@x.com,9999123456,9999123451,9999123452,1,1
MP00010875,MP00010875,2023-09-07,13:58:27,PL009,MIL0332854,x@x.com,9999123456,9999123451,9999123452,1,1
MP00010876,MP00010876,2023-09-07,13:58:27,PL007,MIL0393138,x@x.com,9999123456,9999123451,9999123452,1,1
MP00010877,MP00010877,2023-09-07,13:58:27,PL012,MIL0513265,x@x.com,9999123456,9999123451,9999123452,1,1
MP00010878,MP00010878,2023-09-07,13:58:27,PL002,MIL0089937,x@x.com,9999123456,9999123451,9999123452,1,1
MP00010879,MP00010879,2023-09-07,13:58:27,PL010,MIL0274793,x@x.com,9999123456,9999123451,9999123452,1,1
MP00010880,MP00010880,2023-09-07,13:58:27,PL013,MIL0000406,x@x.com,9999123456,9999123451,9999123452,1,1
MP00010881,MP00010881,2023-09-07,13:58:27,PL001,MIL0388300,x@x.com,9999123456,9999123451,9999123452,1,1
MP00010882,MP00010882,2023-09-07,13:58:27,PL011,MIL0475941,x@x.com,9999123456,9999123451,9999123452,1,1
MP00010883,MP00010883,2023-09-07,13:58:27,PL007,MIL0336279,x@x.com,9999123456,9999123451,9999123452,1,1
MP00010884,MP00010884,2023-09-07,13:58:27,PL002,MIL0168442,x@x.com,9999123456,9999123451,9999123452,1,1
MP00010885,MP00010885,2023-09-07,13:58:27,PL008,MIL0404222,x@x.com,9999123456,9999123451,9999123452,1,1
MP00010886,MP00010886,2023-09-07,13:58:27,PL013,MIL0470222,x@x.com,9999123456,9999123451,9999123452,1,1
MP00010887,MP00010887,2023-09-07,13:58:27,PL011,MIL0098724,x@x.com,9999123456,9999123451,9999123452,1,1
MP00010888,MP00010888,2023-09-07,13:58:27,PL009,MIL0134862,x@x.com,9999123456,9999123451,9999123452,1,1
MP00010889,MP00010889,2023-09-07,13:58:27,PL010,MIL0351593,x@x.com,9999123456,9999123451,9999123452,1,1
MP00010890,MP00010890,2023-09-07,13:58:27,PL006,MIL0031816,x@x.com,9999123456,9999123451,9999123452,1,1
MP00010891,MP00010891,2023-09-07,13:58:27,PL004,MIL0544364,x@x.com,9999123456,9999123451,9999123452,1,1
MP00010892,MP00010892,2023-09-07,13:58:27,PL005,MIL0074380,x@x.com,9999123456,9999123451,9999123452,1,1
MP00010893,MP00010893,2023-09-07,13:58:27,PL006,MIL0197994,x@x.com,9999123456,9999123451,9999123452,1,1
MP00010894,MP00010894,2023-09-07,13:58:27,PL011,MIL0393693,x@x.com,9999123456,9999123451,9999123452,1,1
MP00010895,MP00010895,2023-09-07,13:58:27,PL009,MIL0376924,x@x.com,9999123456,9999123451,9999123452,1,1
MP00010896,MP00010896,2023-09-07,13:58:27,PL011,MIL0391246,x@x.com,9999123456,9999123451,9999123452,1,1
MP00010897,MP00010897,2023-09-07,13:58:27,PL007,MIL0228300,x@x.com,9999123456,9999123451,9999123452,1,1
MP00010898,MP00010898,2023-09-07,13:58:27,PL006,MIL0492259,x@x.com,9999123456,9999123451,9999123452,1,1
MP00010899,MP00010899,2023-09-07,13:58:27,PL011,MIL0580064,x@x.com,9999123456,9999123451,9999123452,1,1
MP00010900,MP00010900,2023-09-07,13:58:27,PL002,MIL0507858,x@x.com,9999123456,9999123451,9999123452,1,1
MP00010901,MP00010901,2023-09-07,13:58:27,PL003,MIL0392301,x@x.com,9999123456,9999123451,9999123452,1,1
MP00010902,MP00010902,2023-09-07,13:58:27,PL006,MIL0505944,x@x.com,9999123456,9999123451,9999123452,1,1
MP00010903,MP00010903,2023-09-07,13:58:27,PL013,MIL0483728,x@x.com,9999123456,9999123451,9999123452,1,1
MP00010904,MP00010904,2023-09-07,13:58:27,PL011,MIL0227302,x@x.com,9999123456,9999123451,9999123452,1,1
MP00010905,MP00010905,2023-09-07,13:58:27,PL010,MIL0570139,x@x.com,9999123456,9999123451,9999123452,1,1
MP00010906,MP00010906,2023-09-07,13:58:27,PL002,MIL0220978,x@x.com,9999123456,9999123451,9999123452,1,1
MP00010907,MP00010907,2023-09-07,13:58:27,PL008,MIL0122353,x@x.com,9999123456,9999123451,9999123452,1,1
MP00010908,MP00010908,2023-09-07,13:58:27,PL008,MIL0333603,x@x.com,9999123456,9999123451,9999123452,1,1
MP00010909,MP00010909,2023-09-07,13:58:27,PL002,MIL0004758,x@x.com,9999123456,9999123451,9999123452,1,1
MP00010910,MP00010910,2023-09-07,13:58:27,PL003,MIL0506849,x@x.com,9999123456,9999123451,9999123452,1,1
MP00010911,MP00010911,2023-09-07,13:58:27,PL009,MIL0165035,x@x.com,9999123456,9999123451,9999123452,1,1
MP00010912,MP00010912,2023-09-07,13:58:27,PL004,MIL0422544,x@x.com,9999123456,9999123451,9999123452,1,1
MP00010913,MP00010913,2023-09-07,13:58:27,PL006,MIL0333307,x@x.com,9999123456,9999123451,9999123452,1,1
MP00010914,MP00010914,2023-09-07,13:58:27,PL004,MIL0044245,x@x.com,9999123456,9999123451,9999123452,1,1
MP00010915,MP00010915,2023-09-07,13:58:27,PL013,MIL0222139,x@x.com,9999123456,9999123451,9999123452,1,1
MP00010916,MP00010916,2023-09-07,13:58:27,PL005,MIL0072361,x@x.com,9999123456,9999123451,9999123452,1,1
MP00010917,MP00010917,2023-09-07,13:58:27,PL002,MIL0535021,x@x.com,9999123456,9999123451,9999123452,1,1
MP00010918,MP00010918,2023-09-07,13:58:27,PL003,MIL0307325,x@x.com,9999123456,9999123451,9999123452,1,1
MP00010919,MP00010919,2023-09-07,13:58:27,PL004,MIL0524762,x@x.com,9999123456,9999123451,9999123452,1,1
MP00010920,MP00010920,2023-09-07,13:58:27,PL001,MIL0471294,x@x.com,9999123456,9999123451,9999123452,1,1
MP00010921,MP00010921,2023-09-07,13:58:27,PL010,MIL0214315,x@x.com,9999123456,9999123451,9999123452,1,1
MP00010922,MP00010922,2023-09-07,13:58:27,PL006,MIL0376151,x@x.com,9999123456,9999123451,9999123452,1,1
MP00010923,MP00010923,2023-09-07,13:58:27,PL005,MIL0191527,x@x.com,9999123456,9999123451,9999123452,1,1
MP00010924,MP00010924,2023-09-07,13:58:27,PL013,MIL0002171,x@x.com,9999123456,9999123451,9999123452,1,1
MP00010925,MP00010925,2023-09-07,13:58:27,PL012,MIL0261617,x@x.com,9999123456,9999123451,9999123452,1,1
MP00010926,MP00010926,2023-09-07,13:58:27,PL001,MIL0111797,x@x.com,9999123456,9999123451,9999123452,1,1
MP00010927,MP00010927,2023-09-07,13:58:27,PL010,MIL0174430,x@x.com,9999123456,9999123451,9999123452,1,1
MP00010928,MP00010928,2023-09-07,13:58:27,PL006,MIL0181598,x@x.com,9999123456,9999123451,9999123452,1,1
MP00010929,MP00010929,2023-09-07,13:58:27,PL010,MIL0135078,x@x.com,9999123456,9999123451,9999123452,1,1
MP00010930,MP00010930,2023-09-07,13:58:27,PL012,MIL0544811,x@x.com,9999123456,9999123451,9999123452,1,1
MP00010931,MP00010931,2023-09-07,13:58:27,PL005,MIL0002900,x@x.com,9999123456,9999123451,9999123452,1,1
MP00010932,MP00010932,2023-09-07,13:58:27,PL005,MIL0237296,x@x.com,9999123456,9999123451,9999123452,1,1
MP00010933,MP00010933,2023-09-07,13:58:27,PL010,MIL0149772,x@x.com,9999123456,9999123451,9999123452,1,1
MP00010934,MP00010934,2023-09-07,13:58:27,PL002,MIL0524074,x@x.com,9999123456,9999123451,9999123452,1,1
MP00010935,MP00010935,2023-09-07,13:58:27,PL004,MIL0090938,x@x.com,9999123456,9999123451,9999123452,1,1
MP00010936,MP00010936,2023-09-07,13:58:27,PL013,MIL0033588,x@x.com,9999123456,9999123451,9999123452,1,1
MP00010937,MP00010937,2023-09-07,13:58:27,PL002,MIL0366890,x@x.com,9999123456,9999123451,9999123452,1,1
MP00010938,MP00010938,2023-09-07,13:58:27,PL003,MIL0525091,x@x.com,9999123456,9999123451,9999123452,1,1
MP00010939,MP00010939,2023-09-07,13:58:27,PL006,MIL0573933,x@x.com,9999123456,9999123451,9999123452,1,1
MP00010940,MP00010940,2023-09-07,13:58:27,PL005,MIL0315239,x@x.com,9999123456,9999123451,9999123452,1,1
MP00010941,MP00010941,2023-09-07,13:58:27,PL013,MIL0561279,x@x.com,9999123456,9999123451,9999123452,1,1
MP00010942,MP00010942,2023-09-07,13:58:27,PL002,MIL0333828,x@x.com,9999123456,9999123451,9999123452,1,1
MP00010943,MP00010943,2023-09-07,13:58:27,PL013,MIL0548343,x@x.com,9999123456,9999123451,9999123452,1,1
MP00010944,MP00010944,2023-09-07,13:58:27,PL008,MIL0468169,x@x.com,9999123456,9999123451,9999123452,1,1
MP00010945,MP00010945,2023-09-07,13:58:27,PL007,MIL0344344,x@x.com,9999123456,9999123451,9999123452,1,1
MP00010946,MP00010946,2023-09-07,13:58:27,PL006,MIL0407909,x@x.com,9999123456,9999123451,9999123452,1,1
MP00010947,MP00010947,2023-09-07,13:58:27,PL001,MIL0117712,x@x.com,9999123456,9999123451,9999123452,1,1
MP00010948,MP00010948,2023-09-07,13:58:27,PL007,MIL0114813,x@x.com,9999123456,9999123451,9999123452,1,1
MP00010949,MP00010949,2023-09-07,13:58:27,PL013,MIL0388413,x@x.com,9999123456,9999123451,9999123452,1,1
MP00010950,MP00010950,2023-09-07,13:58:27,PL007,MIL0146895,x@x.com,9999123456,9999123451,9999123452,1,1
MP00010951,MP00010951,2023-09-07,13:58:27,PL011,MIL0374715,x@x.com,9999123456,9999123451,9999123452,1,1
MP00010952,MP00010952,2023-09-07,13:58:27,PL010,MIL0191549,x@x.com,9999123456,9999123451,9999123452,1,1
MP00010953,MP00010953,2023-09-07,13:58:27,PL008,MIL0124886,x@x.com,9999123456,9999123451,9999123452,1,1
MP00010954,MP00010954,2023-09-07,13:58:27,PL009,MIL0558346,x@x.com,9999123456,9999123451,9999123452,1,1
MP00010955,MP00010955,2023-09-07,13:58:27,PL005,MIL0437055,x@x.com,9999123456,9999123451,9999123452,1,1
MP00010956,MP00010956,2023-09-07,13:58:27,PL006,MIL0240826,x@x.com,9999123456,9999123451,9999123452,1,1
MP00010957,MP00010957,2023-09-07,13:58:27,PL002,MIL0215492,x@x.com,9999123456,9999123451,9999123452,1,1
MP00010958,MP00010958,2023-09-07,13:58:27,PL010,MIL0377546,x@x.com,9999123456,9999123451,9999123452,1,1
MP00010959,MP00010959,2023-09-07,13:58:27,PL005,MIL0132563,x@x.com,9999123456,9999123451,9999123452,1,1
MP00010960,MP00010960,2023-09-07,13:58:27,PL002,MIL0324535,x@x.com,9999123456,9999123451,9999123452,1,1
MP00010961,MP00010961,2023-09-07,13:58:27,PL002,MIL0381854,x@x.com,9999123456,9999123451,9999123452,1,1
MP00010962,MP00010962,2023-09-07,13:58:27,PL004,MIL0001157,x@x.com,9999123456,9999123451,9999123452,1,1
MP00010963,MP00010963,2023-09-07,13:58:27,PL010,MIL0024565,x@x.com,9999123456,9999123451,9999123452,1,1
MP00010964,MP00010964,2023-09-07,13:58:27,PL008,MIL0402509,x@x.com,9999123456,9999123451,9999123452,1,1
MP00010965,MP00010965,2023-09-07,13:58:27,PL008,MIL0276050,x@x.com,9999123456,9999123451,9999123452,1,1
MP00010966,MP00010966,2023-09-07,13:58:27,PL002,MIL0177483,x@x.com,9999123456,9999123451,9999123452,1,1
MP00010967,MP00010967,2023-09-07,13:58:27,PL012,MIL0025210,x@x.com,9999123456,9999123451,9999123452,1,1
MP00010968,MP00010968,2023-09-07,13:58:27,PL013,MIL0310864,x@x.com,9999123456,9999123451,9999123452,1,1
MP00010969,MP00010969,2023-09-07,13:58:27,PL001,MIL0205587,x@x.com,9999123456,9999123451,9999123452,1,1
MP00010970,MP00010970,2023-09-07,13:58:27,PL008,MIL0533225,x@x.com,9999123456,9999123451,9999123452,1,1
MP00010971,MP00010971,2023-09-07,13:58:27,PL003,MIL0241179,x@x.com,9999123456,9999123451,9999123452,1,1
MP00010972,MP00010972,2023-09-07,13:58:27,PL008,MIL0159783,x@x.com,9999123456,9999123451,9999123452,1,1
MP00010973,MP00010973,2023-09-07,13:58:27,PL003,MIL0179340,x@x.com,9999123456,9999123451,9999123452,1,1
MP00010974,MP00010974,2023-09-07,13:58:27,PL001,MIL0036234,x@x.com,9999123456,9999123451,9999123452,1,1
MP00010975,MP00010975,2023-09-07,13:58:27,PL002,MIL0547572,x@x.com,9999123456,9999123451,9999123452,1,1
MP00010976,MP00010976,2023-09-07,13:58:27,PL001,MIL0437094,x@x.com,9999123456,9999123451,9999123452,1,1
MP00010977,MP00010977,2023-09-07,13:58:27,PL010,MIL0342670,x@x.com,9999123456,9999123451,9999123452,1,1
MP00010978,MP00010978,2023-09-07,13:58:27,PL001,MIL0151658,x@x.com,9999123456,9999123451,9999123452,1,1
MP00010979,MP00010979,2023-09-07,13:58:27,PL006,MIL0238858,x@x.com,9999123456,9999123451,9999123452,1,1
MP00010980,MP00010980,2023-09-07,13:58:27,PL009,MIL0108105,x@x.com,9999123456,9999123451,9999123452,1,1
MP00010981,MP00010981,2023-09-07,13:58:27,PL007,MIL0566269,x@x.com,9999123456,9999123451,9999123452,1,1
MP00010982,MP00010982,2023-09-07,13:58:27,PL011,MIL0388565,x@x.com,9999123456,9999123451,9999123452,1,1
MP00010983,MP00010983,2023-09-07,13:58:27,PL007,MIL0527314,x@x.com,9999123456,9999123451,9999123452,1,1
MP00010984,MP00010984,2023-09-07,13:58:27,PL012,MIL0407995,x@x.com,9999123456,9999123451,9999123452,1,1
MP00010985,MP00010985,2023-09-07,13:58:27,PL008,MIL0116623,x@x.com,9999123456,9999123451,9999123452,1,1
MP00010986,MP00010986,2023-09-07,13:58:27,PL005,MIL0141005,x@x.com,9999123456,9999123451,9999123452,1,1
MP00010987,MP00010987,2023-09-07,13:58:27,PL002,MIL0574238,x@x.com,9999123456,9999123451,9999123452,1,1
MP00010988,MP00010988,2023-09-07,13:58:27,PL011,MIL0062079,x@x.com,9999123456,9999123451,9999123452,1,1
MP00010989,MP00010989,2023-09-07,13:58:27,PL006,MIL0524542,x@x.com,9999123456,9999123451,9999123452,1,1
