clave,folio,fecha,hora,clave_partido_legado,clave_ciudadano,correo_electronico,whatsapp,telefono,celular,obseravaciones,status
clave,folio,fecha,hora,clave_partido_legado,clave_ciudadano,correo_electronico,whatsapp,telefono,celular,obseravaciones,status
MP00008992,MP00008992,2023-09-07,13:58:27,PL004,MIL0327179,x@x.com,9999123456,9999123451,9999123452,1,1
MP00008993,MP00008993,2023-09-07,13:58:27,PL002,MIL0126010,x@x.com,9999123456,9999123451,9999123452,1,1
MP00008994,MP00008994,2023-09-07,13:58:27,PL011,MIL0516400,x@x.com,9999123456,9999123451,9999123452,1,1
MP00008995,MP00008995,2023-09-07,13:58:27,PL009,MIL0300002,x@x.com,9999123456,9999123451,9999123452,1,1
MP00008996,MP00008996,2023-09-07,13:58:27,PL005,MIL0461282,x@x.com,9999123456,9999123451,9999123452,1,1
MP00008997,MP00008997,2023-09-07,13:58:27,PL005,MIL0216942,x@x.com,9999123456,9999123451,9999123452,1,1
MP00008998,MP00008998,2023-09-07,13:58:27,PL001,MIL0240807,x@x.com,9999123456,9999123451,9999123452,1,1
MP00008999,MP00008999,2023-09-07,13:58:27,PL003,MIL0526945,x@x.com,9999123456,9999123451,9999123452,1,1
MP00009000,MP00009000,2023-09-07,13:58:27,PL013,MIL0220920,x@x.com,9999123456,9999123451,9999123452,1,1
MP00009001,MP00009001,2023-09-07,13:58:27,PL005,MIL0211157,x@x.com,9999123456,9999123451,9999123452,1,1
MP00009002,MP00009002,2023-09-07,13:58:27,PL007,MIL0058806,x@x.com,9999123456,9999123451,9999123452,1,1
MP00009003,MP00009003,2023-09-07,13:58:27,PL005,MIL0153357,x@x.com,9999123456,9999123451,9999123452,1,1
MP00009004,MP00009004,2023-09-07,13:58:27,PL005,MIL0444678,x@x.com,9999123456,9999123451,9999123452,1,1
MP00009005,MP00009005,2023-09-07,13:58:27,PL003,MIL0048385,x@x.com,9999123456,9999123451,9999123452,1,1
MP00009006,MP00009006,2023-09-07,13:58:27,PL013,MIL0083767,x@x.com,9999123456,9999123451,9999123452,1,1
MP00009007,MP00009007,2023-09-07,13:58:27,PL004,MIL0165840,x@x.com,9999123456,9999123451,9999123452,1,1
MP00009008,MP00009008,2023-09-07,13:58:27,PL008,MIL0011018,x@x.com,9999123456,9999123451,9999123452,1,1
MP00009009,MP00009009,2023-09-07,13:58:27,PL002,MIL0086272,x@x.com,9999123456,9999123451,9999123452,1,1
MP00009010,MP00009010,2023-09-07,13:58:27,PL005,MIL0396285,x@x.com,9999123456,9999123451,9999123452,1,1
MP00009011,MP00009011,2023-09-07,13:58:27,PL007,MIL0148958,x@x.com,9999123456,9999123451,9999123452,1,1
MP00009012,MP00009012,2023-09-07,13:58:27,PL011,MIL0190960,x@x.com,9999123456,9999123451,9999123452,1,1
MP00009013,MP00009013,2023-09-07,13:58:27,PL002,MIL0337391,x@x.com,9999123456,9999123451,9999123452,1,1
MP00009014,MP00009014,2023-09-07,13:58:27,PL013,MIL0526397,x@x.com,9999123456,9999123451,9999123452,1,1
MP00009015,MP00009015,2023-09-07,13:58:27,PL008,MIL0181116,x@x.com,9999123456,9999123451,9999123452,1,1
MP00009016,MP00009016,2023-09-07,13:58:27,PL010,MIL0181060,x@x.com,9999123456,9999123451,9999123452,1,1
MP00009017,MP00009017,2023-09-07,13:58:27,PL007,MIL0534174,x@x.com,9999123456,9999123451,9999123452,1,1
MP00009018,MP00009018,2023-09-07,13:58:27,PL010,MIL0265833,x@x.com,9999123456,9999123451,9999123452,1,1
MP00009019,MP00009019,2023-09-07,13:58:27,PL009,MIL0250303,x@x.com,9999123456,9999123451,9999123452,1,1
MP00009020,MP00009020,2023-09-07,13:58:27,PL001,MIL0419314,x@x.com,9999123456,9999123451,9999123452,1,1
MP00009021,MP00009021,2023-09-07,13:58:27,PL008,MIL0530507,x@x.com,9999123456,9999123451,9999123452,1,1
MP00009022,MP00009022,2023-09-07,13:58:27,PL006,MIL0238775,x@x.com,9999123456,9999123451,9999123452,1,1
MP00009023,MP00009023,2023-09-07,13:58:27,PL003,MIL0078590,x@x.com,9999123456,9999123451,9999123452,1,1
MP00009024,MP00009024,2023-09-07,13:58:27,PL004,MIL0464782,x@x.com,9999123456,9999123451,9999123452,1,1
MP00009025,MP00009025,2023-09-07,13:58:27,PL011,MIL0487749,x@x.com,9999123456,9999123451,9999123452,1,1
MP00009026,MP00009026,2023-09-07,13:58:27,PL001,MIL0071462,x@x.com,9999123456,9999123451,9999123452,1,1
MP00009027,MP00009027,2023-09-07,13:58:27,PL005,MIL0136147,x@x.com,9999123456,9999123451,9999123452,1,1
MP00009028,MP00009028,2023-09-07,13:58:27,PL008,MIL0181113,x@x.com,9999123456,9999123451,9999123452,1,1
MP00009029,MP00009029,2023-09-07,13:58:27,PL005,MIL0211517,x@x.com,9999123456,9999123451,9999123452,1,1
MP00009030,MP00009030,2023-09-07,13:58:27,PL001,MIL0253594,x@x.com,9999123456,9999123451,9999123452,1,1
MP00009031,MP00009031,2023-09-07,13:58:27,PL003,MIL0235679,x@x.com,9999123456,9999123451,9999123452,1,1
MP00009032,MP00009032,2023-09-07,13:58:27,PL013,MIL0138138,x@x.com,9999123456,9999123451,9999123452,1,1
MP00009033,MP00009033,2023-09-07,13:58:27,PL001,MIL0032020,x@x.com,9999123456,9999123451,9999123452,1,1
MP00009034,MP00009034,2023-09-07,13:58:27,PL001,MIL0523991,x@x.com,9999123456,9999123451,9999123452,1,1
MP00009035,MP00009035,2023-09-07,13:58:27,PL001,MIL0239573,x@x.com,9999123456,9999123451,9999123452,1,1
MP00009036,MP00009036,2023-09-07,13:58:27,PL001,MIL0182549,x@x.com,9999123456,9999123451,9999123452,1,1
MP00009037,MP00009037,2023-09-07,13:58:27,PL013,MIL0462533,x@x.com,9999123456,9999123451,9999123452,1,1
MP00009038,MP00009038,2023-09-07,13:58:27,PL004,MIL0106863,x@x.com,9999123456,9999123451,9999123452,1,1
MP00009039,MP00009039,2023-09-07,13:58:27,PL004,MIL0286192,x@x.com,9999123456,9999123451,9999123452,1,1
MP00009040,MP00009040,2023-09-07,13:58:27,PL010,MIL0543324,x@x.com,9999123456,9999123451,9999123452,1,1
MP00009041,MP00009041,2023-09-07,13:58:27,PL007,MIL0463709,x@x.com,9999123456,9999123451,9999123452,1,1
MP00009042,MP00009042,2023-09-07,13:58:27,PL003,MIL0566820,x@x.com,9999123456,9999123451,9999123452,1,1
MP00009043,MP00009043,2023-09-07,13:58:27,PL003,MIL0241195,x@x.com,9999123456,9999123451,9999123452,1,1
MP00009044,MP00009044,2023-09-07,13:58:27,PL005,MIL0526491,x@x.com,9999123456,9999123451,9999123452,1,1
MP00009045,MP00009045,2023-09-07,13:58:27,PL005,MIL0052211,x@x.com,9999123456,9999123451,9999123452,1,1
MP00009046,MP00009046,2023-09-07,13:58:27,PL003,MIL0577312,x@x.com,9999123456,9999123451,9999123452,1,1
MP00009047,MP00009047,2023-09-07,13:58:27,PL001,MIL0321503,x@x.com,9999123456,9999123451,9999123452,1,1
MP00009048,MP00009048,2023-09-07,13:58:27,PL013,MIL0091172,x@x.com,9999123456,9999123451,9999123452,1,1
MP00009049,MP00009049,2023-09-07,13:58:27,PL005,MIL0375189,x@x.com,9999123456,9999123451,9999123452,1,1
MP00009050,MP00009050,2023-09-07,13:58:27,PL005,MIL0466389,x@x.com,9999123456,9999123451,9999123452,1,1
MP00009051,MP00009051,2023-09-07,13:58:27,PL008,MIL0428036,x@x.com,9999123456,9999123451,9999123452,1,1
MP00009052,MP00009052,2023-09-07,13:58:27,PL008,MIL0413373,x@x.com,9999123456,9999123451,9999123452,1,1
MP00009053,MP00009053,2023-09-07,13:58:27,PL008,MIL0308066,x@x.com,9999123456,9999123451,9999123452,1,1
MP00009054,MP00009054,2023-09-07,13:58:27,PL006,MIL0550230,x@x.com,9999123456,9999123451,9999123452,1,1
MP00009055,MP00009055,2023-09-07,13:58:27,PL004,MIL0099043,x@x.com,9999123456,9999123451,9999123452,1,1
MP00009056,MP00009056,2023-09-07,13:58:27,PL001,MIL0300731,x@x.com,9999123456,9999123451,9999123452,1,1
MP00009057,MP00009057,2023-09-07,13:58:27,PL011,MIL0093914,x@x.com,9999123456,9999123451,9999123452,1,1
MP00009058,MP00009058,2023-09-07,13:58:27,PL012,MIL0223753,x@x.com,9999123456,9999123451,9999123452,1,1
MP00009059,MP00009059,2023-09-07,13:58:27,PL006,MIL0227867,x@x.com,9999123456,9999123451,9999123452,1,1
MP00009060,MP00009060,2023-09-07,13:58:27,PL010,MIL0056631,x@x.com,9999123456,9999123451,9999123452,1,1
MP00009061,MP00009061,2023-09-07,13:58:27,PL010,MIL0104527,x@x.com,9999123456,9999123451,9999123452,1,1
MP00009062,MP00009062,2023-09-07,13:58:27,PL007,MIL0094363,x@x.com,9999123456,9999123451,9999123452,1,1
MP00009063,MP00009063,2023-09-07,13:58:27,PL008,MIL0267370,x@x.com,9999123456,9999123451,9999123452,1,1
MP00009064,MP00009064,2023-09-07,13:58:27,PL010,MIL0078545,x@x.com,9999123456,9999123451,9999123452,1,1
MP00009065,MP00009065,2023-09-07,13:58:27,PL008,MIL0367847,x@x.com,9999123456,9999123451,9999123452,1,1
MP00009066,MP00009066,2023-09-07,13:58:27,PL006,MIL0227887,x@x.com,9999123456,9999123451,9999123452,1,1
MP00009067,MP00009067,2023-09-07,13:58:27,PL004,MIL0046847,x@x.com,9999123456,9999123451,9999123452,1,1
MP00009068,MP00009068,2023-09-07,13:58:27,PL010,MIL0473184,x@x.com,9999123456,9999123451,9999123452,1,1
MP00009069,MP00009069,2023-09-07,13:58:27,PL013,MIL0546811,x@x.com,9999123456,9999123451,9999123452,1,1
MP00009070,MP00009070,2023-09-07,13:58:27,PL001,MIL0033096,x@x.com,9999123456,9999123451,9999123452,1,1
MP00009071,MP00009071,2023-09-07,13:58:27,PL007,MIL0523697,x@x.com,9999123456,9999123451,9999123452,1,1
MP00009072,MP00009072,2023-09-07,13:58:27,PL001,MIL0074062,x@x.com,9999123456,9999123451,9999123452,1,1
MP00009073,MP00009073,2023-09-07,13:58:27,PL010,MIL0092021,x@x.com,9999123456,9999123451,9999123452,1,1
MP00009074,MP00009074,2023-09-07,13:58:27,PL005,MIL0503692,x@x.com,9999123456,9999123451,9999123452,1,1
MP00009075,MP00009075,2023-09-07,13:58:27,PL007,MIL0058619,x@x.com,9999123456,9999123451,9999123452,1,1
MP00009076,MP00009076,2023-09-07,13:58:27,PL003,MIL0244012,x@x.com,9999123456,9999123451,9999123452,1,1
MP00009077,MP00009077,2023-09-07,13:58:27,PL013,MIL0311743,x@x.com,9999123456,9999123451,9999123452,1,1
MP00009078,MP00009078,2023-09-07,13:58:27,PL006,MIL0366924,x@x.com,9999123456,9999123451,9999123452,1,1
MP00009079,MP00009079,2023-09-07,13:58:27,PL002,MIL0105197,x@x.com,9999123456,9999123451,9999123452,1,1
MP00009080,MP00009080,2023-09-07,13:58:27,PL011,MIL0449437,x@x.com,9999123456,9999123451,9999123452,1,1
MP00009081,MP00009081,2023-09-07,13:58:27,PL004,MIL0065720,x@x.com,9999123456,9999123451,9999123452,1,1
MP00009082,MP00009082,2023-09-07,13:58:27,PL002,MIL0362168,x@x.com,9999123456,9999123451,9999123452,1,1
MP00009083,MP00009083,2023-09-07,13:58:27,PL005,MIL0537656,x@x.com,9999123456,9999123451,9999123452,1,1
MP00009084,MP00009084,2023-09-07,13:58:27,PL006,MIL0442383,x@x.com,9999123456,9999123451,9999123452,1,1
MP00009085,MP00009085,2023-09-07,13:58:27,PL013,MIL0203626,x@x.com,9999123456,9999123451,9999123452,1,1
MP00009086,MP00009086,2023-09-07,13:58:27,PL012,MIL0477554,x@x.com,9999123456,9999123451,9999123452,1,1
MP00009087,MP00009087,2023-09-07,13:58:27,PL011,MIL0332884,x@x.com,9999123456,9999123451,9999123452,1,1
MP00009088,MP00009088,2023-09-07,13:58:27,PL006,MIL0074422,x@x.com,9999123456,9999123451,9999123452,1,1
MP00009089,MP00009089,2023-09-07,13:58:27,PL004,MIL0225196,x@x.com,9999123456,9999123451,9999123452,1,1
MP00009090,MP00009090,2023-09-07,13:58:27,PL003,MIL0466026,x@x.com,9999123456,9999123451,9999123452,1,1
MP00009091,MP00009091,2023-09-07,13:58:27,PL003,MIL0449251,x@x.com,9999123456,9999123451,9999123452,1,1
MP00009092,MP00009092,2023-09-07,13:58:27,PL008,MIL0171275,x@x.com,9999123456,9999123451,9999123452,1,1
MP00009093,MP00009093,2023-09-07,13:58:27,PL002,MIL0521766,x@x.com,9999123456,9999123451,9999123452,1,1
MP00009094,MP00009094,2023-09-07,13:58:27,PL011,MIL0124999,x@x.com,9999123456,9999123451,9999123452,1,1
MP00009095,MP00009095,2023-09-07,13:58:27,PL011,MIL0010593,x@x.com,9999123456,9999123451,9999123452,1,1
MP00009096,MP00009096,2023-09-07,13:58:27,PL011,MIL0447066,x@x.com,9999123456,9999123451,9999123452,1,1
MP00009097,MP00009097,2023-09-07,13:58:27,PL004,MIL0051552,x@x.com,9999123456,9999123451,9999123452,1,1
MP00009098,MP00009098,2023-09-07,13:58:27,PL011,MIL0057642,x@x.com,9999123456,9999123451,9999123452,1,1
MP00009099,MP00009099,2023-09-07,13:58:27,PL013,MIL0414354,x@x.com,9999123456,9999123451,9999123452,1,1
MP00009100,MP00009100,2023-09-07,13:58:27,PL001,MIL0493549,x@x.com,9999123456,9999123451,9999123452,1,1
MP00009101,MP00009101,2023-09-07,13:58:27,PL010,MIL0441274,x@x.com,9999123456,9999123451,9999123452,1,1
MP00009102,MP00009102,2023-09-07,13:58:27,PL009,MIL0145455,x@x.com,9999123456,9999123451,9999123452,1,1
MP00009103,MP00009103,2023-09-07,13:58:27,PL011,MIL0031571,x@x.com,9999123456,9999123451,9999123452,1,1
MP00009104,MP00009104,2023-09-07,13:58:27,PL003,MIL0399446,x@x.com,9999123456,9999123451,9999123452,1,1
MP00009105,MP00009105,2023-09-07,13:58:27,PL001,MIL0242256,x@x.com,9999123456,9999123451,9999123452,1,1
MP00009106,MP00009106,2023-09-07,13:58:27,PL002,MIL0276190,x@x.com,9999123456,9999123451,9999123452,1,1
MP00009107,MP00009107,2023-09-07,13:58:27,PL009,MIL0174222,x@x.com,9999123456,9999123451,9999123452,1,1
MP00009108,MP00009108,2023-09-07,13:58:27,PL012,MIL0535889,x@x.com,9999123456,9999123451,9999123452,1,1
MP00009109,MP00009109,2023-09-07,13:58:27,PL012,MIL0031658,x@x.com,9999123456,9999123451,9999123452,1,1
MP00009110,MP00009110,2023-09-07,13:58:27,PL002,MIL0409160,x@x.com,9999123456,9999123451,9999123452,1,1
MP00009111,MP00009111,2023-09-07,13:58:27,PL003,MIL0497541,x@x.com,9999123456,9999123451,9999123452,1,1
MP00009112,MP00009112,2023-09-07,13:58:27,PL009,MIL0074080,x@x.com,9999123456,9999123451,9999123452,1,1
MP00009113,MP00009113,2023-09-07,13:58:27,PL013,MIL0480398,x@x.com,9999123456,9999123451,9999123452,1,1
MP00009114,MP00009114,2023-09-07,13:58:27,PL005,MIL0392580,x@x.com,9999123456,9999123451,9999123452,1,1
MP00009115,MP00009115,2023-09-07,13:58:27,PL003,MIL0380081,x@x.com,9999123456,9999123451,9999123452,1,1
MP00009116,MP00009116,2023-09-07,13:58:27,PL001,MIL0530641,x@x.com,9999123456,9999123451,9999123452,1,1
MP00009117,MP00009117,2023-09-07,13:58:27,PL005,MIL0294840,x@x.com,9999123456,9999123451,9999123452,1,1
MP00009118,MP00009118,2023-09-07,13:58:27,PL008,MIL0518520,x@x.com,9999123456,9999123451,9999123452,1,1
MP00009119,MP00009119,2023-09-07,13:58:27,PL005,MIL0557871,x@x.com,9999123456,9999123451,9999123452,1,1
MP00009120,MP00009120,2023-09-07,13:58:27,PL003,MIL0133443,x@x.com,9999123456,9999123451,9999123452,1,1
MP00009121,MP00009121,2023-09-07,13:58:27,PL011,MIL0355709,x@x.com,9999123456,9999123451,9999123452,1,1
MP00009122,MP00009122,2023-09-07,13:58:27,PL008,MIL0508985,x@x.com,9999123456,9999123451,9999123452,1,1
MP00009123,MP00009123,2023-09-07,13:58:27,PL012,MIL0477607,x@x.com,9999123456,9999123451,9999123452,1,1
MP00009124,MP00009124,2023-09-07,13:58:27,PL002,MIL0376530,x@x.com,9999123456,9999123451,9999123452,1,1
MP00009125,MP00009125,2023-09-07,13:58:27,PL012,MIL0541635,x@x.com,9999123456,9999123451,9999123452,1,1
MP00009126,MP00009126,2023-09-07,13:58:27,PL003,MIL0558088,x@x.com,9999123456,9999123451,9999123452,1,1
MP00009127,MP00009127,2023-09-07,13:58:27,PL004,MIL0492927,x@x.com,9999123456,9999123451,9999123452,1,1
MP00009128,MP00009128,2023-09-07,13:58:27,PL007,MIL0505147,x@x.com,9999123456,9999123451,9999123452,1,1
MP00009129,MP00009129,2023-09-07,13:58:27,PL011,MIL0097850,x@x.com,9999123456,9999123451,9999123452,1,1
MP00009130,MP00009130,2023-09-07,13:58:27,PL003,MIL0271033,x@x.com,9999123456,9999123451,9999123452,1,1
MP00009131,MP00009131,2023-09-07,13:58:27,PL008,MIL0198803,x@x.com,9999123456,9999123451,9999123452,1,1
MP00009132,MP00009132,2023-09-07,13:58:27,PL013,MIL0082847,x@x.com,9999123456,9999123451,9999123452,1,1
MP00009133,MP00009133,2023-09-07,13:58:27,PL006,MIL0439887,x@x.com,9999123456,9999123451,9999123452,1,1
MP00009134,MP00009134,2023-09-07,13:58:27,PL007,MIL0419167,x@x.com,9999123456,9999123451,9999123452,1,1
MP00009135,MP00009135,2023-09-07,13:58:27,PL001,MIL0203280,x@x.com,9999123456,9999123451,9999123452,1,1
MP00009136,MP00009136,2023-09-07,13:58:27,PL001,MIL0548383,x@x.com,9999123456,9999123451,9999123452,1,1
MP00009137,MP00009137,2023-09-07,13:58:27,PL012,MIL0382506,x@x.com,9999123456,9999123451,9999123452,1,1
MP00009138,MP00009138,2023-09-07,13:58:27,PL011,MIL0167865,x@x.com,9999123456,9999123451,9999123452,1,1
MP00009139,MP00009139,2023-09-07,13:58:27,PL001,MIL0563609,x@x.com,9999123456,9999123451,9999123452,1,1
MP00009140,MP00009140,2023-09-07,13:58:27,PL010,MIL0001679,x@x.com,9999123456,9999123451,9999123452,1,1
MP00009141,MP00009141,2023-09-07,13:58:27,PL011,MIL0101450,x@x.com,9999123456,9999123451,9999123452,1,1
MP00009142,MP00009142,2023-09-07,13:58:27,PL005,MIL0019075,x@x.com,9999123456,9999123451,9999123452,1,1
MP00009143,MP00009143,2023-09-07,13:58:27,PL007,MIL0296941,x@x.com,9999123456,9999123451,9999123452,1,1
MP00009144,MP00009144,2023-09-07,13:58:27,PL002,MIL0514712,x@x.com,9999123456,9999123451,9999123452,1,1
MP00009145,MP00009145,2023-09-07,13:58:27,PL002,MIL0019234,x@x.com,9999123456,9999123451,9999123452,1,1
MP00009146,MP00009146,2023-09-07,13:58:27,PL007,MIL0025438,x@x.com,9999123456,9999123451,9999123452,1,1
MP00009147,MP00009147,2023-09-07,13:58:27,PL006,MIL0201995,x@x.com,9999123456,9999123451,9999123452,1,1
MP00009148,MP00009148,2023-09-07,13:58:27,PL005,MIL0498493,x@x.com,9999123456,9999123451,9999123452,1,1
MP00009149,MP00009149,2023-09-07,13:58:27,PL002,MIL0126054,x@x.com,9999123456,9999123451,9999123452,1,1
MP00009150,MP00009150,2023-09-07,13:58:27,PL005,MIL0017093,x@x.com,9999123456,9999123451,9999123452,1,1
MP00009151,MP00009151,2023-09-07,13:58:27,PL013,MIL0275823,x@x.com,9999123456,9999123451,9999123452,1,1
MP00009152,MP00009152,2023-09-07,13:58:27,PL010,MIL0196112,x@x.com,9999123456,9999123451,9999123452,1,1
MP00009153,MP00009153,2023-09-07,13:58:27,PL005,MIL0565371,x@x.com,9999123456,9999123451,9999123452,1,1
MP00009154,MP00009154,2023-09-07,13:58:27,PL009,MIL0166361,x@x.com,9999123456,9999123451,9999123452,1,1
MP00009155,MP00009155,2023-09-07,13:58:27,PL006,MIL0257561,x@x.com,9999123456,9999123451,9999123452,1,1
MP00009156,MP00009156,2023-09-07,13:58:27,PL007,MIL0500263,x@x.com,9999123456,9999123451,9999123452,1,1
MP00009157,MP00009157,2023-09-07,13:58:27,PL011,MIL0428394,x@x.com,9999123456,9999123451,9999123452,1,1
MP00009158,MP00009158,2023-09-07,13:58:27,PL009,MIL0518679,x@x.com,9999123456,9999123451,9999123452,1,1
MP00009159,MP00009159,2023-09-07,13:58:27,PL005,MIL0148202,x@x.com,9999123456,9999123451,9999123452,1,1
MP00009160,MP00009160,2023-09-07,13:58:27,PL012,MIL0047384,x@x.com,9999123456,9999123451,9999123452,1,1
MP00009161,MP00009161,2023-09-07,13:58:27,PL003,MIL0544012,x@x.com,9999123456,9999123451,9999123452,1,1
MP00009162,MP00009162,2023-09-07,13:58:27,PL011,MIL0495008,x@x.com,9999123456,9999123451,9999123452,1,1
MP00009163,MP00009163,2023-09-07,13:58:27,PL006,MIL0447511,x@x.com,9999123456,9999123451,9999123452,1,1
MP00009164,MP00009164,2023-09-07,13:58:27,PL002,MIL0123651,x@x.com,9999123456,9999123451,9999123452,1,1
MP00009165,MP00009165,2023-09-07,13:58:27,PL008,MIL0211700,x@x.com,9999123456,9999123451,9999123452,1,1
MP00009166,MP00009166,2023-09-07,13:58:27,PL013,MIL0005428,x@x.com,9999123456,9999123451,9999123452,1,1
MP00009167,MP00009167,2023-09-07,13:58:27,PL004,MIL0312221,x@x.com,9999123456,9999123451,9999123452,1,1
MP00009168,MP00009168,2023-09-07,13:58:27,PL013,MIL0318203,x@x.com,9999123456,9999123451,9999123452,1,1
MP00009169,MP00009169,2023-09-07,13:58:27,PL008,MIL0426537,x@x.com,9999123456,9999123451,9999123452,1,1
MP00009170,MP00009170,2023-09-07,13:58:27,PL005,MIL0240339,x@x.com,9999123456,9999123451,9999123452,1,1
MP00009171,MP00009171,2023-09-07,13:58:27,PL010,MIL0030612,x@x.com,9999123456,9999123451,9999123452,1,1
MP00009172,MP00009172,2023-09-07,13:58:27,PL001,MIL0237171,x@x.com,9999123456,9999123451,9999123452,1,1
MP00009173,MP00009173,2023-09-07,13:58:27,PL001,MIL0570051,x@x.com,9999123456,9999123451,9999123452,1,1
MP00009174,MP00009174,2023-09-07,13:58:27,PL004,MIL0315004,x@x.com,9999123456,9999123451,9999123452,1,1
MP00009175,MP00009175,2023-09-07,13:58:27,PL013,MIL0179294,x@x.com,9999123456,9999123451,9999123452,1,1
MP00009176,MP00009176,2023-09-07,13:58:27,PL008,MIL0068518,x@x.com,9999123456,9999123451,9999123452,1,1
MP00009177,MP00009177,2023-09-07,13:58:27,PL012,MIL0379261,x@x.com,9999123456,9999123451,9999123452,1,1
MP00009178,MP00009178,2023-09-07,13:58:27,PL009,MIL0545106,x@x.com,9999123456,9999123451,9999123452,1,1
MP00009179,MP00009179,2023-09-07,13:58:27,PL013,MIL0409857,x@x.com,9999123456,9999123451,9999123452,1,1
MP00009180,MP00009180,2023-09-07,13:58:27,PL006,MIL0233249,x@x.com,9999123456,9999123451,9999123452,1,1
MP00009181,MP00009181,2023-09-07,13:58:27,PL005,MIL0509315,x@x.com,9999123456,9999123451,9999123452,1,1
MP00009182,MP00009182,2023-09-07,13:58:27,PL001,MIL0576993,x@x.com,9999123456,9999123451,9999123452,1,1
MP00009183,MP00009183,2023-09-07,13:58:27,PL007,MIL0089209,x@x.com,9999123456,9999123451,9999123452,1,1
MP00009184,MP00009184,2023-09-07,13:58:27,PL003,MIL0275025,x@x.com,9999123456,9999123451,9999123452,1,1
MP00009185,MP00009185,2023-09-07,13:58:27,PL004,MIL0216408,x@x.com,9999123456,9999123451,9999123452,1,1
MP00009186,MP00009186,2023-09-07,13:58:27,PL004,MIL0302074,x@x.com,9999123456,9999123451,9999123452,1,1
MP00009187,MP00009187,2023-09-07,13:58:27,PL005,MIL0509114,x@x.com,9999123456,9999123451,9999123452,1,1
MP00009188,MP00009188,2023-09-07,13:58:27,PL006,MIL0297770,x@x.com,9999123456,9999123451,9999123452,1,1
MP00009189,MP00009189,2023-09-07,13:58:27,PL003,MIL0259033,x@x.com,9999123456,9999123451,9999123452,1,1
MP00009190,MP00009190,2023-09-07,13:58:27,PL003,MIL0560790,x@x.com,9999123456,9999123451,9999123452,1,1
MP00009191,MP00009191,2023-09-07,13:58:27,PL004,MIL0503414,x@x.com,9999123456,9999123451,9999123452,1,1
MP00009192,MP00009192,2023-09-07,13:58:27,PL007,MIL0433618,x@x.com,9999123456,9999123451,9999123452,1,1
MP00009193,MP00009193,2023-09-07,13:58:27,PL007,MIL0085192,x@x.com,9999123456,9999123451,9999123452,1,1
MP00009194,MP00009194,2023-09-07,13:58:27,PL003,MIL0209944,x@x.com,9999123456,9999123451,9999123452,1,1
MP00009195,MP00009195,2023-09-07,13:58:27,PL013,MIL0117236,x@x.com,9999123456,9999123451,9999123452,1,1
MP00009196,MP00009196,2023-09-07,13:58:27,PL013,MIL0017853,x@x.com,9999123456,9999123451,9999123452,1,1
MP00009197,MP00009197,2023-09-07,13:58:27,PL001,MIL0120827,x@x.com,9999123456,9999123451,9999123452,1,1
MP00009198,MP00009198,2023-09-07,13:58:27,PL013,MIL0457948,x@x.com,9999123456,9999123451,9999123452,1,1
MP00009199,MP00009199,2023-09-07,13:58:27,PL008,MIL0237173,x@x.com,9999123456,9999123451,9999123452,1,1
MP00009200,MP00009200,2023-09-07,13:58:27,PL006,MIL0287157,x@x.com,9999123456,9999123451,9999123452,1,1
MP00009201,MP00009201,2023-09-07,13:58:27,PL007,MIL0204789,x@x.com,9999123456,9999123451,9999123452,1,1
MP00009202,MP00009202,2023-09-07,13:58:27,PL002,MIL0244894,x@x.com,9999123456,9999123451,9999123452,1,1
MP00009203,MP00009203,2023-09-07,13:58:27,PL002,MIL0140657,x@x.com,9999123456,9999123451,9999123452,1,1
MP00009204,MP00009204,2023-09-07,13:58:27,PL012,MIL0400125,x@x.com,9999123456,9999123451,9999123452,1,1
MP00009205,MP00009205,2023-09-07,13:58:27,PL001,MIL0556350,x@x.com,9999123456,9999123451,9999123452,1,1
MP00009206,MP00009206,2023-09-07,13:58:27,PL006,MIL0083085,x@x.com,9999123456,9999123451,9999123452,1,1
MP00009207,MP00009207,2023-09-07,13:58:27,PL012,MIL0539085,x@x.com,9999123456,9999123451,9999123452,1,1
MP00009208,MP00009208,2023-09-07,13:58:27,PL009,MIL0040696,x@x.com,9999123456,9999123451,9999123452,1,1
MP00009209,MP00009209,2023-09-07,13:58:27,PL008,MIL0319137,x@x.com,9999123456,9999123451,9999123452,1,1
MP00009210,MP00009210,2023-09-07,13:58:27,PL001,MIL0419679,x@x.com,9999123456,9999123451,9999123452,1,1
MP00009211,MP00009211,2023-09-07,13:58:27,PL011,MIL0443984,x@x.com,9999123456,9999123451,9999123452,1,1
MP00009212,MP00009212,2023-09-07,13:58:27,PL010,MIL0115153,x@x.com,9999123456,9999123451,9999123452,1,1
MP00009213,MP00009213,2023-09-07,13:58:27,PL004,MIL0116628,x@x.com,9999123456,9999123451,9999123452,1,1
MP00009214,MP00009214,2023-09-07,13:58:27,PL005,MIL0275106,x@x.com,9999123456,9999123451,9999123452,1,1
MP00009215,MP00009215,2023-09-07,13:58:27,PL005,MIL0186130,x@x.com,9999123456,9999123451,9999123452,1,1
MP00009216,MP00009216,2023-09-07,13:58:27,PL010,MIL0379552,x@x.com,9999123456,9999123451,9999123452,1,1
MP00009217,MP00009217,2023-09-07,13:58:27,PL009,MIL0207875,x@x.com,9999123456,9999123451,9999123452,1,1
MP00009218,MP00009218,2023-09-07,13:58:27,PL011,MIL0254655,x@x.com,9999123456,9999123451,9999123452,1,1
MP00009219,MP00009219,2023-09-07,13:58:27,PL010,MIL0222518,x@x.com,9999123456,9999123451,9999123452,1,1
MP00009220,MP00009220,2023-09-07,13:58:27,PL001,MIL0313119,x@x.com,9999123456,9999123451,9999123452,1,1
MP00009221,MP00009221,2023-09-07,13:58:27,PL003,MIL0066867,x@x.com,9999123456,9999123451,9999123452,1,1
MP00009222,MP00009222,2023-09-07,13:58:27,PL011,MIL0085204,x@x.com,9999123456,9999123451,9999123452,1,1
MP00009223,MP00009223,2023-09-07,13:58:27,PL010,MIL0280487,x@x.com,9999123456,9999123451,9999123452,1,1
MP00009224,MP00009224,2023-09-07,13:58:27,PL012,MIL0134127,x@x.com,9999123456,9999123451,9999123452,1,1
MP00009225,MP00009225,2023-09-07,13:58:27,PL004,MIL0050935,x@x.com,9999123456,9999123451,9999123452,1,1
MP00009226,MP00009226,2023-09-07,13:58:27,PL002,MIL0236365,x@x.com,9999123456,9999123451,9999123452,1,1
MP00009227,MP00009227,2023-09-07,13:58:27,PL010,MIL0554573,x@x.com,9999123456,9999123451,9999123452,1,1
MP00009228,MP00009228,2023-09-07,13:58:27,PL004,MIL0505544,x@x.com,9999123456,9999123451,9999123452,1,1
MP00009229,MP00009229,2023-09-07,13:58:27,PL003,MIL0273567,x@x.com,9999123456,9999123451,9999123452,1,1
MP00009230,MP00009230,2023-09-07,13:58:27,PL004,MIL0579301,x@x.com,9999123456,9999123451,9999123452,1,1
MP00009231,MP00009231,2023-09-07,13:58:27,PL006,MIL0196174,x@x.com,9999123456,9999123451,9999123452,1,1
MP00009232,MP00009232,2023-09-07,13:58:27,PL007,MIL0534357,x@x.com,9999123456,9999123451,9999123452,1,1
MP00009233,MP00009233,2023-09-07,13:58:27,PL005,MIL0081064,x@x.com,9999123456,9999123451,9999123452,1,1
MP00009234,MP00009234,2023-09-07,13:58:27,PL010,MIL0249410,x@x.com,9999123456,9999123451,9999123452,1,1
MP00009235,MP00009235,2023-09-07,13:58:27,PL009,MIL0363263,x@x.com,9999123456,9999123451,9999123452,1,1
MP00009236,MP00009236,2023-09-07,13:58:27,PL007,MIL0415214,x@x.com,9999123456,9999123451,9999123452,1,1
MP00009237,MP00009237,2023-09-07,13:58:27,PL007,MIL0347061,x@x.com,9999123456,9999123451,9999123452,1,1
MP00009238,MP00009238,2023-09-07,13:58:27,PL006,MIL0099576,x@x.com,9999123456,9999123451,9999123452,1,1
MP00009239,MP00009239,2023-09-07,13:58:27,PL001,MIL0422933,x@x.com,9999123456,9999123451,9999123452,1,1
MP00009240,MP00009240,2023-09-07,13:58:27,PL007,MIL0028520,x@x.com,9999123456,9999123451,9999123452,1,1
MP00009241,MP00009241,2023-09-07,13:58:27,PL009,MIL0077504,x@x.com,9999123456,9999123451,9999123452,1,1
MP00009242,MP00009242,2023-09-07,13:58:27,PL011,MIL0101136,x@x.com,9999123456,9999123451,9999123452,1,1
MP00009243,MP00009243,2023-09-07,13:58:27,PL012,MIL0282408,x@x.com,9999123456,9999123451,9999123452,1,1
MP00009244,MP00009244,2023-09-07,13:58:27,PL011,MIL0074406,x@x.com,9999123456,9999123451,9999123452,1,1
MP00009245,MP00009245,2023-09-07,13:58:27,PL002,MIL0165234,x@x.com,9999123456,9999123451,9999123452,1,1
MP00009246,MP00009246,2023-09-07,13:58:27,PL012,MIL0516047,x@x.com,9999123456,9999123451,9999123452,1,1
MP00009247,MP00009247,2023-09-07,13:58:27,PL003,MIL0012323,x@x.com,9999123456,9999123451,9999123452,1,1
MP00009248,MP00009248,2023-09-07,13:58:27,PL005,MIL0028830,x@x.com,9999123456,9999123451,9999123452,1,1
MP00009249,MP00009249,2023-09-07,13:58:27,PL007,MIL0082354,x@x.com,9999123456,9999123451,9999123452,1,1
MP00009250,MP00009250,2023-09-07,13:58:27,PL001,MIL0143930,x@x.com,9999123456,9999123451,9999123452,1,1
MP00009251,MP00009251,2023-09-07,13:58:27,PL012,MIL0250874,x@x.com,9999123456,9999123451,9999123452,1,1
MP00009252,MP00009252,2023-09-07,13:58:27,PL010,MIL0439316,x@x.com,9999123456,9999123451,9999123452,1,1
MP00009253,MP00009253,2023-09-07,13:58:27,PL003,MIL0102818,x@x.com,9999123456,9999123451,9999123452,1,1
MP00009254,MP00009254,2023-09-07,13:58:27,PL005,MIL0018307,x@x.com,9999123456,9999123451,9999123452,1,1
MP00009255,MP00009255,2023-09-07,13:58:27,PL011,MIL0215386,x@x.com,9999123456,9999123451,9999123452,1,1
MP00009256,MP00009256,2023-09-07,13:58:27,PL013,MIL0269921,x@x.com,9999123456,9999123451,9999123452,1,1
MP00009257,MP00009257,2023-09-07,13:58:27,PL006,MIL0069839,x@x.com,9999123456,9999123451,9999123452,1,1
MP00009258,MP00009258,2023-09-07,13:58:27,PL009,MIL0341217,x@x.com,9999123456,9999123451,9999123452,1,1
MP00009259,MP00009259,2023-09-07,13:58:27,PL012,MIL0448963,x@x.com,9999123456,9999123451,9999123452,1,1
MP00009260,MP00009260,2023-09-07,13:58:27,PL001,MIL0456961,x@x.com,9999123456,9999123451,9999123452,1,1
MP00009261,MP00009261,2023-09-07,13:58:27,PL012,MIL0236211,x@x.com,9999123456,9999123451,9999123452,1,1
MP00009262,MP00009262,2023-09-07,13:58:27,PL013,MIL0267741,x@x.com,9999123456,9999123451,9999123452,1,1
MP00009263,MP00009263,2023-09-07,13:58:27,PL005,MIL0058658,x@x.com,9999123456,9999123451,9999123452,1,1
MP00009264,MP00009264,2023-09-07,13:58:27,PL013,MIL0350663,x@x.com,9999123456,9999123451,9999123452,1,1
MP00009265,MP00009265,2023-09-07,13:58:27,PL008,MIL0474320,x@x.com,9999123456,9999123451,9999123452,1,1
MP00009266,MP00009266,2023-09-07,13:58:27,PL004,MIL0399907,x@x.com,9999123456,9999123451,9999123452,1,1
MP00009267,MP00009267,2023-09-07,13:58:27,PL010,MIL0389653,x@x.com,9999123456,9999123451,9999123452,1,1
MP00009268,MP00009268,2023-09-07,13:58:27,PL010,MIL0201345,x@x.com,9999123456,9999123451,9999123452,1,1
MP00009269,MP00009269,2023-09-07,13:58:27,PL002,MIL0196231,x@x.com,9999123456,9999123451,9999123452,1,1
MP00009270,MP00009270,2023-09-07,13:58:27,PL004,MIL0052627,x@x.com,9999123456,9999123451,9999123452,1,1
MP00009271,MP00009271,2023-09-07,13:58:27,PL012,MIL0445014,x@x.com,9999123456,9999123451,9999123452,1,1
MP00009272,MP00009272,2023-09-07,13:58:27,PL002,MIL0457676,x@x.com,9999123456,9999123451,9999123452,1,1
MP00009273,MP00009273,2023-09-07,13:58:27,PL003,MIL0259461,x@x.com,9999123456,9999123451,9999123452,1,1
MP00009274,MP00009274,2023-09-07,13:58:27,PL002,MIL0290657,x@x.com,9999123456,9999123451,9999123452,1,1
MP00009275,MP00009275,2023-09-07,13:58:27,PL002,MIL0299433,x@x.com,9999123456,9999123451,9999123452,1,1
MP00009276,MP00009276,2023-09-07,13:58:27,PL005,MIL0365203,x@x.com,9999123456,9999123451,9999123452,1,1
MP00009277,MP00009277,2023-09-07,13:58:27,PL002,MIL0338514,x@x.com,9999123456,9999123451,9999123452,1,1
MP00009278,MP00009278,2023-09-07,13:58:27,PL012,MIL0102785,x@x.com,9999123456,9999123451,9999123452,1,1
MP00009279,MP00009279,2023-09-07,13:58:27,PL009,MIL0319016,x@x.com,9999123456,9999123451,9999123452,1,1
MP00009280,MP00009280,2023-09-07,13:58:27,PL007,MIL0009295,x@x.com,9999123456,9999123451,9999123452,1,1
MP00009281,MP00009281,2023-09-07,13:58:27,PL009,MIL0476788,x@x.com,9999123456,9999123451,9999123452,1,1
MP00009282,MP00009282,2023-09-07,13:58:27,PL006,MIL0352866,x@x.com,9999123456,9999123451,9999123452,1,1
MP00009283,MP00009283,2023-09-07,13:58:27,PL005,MIL0027584,x@x.com,9999123456,9999123451,9999123452,1,1
MP00009284,MP00009284,2023-09-07,13:58:27,PL002,MIL0035219,x@x.com,9999123456,9999123451,9999123452,1,1
MP00009285,MP00009285,2023-09-07,13:58:27,PL009,MIL0252062,x@x.com,9999123456,9999123451,9999123452,1,1
MP00009286,MP00009286,2023-09-07,13:58:27,PL007,MIL0058477,x@x.com,9999123456,9999123451,9999123452,1,1
MP00009287,MP00009287,2023-09-07,13:58:27,PL005,MIL0056725,x@x.com,9999123456,9999123451,9999123452,1,1
MP00009288,MP00009288,2023-09-07,13:58:27,PL008,MIL0149708,x@x.com,9999123456,9999123451,9999123452,1,1
MP00009289,MP00009289,2023-09-07,13:58:27,PL003,MIL0211773,x@x.com,9999123456,9999123451,9999123452,1,1
MP00009290,MP00009290,2023-09-07,13:58:27,PL003,MIL0395726,x@x.com,9999123456,9999123451,9999123452,1,1
MP00009291,MP00009291,2023-09-07,13:58:27,PL009,MIL0417315,x@x.com,9999123456,9999123451,9999123452,1,1
MP00009292,MP00009292,2023-09-07,13:58:27,PL001,MIL0189917,x@x.com,9999123456,9999123451,9999123452,1,1
MP00009293,MP00009293,2023-09-07,13:58:27,PL006,MIL0554717,x@x.com,9999123456,9999123451,9999123452,1,1
MP00009294,MP00009294,2023-09-07,13:58:27,PL010,MIL0208315,x@x.com,9999123456,9999123451,9999123452,1,1
MP00009295,MP00009295,2023-09-07,13:58:27,PL009,MIL0499693,x@x.com,9999123456,9999123451,9999123452,1,1
MP00009296,MP00009296,2023-09-07,13:58:27,PL011,MIL0067852,x@x.com,9999123456,9999123451,9999123452,1,1
MP00009297,MP00009297,2023-09-07,13:58:27,PL012,MIL0217352,x@x.com,9999123456,9999123451,9999123452,1,1
MP00009298,MP00009298,2023-09-07,13:58:27,PL006,MIL0212002,x@x.com,9999123456,9999123451,9999123452,1,1
MP00009299,MP00009299,2023-09-07,13:58:27,PL003,MIL0451821,x@x.com,9999123456,9999123451,9999123452,1,1
MP00009300,MP00009300,2023-09-07,13:58:27,PL004,MIL0027726,x@x.com,9999123456,9999123451,9999123452,1,1
MP00009301,MP00009301,2023-09-07,13:58:27,PL010,MIL0558890,x@x.com,9999123456,9999123451,9999123452,1,1
MP00009302,MP00009302,2023-09-07,13:58:27,PL012,MIL0432713,x@x.com,9999123456,9999123451,9999123452,1,1
MP00009303,MP00009303,2023-09-07,13:58:27,PL010,MIL0028120,x@x.com,9999123456,9999123451,9999123452,1,1
MP00009304,MP00009304,2023-09-07,13:58:27,PL004,MIL0580544,x@x.com,9999123456,9999123451,9999123452,1,1
MP00009305,MP00009305,2023-09-07,13:58:27,PL013,MIL0350218,x@x.com,9999123456,9999123451,9999123452,1,1
MP00009306,MP00009306,2023-09-07,13:58:27,PL010,MIL0483100,x@x.com,9999123456,9999123451,9999123452,1,1
MP00009307,MP00009307,2023-09-07,13:58:27,PL013,MIL0574841,x@x.com,9999123456,9999123451,9999123452,1,1
MP00009308,MP00009308,2023-09-07,13:58:27,PL010,MIL0516221,x@x.com,9999123456,9999123451,9999123452,1,1
MP00009309,MP00009309,2023-09-07,13:58:27,PL012,MIL0505129,x@x.com,9999123456,9999123451,9999123452,1,1
MP00009310,MP00009310,2023-09-07,13:58:27,PL008,MIL0530747,x@x.com,9999123456,9999123451,9999123452,1,1
MP00009311,MP00009311,2023-09-07,13:58:27,PL009,MIL0268924,x@x.com,9999123456,9999123451,9999123452,1,1
MP00009312,MP00009312,2023-09-07,13:58:27,PL008,MIL0224033,x@x.com,9999123456,9999123451,9999123452,1,1
MP00009313,MP00009313,2023-09-07,13:58:27,PL009,MIL0052693,x@x.com,9999123456,9999123451,9999123452,1,1
MP00009314,MP00009314,2023-09-07,13:58:27,PL005,MIL0209284,x@x.com,9999123456,9999123451,9999123452,1,1
MP00009315,MP00009315,2023-09-07,13:58:27,PL008,MIL0195424,x@x.com,9999123456,9999123451,9999123452,1,1
MP00009316,MP00009316,2023-09-07,13:58:27,PL004,MIL0266590,x@x.com,9999123456,9999123451,9999123452,1,1
MP00009317,MP00009317,2023-09-07,13:58:27,PL009,MIL0508958,x@x.com,9999123456,9999123451,9999123452,1,1
MP00009318,MP00009318,2023-09-07,13:58:27,PL006,MIL0538329,x@x.com,9999123456,9999123451,9999123452,1,1
MP00009319,MP00009319,2023-09-07,13:58:27,PL013,MIL0098366,x@x.com,9999123456,9999123451,9999123452,1,1
MP00009320,MP00009320,2023-09-07,13:58:27,PL011,MIL0571654,x@x.com,9999123456,9999123451,9999123452,1,1
MP00009321,MP00009321,2023-09-07,13:58:27,PL009,MIL0578449,x@x.com,9999123456,9999123451,9999123452,1,1
MP00009322,MP00009322,2023-09-07,13:58:27,PL009,MIL0004953,x@x.com,9999123456,9999123451,9999123452,1,1
MP00009323,MP00009323,2023-09-07,13:58:27,PL001,MIL0215280,x@x.com,9999123456,9999123451,9999123452,1,1
MP00009324,MP00009324,2023-09-07,13:58:27,PL005,MIL0095906,x@x.com,9999123456,9999123451,9999123452,1,1
MP00009325,MP00009325,2023-09-07,13:58:27,PL011,MIL0375733,x@x.com,9999123456,9999123451,9999123452,1,1
MP00009326,MP00009326,2023-09-07,13:58:27,PL007,MIL0288556,x@x.com,9999123456,9999123451,9999123452,1,1
MP00009327,MP00009327,2023-09-07,13:58:27,PL004,MIL0468975,x@x.com,9999123456,9999123451,9999123452,1,1
MP00009328,MP00009328,2023-09-07,13:58:27,PL004,MIL0471642,x@x.com,9999123456,9999123451,9999123452,1,1
MP00009329,MP00009329,2023-09-07,13:58:27,PL004,MIL0323424,x@x.com,9999123456,9999123451,9999123452,1,1
MP00009330,MP00009330,2023-09-07,13:58:27,PL003,MIL0307716,x@x.com,9999123456,9999123451,9999123452,1,1
MP00009331,MP00009331,2023-09-07,13:58:27,PL002,MIL0330677,x@x.com,9999123456,9999123451,9999123452,1,1
MP00009332,MP00009332,2023-09-07,13:58:27,PL013,MIL0432929,x@x.com,9999123456,9999123451,9999123452,1,1
MP00009333,MP00009333,2023-09-07,13:58:27,PL013,MIL0456711,x@x.com,9999123456,9999123451,9999123452,1,1
MP00009334,MP00009334,2023-09-07,13:58:27,PL013,MIL0432208,x@x.com,9999123456,9999123451,9999123452,1,1
MP00009335,MP00009335,2023-09-07,13:58:27,PL012,MIL0091120,x@x.com,9999123456,9999123451,9999123452,1,1
MP00009336,MP00009336,2023-09-07,13:58:27,PL005,MIL0496463,x@x.com,9999123456,9999123451,9999123452,1,1
MP00009337,MP00009337,2023-09-07,13:58:27,PL011,MIL0264591,x@x.com,9999123456,9999123451,9999123452,1,1
MP00009338,MP00009338,2023-09-07,13:58:27,PL005,MIL0307576,x@x.com,9999123456,9999123451,9999123452,1,1
MP00009339,MP00009339,2023-09-07,13:58:27,PL004,MIL0189463,x@x.com,9999123456,9999123451,9999123452,1,1
MP00009340,MP00009340,2023-09-07,13:58:27,PL002,MIL0253809,x@x.com,9999123456,9999123451,9999123452,1,1
MP00009341,MP00009341,2023-09-07,13:58:27,PL004,MIL0128743,x@x.com,9999123456,9999123451,9999123452,1,1
MP00009342,MP00009342,2023-09-07,13:58:27,PL009,MIL0272605,x@x.com,9999123456,9999123451,9999123452,1,1
MP00009343,MP00009343,2023-09-07,13:58:27,PL004,MIL0309571,x@x.com,9999123456,9999123451,9999123452,1,1
MP00009344,MP00009344,2023-09-07,13:58:27,PL012,MIL0270756,x@x.com,9999123456,9999123451,9999123452,1,1
MP00009345,MP00009345,2023-09-07,13:58:27,PL002,MIL0242552,x@x.com,9999123456,9999123451,9999123452,1,1
MP00009346,MP00009346,2023-09-07,13:58:27,PL002,MIL0439565,x@x.com,9999123456,9999123451,9999123452,1,1
MP00009347,MP00009347,2023-09-07,13:58:27,PL006,MIL0294009,x@x.com,9999123456,9999123451,9999123452,1,1
MP00009348,MP00009348,2023-09-07,13:58:27,PL010,MIL0389639,x@x.com,9999123456,9999123451,9999123452,1,1
MP00009349,MP00009349,2023-09-07,13:58:27,PL008,MIL0406352,x@x.com,9999123456,9999123451,9999123452,1,1
MP00009350,MP00009350,2023-09-07,13:58:27,PL011,MIL0169049,x@x.com,9999123456,9999123451,9999123452,1,1
MP00009351,MP00009351,2023-09-07,13:58:27,PL011,MIL0197436,x@x.com,9999123456,9999123451,9999123452,1,1
MP00009352,MP00009352,2023-09-07,13:58:27,PL013,MIL0341372,x@x.com,9999123456,9999123451,9999123452,1,1
MP00009353,MP00009353,2023-09-07,13:58:27,PL003,MIL0225233,x@x.com,9999123456,9999123451,9999123452,1,1
MP00009354,MP00009354,2023-09-07,13:58:27,PL001,MIL0123370,x@x.com,9999123456,9999123451,9999123452,1,1
MP00009355,MP00009355,2023-09-07,13:58:27,PL004,MIL0023782,x@x.com,9999123456,9999123451,9999123452,1,1
MP00009356,MP00009356,2023-09-07,13:58:27,PL010,MIL0517929,x@x.com,9999123456,9999123451,9999123452,1,1
MP00009357,MP00009357,2023-09-07,13:58:27,PL006,MIL0287971,x@x.com,9999123456,9999123451,9999123452,1,1
MP00009358,MP00009358,2023-09-07,13:58:27,PL011,MIL0202040,x@x.com,9999123456,9999123451,9999123452,1,1
MP00009359,MP00009359,2023-09-07,13:58:27,PL009,MIL0436536,x@x.com,9999123456,9999123451,9999123452,1,1
MP00009360,MP00009360,2023-09-07,13:58:27,PL002,MIL0380844,x@x.com,9999123456,9999123451,9999123452,1,1
MP00009361,MP00009361,2023-09-07,13:58:27,PL007,MIL0562690,x@x.com,9999123456,9999123451,9999123452,1,1
MP00009362,MP00009362,2023-09-07,13:58:27,PL005,MIL0237759,x@x.com,9999123456,9999123451,9999123452,1,1
MP00009363,MP00009363,2023-09-07,13:58:27,PL012,MIL0542927,x@x.com,9999123456,9999123451,9999123452,1,1
MP00009364,MP00009364,2023-09-07,13:58:27,PL011,MIL0109111,x@x.com,9999123456,9999123451,9999123452,1,1
MP00009365,MP00009365,2023-09-07,13:58:27,PL003,MIL0283206,x@x.com,9999123456,9999123451,9999123452,1,1
MP00009366,MP00009366,2023-09-07,13:58:27,PL010,MIL0295259,x@x.com,9999123456,9999123451,9999123452,1,1
MP00009367,MP00009367,2023-09-07,13:58:27,PL004,MIL0477659,x@x.com,9999123456,9999123451,9999123452,1,1
MP00009368,MP00009368,2023-09-07,13:58:27,PL012,MIL0024478,x@x.com,9999123456,9999123451,9999123452,1,1
MP00009369,MP00009369,2023-09-07,13:58:27,PL008,MIL0408780,x@x.com,9999123456,9999123451,9999123452,1,1
MP00009370,MP00009370,2023-09-07,13:58:27,PL006,MIL0476233,x@x.com,9999123456,9999123451,9999123452,1,1
MP00009371,MP00009371,2023-09-07,13:58:27,PL005,MIL0135321,x@x.com,9999123456,9999123451,9999123452,1,1
MP00009372,MP00009372,2023-09-07,13:58:27,PL006,MIL0018826,x@x.com,9999123456,9999123451,9999123452,1,1
MP00009373,MP00009373,2023-09-07,13:58:27,PL008,MIL0274583,x@x.com,9999123456,9999123451,9999123452,1,1
MP00009374,MP00009374,2023-09-07,13:58:27,PL013,MIL0515579,x@x.com,9999123456,9999123451,9999123452,1,1
MP00009375,MP00009375,2023-09-07,13:58:27,PL013,MIL0070525,x@x.com,9999123456,9999123451,9999123452,1,1
MP00009376,MP00009376,2023-09-07,13:58:27,PL004,MIL0339465,x@x.com,9999123456,9999123451,9999123452,1,1
MP00009377,MP00009377,2023-09-07,13:58:27,PL010,MIL0254217,x@x.com,9999123456,9999123451,9999123452,1,1
MP00009378,MP00009378,2023-09-07,13:58:27,PL006,MIL0026238,x@x.com,9999123456,9999123451,9999123452,1,1
MP00009379,MP00009379,2023-09-07,13:58:27,PL006,MIL0274550,x@x.com,9999123456,9999123451,9999123452,1,1
MP00009380,MP00009380,2023-09-07,13:58:27,PL012,MIL0318079,x@x.com,9999123456,9999123451,9999123452,1,1
MP00009381,MP00009381,2023-09-07,13:58:27,PL010,MIL0050582,x@x.com,9999123456,9999123451,9999123452,1,1
MP00009382,MP00009382,2023-09-07,13:58:27,PL012,MIL0433438,x@x.com,9999123456,9999123451,9999123452,1,1
MP00009383,MP00009383,2023-09-07,13:58:27,PL009,MIL0318319,x@x.com,9999123456,9999123451,9999123452,1,1
MP00009384,MP00009384,2023-09-07,13:58:27,PL004,MIL0345192,x@x.com,9999123456,9999123451,9999123452,1,1
MP00009385,MP00009385,2023-09-07,13:58:27,PL001,MIL0091742,x@x.com,9999123456,9999123451,9999123452,1,1
MP00009386,MP00009386,2023-09-07,13:58:27,PL001,MIL0436292,x@x.com,9999123456,9999123451,9999123452,1,1
MP00009387,MP00009387,2023-09-07,13:58:27,PL002,MIL0480386,x@x.com,9999123456,9999123451,9999123452,1,1
MP00009388,MP00009388,2023-09-07,13:58:27,PL012,MIL0354229,x@x.com,9999123456,9999123451,9999123452,1,1
MP00009389,MP00009389,2023-09-07,13:58:27,PL011,MIL0249450,x@x.com,9999123456,9999123451,9999123452,1,1
MP00009390,MP00009390,2023-09-07,13:58:27,PL003,MIL0138913,x@x.com,9999123456,9999123451,9999123452,1,1
MP00009391,MP00009391,2023-09-07,13:58:27,PL003,MIL0230186,x@x.com,9999123456,9999123451,9999123452,1,1
MP00009392,MP00009392,2023-09-07,13:58:27,PL009,MIL0195591,x@x.com,9999123456,9999123451,9999123452,1,1
MP00009393,MP00009393,2023-09-07,13:58:27,PL001,MIL0102952,x@x.com,9999123456,9999123451,9999123452,1,1
MP00009394,MP00009394,2023-09-07,13:58:27,PL001,MIL0434396,x@x.com,9999123456,9999123451,9999123452,1,1
MP00009395,MP00009395,2023-09-07,13:58:27,PL003,MIL0365790,x@x.com,9999123456,9999123451,9999123452,1,1
MP00009396,MP00009396,2023-09-07,13:58:27,PL013,MIL0180611,x@x.com,9999123456,9999123451,9999123452,1,1
MP00009397,MP00009397,2023-09-07,13:58:27,PL012,MIL0257700,x@x.com,9999123456,9999123451,9999123452,1,1
MP00009398,MP00009398,2023-09-07,13:58:27,PL010,MIL0065837,x@x.com,9999123456,9999123451,9999123452,1,1
MP00009399,MP00009399,2023-09-07,13:58:27,PL012,MIL0090294,x@x.com,9999123456,9999123451,9999123452,1,1
MP00009400,MP00009400,2023-09-07,13:58:27,PL012,MIL0065787,x@x.com,9999123456,9999123451,9999123452,1,1
MP00009401,MP00009401,2023-09-07,13:58:27,PL013,MIL0374290,x@x.com,9999123456,9999123451,9999123452,1,1
MP00009402,MP00009402,2023-09-07,13:58:27,PL003,MIL0357141,x@x.com,9999123456,9999123451,9999123452,1,1
MP00009403,MP00009403,2023-09-07,13:58:27,PL008,MIL0114398,x@x.com,9999123456,9999123451,9999123452,1,1
MP00009404,MP00009404,2023-09-07,13:58:27,PL011,MIL0091432,x@x.com,9999123456,9999123451,9999123452,1,1
MP00009405,MP00009405,2023-09-07,13:58:27,PL001,MIL0456633,x@x.com,9999123456,9999123451,9999123452,1,1
MP00009406,MP00009406,2023-09-07,13:58:27,PL012,MIL0241842,x@x.com,9999123456,9999123451,9999123452,1,1
MP00009407,MP00009407,2023-09-07,13:58:27,PL012,MIL0134561,x@x.com,9999123456,9999123451,9999123452,1,1
MP00009408,MP00009408,2023-09-07,13:58:27,PL001,MIL0175799,x@x.com,9999123456,9999123451,9999123452,1,1
MP00009409,MP00009409,2023-09-07,13:58:27,PL006,MIL0336618,x@x.com,9999123456,9999123451,9999123452,1,1
MP00009410,MP00009410,2023-09-07,13:58:27,PL001,MIL0019526,x@x.com,9999123456,9999123451,9999123452,1,1
MP00009411,MP00009411,2023-09-07,13:58:27,PL002,MIL0016983,x@x.com,9999123456,9999123451,9999123452,1,1
MP00009412,MP00009412,2023-09-07,13:58:27,PL006,MIL0088165,x@x.com,9999123456,9999123451,9999123452,1,1
MP00009413,MP00009413,2023-09-07,13:58:27,PL003,MIL0477237,x@x.com,9999123456,9999123451,9999123452,1,1
MP00009414,MP00009414,2023-09-07,13:58:27,PL006,MIL0044874,x@x.com,9999123456,9999123451,9999123452,1,1
MP00009415,MP00009415,2023-09-07,13:58:27,PL005,MIL0259975,x@x.com,9999123456,9999123451,9999123452,1,1
MP00009416,MP00009416,2023-09-07,13:58:27,PL010,MIL0292823,x@x.com,9999123456,9999123451,9999123452,1,1
MP00009417,MP00009417,2023-09-07,13:58:27,PL008,MIL0379064,x@x.com,9999123456,9999123451,9999123452,1,1
MP00009418,MP00009418,2023-09-07,13:58:27,PL010,MIL0477625,x@x.com,9999123456,9999123451,9999123452,1,1
MP00009419,MP00009419,2023-09-07,13:58:27,PL002,MIL0354614,x@x.com,9999123456,9999123451,9999123452,1,1
MP00009420,MP00009420,2023-09-07,13:58:27,PL011,MIL0135276,x@x.com,9999123456,9999123451,9999123452,1,1
MP00009421,MP00009421,2023-09-07,13:58:27,PL010,MIL0177688,x@x.com,9999123456,9999123451,9999123452,1,1
MP00009422,MP00009422,2023-09-07,13:58:27,PL009,MIL0039939,x@x.com,9999123456,9999123451,9999123452,1,1
MP00009423,MP00009423,2023-09-07,13:58:27,PL013,MIL0163638,x@x.com,9999123456,9999123451,9999123452,1,1
MP00009424,MP00009424,2023-09-07,13:58:27,PL006,MIL0043976,x@x.com,9999123456,9999123451,9999123452,1,1
MP00009425,MP00009425,2023-09-07,13:58:27,PL010,MIL0343705,x@x.com,9999123456,9999123451,9999123452,1,1
MP00009426,MP00009426,2023-09-07,13:58:27,PL004,MIL0442417,x@x.com,9999123456,9999123451,9999123452,1,1
MP00009427,MP00009427,2023-09-07,13:58:27,PL001,MIL0321351,x@x.com,9999123456,9999123451,9999123452,1,1
MP00009428,MP00009428,2023-09-07,13:58:27,PL005,MIL0115039,x@x.com,9999123456,9999123451,9999123452,1,1
MP00009429,MP00009429,2023-09-07,13:58:27,PL004,MIL0475013,x@x.com,9999123456,9999123451,9999123452,1,1
MP00009430,MP00009430,2023-09-07,13:58:27,PL003,MIL0232144,x@x.com,9999123456,9999123451,9999123452,1,1
MP00009431,MP00009431,2023-09-07,13:58:27,PL010,MIL0457142,x@x.com,9999123456,9999123451,9999123452,1,1
MP00009432,MP00009432,2023-09-07,13:58:27,PL005,MIL0182492,x@x.com,9999123456,9999123451,9999123452,1,1
MP00009433,MP00009433,2023-09-07,13:58:27,PL003,MIL0053949,x@x.com,9999123456,9999123451,9999123452,1,1
MP00009434,MP00009434,2023-09-07,13:58:27,PL004,MIL0414739,x@x.com,9999123456,9999123451,9999123452,1,1
MP00009435,MP00009435,2023-09-07,13:58:27,PL004,MIL0439158,x@x.com,9999123456,9999123451,9999123452,1,1
MP00009436,MP00009436,2023-09-07,13:58:27,PL003,MIL0142668,x@x.com,9999123456,9999123451,9999123452,1,1
MP00009437,MP00009437,2023-09-07,13:58:27,PL008,MIL0072185,x@x.com,9999123456,9999123451,9999123452,1,1
MP00009438,MP00009438,2023-09-07,13:58:27,PL004,MIL0389877,x@x.com,9999123456,9999123451,9999123452,1,1
MP00009439,MP00009439,2023-09-07,13:58:27,PL011,MIL0551261,x@x.com,9999123456,9999123451,9999123452,1,1
MP00009440,MP00009440,2023-09-07,13:58:27,PL013,MIL0538259,x@x.com,9999123456,9999123451,9999123452,1,1
MP00009441,MP00009441,2023-09-07,13:58:27,PL004,MIL0326792,x@x.com,9999123456,9999123451,9999123452,1,1
MP00009442,MP00009442,2023-09-07,13:58:27,PL013,MIL0531440,x@x.com,9999123456,9999123451,9999123452,1,1
MP00009443,MP00009443,2023-09-07,13:58:27,PL006,MIL0408873,x@x.com,9999123456,9999123451,9999123452,1,1
MP00009444,MP00009444,2023-09-07,13:58:27,PL002,MIL0178826,x@x.com,9999123456,9999123451,9999123452,1,1
MP00009445,MP00009445,2023-09-07,13:58:27,PL001,MIL0482205,x@x.com,9999123456,9999123451,9999123452,1,1
MP00009446,MP00009446,2023-09-07,13:58:27,PL003,MIL0555165,x@x.com,9999123456,9999123451,9999123452,1,1
MP00009447,MP00009447,2023-09-07,13:58:27,PL008,MIL0177858,x@x.com,9999123456,9999123451,9999123452,1,1
MP00009448,MP00009448,2023-09-07,13:58:27,PL010,MIL0527939,x@x.com,9999123456,9999123451,9999123452,1,1
MP00009449,MP00009449,2023-09-07,13:58:27,PL004,MIL0236724,x@x.com,9999123456,9999123451,9999123452,1,1
MP00009450,MP00009450,2023-09-07,13:58:27,PL006,MIL0502302,x@x.com,9999123456,9999123451,9999123452,1,1
MP00009451,MP00009451,2023-09-07,13:58:27,PL002,MIL0200364,x@x.com,9999123456,9999123451,9999123452,1,1
MP00009452,MP00009452,2023-09-07,13:58:27,PL004,MIL0154564,x@x.com,9999123456,9999123451,9999123452,1,1
MP00009453,MP00009453,2023-09-07,13:58:27,PL005,MIL0393594,x@x.com,9999123456,9999123451,9999123452,1,1
MP00009454,MP00009454,2023-09-07,13:58:27,PL002,MIL0005137,x@x.com,9999123456,9999123451,9999123452,1,1
MP00009455,MP00009455,2023-09-07,13:58:27,PL001,MIL0512616,x@x.com,9999123456,9999123451,9999123452,1,1
MP00009456,MP00009456,2023-09-07,13:58:27,PL001,MIL0015351,x@x.com,9999123456,9999123451,9999123452,1,1
MP00009457,MP00009457,2023-09-07,13:58:27,PL003,MIL0385008,x@x.com,9999123456,9999123451,9999123452,1,1
MP00009458,MP00009458,2023-09-07,13:58:27,PL005,MIL0401508,x@x.com,9999123456,9999123451,9999123452,1,1
MP00009459,MP00009459,2023-09-07,13:58:27,PL001,MIL0288703,x@x.com,9999123456,9999123451,9999123452,1,1
MP00009460,MP00009460,2023-09-07,13:58:27,PL007,MIL0327188,x@x.com,9999123456,9999123451,9999123452,1,1
MP00009461,MP00009461,2023-09-07,13:58:27,PL007,MIL0506138,x@x.com,9999123456,9999123451,9999123452,1,1
MP00009462,MP00009462,2023-09-07,13:58:27,PL008,MIL0215449,x@x.com,9999123456,9999123451,9999123452,1,1
MP00009463,MP00009463,2023-09-07,13:58:27,PL003,MIL0307274,x@x.com,9999123456,9999123451,9999123452,1,1
MP00009464,MP00009464,2023-09-07,13:58:27,PL010,MIL0528557,x@x.com,9999123456,9999123451,9999123452,1,1
MP00009465,MP00009465,2023-09-07,13:58:27,PL003,MIL0346761,x@x.com,9999123456,9999123451,9999123452,1,1
MP00009466,MP00009466,2023-09-07,13:58:27,PL005,MIL0090680,x@x.com,9999123456,9999123451,9999123452,1,1
MP00009467,MP00009467,2023-09-07,13:58:27,PL007,MIL0049981,x@x.com,9999123456,9999123451,9999123452,1,1
MP00009468,MP00009468,2023-09-07,13:58:27,PL007,MIL0160040,x@x.com,9999123456,9999123451,9999123452,1,1
MP00009469,MP00009469,2023-09-07,13:58:27,PL013,MIL0463397,x@x.com,9999123456,9999123451,9999123452,1,1
MP00009470,MP00009470,2023-09-07,13:58:27,PL007,MIL0577134,x@x.com,9999123456,9999123451,9999123452,1,1
MP00009471,MP00009471,2023-09-07,13:58:27,PL006,MIL0031792,x@x.com,9999123456,9999123451,9999123452,1,1
MP00009472,MP00009472,2023-09-07,13:58:27,PL005,MIL0241947,x@x.com,9999123456,9999123451,9999123452,1,1
MP00009473,MP00009473,2023-09-07,13:58:27,PL005,MIL0381129,x@x.com,9999123456,9999123451,9999123452,1,1
MP00009474,MP00009474,2023-09-07,13:58:27,PL001,MIL0491147,x@x.com,9999123456,9999123451,9999123452,1,1
MP00009475,MP00009475,2023-09-07,13:58:27,PL005,MIL0012853,x@x.com,9999123456,9999123451,9999123452,1,1
MP00009476,MP00009476,2023-09-07,13:58:27,PL003,MIL0456047,x@x.com,9999123456,9999123451,9999123452,1,1
MP00009477,MP00009477,2023-09-07,13:58:27,PL005,MIL0427286,x@x.com,9999123456,9999123451,9999123452,1,1
MP00009478,MP00009478,2023-09-07,13:58:27,PL006,MIL0275401,x@x.com,9999123456,9999123451,9999123452,1,1
MP00009479,MP00009479,2023-09-07,13:58:27,PL009,MIL0088288,x@x.com,9999123456,9999123451,9999123452,1,1
MP00009480,MP00009480,2023-09-07,13:58:27,PL008,MIL0098738,x@x.com,9999123456,9999123451,9999123452,1,1
MP00009481,MP00009481,2023-09-07,13:58:27,PL009,MIL0479832,x@x.com,9999123456,9999123451,9999123452,1,1
MP00009482,MP00009482,2023-09-07,13:58:27,PL011,MIL0328232,x@x.com,9999123456,9999123451,9999123452,1,1
MP00009483,MP00009483,2023-09-07,13:58:27,PL010,MIL0546154,x@x.com,9999123456,9999123451,9999123452,1,1
MP00009484,MP00009484,2023-09-07,13:58:27,PL005,MIL0313505,x@x.com,9999123456,9999123451,9999123452,1,1
MP00009485,MP00009485,2023-09-07,13:58:27,PL012,MIL0390858,x@x.com,9999123456,9999123451,9999123452,1,1
MP00009486,MP00009486,2023-09-07,13:58:27,PL008,MIL0353432,x@x.com,9999123456,9999123451,9999123452,1,1
MP00009487,MP00009487,2023-09-07,13:58:27,PL011,MIL0064057,x@x.com,9999123456,9999123451,9999123452,1,1
MP00009488,MP00009488,2023-09-07,13:58:27,PL006,MIL0147951,x@x.com,9999123456,9999123451,9999123452,1,1
MP00009489,MP00009489,2023-09-07,13:58:27,PL012,MIL0095294,x@x.com,9999123456,9999123451,9999123452,1,1
MP00009490,MP00009490,2023-09-07,13:58:27,PL002,MIL0048928,x@x.com,9999123456,9999123451,9999123452,1,1
MP00009491,MP00009491,2023-09-07,13:58:27,PL011,MIL0552332,x@x.com,9999123456,9999123451,9999123452,1,1
MP00009492,MP00009492,2023-09-07,13:58:27,PL013,MIL0492683,x@x.com,9999123456,9999123451,9999123452,1,1
MP00009493,MP00009493,2023-09-07,13:58:27,PL011,MIL0004282,x@x.com,9999123456,9999123451,9999123452,1,1
MP00009494,MP00009494,2023-09-07,13:58:27,PL010,MIL0225962,x@x.com,9999123456,9999123451,9999123452,1,1
MP00009495,MP00009495,2023-09-07,13:58:27,PL009,MIL0066929,x@x.com,9999123456,9999123451,9999123452,1,1
MP00009496,MP00009496,2023-09-07,13:58:27,PL011,MIL0009678,x@x.com,9999123456,9999123451,9999123452,1,1
MP00009497,MP00009497,2023-09-07,13:58:27,PL005,MIL0206660,x@x.com,9999123456,9999123451,9999123452,1,1
MP00009498,MP00009498,2023-09-07,13:58:27,PL009,MIL0242355,x@x.com,9999123456,9999123451,9999123452,1,1
MP00009499,MP00009499,2023-09-07,13:58:27,PL004,MIL0265280,x@x.com,9999123456,9999123451,9999123452,1,1
MP00009500,MP00009500,2023-09-07,13:58:27,PL013,MIL0196988,x@x.com,9999123456,9999123451,9999123452,1,1
MP00009501,MP00009501,2023-09-07,13:58:27,PL012,MIL0117416,x@x.com,9999123456,9999123451,9999123452,1,1
MP00009502,MP00009502,2023-09-07,13:58:27,PL007,MIL0374541,x@x.com,9999123456,9999123451,9999123452,1,1
MP00009503,MP00009503,2023-09-07,13:58:27,PL003,MIL0058935,x@x.com,9999123456,9999123451,9999123452,1,1
MP00009504,MP00009504,2023-09-07,13:58:27,PL001,MIL0441374,x@x.com,9999123456,9999123451,9999123452,1,1
MP00009505,MP00009505,2023-09-07,13:58:27,PL010,MIL0030148,x@x.com,9999123456,9999123451,9999123452,1,1
MP00009506,MP00009506,2023-09-07,13:58:27,PL011,MIL0135396,x@x.com,9999123456,9999123451,9999123452,1,1
MP00009507,MP00009507,2023-09-07,13:58:27,PL009,MIL0479848,x@x.com,9999123456,9999123451,9999123452,1,1
MP00009508,MP00009508,2023-09-07,13:58:27,PL003,MIL0444174,x@x.com,9999123456,9999123451,9999123452,1,1
MP00009509,MP00009509,2023-09-07,13:58:27,PL013,MIL0506804,x@x.com,9999123456,9999123451,9999123452,1,1
MP00009510,MP00009510,2023-09-07,13:58:27,PL001,MIL0318253,x@x.com,9999123456,9999123451,9999123452,1,1
MP00009511,MP00009511,2023-09-07,13:58:27,PL012,MIL0471846,x@x.com,9999123456,9999123451,9999123452,1,1
MP00009512,MP00009512,2023-09-07,13:58:27,PL012,MIL0114956,x@x.com,9999123456,9999123451,9999123452,1,1
MP00009513,MP00009513,2023-09-07,13:58:27,PL012,MIL0198012,x@x.com,9999123456,9999123451,9999123452,1,1
MP00009514,MP00009514,2023-09-07,13:58:27,PL004,MIL0211336,x@x.com,9999123456,9999123451,9999123452,1,1
MP00009515,MP00009515,2023-09-07,13:58:27,PL002,MIL0554514,x@x.com,9999123456,9999123451,9999123452,1,1
MP00009516,MP00009516,2023-09-07,13:58:27,PL002,MIL0026627,x@x.com,9999123456,9999123451,9999123452,1,1
MP00009517,MP00009517,2023-09-07,13:58:27,PL011,MIL0106356,x@x.com,9999123456,9999123451,9999123452,1,1
MP00009518,MP00009518,2023-09-07,13:58:27,PL008,MIL0012743,x@x.com,9999123456,9999123451,9999123452,1,1
MP00009519,MP00009519,2023-09-07,13:58:27,PL013,MIL0381688,x@x.com,9999123456,9999123451,9999123452,1,1
MP00009520,MP00009520,2023-09-07,13:58:27,PL013,MIL0134863,x@x.com,9999123456,9999123451,9999123452,1,1
MP00009521,MP00009521,2023-09-07,13:58:27,PL008,MIL0170150,x@x.com,9999123456,9999123451,9999123452,1,1
MP00009522,MP00009522,2023-09-07,13:58:27,PL004,MIL0303536,x@x.com,9999123456,9999123451,9999123452,1,1
MP00009523,MP00009523,2023-09-07,13:58:27,PL004,MIL0379277,x@x.com,9999123456,9999123451,9999123452,1,1
MP00009524,MP00009524,2023-09-07,13:58:27,PL008,MIL0201347,x@x.com,9999123456,9999123451,9999123452,1,1
MP00009525,MP00009525,2023-09-07,13:58:27,PL002,MIL0238348,x@x.com,9999123456,9999123451,9999123452,1,1
MP00009526,MP00009526,2023-09-07,13:58:27,PL006,MIL0523037,x@x.com,9999123456,9999123451,9999123452,1,1
MP00009527,MP00009527,2023-09-07,13:58:27,PL011,MIL0211530,x@x.com,9999123456,9999123451,9999123452,1,1
MP00009528,MP00009528,2023-09-07,13:58:27,PL007,MIL0184244,x@x.com,9999123456,9999123451,9999123452,1,1
MP00009529,MP00009529,2023-09-07,13:58:27,PL002,MIL0272899,x@x.com,9999123456,9999123451,9999123452,1,1
MP00009530,MP00009530,2023-09-07,13:58:27,PL009,MIL0498385,x@x.com,9999123456,9999123451,9999123452,1,1
MP00009531,MP00009531,2023-09-07,13:58:27,PL007,MIL0542639,x@x.com,9999123456,9999123451,9999123452,1,1
MP00009532,MP00009532,2023-09-07,13:58:27,PL012,MIL0378984,x@x.com,9999123456,9999123451,9999123452,1,1
MP00009533,MP00009533,2023-09-07,13:58:27,PL011,MIL0377111,x@x.com,9999123456,9999123451,9999123452,1,1
MP00009534,MP00009534,2023-09-07,13:58:27,PL002,MIL0128665,x@x.com,9999123456,9999123451,9999123452,1,1
MP00009535,MP00009535,2023-09-07,13:58:27,PL002,MIL0391989,x@x.com,9999123456,9999123451,9999123452,1,1
MP00009536,MP00009536,2023-09-07,13:58:27,PL013,MIL0400227,x@x.com,9999123456,9999123451,9999123452,1,1
MP00009537,MP00009537,2023-09-07,13:58:27,PL005,MIL0414630,x@x.com,9999123456,9999123451,9999123452,1,1
MP00009538,MP00009538,2023-09-07,13:58:27,PL006,MIL0008412,x@x.com,9999123456,9999123451,9999123452,1,1
MP00009539,MP00009539,2023-09-07,13:58:27,PL012,MIL0257744,x@x.com,9999123456,9999123451,9999123452,1,1
MP00009540,MP00009540,2023-09-07,13:58:27,PL007,MIL0037703,x@x.com,9999123456,9999123451,9999123452,1,1
MP00009541,MP00009541,2023-09-07,13:58:27,PL012,MIL0201870,x@x.com,9999123456,9999123451,9999123452,1,1
MP00009542,MP00009542,2023-09-07,13:58:27,PL004,MIL0551355,x@x.com,9999123456,9999123451,9999123452,1,1
MP00009543,MP00009543,2023-09-07,13:58:27,PL008,MIL0291149,x@x.com,9999123456,9999123451,9999123452,1,1
MP00009544,MP00009544,2023-09-07,13:58:27,PL002,MIL0185139,x@x.com,9999123456,9999123451,9999123452,1,1
MP00009545,MP00009545,2023-09-07,13:58:27,PL010,MIL0441373,x@x.com,9999123456,9999123451,9999123452,1,1
MP00009546,MP00009546,2023-09-07,13:58:27,PL012,MIL0047147,x@x.com,9999123456,9999123451,9999123452,1,1
MP00009547,MP00009547,2023-09-07,13:58:27,PL001,MIL0161684,x@x.com,9999123456,9999123451,9999123452,1,1
MP00009548,MP00009548,2023-09-07,13:58:27,PL010,MIL0551060,x@x.com,9999123456,9999123451,9999123452,1,1
MP00009549,MP00009549,2023-09-07,13:58:27,PL010,MIL0029182,x@x.com,9999123456,9999123451,9999123452,1,1
MP00009550,MP00009550,2023-09-07,13:58:27,PL012,MIL0107985,x@x.com,9999123456,9999123451,9999123452,1,1
MP00009551,MP00009551,2023-09-07,13:58:27,PL006,MIL0563985,x@x.com,9999123456,9999123451,9999123452,1,1
MP00009552,MP00009552,2023-09-07,13:58:27,PL004,MIL0058960,x@x.com,9999123456,9999123451,9999123452,1,1
MP00009553,MP00009553,2023-09-07,13:58:27,PL011,MIL0290622,x@x.com,9999123456,9999123451,9999123452,1,1
MP00009554,MP00009554,2023-09-07,13:58:27,PL010,MIL0537039,x@x.com,9999123456,9999123451,9999123452,1,1
MP00009555,MP00009555,2023-09-07,13:58:27,PL013,MIL0033314,x@x.com,9999123456,9999123451,9999123452,1,1
MP00009556,MP00009556,2023-09-07,13:58:27,PL004,MIL0289150,x@x.com,9999123456,9999123451,9999123452,1,1
MP00009557,MP00009557,2023-09-07,13:58:27,PL012,MIL0543284,x@x.com,9999123456,9999123451,9999123452,1,1
MP00009558,MP00009558,2023-09-07,13:58:27,PL002,MIL0365285,x@x.com,9999123456,9999123451,9999123452,1,1
MP00009559,MP00009559,2023-09-07,13:58:27,PL008,MIL0157113,x@x.com,9999123456,9999123451,9999123452,1,1
MP00009560,MP00009560,2023-09-07,13:58:27,PL002,MIL0189828,x@x.com,9999123456,9999123451,9999123452,1,1
MP00009561,MP00009561,2023-09-07,13:58:27,PL007,MIL0048242,x@x.com,9999123456,9999123451,9999123452,1,1
MP00009562,MP00009562,2023-09-07,13:58:27,PL009,MIL0134388,x@x.com,9999123456,9999123451,9999123452,1,1
MP00009563,MP00009563,2023-09-07,13:58:27,PL008,MIL0335404,x@x.com,9999123456,9999123451,9999123452,1,1
MP00009564,MP00009564,2023-09-07,13:58:27,PL011,MIL0279429,x@x.com,9999123456,9999123451,9999123452,1,1
MP00009565,MP00009565,2023-09-07,13:58:27,PL005,MIL0512598,x@x.com,9999123456,9999123451,9999123452,1,1
MP00009566,MP00009566,2023-09-07,13:58:27,PL006,MIL0048031,x@x.com,9999123456,9999123451,9999123452,1,1
MP00009567,MP00009567,2023-09-07,13:58:27,PL012,MIL0160906,x@x.com,9999123456,9999123451,9999123452,1,1
MP00009568,MP00009568,2023-09-07,13:58:27,PL006,MIL0523430,x@x.com,9999123456,9999123451,9999123452,1,1
MP00009569,MP00009569,2023-09-07,13:58:27,PL004,MIL0241192,x@x.com,9999123456,9999123451,9999123452,1,1
MP00009570,MP00009570,2023-09-07,13:58:27,PL005,MIL0038614,x@x.com,9999123456,9999123451,9999123452,1,1
MP00009571,MP00009571,2023-09-07,13:58:27,PL007,MIL0131617,x@x.com,9999123456,9999123451,9999123452,1,1
MP00009572,MP00009572,2023-09-07,13:58:27,PL005,MIL0068325,x@x.com,9999123456,9999123451,9999123452,1,1
MP00009573,MP00009573,2023-09-07,13:58:27,PL002,MIL0254681,x@x.com,9999123456,9999123451,9999123452,1,1
MP00009574,MP00009574,2023-09-07,13:58:27,PL012,MIL0542681,x@x.com,9999123456,9999123451,9999123452,1,1
MP00009575,MP00009575,2023-09-07,13:58:27,PL006,MIL0432361,x@x.com,9999123456,9999123451,9999123452,1,1
MP00009576,MP00009576,2023-09-07,13:58:27,PL008,MIL0305308,x@x.com,9999123456,9999123451,9999123452,1,1
MP00009577,MP00009577,2023-09-07,13:58:27,PL009,MIL0242518,x@x.com,9999123456,9999123451,9999123452,1,1
MP00009578,MP00009578,2023-09-07,13:58:27,PL006,MIL0199373,x@x.com,9999123456,9999123451,9999123452,1,1
MP00009579,MP00009579,2023-09-07,13:58:27,PL008,MIL0380797,x@x.com,9999123456,9999123451,9999123452,1,1
MP00009580,MP00009580,2023-09-07,13:58:27,PL012,MIL0227364,x@x.com,9999123456,9999123451,9999123452,1,1
MP00009581,MP00009581,2023-09-07,13:58:27,PL011,MIL0309812,x@x.com,9999123456,9999123451,9999123452,1,1
MP00009582,MP00009582,2023-09-07,13:58:27,PL011,MIL0581234,x@x.com,9999123456,9999123451,9999123452,1,1
MP00009583,MP00009583,2023-09-07,13:58:27,PL007,MIL0321428,x@x.com,9999123456,9999123451,9999123452,1,1
MP00009584,MP00009584,2023-09-07,13:58:27,PL013,MIL0291047,x@x.com,9999123456,9999123451,9999123452,1,1
MP00009585,MP00009585,2023-09-07,13:58:27,PL011,MIL0458442,x@x.com,9999123456,9999123451,9999123452,1,1
MP00009586,MP00009586,2023-09-07,13:58:27,PL010,MIL0498846,x@x.com,9999123456,9999123451,9999123452,1,1
MP00009587,MP00009587,2023-09-07,13:58:27,PL004,MIL0571766,x@x.com,9999123456,9999123451,9999123452,1,1
MP00009588,MP00009588,2023-09-07,13:58:27,PL002,MIL0135748,x@x.com,9999123456,9999123451,9999123452,1,1
MP00009589,MP00009589,2023-09-07,13:58:27,PL004,MIL0156936,x@x.com,9999123456,9999123451,9999123452,1,1
MP00009590,MP00009590,2023-09-07,13:58:27,PL013,MIL0302413,x@x.com,9999123456,9999123451,9999123452,1,1
MP00009591,MP00009591,2023-09-07,13:58:27,PL001,MIL0519537,x@x.com,9999123456,9999123451,9999123452,1,1
MP00009592,MP00009592,2023-09-07,13:58:27,PL011,MIL0558132,x@x.com,9999123456,9999123451,9999123452,1,1
MP00009593,MP00009593,2023-09-07,13:58:27,PL001,MIL0479232,x@x.com,9999123456,9999123451,9999123452,1,1
MP00009594,MP00009594,2023-09-07,13:58:27,PL013,MIL0494063,x@x.com,9999123456,9999123451,9999123452,1,1
MP00009595,MP00009595,2023-09-07,13:58:27,PL005,MIL0173043,x@x.com,9999123456,9999123451,9999123452,1,1
MP00009596,MP00009596,2023-09-07,13:58:27,PL008,MIL0202050,x@x.com,9999123456,9999123451,9999123452,1,1
MP00009597,MP00009597,2023-09-07,13:58:27,PL004,MIL0478325,x@x.com,9999123456,9999123451,9999123452,1,1
MP00009598,MP00009598,2023-09-07,13:58:27,PL009,MIL0497229,x@x.com,9999123456,9999123451,9999123452,1,1
MP00009599,MP00009599,2023-09-07,13:58:27,PL002,MIL0063710,x@x.com,9999123456,9999123451,9999123452,1,1
MP00009600,MP00009600,2023-09-07,13:58:27,PL011,MIL0188442,x@x.com,9999123456,9999123451,9999123452,1,1
MP00009601,MP00009601,2023-09-07,13:58:27,PL010,MIL0170960,x@x.com,9999123456,9999123451,9999123452,1,1
MP00009602,MP00009602,2023-09-07,13:58:27,PL001,MIL0500640,x@x.com,9999123456,9999123451,9999123452,1,1
MP00009603,MP00009603,2023-09-07,13:58:27,PL007,MIL0195343,x@x.com,9999123456,9999123451,9999123452,1,1
MP00009604,MP00009604,2023-09-07,13:58:27,PL006,MIL0201991,x@x.com,9999123456,9999123451,9999123452,1,1
MP00009605,MP00009605,2023-09-07,13:58:27,PL009,MIL0306370,x@x.com,9999123456,9999123451,9999123452,1,1
MP00009606,MP00009606,2023-09-07,13:58:27,PL001,MIL0575270,x@x.com,9999123456,9999123451,9999123452,1,1
MP00009607,MP00009607,2023-09-07,13:58:27,PL011,MIL0568092,x@x.com,9999123456,9999123451,9999123452,1,1
MP00009608,MP00009608,2023-09-07,13:58:27,PL013,MIL0546124,x@x.com,9999123456,9999123451,9999123452,1,1
MP00009609,MP00009609,2023-09-07,13:58:27,PL011,MIL0223036,x@x.com,9999123456,9999123451,9999123452,1,1
MP00009610,MP00009610,2023-09-07,13:58:27,PL013,MIL0500330,x@x.com,9999123456,9999123451,9999123452,1,1
MP00009611,MP00009611,2023-09-07,13:58:27,PL002,MIL0373839,x@x.com,9999123456,9999123451,9999123452,1,1
MP00009612,MP00009612,2023-09-07,13:58:27,PL004,MIL0390778,x@x.com,9999123456,9999123451,9999123452,1,1
MP00009613,MP00009613,2023-09-07,13:58:27,PL008,MIL0212278,x@x.com,9999123456,9999123451,9999123452,1,1
MP00009614,MP00009614,2023-09-07,13:58:27,PL012,MIL0516427,x@x.com,9999123456,9999123451,9999123452,1,1
MP00009615,MP00009615,2023-09-07,13:58:27,PL002,MIL0147823,x@x.com,9999123456,9999123451,9999123452,1,1
MP00009616,MP00009616,2023-09-07,13:58:27,PL002,MIL0428908,x@x.com,9999123456,9999123451,9999123452,1,1
MP00009617,MP00009617,2023-09-07,13:58:27,PL010,MIL0024418,x@x.com,9999123456,9999123451,9999123452,1,1
MP00009618,MP00009618,2023-09-07,13:58:27,PL004,MIL0183676,x@x.com,9999123456,9999123451,9999123452,1,1
MP00009619,MP00009619,2023-09-07,13:58:27,PL002,MIL0142518,x@x.com,9999123456,9999123451,9999123452,1,1
MP00009620,MP00009620,2023-09-07,13:58:27,PL011,MIL0137587,x@x.com,9999123456,9999123451,9999123452,1,1
MP00009621,MP00009621,2023-09-07,13:58:27,PL002,MIL0160377,x@x.com,9999123456,9999123451,9999123452,1,1
MP00009622,MP00009622,2023-09-07,13:58:27,PL010,MIL0259914,x@x.com,9999123456,9999123451,9999123452,1,1
MP00009623,MP00009623,2023-09-07,13:58:27,PL001,MIL0445322,x@x.com,9999123456,9999123451,9999123452,1,1
MP00009624,MP00009624,2023-09-07,13:58:27,PL006,MIL0073823,x@x.com,9999123456,9999123451,9999123452,1,1
MP00009625,MP00009625,2023-09-07,13:58:27,PL006,MIL0149327,x@x.com,9999123456,9999123451,9999123452,1,1
MP00009626,MP00009626,2023-09-07,13:58:27,PL007,MIL0101186,x@x.com,9999123456,9999123451,9999123452,1,1
MP00009627,MP00009627,2023-09-07,13:58:27,PL012,MIL0064435,x@x.com,9999123456,9999123451,9999123452,1,1
MP00009628,MP00009628,2023-09-07,13:58:27,PL001,MIL0072401,x@x.com,9999123456,9999123451,9999123452,1,1
MP00009629,MP00009629,2023-09-07,13:58:27,PL006,MIL0099778,x@x.com,9999123456,9999123451,9999123452,1,1
MP00009630,MP00009630,2023-09-07,13:58:27,PL006,MIL0219746,x@x.com,9999123456,9999123451,9999123452,1,1
MP00009631,MP00009631,2023-09-07,13:58:27,PL001,MIL0309820,x@x.com,9999123456,9999123451,9999123452,1,1
MP00009632,MP00009632,2023-09-07,13:58:27,PL002,MIL0290606,x@x.com,9999123456,9999123451,9999123452,1,1
MP00009633,MP00009633,2023-09-07,13:58:27,PL008,MIL0285694,x@x.com,9999123456,9999123451,9999123452,1,1
MP00009634,MP00009634,2023-09-07,13:58:27,PL006,MIL0149907,x@x.com,9999123456,9999123451,9999123452,1,1
MP00009635,MP00009635,2023-09-07,13:58:27,PL007,MIL0459942,x@x.com,9999123456,9999123451,9999123452,1,1
MP00009636,MP00009636,2023-09-07,13:58:27,PL007,MIL0206800,x@x.com,9999123456,9999123451,9999123452,1,1
MP00009637,MP00009637,2023-09-07,13:58:27,PL001,MIL0503770,x@x.com,9999123456,9999123451,9999123452,1,1
MP00009638,MP00009638,2023-09-07,13:58:27,PL002,MIL0514205,x@x.com,9999123456,9999123451,9999123452,1,1
MP00009639,MP00009639,2023-09-07,13:58:27,PL005,MIL0188324,x@x.com,9999123456,9999123451,9999123452,1,1
MP00009640,MP00009640,2023-09-07,13:58:27,PL008,MIL0318452,x@x.com,9999123456,9999123451,9999123452,1,1
MP00009641,MP00009641,2023-09-07,13:58:27,PL006,MIL0430811,x@x.com,9999123456,9999123451,9999123452,1,1
MP00009642,MP00009642,2023-09-07,13:58:27,PL006,MIL0511786,x@x.com,9999123456,9999123451,9999123452,1,1
MP00009643,MP00009643,2023-09-07,13:58:27,PL007,MIL0342103,x@x.com,9999123456,9999123451,9999123452,1,1
MP00009644,MP00009644,2023-09-07,13:58:27,PL002,MIL0144873,x@x.com,9999123456,9999123451,9999123452,1,1
MP00009645,MP00009645,2023-09-07,13:58:27,PL001,MIL0341698,x@x.com,9999123456,9999123451,9999123452,1,1
MP00009646,MP00009646,2023-09-07,13:58:27,PL009,MIL0305518,x@x.com,9999123456,9999123451,9999123452,1,1
MP00009647,MP00009647,2023-09-07,13:58:27,PL009,MIL0147279,x@x.com,9999123456,9999123451,9999123452,1,1
MP00009648,MP00009648,2023-09-07,13:58:27,PL011,MIL0124346,x@x.com,9999123456,9999123451,9999123452,1,1
MP00009649,MP00009649,2023-09-07,13:58:27,PL010,MIL0271957,x@x.com,9999123456,9999123451,9999123452,1,1
MP00009650,MP00009650,2023-09-07,13:58:27,PL005,MIL0164982,x@x.com,9999123456,9999123451,9999123452,1,1
MP00009651,MP00009651,2023-09-07,13:58:27,PL004,MIL0355852,x@x.com,9999123456,9999123451,9999123452,1,1
MP00009652,MP00009652,2023-09-07,13:58:27,PL013,MIL0162726,x@x.com,9999123456,9999123451,9999123452,1,1
MP00009653,MP00009653,2023-09-07,13:58:27,PL007,MIL0365730,x@x.com,9999123456,9999123451,9999123452,1,1
MP00009654,MP00009654,2023-09-07,13:58:27,PL004,MIL0286408,x@x.com,9999123456,9999123451,9999123452,1,1
MP00009655,MP00009655,2023-09-07,13:58:27,PL013,MIL0243518,x@x.com,9999123456,9999123451,9999123452,1,1
MP00009656,MP00009656,2023-09-07,13:58:27,PL013,MIL0167417,x@x.com,9999123456,9999123451,9999123452,1,1
MP00009657,MP00009657,2023-09-07,13:58:27,PL009,MIL0136947,x@x.com,9999123456,9999123451,9999123452,1,1
MP00009658,MP00009658,2023-09-07,13:58:27,PL009,MIL0229251,x@x.com,9999123456,9999123451,9999123452,1,1
MP00009659,MP00009659,2023-09-07,13:58:27,PL006,MIL0135484,x@x.com,9999123456,9999123451,9999123452,1,1
MP00009660,MP00009660,2023-09-07,13:58:27,PL006,MIL0342122,x@x.com,9999123456,9999123451,9999123452,1,1
MP00009661,MP00009661,2023-09-07,13:58:27,PL001,MIL0300132,x@x.com,9999123456,9999123451,9999123452,1,1
MP00009662,MP00009662,2023-09-07,13:58:27,PL011,MIL0357252,x@x.com,9999123456,9999123451,9999123452,1,1
MP00009663,MP00009663,2023-09-07,13:58:27,PL002,MIL0361788,x@x.com,9999123456,9999123451,9999123452,1,1
MP00009664,MP00009664,2023-09-07,13:58:27,PL001,MIL0175151,x@x.com,9999123456,9999123451,9999123452,1,1
MP00009665,MP00009665,2023-09-07,13:58:27,PL004,MIL0254204,x@x.com,9999123456,9999123451,9999123452,1,1
MP00009666,MP00009666,2023-09-07,13:58:27,PL013,MIL0296865,x@x.com,9999123456,9999123451,9999123452,1,1
MP00009667,MP00009667,2023-09-07,13:58:27,PL005,MIL0313324,x@x.com,9999123456,9999123451,9999123452,1,1
MP00009668,MP00009668,2023-09-07,13:58:27,PL002,MIL0411898,x@x.com,9999123456,9999123451,9999123452,1,1
MP00009669,MP00009669,2023-09-07,13:58:27,PL009,MIL0240871,x@x.com,9999123456,9999123451,9999123452,1,1
MP00009670,MP00009670,2023-09-07,13:58:27,PL002,MIL0573598,x@x.com,9999123456,9999123451,9999123452,1,1
MP00009671,MP00009671,2023-09-07,13:58:27,PL010,MIL0223260,x@x.com,9999123456,9999123451,9999123452,1,1
MP00009672,MP00009672,2023-09-07,13:58:27,PL009,MIL0403939,x@x.com,9999123456,9999123451,9999123452,1,1
MP00009673,MP00009673,2023-09-07,13:58:27,PL002,MIL0447533,x@x.com,9999123456,9999123451,9999123452,1,1
MP00009674,MP00009674,2023-09-07,13:58:27,PL005,MIL0370820,x@x.com,9999123456,9999123451,9999123452,1,1
MP00009675,MP00009675,2023-09-07,13:58:27,PL012,MIL0309918,x@x.com,9999123456,9999123451,9999123452,1,1
MP00009676,MP00009676,2023-09-07,13:58:27,PL010,MIL0224899,x@x.com,9999123456,9999123451,9999123452,1,1
MP00009677,MP00009677,2023-09-07,13:58:27,PL010,MIL0511345,x@x.com,9999123456,9999123451,9999123452,1,1
MP00009678,MP00009678,2023-09-07,13:58:27,PL004,MIL0577212,x@x.com,9999123456,9999123451,9999123452,1,1
MP00009679,MP00009679,2023-09-07,13:58:27,PL006,MIL0064072,x@x.com,9999123456,9999123451,9999123452,1,1
MP00009680,MP00009680,2023-09-07,13:58:27,PL005,MIL0569867,x@x.com,9999123456,9999123451,9999123452,1,1
MP00009681,MP00009681,2023-09-07,13:58:27,PL007,MIL0137312,x@x.com,9999123456,9999123451,9999123452,1,1
MP00009682,MP00009682,2023-09-07,13:58:27,PL004,MIL0501889,x@x.com,9999123456,9999123451,9999123452,1,1
MP00009683,MP00009683,2023-09-07,13:58:27,PL012,MIL0547758,x@x.com,9999123456,9999123451,9999123452,1,1
MP00009684,MP00009684,2023-09-07,13:58:27,PL008,MIL0244633,x@x.com,9999123456,9999123451,9999123452,1,1
MP00009685,MP00009685,2023-09-07,13:58:27,PL008,MIL0464280,x@x.com,9999123456,9999123451,9999123452,1,1
MP00009686,MP00009686,2023-09-07,13:58:27,PL006,MIL0493531,x@x.com,9999123456,9999123451,9999123452,1,1
MP00009687,MP00009687,2023-09-07,13:58:27,PL011,MIL0046917,x@x.com,9999123456,9999123451,9999123452,1,1
MP00009688,MP00009688,2023-09-07,13:58:27,PL006,MIL0353672,x@x.com,9999123456,9999123451,9999123452,1,1
MP00009689,MP00009689,2023-09-07,13:58:27,PL001,MIL0277948,x@x.com,9999123456,9999123451,9999123452,1,1
MP00009690,MP00009690,2023-09-07,13:58:27,PL010,MIL0172215,x@x.com,9999123456,9999123451,9999123452,1,1
MP00009691,MP00009691,2023-09-07,13:58:27,PL006,MIL0544035,x@x.com,9999123456,9999123451,9999123452,1,1
MP00009692,MP00009692,2023-09-07,13:58:27,PL010,MIL0322646,x@x.com,9999123456,9999123451,9999123452,1,1
MP00009693,MP00009693,2023-09-07,13:58:27,PL008,MIL0040393,x@x.com,9999123456,9999123451,9999123452,1,1
MP00009694,MP00009694,2023-09-07,13:58:27,PL003,MIL0526494,x@x.com,9999123456,9999123451,9999123452,1,1
MP00009695,MP00009695,2023-09-07,13:58:27,PL004,MIL0558609,x@x.com,9999123456,9999123451,9999123452,1,1
MP00009696,MP00009696,2023-09-07,13:58:27,PL008,MIL0039513,x@x.com,9999123456,9999123451,9999123452,1,1
MP00009697,MP00009697,2023-09-07,13:58:27,PL009,MIL0494032,x@x.com,9999123456,9999123451,9999123452,1,1
MP00009698,MP00009698,2023-09-07,13:58:27,PL013,MIL0127645,x@x.com,9999123456,9999123451,9999123452,1,1
MP00009699,MP00009699,2023-09-07,13:58:27,PL007,MIL0119038,x@x.com,9999123456,9999123451,9999123452,1,1
MP00009700,MP00009700,2023-09-07,13:58:27,PL002,MIL0451043,x@x.com,9999123456,9999123451,9999123452,1,1
MP00009701,MP00009701,2023-09-07,13:58:27,PL009,MIL0483394,x@x.com,9999123456,9999123451,9999123452,1,1
MP00009702,MP00009702,2023-09-07,13:58:27,PL006,MIL0117009,x@x.com,9999123456,9999123451,9999123452,1,1
MP00009703,MP00009703,2023-09-07,13:58:27,PL010,MIL0055689,x@x.com,9999123456,9999123451,9999123452,1,1
MP00009704,MP00009704,2023-09-07,13:58:27,PL002,MIL0123276,x@x.com,9999123456,9999123451,9999123452,1,1
MP00009705,MP00009705,2023-09-07,13:58:27,PL009,MIL0133596,x@x.com,9999123456,9999123451,9999123452,1,1
MP00009706,MP00009706,2023-09-07,13:58:27,PL007,MIL0315410,x@x.com,9999123456,9999123451,9999123452,1,1
MP00009707,MP00009707,2023-09-07,13:58:27,PL006,MIL0228721,x@x.com,9999123456,9999123451,9999123452,1,1
MP00009708,MP00009708,2023-09-07,13:58:27,PL010,MIL0052876,x@x.com,9999123456,9999123451,9999123452,1,1
MP00009709,MP00009709,2023-09-07,13:58:27,PL012,MIL0271088,x@x.com,9999123456,9999123451,9999123452,1,1
MP00009710,MP00009710,2023-09-07,13:58:27,PL008,MIL0513754,x@x.com,9999123456,9999123451,9999123452,1,1
MP00009711,MP00009711,2023-09-07,13:58:27,PL008,MIL0352453,x@x.com,9999123456,9999123451,9999123452,1,1
MP00009712,MP00009712,2023-09-07,13:58:27,PL003,MIL0539420,x@x.com,9999123456,9999123451,9999123452,1,1
MP00009713,MP00009713,2023-09-07,13:58:27,PL008,MIL0083508,x@x.com,9999123456,9999123451,9999123452,1,1
MP00009714,MP00009714,2023-09-07,13:58:27,PL006,MIL0231501,x@x.com,9999123456,9999123451,9999123452,1,1
MP00009715,MP00009715,2023-09-07,13:58:27,PL009,MIL0477337,x@x.com,9999123456,9999123451,9999123452,1,1
MP00009716,MP00009716,2023-09-07,13:58:27,PL008,MIL0568854,x@x.com,9999123456,9999123451,9999123452,1,1
MP00009717,MP00009717,2023-09-07,13:58:27,PL006,MIL0250316,x@x.com,9999123456,9999123451,9999123452,1,1
MP00009718,MP00009718,2023-09-07,13:58:27,PL010,MIL0255457,x@x.com,9999123456,9999123451,9999123452,1,1
MP00009719,MP00009719,2023-09-07,13:58:27,PL003,MIL0537352,x@x.com,9999123456,9999123451,9999123452,1,1
MP00009720,MP00009720,2023-09-07,13:58:27,PL003,MIL0099658,x@x.com,9999123456,9999123451,9999123452,1,1
MP00009721,MP00009721,2023-09-07,13:58:27,PL002,MIL0452327,x@x.com,9999123456,9999123451,9999123452,1,1
MP00009722,MP00009722,2023-09-07,13:58:27,PL012,MIL0452379,x@x.com,9999123456,9999123451,9999123452,1,1
MP00009723,MP00009723,2023-09-07,13:58:27,PL011,MIL0216314,x@x.com,9999123456,9999123451,9999123452,1,1
MP00009724,MP00009724,2023-09-07,13:58:27,PL005,MIL0064316,x@x.com,9999123456,9999123451,9999123452,1,1
MP00009725,MP00009725,2023-09-07,13:58:27,PL009,MIL0108179,x@x.com,9999123456,9999123451,9999123452,1,1
MP00009726,MP00009726,2023-09-07,13:58:27,PL013,MIL0136037,x@x.com,9999123456,9999123451,9999123452,1,1
MP00009727,MP00009727,2023-09-07,13:58:27,PL005,MIL0180874,x@x.com,9999123456,9999123451,9999123452,1,1
MP00009728,MP00009728,2023-09-07,13:58:27,PL001,MIL0029847,x@x.com,9999123456,9999123451,9999123452,1,1
MP00009729,MP00009729,2023-09-07,13:58:27,PL013,MIL0380187,x@x.com,9999123456,9999123451,9999123452,1,1
MP00009730,MP00009730,2023-09-07,13:58:27,PL001,MIL0416451,x@x.com,9999123456,9999123451,9999123452,1,1
MP00009731,MP00009731,2023-09-07,13:58:27,PL005,MIL0326038,x@x.com,9999123456,9999123451,9999123452,1,1
MP00009732,MP00009732,2023-09-07,13:58:27,PL006,MIL0229374,x@x.com,9999123456,9999123451,9999123452,1,1
MP00009733,MP00009733,2023-09-07,13:58:27,PL010,MIL0146604,x@x.com,9999123456,9999123451,9999123452,1,1
MP00009734,MP00009734,2023-09-07,13:58:27,PL001,MIL0084597,x@x.com,9999123456,9999123451,9999123452,1,1
MP00009735,MP00009735,2023-09-07,13:58:27,PL003,MIL0186457,x@x.com,9999123456,9999123451,9999123452,1,1
MP00009736,MP00009736,2023-09-07,13:58:27,PL004,MIL0173235,x@x.com,9999123456,9999123451,9999123452,1,1
MP00009737,MP00009737,2023-09-07,13:58:27,PL006,MIL0050811,x@x.com,9999123456,9999123451,9999123452,1,1
MP00009738,MP00009738,2023-09-07,13:58:27,PL013,MIL0296556,x@x.com,9999123456,9999123451,9999123452,1,1
MP00009739,MP00009739,2023-09-07,13:58:27,PL010,MIL0264100,x@x.com,9999123456,9999123451,9999123452,1,1
MP00009740,MP00009740,2023-09-07,13:58:27,PL013,MIL0227312,x@x.com,9999123456,9999123451,9999123452,1,1
MP00009741,MP00009741,2023-09-07,13:58:27,PL006,MIL0421528,x@x.com,9999123456,9999123451,9999123452,1,1
MP00009742,MP00009742,2023-09-07,13:58:27,PL005,MIL0240919,x@x.com,9999123456,9999123451,9999123452,1,1
MP00009743,MP00009743,2023-09-07,13:58:27,PL013,MIL0220403,x@x.com,9999123456,9999123451,9999123452,1,1
MP00009744,MP00009744,2023-09-07,13:58:27,PL010,MIL0073577,x@x.com,9999123456,9999123451,9999123452,1,1
MP00009745,MP00009745,2023-09-07,13:58:27,PL008,MIL0340397,x@x.com,9999123456,9999123451,9999123452,1,1
MP00009746,MP00009746,2023-09-07,13:58:27,PL005,MIL0508103,x@x.com,9999123456,9999123451,9999123452,1,1
MP00009747,MP00009747,2023-09-07,13:58:27,PL013,MIL0172341,x@x.com,9999123456,9999123451,9999123452,1,1
MP00009748,MP00009748,2023-09-07,13:58:27,PL005,MIL0273948,x@x.com,9999123456,9999123451,9999123452,1,1
MP00009749,MP00009749,2023-09-07,13:58:27,PL003,MIL0121967,x@x.com,9999123456,9999123451,9999123452,1,1
MP00009750,MP00009750,2023-09-07,13:58:27,PL011,MIL0209274,x@x.com,9999123456,9999123451,9999123452,1,1
MP00009751,MP00009751,2023-09-07,13:58:27,PL003,MIL0399245,x@x.com,9999123456,9999123451,9999123452,1,1
MP00009752,MP00009752,2023-09-07,13:58:27,PL009,MIL0145689,x@x.com,9999123456,9999123451,9999123452,1,1
MP00009753,MP00009753,2023-09-07,13:58:27,PL002,MIL0419289,x@x.com,9999123456,9999123451,9999123452,1,1
MP00009754,MP00009754,2023-09-07,13:58:27,PL002,MIL0354672,x@x.com,9999123456,9999123451,9999123452,1,1
MP00009755,MP00009755,2023-09-07,13:58:27,PL002,MIL0204442,x@x.com,9999123456,9999123451,9999123452,1,1
MP00009756,MP00009756,2023-09-07,13:58:27,PL011,MIL0402819,x@x.com,9999123456,9999123451,9999123452,1,1
MP00009757,MP00009757,2023-09-07,13:58:27,PL009,MIL0398441,x@x.com,9999123456,9999123451,9999123452,1,1
MP00009758,MP00009758,2023-09-07,13:58:27,PL002,MIL0443783,x@x.com,9999123456,9999123451,9999123452,1,1
MP00009759,MP00009759,2023-09-07,13:58:27,PL007,MIL0458142,x@x.com,9999123456,9999123451,9999123452,1,1
MP00009760,MP00009760,2023-09-07,13:58:27,PL012,MIL0359291,x@x.com,9999123456,9999123451,9999123452,1,1
MP00009761,MP00009761,2023-09-07,13:58:27,PL004,MIL0320211,x@x.com,9999123456,9999123451,9999123452,1,1
MP00009762,MP00009762,2023-09-07,13:58:27,PL008,MIL0324846,x@x.com,9999123456,9999123451,9999123452,1,1
MP00009763,MP00009763,2023-09-07,13:58:27,PL004,MIL0450687,x@x.com,9999123456,9999123451,9999123452,1,1
MP00009764,MP00009764,2023-09-07,13:58:27,PL007,MIL0354282,x@x.com,9999123456,9999123451,9999123452,1,1
MP00009765,MP00009765,2023-09-07,13:58:27,PL007,MIL0480360,x@x.com,9999123456,9999123451,9999123452,1,1
MP00009766,MP00009766,2023-09-07,13:58:27,PL001,MIL0038603,x@x.com,9999123456,9999123451,9999123452,1,1
MP00009767,MP00009767,2023-09-07,13:58:27,PL010,MIL0167285,x@x.com,9999123456,9999123451,9999123452,1,1
MP00009768,MP00009768,2023-09-07,13:58:27,PL001,MIL0524524,x@x.com,9999123456,9999123451,9999123452,1,1
MP00009769,MP00009769,2023-09-07,13:58:27,PL005,MIL0044718,x@x.com,9999123456,9999123451,9999123452,1,1
MP00009770,MP00009770,2023-09-07,13:58:27,PL001,MIL0074436,x@x.com,9999123456,9999123451,9999123452,1,1
MP00009771,MP00009771,2023-09-07,13:58:27,PL005,MIL0117592,x@x.com,9999123456,9999123451,9999123452,1,1
MP00009772,MP00009772,2023-09-07,13:58:27,PL010,MIL0577792,x@x.com,9999123456,9999123451,9999123452,1,1
MP00009773,MP00009773,2023-09-07,13:58:27,PL012,MIL0150841,x@x.com,9999123456,9999123451,9999123452,1,1
MP00009774,MP00009774,2023-09-07,13:58:27,PL002,MIL0477965,x@x.com,9999123456,9999123451,9999123452,1,1
MP00009775,MP00009775,2023-09-07,13:58:27,PL006,MIL0137407,x@x.com,9999123456,9999123451,9999123452,1,1
MP00009776,MP00009776,2023-09-07,13:58:27,PL013,MIL0095334,x@x.com,9999123456,9999123451,9999123452,1,1
MP00009777,MP00009777,2023-09-07,13:58:27,PL005,MIL0414054,x@x.com,9999123456,9999123451,9999123452,1,1
MP00009778,MP00009778,2023-09-07,13:58:27,PL003,MIL0315609,x@x.com,9999123456,9999123451,9999123452,1,1
MP00009779,MP00009779,2023-09-07,13:58:27,PL008,MIL0089434,x@x.com,9999123456,9999123451,9999123452,1,1
MP00009780,MP00009780,2023-09-07,13:58:27,PL012,MIL0467751,x@x.com,9999123456,9999123451,9999123452,1,1
MP00009781,MP00009781,2023-09-07,13:58:27,PL005,MIL0483646,x@x.com,9999123456,9999123451,9999123452,1,1
MP00009782,MP00009782,2023-09-07,13:58:27,PL006,MIL0151394,x@x.com,9999123456,9999123451,9999123452,1,1
MP00009783,MP00009783,2023-09-07,13:58:27,PL001,MIL0142589,x@x.com,9999123456,9999123451,9999123452,1,1
MP00009784,MP00009784,2023-09-07,13:58:27,PL003,MIL0098331,x@x.com,9999123456,9999123451,9999123452,1,1
MP00009785,MP00009785,2023-09-07,13:58:27,PL008,MIL0505211,x@x.com,9999123456,9999123451,9999123452,1,1
MP00009786,MP00009786,2023-09-07,13:58:27,PL006,MIL0242745,x@x.com,9999123456,9999123451,9999123452,1,1
MP00009787,MP00009787,2023-09-07,13:58:27,PL008,MIL0485831,x@x.com,9999123456,9999123451,9999123452,1,1
MP00009788,MP00009788,2023-09-07,13:58:27,PL003,MIL0398238,x@x.com,9999123456,9999123451,9999123452,1,1
MP00009789,MP00009789,2023-09-07,13:58:27,PL005,MIL0186771,x@x.com,9999123456,9999123451,9999123452,1,1
MP00009790,MP00009790,2023-09-07,13:58:27,PL012,MIL0030412,x@x.com,9999123456,9999123451,9999123452,1,1
MP00009791,MP00009791,2023-09-07,13:58:27,PL006,MIL0508643,x@x.com,9999123456,9999123451,9999123452,1,1
MP00009792,MP00009792,2023-09-07,13:58:27,PL001,MIL0188952,x@x.com,9999123456,9999123451,9999123452,1,1
MP00009793,MP00009793,2023-09-07,13:58:27,PL011,MIL0026950,x@x.com,9999123456,9999123451,9999123452,1,1
MP00009794,MP00009794,2023-09-07,13:58:27,PL001,MIL0173699,x@x.com,9999123456,9999123451,9999123452,1,1
MP00009795,MP00009795,2023-09-07,13:58:27,PL010,MIL0245656,x@x.com,9999123456,9999123451,9999123452,1,1
MP00009796,MP00009796,2023-09-07,13:58:27,PL003,MIL0389476,x@x.com,9999123456,9999123451,9999123452,1,1
MP00009797,MP00009797,2023-09-07,13:58:27,PL010,MIL0035698,x@x.com,9999123456,9999123451,9999123452,1,1
MP00009798,MP00009798,2023-09-07,13:58:27,PL013,MIL0501109,x@x.com,9999123456,9999123451,9999123452,1,1
MP00009799,MP00009799,2023-09-07,13:58:27,PL005,MIL0191923,x@x.com,9999123456,9999123451,9999123452,1,1
MP00009800,MP00009800,2023-09-07,13:58:27,PL001,MIL0232041,x@x.com,9999123456,9999123451,9999123452,1,1
MP00009801,MP00009801,2023-09-07,13:58:27,PL006,MIL0180133,x@x.com,9999123456,9999123451,9999123452,1,1
MP00009802,MP00009802,2023-09-07,13:58:27,PL003,MIL0040205,x@x.com,9999123456,9999123451,9999123452,1,1
MP00009803,MP00009803,2023-09-07,13:58:27,PL013,MIL0085697,x@x.com,9999123456,9999123451,9999123452,1,1
MP00009804,MP00009804,2023-09-07,13:58:27,PL005,MIL0492155,x@x.com,9999123456,9999123451,9999123452,1,1
MP00009805,MP00009805,2023-09-07,13:58:27,PL005,MIL0397232,x@x.com,9999123456,9999123451,9999123452,1,1
MP00009806,MP00009806,2023-09-07,13:58:27,PL012,MIL0296121,x@x.com,9999123456,9999123451,9999123452,1,1
MP00009807,MP00009807,2023-09-07,13:58:27,PL008,MIL0254809,x@x.com,9999123456,9999123451,9999123452,1,1
MP00009808,MP00009808,2023-09-07,13:58:27,PL002,MIL0193116,x@x.com,9999123456,9999123451,9999123452,1,1
MP00009809,MP00009809,2023-09-07,13:58:27,PL002,MIL0176741,x@x.com,9999123456,9999123451,9999123452,1,1
MP00009810,MP00009810,2023-09-07,13:58:27,PL008,MIL0358657,x@x.com,9999123456,9999123451,9999123452,1,1
MP00009811,MP00009811,2023-09-07,13:58:27,PL011,MIL0442556,x@x.com,9999123456,9999123451,9999123452,1,1
MP00009812,MP00009812,2023-09-07,13:58:27,PL013,MIL0461697,x@x.com,9999123456,9999123451,9999123452,1,1
MP00009813,MP00009813,2023-09-07,13:58:27,PL010,MIL0180063,x@x.com,9999123456,9999123451,9999123452,1,1
MP00009814,MP00009814,2023-09-07,13:58:27,PL011,MIL0228813,x@x.com,9999123456,9999123451,9999123452,1,1
MP00009815,MP00009815,2023-09-07,13:58:27,PL003,MIL0544292,x@x.com,9999123456,9999123451,9999123452,1,1
MP00009816,MP00009816,2023-09-07,13:58:27,PL011,MIL0251171,x@x.com,9999123456,9999123451,9999123452,1,1
MP00009817,MP00009817,2023-09-07,13:58:27,PL001,MIL0057532,x@x.com,9999123456,9999123451,9999123452,1,1
MP00009818,MP00009818,2023-09-07,13:58:27,PL012,MIL0408044,x@x.com,9999123456,9999123451,9999123452,1,1
MP00009819,MP00009819,2023-09-07,13:58:27,PL002,MIL0202847,x@x.com,9999123456,9999123451,9999123452,1,1
MP00009820,MP00009820,2023-09-07,13:58:27,PL006,MIL0448723,x@x.com,9999123456,9999123451,9999123452,1,1
MP00009821,MP00009821,2023-09-07,13:58:27,PL013,MIL0014103,x@x.com,9999123456,9999123451,9999123452,1,1
MP00009822,MP00009822,2023-09-07,13:58:27,PL008,MIL0124263,x@x.com,9999123456,9999123451,9999123452,1,1
MP00009823,MP00009823,2023-09-07,13:58:27,PL007,MIL0254966,x@x.com,9999123456,9999123451,9999123452,1,1
MP00009824,MP00009824,2023-09-07,13:58:27,PL012,MIL0312602,x@x.com,9999123456,9999123451,9999123452,1,1
MP00009825,MP00009825,2023-09-07,13:58:27,PL009,MIL0390819,x@x.com,9999123456,9999123451,9999123452,1,1
MP00009826,MP00009826,2023-09-07,13:58:27,PL003,MIL0458466,x@x.com,9999123456,9999123451,9999123452,1,1
MP00009827,MP00009827,2023-09-07,13:58:27,PL009,MIL0098685,x@x.com,9999123456,9999123451,9999123452,1,1
MP00009828,MP00009828,2023-09-07,13:58:27,PL013,MIL0238253,x@x.com,9999123456,9999123451,9999123452,1,1
MP00009829,MP00009829,2023-09-07,13:58:27,PL012,MIL0353248,x@x.com,9999123456,9999123451,9999123452,1,1
MP00009830,MP00009830,2023-09-07,13:58:27,PL004,MIL0514964,x@x.com,9999123456,9999123451,9999123452,1,1
MP00009831,MP00009831,2023-09-07,13:58:27,PL013,MIL0190312,x@x.com,9999123456,9999123451,9999123452,1,1
MP00009832,MP00009832,2023-09-07,13:58:27,PL004,MIL0136825,x@x.com,9999123456,9999123451,9999123452,1,1
MP00009833,MP00009833,2023-09-07,13:58:27,PL007,MIL0452713,x@x.com,9999123456,9999123451,9999123452,1,1
MP00009834,MP00009834,2023-09-07,13:58:27,PL002,MIL0042468,x@x.com,9999123456,9999123451,9999123452,1,1
MP00009835,MP00009835,2023-09-07,13:58:27,PL008,MIL0391512,x@x.com,9999123456,9999123451,9999123452,1,1
MP00009836,MP00009836,2023-09-07,13:58:27,PL011,MIL0086189,x@x.com,9999123456,9999123451,9999123452,1,1
MP00009837,MP00009837,2023-09-07,13:58:27,PL013,MIL0027687,x@x.com,9999123456,9999123451,9999123452,1,1
MP00009838,MP00009838,2023-09-07,13:58:27,PL002,MIL0012628,x@x.com,9999123456,9999123451,9999123452,1,1
MP00009839,MP00009839,2023-09-07,13:58:27,PL007,MIL0177059,x@x.com,9999123456,9999123451,9999123452,1,1
MP00009840,MP00009840,2023-09-07,13:58:27,PL008,MIL0430324,x@x.com,9999123456,9999123451,9999123452,1,1
MP00009841,MP00009841,2023-09-07,13:58:27,PL013,MIL0562344,x@x.com,9999123456,9999123451,9999123452,1,1
MP00009842,MP00009842,2023-09-07,13:58:27,PL011,MIL0262234,x@x.com,9999123456,9999123451,9999123452,1,1
MP00009843,MP00009843,2023-09-07,13:58:27,PL011,MIL0216764,x@x.com,9999123456,9999123451,9999123452,1,1
MP00009844,MP00009844,2023-09-07,13:58:27,PL004,MIL0089442,x@x.com,9999123456,9999123451,9999123452,1,1
MP00009845,MP00009845,2023-09-07,13:58:27,PL012,MIL0392300,x@x.com,9999123456,9999123451,9999123452,1,1
MP00009846,MP00009846,2023-09-07,13:58:27,PL001,MIL0335899,x@x.com,9999123456,9999123451,9999123452,1,1
MP00009847,MP00009847,2023-09-07,13:58:27,PL001,MIL0063352,x@x.com,9999123456,9999123451,9999123452,1,1
MP00009848,MP00009848,2023-09-07,13:58:27,PL002,MIL0175082,x@x.com,9999123456,9999123451,9999123452,1,1
MP00009849,MP00009849,2023-09-07,13:58:27,PL013,MIL0183840,x@x.com,9999123456,9999123451,9999123452,1,1
MP00009850,MP00009850,2023-09-07,13:58:27,PL002,MIL0580455,x@x.com,9999123456,9999123451,9999123452,1,1
MP00009851,MP00009851,2023-09-07,13:58:27,PL007,MIL0306121,x@x.com,9999123456,9999123451,9999123452,1,1
MP00009852,MP00009852,2023-09-07,13:58:27,PL008,MIL0317628,x@x.com,9999123456,9999123451,9999123452,1,1
MP00009853,MP00009853,2023-09-07,13:58:27,PL012,MIL0222544,x@x.com,9999123456,9999123451,9999123452,1,1
MP00009854,MP00009854,2023-09-07,13:58:27,PL003,MIL0297167,x@x.com,9999123456,9999123451,9999123452,1,1
MP00009855,MP00009855,2023-09-07,13:58:27,PL008,MIL0047041,x@x.com,9999123456,9999123451,9999123452,1,1
MP00009856,MP00009856,2023-09-07,13:58:27,PL012,MIL0258600,x@x.com,9999123456,9999123451,9999123452,1,1
MP00009857,MP00009857,2023-09-07,13:58:27,PL011,MIL0422578,x@x.com,9999123456,9999123451,9999123452,1,1
MP00009858,MP00009858,2023-09-07,13:58:27,PL010,MIL0028145,x@x.com,9999123456,9999123451,9999123452,1,1
MP00009859,MP00009859,2023-09-07,13:58:27,PL013,MIL0344993,x@x.com,9999123456,9999123451,9999123452,1,1
MP00009860,MP00009860,2023-09-07,13:58:27,PL006,MIL0230120,x@x.com,9999123456,9999123451,9999123452,1,1
MP00009861,MP00009861,2023-09-07,13:58:27,PL010,MIL0017739,x@x.com,9999123456,9999123451,9999123452,1,1
MP00009862,MP00009862,2023-09-07,13:58:27,PL012,MIL0459458,x@x.com,9999123456,9999123451,9999123452,1,1
MP00009863,MP00009863,2023-09-07,13:58:27,PL011,MIL0291490,x@x.com,9999123456,9999123451,9999123452,1,1
MP00009864,MP00009864,2023-09-07,13:58:27,PL006,MIL0074136,x@x.com,9999123456,9999123451,9999123452,1,1
MP00009865,MP00009865,2023-09-07,13:58:27,PL008,MIL0567715,x@x.com,9999123456,9999123451,9999123452,1,1
MP00009866,MP00009866,2023-09-07,13:58:27,PL009,MIL0258213,x@x.com,9999123456,9999123451,9999123452,1,1
MP00009867,MP00009867,2023-09-07,13:58:27,PL009,MIL0012374,x@x.com,9999123456,9999123451,9999123452,1,1
MP00009868,MP00009868,2023-09-07,13:58:27,PL001,MIL0213074,x@x.com,9999123456,9999123451,9999123452,1,1
MP00009869,MP00009869,2023-09-07,13:58:27,PL007,MIL0514910,x@x.com,9999123456,9999123451,9999123452,1,1
MP00009870,MP00009870,2023-09-07,13:58:27,PL007,MIL0493761,x@x.com,9999123456,9999123451,9999123452,1,1
MP00009871,MP00009871,2023-09-07,13:58:27,PL008,MIL0132201,x@x.com,9999123456,9999123451,9999123452,1,1
MP00009872,MP00009872,2023-09-07,13:58:27,PL006,MIL0213478,x@x.com,9999123456,9999123451,9999123452,1,1
MP00009873,MP00009873,2023-09-07,13:58:27,PL007,MIL0334901,x@x.com,9999123456,9999123451,9999123452,1,1
MP00009874,MP00009874,2023-09-07,13:58:27,PL007,MIL0316707,x@x.com,9999123456,9999123451,9999123452,1,1
MP00009875,MP00009875,2023-09-07,13:58:27,PL008,MIL0119199,x@x.com,9999123456,9999123451,9999123452,1,1
MP00009876,MP00009876,2023-09-07,13:58:27,PL012,MIL0445357,x@x.com,9999123456,9999123451,9999123452,1,1
MP00009877,MP00009877,2023-09-07,13:58:27,PL001,MIL0491721,x@x.com,9999123456,9999123451,9999123452,1,1
MP00009878,MP00009878,2023-09-07,13:58:27,PL008,MIL0211768,x@x.com,9999123456,9999123451,9999123452,1,1
MP00009879,MP00009879,2023-09-07,13:58:27,PL005,MIL0016373,x@x.com,9999123456,9999123451,9999123452,1,1
MP00009880,MP00009880,2023-09-07,13:58:27,PL001,MIL0331588,x@x.com,9999123456,9999123451,9999123452,1,1
MP00009881,MP00009881,2023-09-07,13:58:27,PL009,MIL0074310,x@x.com,9999123456,9999123451,9999123452,1,1
MP00009882,MP00009882,2023-09-07,13:58:27,PL001,MIL0297568,x@x.com,9999123456,9999123451,9999123452,1,1
MP00009883,MP00009883,2023-09-07,13:58:27,PL004,MIL0426156,x@x.com,9999123456,9999123451,9999123452,1,1
MP00009884,MP00009884,2023-09-07,13:58:27,PL012,MIL0492656,x@x.com,9999123456,9999123451,9999123452,1,1
MP00009885,MP00009885,2023-09-07,13:58:27,PL012,MIL0003681,x@x.com,9999123456,9999123451,9999123452,1,1
MP00009886,MP00009886,2023-09-07,13:58:27,PL013,MIL0094881,x@x.com,9999123456,9999123451,9999123452,1,1
MP00009887,MP00009887,2023-09-07,13:58:27,PL013,MIL0461914,x@x.com,9999123456,9999123451,9999123452,1,1
MP00009888,MP00009888,2023-09-07,13:58:27,PL011,MIL0373530,x@x.com,9999123456,9999123451,9999123452,1,1
MP00009889,MP00009889,2023-09-07,13:58:27,PL010,MIL0420042,x@x.com,9999123456,9999123451,9999123452,1,1
MP00009890,MP00009890,2023-09-07,13:58:27,PL009,MIL0194241,x@x.com,9999123456,9999123451,9999123452,1,1
MP00009891,MP00009891,2023-09-07,13:58:27,PL012,MIL0119688,x@x.com,9999123456,9999123451,9999123452,1,1
MP00009892,MP00009892,2023-09-07,13:58:27,PL010,MIL0135629,x@x.com,9999123456,9999123451,9999123452,1,1
MP00009893,MP00009893,2023-09-07,13:58:27,PL012,MIL0366343,x@x.com,9999123456,9999123451,9999123452,1,1
MP00009894,MP00009894,2023-09-07,13:58:27,PL006,MIL0324273,x@x.com,9999123456,9999123451,9999123452,1,1
MP00009895,MP00009895,2023-09-07,13:58:27,PL007,MIL0218812,x@x.com,9999123456,9999123451,9999123452,1,1
MP00009896,MP00009896,2023-09-07,13:58:27,PL007,MIL0251801,x@x.com,9999123456,9999123451,9999123452,1,1
MP00009897,MP00009897,2023-09-07,13:58:27,PL012,MIL0035482,x@x.com,9999123456,9999123451,9999123452,1,1
MP00009898,MP00009898,2023-09-07,13:58:27,PL001,MIL0022659,x@x.com,9999123456,9999123451,9999123452,1,1
MP00009899,MP00009899,2023-09-07,13:58:27,PL008,MIL0339778,x@x.com,9999123456,9999123451,9999123452,1,1
MP00009900,MP00009900,2023-09-07,13:58:27,PL005,MIL0442800,x@x.com,9999123456,9999123451,9999123452,1,1
MP00009901,MP00009901,2023-09-07,13:58:27,PL002,MIL0289741,x@x.com,9999123456,9999123451,9999123452,1,1
MP00009902,MP00009902,2023-09-07,13:58:27,PL013,MIL0271446,x@x.com,9999123456,9999123451,9999123452,1,1
MP00009903,MP00009903,2023-09-07,13:58:27,PL004,MIL0000201,x@x.com,9999123456,9999123451,9999123452,1,1
MP00009904,MP00009904,2023-09-07,13:58:27,PL002,MIL0566984,x@x.com,9999123456,9999123451,9999123452,1,1
MP00009905,MP00009905,2023-09-07,13:58:27,PL013,MIL0201679,x@x.com,9999123456,9999123451,9999123452,1,1
MP00009906,MP00009906,2023-09-07,13:58:27,PL011,MIL0226246,x@x.com,9999123456,9999123451,9999123452,1,1
MP00009907,MP00009907,2023-09-07,13:58:27,PL013,MIL0320234,x@x.com,9999123456,9999123451,9999123452,1,1
MP00009908,MP00009908,2023-09-07,13:58:27,PL012,MIL0278665,x@x.com,9999123456,9999123451,9999123452,1,1
MP00009909,MP00009909,2023-09-07,13:58:27,PL011,MIL0008075,x@x.com,9999123456,9999123451,9999123452,1,1
MP00009910,MP00009910,2023-09-07,13:58:27,PL010,MIL0229957,x@x.com,9999123456,9999123451,9999123452,1,1
MP00009911,MP00009911,2023-09-07,13:58:27,PL011,MIL0132322,x@x.com,9999123456,9999123451,9999123452,1,1
MP00009912,MP00009912,2023-09-07,13:58:27,PL008,MIL0128854,x@x.com,9999123456,9999123451,9999123452,1,1
MP00009913,MP00009913,2023-09-07,13:58:27,PL013,MIL0331721,x@x.com,9999123456,9999123451,9999123452,1,1
MP00009914,MP00009914,2023-09-07,13:58:27,PL002,MIL0459041,x@x.com,9999123456,9999123451,9999123452,1,1
MP00009915,MP00009915,2023-09-07,13:58:27,PL009,MIL0282428,x@x.com,9999123456,9999123451,9999123452,1,1
MP00009916,MP00009916,2023-09-07,13:58:27,PL011,MIL0508047,x@x.com,9999123456,9999123451,9999123452,1,1
MP00009917,MP00009917,2023-09-07,13:58:27,PL002,MIL0264457,x@x.com,9999123456,9999123451,9999123452,1,1
MP00009918,MP00009918,2023-09-07,13:58:27,PL006,MIL0212011,x@x.com,9999123456,9999123451,9999123452,1,1
MP00009919,MP00009919,2023-09-07,13:58:27,PL012,MIL0243255,x@x.com,9999123456,9999123451,9999123452,1,1
MP00009920,MP00009920,2023-09-07,13:58:27,PL004,MIL0091236,x@x.com,9999123456,9999123451,9999123452,1,1
MP00009921,MP00009921,2023-09-07,13:58:27,PL003,MIL0167365,x@x.com,9999123456,9999123451,9999123452,1,1
MP00009922,MP00009922,2023-09-07,13:58:27,PL008,MIL0017564,x@x.com,9999123456,9999123451,9999123452,1,1
MP00009923,MP00009923,2023-09-07,13:58:27,PL009,MIL0443911,x@x.com,9999123456,9999123451,9999123452,1,1
MP00009924,MP00009924,2023-09-07,13:58:27,PL004,MIL0567636,x@x.com,9999123456,9999123451,9999123452,1,1
MP00009925,MP00009925,2023-09-07,13:58:27,PL004,MIL0230324,x@x.com,9999123456,9999123451,9999123452,1,1
MP00009926,MP00009926,2023-09-07,13:58:27,PL005,MIL0077931,x@x.com,9999123456,9999123451,9999123452,1,1
MP00009927,MP00009927,2023-09-07,13:58:27,PL001,MIL0114586,x@x.com,9999123456,9999123451,9999123452,1,1
MP00009928,MP00009928,2023-09-07,13:58:27,PL013,MIL0143692,x@x.com,9999123456,9999123451,9999123452,1,1
MP00009929,MP00009929,2023-09-07,13:58:27,PL003,MIL0531292,x@x.com,9999123456,9999123451,9999123452,1,1
MP00009930,MP00009930,2023-09-07,13:58:27,PL009,MIL0324775,x@x.com,9999123456,9999123451,9999123452,1,1
MP00009931,MP00009931,2023-09-07,13:58:27,PL010,MIL0394899,x@x.com,9999123456,9999123451,9999123452,1,1
MP00009932,MP00009932,2023-09-07,13:58:27,PL004,MIL0036305,x@x.com,9999123456,9999123451,9999123452,1,1
MP00009933,MP00009933,2023-09-07,13:58:27,PL009,MIL0145459,x@x.com,9999123456,9999123451,9999123452,1,1
MP00009934,MP00009934,2023-09-07,13:58:27,PL001,MIL0304842,x@x.com,9999123456,9999123451,9999123452,1,1
MP00009935,MP00009935,2023-09-07,13:58:27,PL004,MIL0372617,x@x.com,9999123456,9999123451,9999123452,1,1
MP00009936,MP00009936,2023-09-07,13:58:27,PL002,MIL0197671,x@x.com,9999123456,9999123451,9999123452,1,1
MP00009937,MP00009937,2023-09-07,13:58:27,PL012,MIL0274616,x@x.com,9999123456,9999123451,9999123452,1,1
MP00009938,MP00009938,2023-09-07,13:58:27,PL007,MIL0346260,x@x.com,9999123456,9999123451,9999123452,1,1
MP00009939,MP00009939,2023-09-07,13:58:27,PL003,MIL0564263,x@x.com,9999123456,9999123451,9999123452,1,1
MP00009940,MP00009940,2023-09-07,13:58:27,PL007,MIL0516601,x@x.com,9999123456,9999123451,9999123452,1,1
MP00009941,MP00009941,2023-09-07,13:58:27,PL006,MIL0138003,x@x.com,9999123456,9999123451,9999123452,1,1
MP00009942,MP00009942,2023-09-07,13:58:27,PL004,MIL0154285,x@x.com,9999123456,9999123451,9999123452,1,1
MP00009943,MP00009943,2023-09-07,13:58:27,PL012,MIL0214031,x@x.com,9999123456,9999123451,9999123452,1,1
MP00009944,MP00009944,2023-09-07,13:58:27,PL010,MIL0074536,x@x.com,9999123456,9999123451,9999123452,1,1
MP00009945,MP00009945,2023-09-07,13:58:27,PL004,MIL0199154,x@x.com,9999123456,9999123451,9999123452,1,1
MP00009946,MP00009946,2023-09-07,13:58:27,PL008,MIL0199554,x@x.com,9999123456,9999123451,9999123452,1,1
MP00009947,MP00009947,2023-09-07,13:58:27,PL009,MIL0177690,x@x.com,9999123456,9999123451,9999123452,1,1
MP00009948,MP00009948,2023-09-07,13:58:27,PL013,MIL0466947,x@x.com,9999123456,9999123451,9999123452,1,1
MP00009949,MP00009949,2023-09-07,13:58:27,PL005,MIL0518903,x@x.com,9999123456,9999123451,9999123452,1,1
MP00009950,MP00009950,2023-09-07,13:58:27,PL010,MIL0398245,x@x.com,9999123456,9999123451,9999123452,1,1
MP00009951,MP00009951,2023-09-07,13:58:27,PL002,MIL0107760,x@x.com,9999123456,9999123451,9999123452,1,1
MP00009952,MP00009952,2023-09-07,13:58:27,PL012,MIL0526875,x@x.com,9999123456,9999123451,9999123452,1,1
MP00009953,MP00009953,2023-09-07,13:58:27,PL007,MIL0348231,x@x.com,9999123456,9999123451,9999123452,1,1
MP00009954,MP00009954,2023-09-07,13:58:27,PL011,MIL0399909,x@x.com,9999123456,9999123451,9999123452,1,1
MP00009955,MP00009955,2023-09-07,13:58:27,PL004,MIL0174145,x@x.com,9999123456,9999123451,9999123452,1,1
MP00009956,MP00009956,2023-09-07,13:58:27,PL006,MIL0145340,x@x.com,9999123456,9999123451,9999123452,1,1
MP00009957,MP00009957,2023-09-07,13:58:27,PL010,MIL0367808,x@x.com,9999123456,9999123451,9999123452,1,1
MP00009958,MP00009958,2023-09-07,13:58:27,PL007,MIL0486372,x@x.com,9999123456,9999123451,9999123452,1,1
MP00009959,MP00009959,2023-09-07,13:58:27,PL005,MIL0332873,x@x.com,9999123456,9999123451,9999123452,1,1
MP00009960,MP00009960,2023-09-07,13:58:27,PL003,MIL0189609,x@x.com,9999123456,9999123451,9999123452,1,1
MP00009961,MP00009961,2023-09-07,13:58:27,PL004,MIL0560751,x@x.com,9999123456,9999123451,9999123452,1,1
MP00009962,MP00009962,2023-09-07,13:58:27,PL001,MIL0484985,x@x.com,9999123456,9999123451,9999123452,1,1
MP00009963,MP00009963,2023-09-07,13:58:27,PL006,MIL0496140,x@x.com,9999123456,9999123451,9999123452,1,1
MP00009964,MP00009964,2023-09-07,13:58:27,PL001,MIL0365197,x@x.com,9999123456,9999123451,9999123452,1,1
MP00009965,MP00009965,2023-09-07,13:58:27,PL013,MIL0193149,x@x.com,9999123456,9999123451,9999123452,1,1
MP00009966,MP00009966,2023-09-07,13:58:27,PL011,MIL0368529,x@x.com,9999123456,9999123451,9999123452,1,1
MP00009967,MP00009967,2023-09-07,13:58:27,PL010,MIL0072153,x@x.com,9999123456,9999123451,9999123452,1,1
MP00009968,MP00009968,2023-09-07,13:58:27,PL013,MIL0326195,x@x.com,9999123456,9999123451,9999123452,1,1
MP00009969,MP00009969,2023-09-07,13:58:27,PL007,MIL0454019,x@x.com,9999123456,9999123451,9999123452,1,1
MP00009970,MP00009970,2023-09-07,13:58:27,PL008,MIL0350760,x@x.com,9999123456,9999123451,9999123452,1,1
MP00009971,MP00009971,2023-09-07,13:58:27,PL001,MIL0410293,x@x.com,9999123456,9999123451,9999123452,1,1
MP00009972,MP00009972,2023-09-07,13:58:27,PL004,MIL0517135,x@x.com,9999123456,9999123451,9999123452,1,1
MP00009973,MP00009973,2023-09-07,13:58:27,PL011,MIL0159121,x@x.com,9999123456,9999123451,9999123452,1,1
MP00009974,MP00009974,2023-09-07,13:58:27,PL011,MIL0440055,x@x.com,9999123456,9999123451,9999123452,1,1
MP00009975,MP00009975,2023-09-07,13:58:27,PL006,MIL0068177,x@x.com,9999123456,9999123451,9999123452,1,1
MP00009976,MP00009976,2023-09-07,13:58:27,PL010,MIL0116775,x@x.com,9999123456,9999123451,9999123452,1,1
MP00009977,MP00009977,2023-09-07,13:58:27,PL004,MIL0018236,x@x.com,9999123456,9999123451,9999123452,1,1
MP00009978,MP00009978,2023-09-07,13:58:27,PL002,MIL0373547,x@x.com,9999123456,9999123451,9999123452,1,1
MP00009979,MP00009979,2023-09-07,13:58:27,PL002,MIL0363704,x@x.com,9999123456,9999123451,9999123452,1,1
MP00009980,MP00009980,2023-09-07,13:58:27,PL008,MIL0428594,x@x.com,9999123456,9999123451,9999123452,1,1
MP00009981,MP00009981,2023-09-07,13:58:27,PL012,MIL0389322,x@x.com,9999123456,9999123451,9999123452,1,1
MP00009982,MP00009982,2023-09-07,13:58:27,PL001,MIL0290362,x@x.com,9999123456,9999123451,9999123452,1,1
MP00009983,MP00009983,2023-09-07,13:58:27,PL008,MIL0006215,x@x.com,9999123456,9999123451,9999123452,1,1
MP00009984,MP00009984,2023-09-07,13:58:27,PL008,MIL0441652,x@x.com,9999123456,9999123451,9999123452,1,1
MP00009985,MP00009985,2023-09-07,13:58:27,PL013,MIL0497875,x@x.com,9999123456,9999123451,9999123452,1,1
MP00009986,MP00009986,2023-09-07,13:58:27,PL007,MIL0440361,x@x.com,9999123456,9999123451,9999123452,1,1
MP00009987,MP00009987,2023-09-07,13:58:27,PL002,MIL0553970,x@x.com,9999123456,9999123451,9999123452,1,1
MP00009988,MP00009988,2023-09-07,13:58:27,PL013,MIL0144126,x@x.com,9999123456,9999123451,9999123452,1,1
MP00009989,MP00009989,2023-09-07,13:58:27,PL006,MIL0448383,x@x.com,9999123456,9999123451,9999123452,1,1
MP00009990,MP00009990,2023-09-07,13:58:27,PL005,MIL0218649,x@x.com,9999123456,9999123451,9999123452,1,1
