clave,folio,fecha,hora,clave_partido_legado,clave_ciudadano,correo_electronico,whatsapp,telefono,celular,obseravaciones,status
clave,folio,fecha,hora,clave_partido_legado,clave_ciudadano,correo_electronico,whatsapp,telefono,celular,obseravaciones,status
MP00017983,MP00017983,2023-09-07,13:58:27,PL003,MIL0109487,x@x.com,9999123456,9999123451,9999123452,1,1
MP00017984,MP00017984,2023-09-07,13:58:27,PL001,MIL0491107,x@x.com,9999123456,9999123451,9999123452,1,1
MP00017985,MP00017985,2023-09-07,13:58:27,PL013,MIL0422236,x@x.com,9999123456,9999123451,9999123452,1,1
MP00017986,MP00017986,2023-09-07,13:58:27,PL006,MIL0510385,x@x.com,9999123456,9999123451,9999123452,1,1
MP00017987,MP00017987,2023-09-07,13:58:27,PL002,MIL0373088,x@x.com,9999123456,9999123451,9999123452,1,1
MP00017988,MP00017988,2023-09-07,13:58:27,PL009,MIL0080612,x@x.com,9999123456,9999123451,9999123452,1,1
MP00017989,MP00017989,2023-09-07,13:58:27,PL002,MIL0077411,x@x.com,9999123456,9999123451,9999123452,1,1
MP00017990,MP00017990,2023-09-07,13:58:27,PL011,MIL0072098,x@x.com,9999123456,9999123451,9999123452,1,1
MP00017991,MP00017991,2023-09-07,13:58:27,PL006,MIL0459562,x@x.com,9999123456,9999123451,9999123452,1,1
MP00017992,MP00017992,2023-09-07,13:58:27,PL010,MIL0069193,x@x.com,9999123456,9999123451,9999123452,1,1
MP00017993,MP00017993,2023-09-07,13:58:27,PL004,MIL0255973,x@x.com,9999123456,9999123451,9999123452,1,1
MP00017994,MP00017994,2023-09-07,13:58:27,PL001,MIL0271083,x@x.com,9999123456,9999123451,9999123452,1,1
MP00017995,MP00017995,2023-09-07,13:58:27,PL012,MIL0273903,x@x.com,9999123456,9999123451,9999123452,1,1
MP00017996,MP00017996,2023-09-07,13:58:27,PL003,MIL0131952,x@x.com,9999123456,9999123451,9999123452,1,1
MP00017997,MP00017997,2023-09-07,13:58:27,PL013,MIL0551678,x@x.com,9999123456,9999123451,9999123452,1,1
MP00017998,MP00017998,2023-09-07,13:58:27,PL004,MIL0003308,x@x.com,9999123456,9999123451,9999123452,1,1
MP00017999,MP00017999,2023-09-07,13:58:27,PL010,MIL0508729,x@x.com,9999123456,9999123451,9999123452,1,1
MP00018000,MP00018000,2023-09-07,13:58:27,PL008,MIL0035571,x@x.com,9999123456,9999123451,9999123452,1,1
MP00018001,MP00018001,2023-09-07,13:58:27,PL003,MIL0306012,x@x.com,9999123456,9999123451,9999123452,1,1
MP00018002,MP00018002,2023-09-07,13:58:27,PL010,MIL0237299,x@x.com,9999123456,9999123451,9999123452,1,1
MP00018003,MP00018003,2023-09-07,13:58:27,PL008,MIL0226726,x@x.com,9999123456,9999123451,9999123452,1,1
MP00018004,MP00018004,2023-09-07,13:58:27,PL012,MIL0098575,x@x.com,9999123456,9999123451,9999123452,1,1
MP00018005,MP00018005,2023-09-07,13:58:27,PL008,MIL0391209,x@x.com,9999123456,9999123451,9999123452,1,1
MP00018006,MP00018006,2023-09-07,13:58:27,PL002,MIL0199160,x@x.com,9999123456,9999123451,9999123452,1,1
MP00018007,MP00018007,2023-09-07,13:58:27,PL003,MIL0086682,x@x.com,9999123456,9999123451,9999123452,1,1
MP00018008,MP00018008,2023-09-07,13:58:27,PL009,MIL0414570,x@x.com,9999123456,9999123451,9999123452,1,1
MP00018009,MP00018009,2023-09-07,13:58:27,PL011,MIL0362277,x@x.com,9999123456,9999123451,9999123452,1,1
MP00018010,MP00018010,2023-09-07,13:58:27,PL004,MIL0237304,x@x.com,9999123456,9999123451,9999123452,1,1
MP00018011,MP00018011,2023-09-07,13:58:27,PL011,MIL0459550,x@x.com,9999123456,9999123451,9999123452,1,1
MP00018012,MP00018012,2023-09-07,13:58:27,PL009,MIL0440830,x@x.com,9999123456,9999123451,9999123452,1,1
MP00018013,MP00018013,2023-09-07,13:58:27,PL012,MIL0538351,x@x.com,9999123456,9999123451,9999123452,1,1
MP00018014,MP00018014,2023-09-07,13:58:27,PL013,MIL0219620,x@x.com,9999123456,9999123451,9999123452,1,1
MP00018015,MP00018015,2023-09-07,13:58:27,PL002,MIL0356642,x@x.com,9999123456,9999123451,9999123452,1,1
MP00018016,MP00018016,2023-09-07,13:58:27,PL009,MIL0145845,x@x.com,9999123456,9999123451,9999123452,1,1
MP00018017,MP00018017,2023-09-07,13:58:27,PL009,MIL0409960,x@x.com,9999123456,9999123451,9999123452,1,1
MP00018018,MP00018018,2023-09-07,13:58:27,PL012,MIL0392526,x@x.com,9999123456,9999123451,9999123452,1,1
MP00018019,MP00018019,2023-09-07,13:58:27,PL012,MIL0012519,x@x.com,9999123456,9999123451,9999123452,1,1
MP00018020,MP00018020,2023-09-07,13:58:27,PL009,MIL0055027,x@x.com,9999123456,9999123451,9999123452,1,1
MP00018021,MP00018021,2023-09-07,13:58:27,PL012,MIL0577861,x@x.com,9999123456,9999123451,9999123452,1,1
MP00018022,MP00018022,2023-09-07,13:58:27,PL013,MIL0116811,x@x.com,9999123456,9999123451,9999123452,1,1
MP00018023,MP00018023,2023-09-07,13:58:27,PL011,MIL0139731,x@x.com,9999123456,9999123451,9999123452,1,1
MP00018024,MP00018024,2023-09-07,13:58:27,PL009,MIL0181844,x@x.com,9999123456,9999123451,9999123452,1,1
MP00018025,MP00018025,2023-09-07,13:58:27,PL012,MIL0155626,x@x.com,9999123456,9999123451,9999123452,1,1
MP00018026,MP00018026,2023-09-07,13:58:27,PL001,MIL0217938,x@x.com,9999123456,9999123451,9999123452,1,1
MP00018027,MP00018027,2023-09-07,13:58:27,PL008,MIL0266487,x@x.com,9999123456,9999123451,9999123452,1,1
MP00018028,MP00018028,2023-09-07,13:58:27,PL010,MIL0184169,x@x.com,9999123456,9999123451,9999123452,1,1
MP00018029,MP00018029,2023-09-07,13:58:27,PL007,MIL0322207,x@x.com,9999123456,9999123451,9999123452,1,1
MP00018030,MP00018030,2023-09-07,13:58:27,PL010,MIL0158299,x@x.com,9999123456,9999123451,9999123452,1,1
MP00018031,MP00018031,2023-09-07,13:58:27,PL006,MIL0023652,x@x.com,9999123456,9999123451,9999123452,1,1
MP00018032,MP00018032,2023-09-07,13:58:27,PL004,MIL0004937,x@x.com,9999123456,9999123451,9999123452,1,1
MP00018033,MP00018033,2023-09-07,13:58:27,PL006,MIL0496470,x@x.com,9999123456,9999123451,9999123452,1,1
MP00018034,MP00018034,2023-09-07,13:58:27,PL011,MIL0255440,x@x.com,9999123456,9999123451,9999123452,1,1
MP00018035,MP00018035,2023-09-07,13:58:27,PL005,MIL0223674,x@x.com,9999123456,9999123451,9999123452,1,1
MP00018036,MP00018036,2023-09-07,13:58:27,PL013,MIL0370183,x@x.com,9999123456,9999123451,9999123452,1,1
MP00018037,MP00018037,2023-09-07,13:58:27,PL011,MIL0397023,x@x.com,9999123456,9999123451,9999123452,1,1
MP00018038,MP00018038,2023-09-07,13:58:27,PL002,MIL0568979,x@x.com,9999123456,9999123451,9999123452,1,1
MP00018039,MP00018039,2023-09-07,13:58:27,PL008,MIL0449530,x@x.com,9999123456,9999123451,9999123452,1,1
MP00018040,MP00018040,2023-09-07,13:58:27,PL010,MIL0476605,x@x.com,9999123456,9999123451,9999123452,1,1
MP00018041,MP00018041,2023-09-07,13:58:27,PL001,MIL0417094,x@x.com,9999123456,9999123451,9999123452,1,1
MP00018042,MP00018042,2023-09-07,13:58:27,PL002,MIL0086076,x@x.com,9999123456,9999123451,9999123452,1,1
MP00018043,MP00018043,2023-09-07,13:58:27,PL009,MIL0151615,x@x.com,9999123456,9999123451,9999123452,1,1
MP00018044,MP00018044,2023-09-07,13:58:27,PL007,MIL0116711,x@x.com,9999123456,9999123451,9999123452,1,1
MP00018045,MP00018045,2023-09-07,13:58:27,PL011,MIL0170675,x@x.com,9999123456,9999123451,9999123452,1,1
MP00018046,MP00018046,2023-09-07,13:58:27,PL007,MIL0457687,x@x.com,9999123456,9999123451,9999123452,1,1
MP00018047,MP00018047,2023-09-07,13:58:27,PL011,MIL0006886,x@x.com,9999123456,9999123451,9999123452,1,1
MP00018048,MP00018048,2023-09-07,13:58:27,PL009,MIL0493206,x@x.com,9999123456,9999123451,9999123452,1,1
MP00018049,MP00018049,2023-09-07,13:58:27,PL005,MIL0226612,x@x.com,9999123456,9999123451,9999123452,1,1
MP00018050,MP00018050,2023-09-07,13:58:27,PL011,MIL0150694,x@x.com,9999123456,9999123451,9999123452,1,1
MP00018051,MP00018051,2023-09-07,13:58:27,PL008,MIL0400910,x@x.com,9999123456,9999123451,9999123452,1,1
MP00018052,MP00018052,2023-09-07,13:58:27,PL010,MIL0068337,x@x.com,9999123456,9999123451,9999123452,1,1
MP00018053,MP00018053,2023-09-07,13:58:27,PL011,MIL0215257,x@x.com,9999123456,9999123451,9999123452,1,1
MP00018054,MP00018054,2023-09-07,13:58:27,PL001,MIL0276523,x@x.com,9999123456,9999123451,9999123452,1,1
MP00018055,MP00018055,2023-09-07,13:58:27,PL012,MIL0235019,x@x.com,9999123456,9999123451,9999123452,1,1
MP00018056,MP00018056,2023-09-07,13:58:27,PL004,MIL0531118,x@x.com,9999123456,9999123451,9999123452,1,1
MP00018057,MP00018057,2023-09-07,13:58:27,PL006,MIL0376701,x@x.com,9999123456,9999123451,9999123452,1,1
MP00018058,MP00018058,2023-09-07,13:58:27,PL006,MIL0122978,x@x.com,9999123456,9999123451,9999123452,1,1
MP00018059,MP00018059,2023-09-07,13:58:27,PL004,MIL0400695,x@x.com,9999123456,9999123451,9999123452,1,1
MP00018060,MP00018060,2023-09-07,13:58:27,PL003,MIL0300837,x@x.com,9999123456,9999123451,9999123452,1,1
MP00018061,MP00018061,2023-09-07,13:58:27,PL010,MIL0320867,x@x.com,9999123456,9999123451,9999123452,1,1
MP00018062,MP00018062,2023-09-07,13:58:27,PL007,MIL0524015,x@x.com,9999123456,9999123451,9999123452,1,1
MP00018063,MP00018063,2023-09-07,13:58:27,PL002,MIL0529294,x@x.com,9999123456,9999123451,9999123452,1,1
MP00018064,MP00018064,2023-09-07,13:58:27,PL001,MIL0173638,x@x.com,9999123456,9999123451,9999123452,1,1
MP00018065,MP00018065,2023-09-07,13:58:27,PL001,MIL0534136,x@x.com,9999123456,9999123451,9999123452,1,1
MP00018066,MP00018066,2023-09-07,13:58:27,PL008,MIL0076793,x@x.com,9999123456,9999123451,9999123452,1,1
MP00018067,MP00018067,2023-09-07,13:58:27,PL013,MIL0048428,x@x.com,9999123456,9999123451,9999123452,1,1
MP00018068,MP00018068,2023-09-07,13:58:27,PL009,MIL0207824,x@x.com,9999123456,9999123451,9999123452,1,1
MP00018069,MP00018069,2023-09-07,13:58:27,PL004,MIL0540188,x@x.com,9999123456,9999123451,9999123452,1,1
MP00018070,MP00018070,2023-09-07,13:58:27,PL006,MIL0032347,x@x.com,9999123456,9999123451,9999123452,1,1
MP00018071,MP00018071,2023-09-07,13:58:27,PL005,MIL0427823,x@x.com,9999123456,9999123451,9999123452,1,1
MP00018072,MP00018072,2023-09-07,13:58:27,PL013,MIL0566235,x@x.com,9999123456,9999123451,9999123452,1,1
MP00018073,MP00018073,2023-09-07,13:58:27,PL005,MIL0085206,x@x.com,9999123456,9999123451,9999123452,1,1
MP00018074,MP00018074,2023-09-07,13:58:27,PL003,MIL0541520,x@x.com,9999123456,9999123451,9999123452,1,1
MP00018075,MP00018075,2023-09-07,13:58:27,PL002,MIL0219121,x@x.com,9999123456,9999123451,9999123452,1,1
MP00018076,MP00018076,2023-09-07,13:58:27,PL001,MIL0395103,x@x.com,9999123456,9999123451,9999123452,1,1
MP00018077,MP00018077,2023-09-07,13:58:27,PL011,MIL0288424,x@x.com,9999123456,9999123451,9999123452,1,1
MP00018078,MP00018078,2023-09-07,13:58:27,PL005,MIL0301404,x@x.com,9999123456,9999123451,9999123452,1,1
MP00018079,MP00018079,2023-09-07,13:58:27,PL007,MIL0023789,x@x.com,9999123456,9999123451,9999123452,1,1
MP00018080,MP00018080,2023-09-07,13:58:27,PL001,MIL0199080,x@x.com,9999123456,9999123451,9999123452,1,1
MP00018081,MP00018081,2023-09-07,13:58:27,PL001,MIL0302833,x@x.com,9999123456,9999123451,9999123452,1,1
MP00018082,MP00018082,2023-09-07,13:58:27,PL001,MIL0568859,x@x.com,9999123456,9999123451,9999123452,1,1
MP00018083,MP00018083,2023-09-07,13:58:27,PL011,MIL0344204,x@x.com,9999123456,9999123451,9999123452,1,1
MP00018084,MP00018084,2023-09-07,13:58:27,PL009,MIL0008703,x@x.com,9999123456,9999123451,9999123452,1,1
MP00018085,MP00018085,2023-09-07,13:58:27,PL002,MIL0268264,x@x.com,9999123456,9999123451,9999123452,1,1
MP00018086,MP00018086,2023-09-07,13:58:27,PL008,MIL0003094,x@x.com,9999123456,9999123451,9999123452,1,1
MP00018087,MP00018087,2023-09-07,13:58:27,PL004,MIL0034161,x@x.com,9999123456,9999123451,9999123452,1,1
MP00018088,MP00018088,2023-09-07,13:58:27,PL009,MIL0265853,x@x.com,9999123456,9999123451,9999123452,1,1
MP00018089,MP00018089,2023-09-07,13:58:27,PL003,MIL0470794,x@x.com,9999123456,9999123451,9999123452,1,1
MP00018090,MP00018090,2023-09-07,13:58:27,PL012,MIL0294655,x@x.com,9999123456,9999123451,9999123452,1,1
MP00018091,MP00018091,2023-09-07,13:58:27,PL004,MIL0069223,x@x.com,9999123456,9999123451,9999123452,1,1
MP00018092,MP00018092,2023-09-07,13:58:27,PL002,MIL0143703,x@x.com,9999123456,9999123451,9999123452,1,1
MP00018093,MP00018093,2023-09-07,13:58:27,PL008,MIL0047845,x@x.com,9999123456,9999123451,9999123452,1,1
MP00018094,MP00018094,2023-09-07,13:58:27,PL013,MIL0452723,x@x.com,9999123456,9999123451,9999123452,1,1
MP00018095,MP00018095,2023-09-07,13:58:27,PL011,MIL0298828,x@x.com,9999123456,9999123451,9999123452,1,1
MP00018096,MP00018096,2023-09-07,13:58:27,PL007,MIL0152164,x@x.com,9999123456,9999123451,9999123452,1,1
MP00018097,MP00018097,2023-09-07,13:58:27,PL005,MIL0347344,x@x.com,9999123456,9999123451,9999123452,1,1
MP00018098,MP00018098,2023-09-07,13:58:27,PL005,MIL0049676,x@x.com,9999123456,9999123451,9999123452,1,1
MP00018099,MP00018099,2023-09-07,13:58:27,PL012,MIL0229460,x@x.com,9999123456,9999123451,9999123452,1,1
MP00018100,MP00018100,2023-09-07,13:58:27,PL003,MIL0492228,x@x.com,9999123456,9999123451,9999123452,1,1
MP00018101,MP00018101,2023-09-07,13:58:27,PL013,MIL0449367,x@x.com,9999123456,9999123451,9999123452,1,1
MP00018102,MP00018102,2023-09-07,13:58:27,PL003,MIL0513702,x@x.com,9999123456,9999123451,9999123452,1,1
MP00018103,MP00018103,2023-09-07,13:58:27,PL012,MIL0054630,x@x.com,9999123456,9999123451,9999123452,1,1
MP00018104,MP00018104,2023-09-07,13:58:27,PL001,MIL0179592,x@x.com,9999123456,9999123451,9999123452,1,1
MP00018105,MP00018105,2023-09-07,13:58:27,PL009,MIL0212245,x@x.com,9999123456,9999123451,9999123452,1,1
MP00018106,MP00018106,2023-09-07,13:58:27,PL013,MIL0020000,x@x.com,9999123456,9999123451,9999123452,1,1
MP00018107,MP00018107,2023-09-07,13:58:27,PL012,MIL0144674,x@x.com,9999123456,9999123451,9999123452,1,1
MP00018108,MP00018108,2023-09-07,13:58:27,PL007,MIL0284127,x@x.com,9999123456,9999123451,9999123452,1,1
MP00018109,MP00018109,2023-09-07,13:58:27,PL006,MIL0168497,x@x.com,9999123456,9999123451,9999123452,1,1
MP00018110,MP00018110,2023-09-07,13:58:27,PL010,MIL0421586,x@x.com,9999123456,9999123451,9999123452,1,1
MP00018111,MP00018111,2023-09-07,13:58:27,PL001,MIL0349743,x@x.com,9999123456,9999123451,9999123452,1,1
MP00018112,MP00018112,2023-09-07,13:58:27,PL004,MIL0180344,x@x.com,9999123456,9999123451,9999123452,1,1
MP00018113,MP00018113,2023-09-07,13:58:27,PL009,MIL0285334,x@x.com,9999123456,9999123451,9999123452,1,1
MP00018114,MP00018114,2023-09-07,13:58:27,PL005,MIL0255393,x@x.com,9999123456,9999123451,9999123452,1,1
MP00018115,MP00018115,2023-09-07,13:58:27,PL007,MIL0233028,x@x.com,9999123456,9999123451,9999123452,1,1
MP00018116,MP00018116,2023-09-07,13:58:27,PL001,MIL0248208,x@x.com,9999123456,9999123451,9999123452,1,1
MP00018117,MP00018117,2023-09-07,13:58:27,PL013,MIL0409383,x@x.com,9999123456,9999123451,9999123452,1,1
MP00018118,MP00018118,2023-09-07,13:58:27,PL004,MIL0245027,x@x.com,9999123456,9999123451,9999123452,1,1
MP00018119,MP00018119,2023-09-07,13:58:27,PL011,MIL0152228,x@x.com,9999123456,9999123451,9999123452,1,1
MP00018120,MP00018120,2023-09-07,13:58:27,PL008,MIL0273164,x@x.com,9999123456,9999123451,9999123452,1,1
MP00018121,MP00018121,2023-09-07,13:58:27,PL001,MIL0040318,x@x.com,9999123456,9999123451,9999123452,1,1
MP00018122,MP00018122,2023-09-07,13:58:27,PL002,MIL0366283,x@x.com,9999123456,9999123451,9999123452,1,1
MP00018123,MP00018123,2023-09-07,13:58:27,PL006,MIL0017761,x@x.com,9999123456,9999123451,9999123452,1,1
MP00018124,MP00018124,2023-09-07,13:58:27,PL002,MIL0489702,x@x.com,9999123456,9999123451,9999123452,1,1
MP00018125,MP00018125,2023-09-07,13:58:27,PL001,MIL0500764,x@x.com,9999123456,9999123451,9999123452,1,1
MP00018126,MP00018126,2023-09-07,13:58:27,PL010,MIL0230439,x@x.com,9999123456,9999123451,9999123452,1,1
MP00018127,MP00018127,2023-09-07,13:58:27,PL005,MIL0359621,x@x.com,9999123456,9999123451,9999123452,1,1
MP00018128,MP00018128,2023-09-07,13:58:27,PL008,MIL0333169,x@x.com,9999123456,9999123451,9999123452,1,1
MP00018129,MP00018129,2023-09-07,13:58:27,PL009,MIL0005854,x@x.com,9999123456,9999123451,9999123452,1,1
MP00018130,MP00018130,2023-09-07,13:58:27,PL010,MIL0525824,x@x.com,9999123456,9999123451,9999123452,1,1
MP00018131,MP00018131,2023-09-07,13:58:27,PL005,MIL0273821,x@x.com,9999123456,9999123451,9999123452,1,1
MP00018132,MP00018132,2023-09-07,13:58:27,PL008,MIL0002692,x@x.com,9999123456,9999123451,9999123452,1,1
MP00018133,MP00018133,2023-09-07,13:58:27,PL006,MIL0098666,x@x.com,9999123456,9999123451,9999123452,1,1
MP00018134,MP00018134,2023-09-07,13:58:27,PL003,MIL0367541,x@x.com,9999123456,9999123451,9999123452,1,1
MP00018135,MP00018135,2023-09-07,13:58:27,PL004,MIL0192392,x@x.com,9999123456,9999123451,9999123452,1,1
MP00018136,MP00018136,2023-09-07,13:58:27,PL011,MIL0080821,x@x.com,9999123456,9999123451,9999123452,1,1
MP00018137,MP00018137,2023-09-07,13:58:27,PL009,MIL0558918,x@x.com,9999123456,9999123451,9999123452,1,1
MP00018138,MP00018138,2023-09-07,13:58:27,PL012,MIL0239634,x@x.com,9999123456,9999123451,9999123452,1,1
MP00018139,MP00018139,2023-09-07,13:58:27,PL001,MIL0249675,x@x.com,9999123456,9999123451,9999123452,1,1
MP00018140,MP00018140,2023-09-07,13:58:27,PL012,MIL0448671,x@x.com,9999123456,9999123451,9999123452,1,1
MP00018141,MP00018141,2023-09-07,13:58:27,PL001,MIL0427967,x@x.com,9999123456,9999123451,9999123452,1,1
MP00018142,MP00018142,2023-09-07,13:58:27,PL005,MIL0412329,x@x.com,9999123456,9999123451,9999123452,1,1
MP00018143,MP00018143,2023-09-07,13:58:27,PL001,MIL0077153,x@x.com,9999123456,9999123451,9999123452,1,1
MP00018144,MP00018144,2023-09-07,13:58:27,PL011,MIL0560719,x@x.com,9999123456,9999123451,9999123452,1,1
MP00018145,MP00018145,2023-09-07,13:58:27,PL011,MIL0059582,x@x.com,9999123456,9999123451,9999123452,1,1
MP00018146,MP00018146,2023-09-07,13:58:27,PL010,MIL0257828,x@x.com,9999123456,9999123451,9999123452,1,1
MP00018147,MP00018147,2023-09-07,13:58:27,PL010,MIL0156303,x@x.com,9999123456,9999123451,9999123452,1,1
MP00018148,MP00018148,2023-09-07,13:58:27,PL013,MIL0124372,x@x.com,9999123456,9999123451,9999123452,1,1
MP00018149,MP00018149,2023-09-07,13:58:27,PL007,MIL0539634,x@x.com,9999123456,9999123451,9999123452,1,1
MP00018150,MP00018150,2023-09-07,13:58:27,PL013,MIL0362619,x@x.com,9999123456,9999123451,9999123452,1,1
MP00018151,MP00018151,2023-09-07,13:58:27,PL001,MIL0295087,x@x.com,9999123456,9999123451,9999123452,1,1
MP00018152,MP00018152,2023-09-07,13:58:27,PL011,MIL0478697,x@x.com,9999123456,9999123451,9999123452,1,1
MP00018153,MP00018153,2023-09-07,13:58:27,PL007,MIL0183344,x@x.com,9999123456,9999123451,9999123452,1,1
MP00018154,MP00018154,2023-09-07,13:58:27,PL002,MIL0193955,x@x.com,9999123456,9999123451,9999123452,1,1
MP00018155,MP00018155,2023-09-07,13:58:27,PL008,MIL0356053,x@x.com,9999123456,9999123451,9999123452,1,1
MP00018156,MP00018156,2023-09-07,13:58:27,PL002,MIL0204771,x@x.com,9999123456,9999123451,9999123452,1,1
MP00018157,MP00018157,2023-09-07,13:58:27,PL012,MIL0323103,x@x.com,9999123456,9999123451,9999123452,1,1
MP00018158,MP00018158,2023-09-07,13:58:27,PL005,MIL0530452,x@x.com,9999123456,9999123451,9999123452,1,1
MP00018159,MP00018159,2023-09-07,13:58:27,PL004,MIL0070692,x@x.com,9999123456,9999123451,9999123452,1,1
MP00018160,MP00018160,2023-09-07,13:58:27,PL008,MIL0547257,x@x.com,9999123456,9999123451,9999123452,1,1
MP00018161,MP00018161,2023-09-07,13:58:27,PL010,MIL0297749,x@x.com,9999123456,9999123451,9999123452,1,1
MP00018162,MP00018162,2023-09-07,13:58:27,PL006,MIL0551618,x@x.com,9999123456,9999123451,9999123452,1,1
MP00018163,MP00018163,2023-09-07,13:58:27,PL004,MIL0370004,x@x.com,9999123456,9999123451,9999123452,1,1
MP00018164,MP00018164,2023-09-07,13:58:27,PL007,MIL0193645,x@x.com,9999123456,9999123451,9999123452,1,1
MP00018165,MP00018165,2023-09-07,13:58:27,PL002,MIL0303291,x@x.com,9999123456,9999123451,9999123452,1,1
MP00018166,MP00018166,2023-09-07,13:58:27,PL012,MIL0059965,x@x.com,9999123456,9999123451,9999123452,1,1
MP00018167,MP00018167,2023-09-07,13:58:27,PL009,MIL0083974,x@x.com,9999123456,9999123451,9999123452,1,1
MP00018168,MP00018168,2023-09-07,13:58:27,PL005,MIL0575922,x@x.com,9999123456,9999123451,9999123452,1,1
MP00018169,MP00018169,2023-09-07,13:58:27,PL012,MIL0433314,x@x.com,9999123456,9999123451,9999123452,1,1
MP00018170,MP00018170,2023-09-07,13:58:27,PL002,MIL0305132,x@x.com,9999123456,9999123451,9999123452,1,1
MP00018171,MP00018171,2023-09-07,13:58:27,PL004,MIL0231911,x@x.com,9999123456,9999123451,9999123452,1,1
MP00018172,MP00018172,2023-09-07,13:58:27,PL008,MIL0214621,x@x.com,9999123456,9999123451,9999123452,1,1
MP00018173,MP00018173,2023-09-07,13:58:27,PL012,MIL0171087,x@x.com,9999123456,9999123451,9999123452,1,1
MP00018174,MP00018174,2023-09-07,13:58:27,PL002,MIL0490283,x@x.com,9999123456,9999123451,9999123452,1,1
MP00018175,MP00018175,2023-09-07,13:58:27,PL008,MIL0512033,x@x.com,9999123456,9999123451,9999123452,1,1
MP00018176,MP00018176,2023-09-07,13:58:27,PL006,MIL0564225,x@x.com,9999123456,9999123451,9999123452,1,1
MP00018177,MP00018177,2023-09-07,13:58:27,PL009,MIL0018699,x@x.com,9999123456,9999123451,9999123452,1,1
MP00018178,MP00018178,2023-09-07,13:58:27,PL010,MIL0004612,x@x.com,9999123456,9999123451,9999123452,1,1
MP00018179,MP00018179,2023-09-07,13:58:27,PL010,MIL0424396,x@x.com,9999123456,9999123451,9999123452,1,1
MP00018180,MP00018180,2023-09-07,13:58:27,PL010,MIL0055451,x@x.com,9999123456,9999123451,9999123452,1,1
MP00018181,MP00018181,2023-09-07,13:58:27,PL010,MIL0549220,x@x.com,9999123456,9999123451,9999123452,1,1
MP00018182,MP00018182,2023-09-07,13:58:27,PL011,MIL0136767,x@x.com,9999123456,9999123451,9999123452,1,1
MP00018183,MP00018183,2023-09-07,13:58:27,PL012,MIL0138506,x@x.com,9999123456,9999123451,9999123452,1,1
MP00018184,MP00018184,2023-09-07,13:58:27,PL002,MIL0541939,x@x.com,9999123456,9999123451,9999123452,1,1
MP00018185,MP00018185,2023-09-07,13:58:27,PL012,MIL0271007,x@x.com,9999123456,9999123451,9999123452,1,1
MP00018186,MP00018186,2023-09-07,13:58:27,PL001,MIL0572135,x@x.com,9999123456,9999123451,9999123452,1,1
MP00018187,MP00018187,2023-09-07,13:58:27,PL012,MIL0315645,x@x.com,9999123456,9999123451,9999123452,1,1
MP00018188,MP00018188,2023-09-07,13:58:27,PL004,MIL0365572,x@x.com,9999123456,9999123451,9999123452,1,1
MP00018189,MP00018189,2023-09-07,13:58:27,PL008,MIL0073889,x@x.com,9999123456,9999123451,9999123452,1,1
MP00018190,MP00018190,2023-09-07,13:58:27,PL001,MIL0239290,x@x.com,9999123456,9999123451,9999123452,1,1
MP00018191,MP00018191,2023-09-07,13:58:27,PL008,MIL0351419,x@x.com,9999123456,9999123451,9999123452,1,1
MP00018192,MP00018192,2023-09-07,13:58:27,PL012,MIL0310024,x@x.com,9999123456,9999123451,9999123452,1,1
MP00018193,MP00018193,2023-09-07,13:58:27,PL002,MIL0525778,x@x.com,9999123456,9999123451,9999123452,1,1
MP00018194,MP00018194,2023-09-07,13:58:27,PL004,MIL0372338,x@x.com,9999123456,9999123451,9999123452,1,1
MP00018195,MP00018195,2023-09-07,13:58:27,PL012,MIL0412674,x@x.com,9999123456,9999123451,9999123452,1,1
MP00018196,MP00018196,2023-09-07,13:58:27,PL007,MIL0477767,x@x.com,9999123456,9999123451,9999123452,1,1
MP00018197,MP00018197,2023-09-07,13:58:27,PL009,MIL0569777,x@x.com,9999123456,9999123451,9999123452,1,1
MP00018198,MP00018198,2023-09-07,13:58:27,PL008,MIL0576191,x@x.com,9999123456,9999123451,9999123452,1,1
MP00018199,MP00018199,2023-09-07,13:58:27,PL012,MIL0008633,x@x.com,9999123456,9999123451,9999123452,1,1
MP00018200,MP00018200,2023-09-07,13:58:27,PL010,MIL0059140,x@x.com,9999123456,9999123451,9999123452,1,1
MP00018201,MP00018201,2023-09-07,13:58:27,PL003,MIL0191372,x@x.com,9999123456,9999123451,9999123452,1,1
MP00018202,MP00018202,2023-09-07,13:58:27,PL002,MIL0488012,x@x.com,9999123456,9999123451,9999123452,1,1
MP00018203,MP00018203,2023-09-07,13:58:27,PL013,MIL0209178,x@x.com,9999123456,9999123451,9999123452,1,1
MP00018204,MP00018204,2023-09-07,13:58:27,PL007,MIL0313499,x@x.com,9999123456,9999123451,9999123452,1,1
MP00018205,MP00018205,2023-09-07,13:58:27,PL003,MIL0531128,x@x.com,9999123456,9999123451,9999123452,1,1
MP00018206,MP00018206,2023-09-07,13:58:27,PL009,MIL0080530,x@x.com,9999123456,9999123451,9999123452,1,1
MP00018207,MP00018207,2023-09-07,13:58:27,PL001,MIL0013117,x@x.com,9999123456,9999123451,9999123452,1,1
MP00018208,MP00018208,2023-09-07,13:58:27,PL002,MIL0226682,x@x.com,9999123456,9999123451,9999123452,1,1
MP00018209,MP00018209,2023-09-07,13:58:27,PL007,MIL0093536,x@x.com,9999123456,9999123451,9999123452,1,1
MP00018210,MP00018210,2023-09-07,13:58:27,PL005,MIL0240847,x@x.com,9999123456,9999123451,9999123452,1,1
MP00018211,MP00018211,2023-09-07,13:58:27,PL009,MIL0256598,x@x.com,9999123456,9999123451,9999123452,1,1
MP00018212,MP00018212,2023-09-07,13:58:27,PL008,MIL0374241,x@x.com,9999123456,9999123451,9999123452,1,1
MP00018213,MP00018213,2023-09-07,13:58:27,PL001,MIL0575788,x@x.com,9999123456,9999123451,9999123452,1,1
MP00018214,MP00018214,2023-09-07,13:58:27,PL003,MIL0142380,x@x.com,9999123456,9999123451,9999123452,1,1
MP00018215,MP00018215,2023-09-07,13:58:27,PL010,MIL0233120,x@x.com,9999123456,9999123451,9999123452,1,1
MP00018216,MP00018216,2023-09-07,13:58:27,PL013,MIL0024581,x@x.com,9999123456,9999123451,9999123452,1,1
MP00018217,MP00018217,2023-09-07,13:58:27,PL010,MIL0389381,x@x.com,9999123456,9999123451,9999123452,1,1
MP00018218,MP00018218,2023-09-07,13:58:27,PL006,MIL0311380,x@x.com,9999123456,9999123451,9999123452,1,1
MP00018219,MP00018219,2023-09-07,13:58:27,PL010,MIL0477674,x@x.com,9999123456,9999123451,9999123452,1,1
MP00018220,MP00018220,2023-09-07,13:58:27,PL012,MIL0012045,x@x.com,9999123456,9999123451,9999123452,1,1
MP00018221,MP00018221,2023-09-07,13:58:27,PL011,MIL0527056,x@x.com,9999123456,9999123451,9999123452,1,1
MP00018222,MP00018222,2023-09-07,13:58:27,PL006,MIL0324737,x@x.com,9999123456,9999123451,9999123452,1,1
MP00018223,MP00018223,2023-09-07,13:58:27,PL006,MIL0029436,x@x.com,9999123456,9999123451,9999123452,1,1
MP00018224,MP00018224,2023-09-07,13:58:27,PL005,MIL0546851,x@x.com,9999123456,9999123451,9999123452,1,1
MP00018225,MP00018225,2023-09-07,13:58:27,PL012,MIL0338776,x@x.com,9999123456,9999123451,9999123452,1,1
MP00018226,MP00018226,2023-09-07,13:58:27,PL006,MIL0285697,x@x.com,9999123456,9999123451,9999123452,1,1
MP00018227,MP00018227,2023-09-07,13:58:27,PL010,MIL0252728,x@x.com,9999123456,9999123451,9999123452,1,1
MP00018228,MP00018228,2023-09-07,13:58:27,PL007,MIL0145016,x@x.com,9999123456,9999123451,9999123452,1,1
MP00018229,MP00018229,2023-09-07,13:58:27,PL001,MIL0309696,x@x.com,9999123456,9999123451,9999123452,1,1
MP00018230,MP00018230,2023-09-07,13:58:27,PL011,MIL0374978,x@x.com,9999123456,9999123451,9999123452,1,1
MP00018231,MP00018231,2023-09-07,13:58:27,PL002,MIL0572413,x@x.com,9999123456,9999123451,9999123452,1,1
MP00018232,MP00018232,2023-09-07,13:58:27,PL009,MIL0358816,x@x.com,9999123456,9999123451,9999123452,1,1
MP00018233,MP00018233,2023-09-07,13:58:27,PL005,MIL0283918,x@x.com,9999123456,9999123451,9999123452,1,1
MP00018234,MP00018234,2023-09-07,13:58:27,PL001,MIL0253329,x@x.com,9999123456,9999123451,9999123452,1,1
MP00018235,MP00018235,2023-09-07,13:58:27,PL003,MIL0128348,x@x.com,9999123456,9999123451,9999123452,1,1
MP00018236,MP00018236,2023-09-07,13:58:27,PL010,MIL0058822,x@x.com,9999123456,9999123451,9999123452,1,1
MP00018237,MP00018237,2023-09-07,13:58:27,PL003,MIL0327346,x@x.com,9999123456,9999123451,9999123452,1,1
MP00018238,MP00018238,2023-09-07,13:58:27,PL013,MIL0564086,x@x.com,9999123456,9999123451,9999123452,1,1
MP00018239,MP00018239,2023-09-07,13:58:27,PL012,MIL0571294,x@x.com,9999123456,9999123451,9999123452,1,1
MP00018240,MP00018240,2023-09-07,13:58:27,PL002,MIL0194821,x@x.com,9999123456,9999123451,9999123452,1,1
MP00018241,MP00018241,2023-09-07,13:58:27,PL010,MIL0260982,x@x.com,9999123456,9999123451,9999123452,1,1
MP00018242,MP00018242,2023-09-07,13:58:27,PL004,MIL0146719,x@x.com,9999123456,9999123451,9999123452,1,1
MP00018243,MP00018243,2023-09-07,13:58:27,PL011,MIL0559650,x@x.com,9999123456,9999123451,9999123452,1,1
MP00018244,MP00018244,2023-09-07,13:58:27,PL012,MIL0381981,x@x.com,9999123456,9999123451,9999123452,1,1
MP00018245,MP00018245,2023-09-07,13:58:27,PL004,MIL0377389,x@x.com,9999123456,9999123451,9999123452,1,1
MP00018246,MP00018246,2023-09-07,13:58:27,PL011,MIL0410154,x@x.com,9999123456,9999123451,9999123452,1,1
MP00018247,MP00018247,2023-09-07,13:58:27,PL002,MIL0009274,x@x.com,9999123456,9999123451,9999123452,1,1
MP00018248,MP00018248,2023-09-07,13:58:27,PL003,MIL0390455,x@x.com,9999123456,9999123451,9999123452,1,1
MP00018249,MP00018249,2023-09-07,13:58:27,PL003,MIL0389660,x@x.com,9999123456,9999123451,9999123452,1,1
MP00018250,MP00018250,2023-09-07,13:58:27,PL002,MIL0137542,x@x.com,9999123456,9999123451,9999123452,1,1
MP00018251,MP00018251,2023-09-07,13:58:27,PL002,MIL0094939,x@x.com,9999123456,9999123451,9999123452,1,1
MP00018252,MP00018252,2023-09-07,13:58:27,PL008,MIL0145787,x@x.com,9999123456,9999123451,9999123452,1,1
MP00018253,MP00018253,2023-09-07,13:58:27,PL009,MIL0069519,x@x.com,9999123456,9999123451,9999123452,1,1
MP00018254,MP00018254,2023-09-07,13:58:27,PL001,MIL0454912,x@x.com,9999123456,9999123451,9999123452,1,1
MP00018255,MP00018255,2023-09-07,13:58:27,PL009,MIL0333021,x@x.com,9999123456,9999123451,9999123452,1,1
MP00018256,MP00018256,2023-09-07,13:58:27,PL005,MIL0214283,x@x.com,9999123456,9999123451,9999123452,1,1
MP00018257,MP00018257,2023-09-07,13:58:27,PL006,MIL0130921,x@x.com,9999123456,9999123451,9999123452,1,1
MP00018258,MP00018258,2023-09-07,13:58:27,PL001,MIL0039130,x@x.com,9999123456,9999123451,9999123452,1,1
MP00018259,MP00018259,2023-09-07,13:58:27,PL008,MIL0372930,x@x.com,9999123456,9999123451,9999123452,1,1
MP00018260,MP00018260,2023-09-07,13:58:27,PL010,MIL0247837,x@x.com,9999123456,9999123451,9999123452,1,1
MP00018261,MP00018261,2023-09-07,13:58:27,PL010,MIL0238066,x@x.com,9999123456,9999123451,9999123452,1,1
MP00018262,MP00018262,2023-09-07,13:58:27,PL004,MIL0517363,x@x.com,9999123456,9999123451,9999123452,1,1
MP00018263,MP00018263,2023-09-07,13:58:27,PL011,MIL0037367,x@x.com,9999123456,9999123451,9999123452,1,1
MP00018264,MP00018264,2023-09-07,13:58:27,PL007,MIL0580665,x@x.com,9999123456,9999123451,9999123452,1,1
MP00018265,MP00018265,2023-09-07,13:58:27,PL001,MIL0408544,x@x.com,9999123456,9999123451,9999123452,1,1
MP00018266,MP00018266,2023-09-07,13:58:27,PL006,MIL0404551,x@x.com,9999123456,9999123451,9999123452,1,1
MP00018267,MP00018267,2023-09-07,13:58:27,PL011,MIL0227557,x@x.com,9999123456,9999123451,9999123452,1,1
MP00018268,MP00018268,2023-09-07,13:58:27,PL009,MIL0452846,x@x.com,9999123456,9999123451,9999123452,1,1
MP00018269,MP00018269,2023-09-07,13:58:27,PL012,MIL0205999,x@x.com,9999123456,9999123451,9999123452,1,1
MP00018270,MP00018270,2023-09-07,13:58:27,PL007,MIL0139662,x@x.com,9999123456,9999123451,9999123452,1,1
MP00018271,MP00018271,2023-09-07,13:58:27,PL002,MIL0118225,x@x.com,9999123456,9999123451,9999123452,1,1
MP00018272,MP00018272,2023-09-07,13:58:27,PL007,MIL0238096,x@x.com,9999123456,9999123451,9999123452,1,1
MP00018273,MP00018273,2023-09-07,13:58:27,PL012,MIL0163527,x@x.com,9999123456,9999123451,9999123452,1,1
MP00018274,MP00018274,2023-09-07,13:58:27,PL004,MIL0580168,x@x.com,9999123456,9999123451,9999123452,1,1
MP00018275,MP00018275,2023-09-07,13:58:27,PL003,MIL0512298,x@x.com,9999123456,9999123451,9999123452,1,1
MP00018276,MP00018276,2023-09-07,13:58:27,PL013,MIL0273229,x@x.com,9999123456,9999123451,9999123452,1,1
MP00018277,MP00018277,2023-09-07,13:58:27,PL003,MIL0431468,x@x.com,9999123456,9999123451,9999123452,1,1
MP00018278,MP00018278,2023-09-07,13:58:27,PL012,MIL0445939,x@x.com,9999123456,9999123451,9999123452,1,1
MP00018279,MP00018279,2023-09-07,13:58:27,PL005,MIL0579081,x@x.com,9999123456,9999123451,9999123452,1,1
MP00018280,MP00018280,2023-09-07,13:58:27,PL007,MIL0578420,x@x.com,9999123456,9999123451,9999123452,1,1
MP00018281,MP00018281,2023-09-07,13:58:27,PL002,MIL0216597,x@x.com,9999123456,9999123451,9999123452,1,1
MP00018282,MP00018282,2023-09-07,13:58:27,PL010,MIL0036809,x@x.com,9999123456,9999123451,9999123452,1,1
MP00018283,MP00018283,2023-09-07,13:58:27,PL010,MIL0012872,x@x.com,9999123456,9999123451,9999123452,1,1
MP00018284,MP00018284,2023-09-07,13:58:27,PL009,MIL0501808,x@x.com,9999123456,9999123451,9999123452,1,1
MP00018285,MP00018285,2023-09-07,13:58:27,PL006,MIL0537236,x@x.com,9999123456,9999123451,9999123452,1,1
MP00018286,MP00018286,2023-09-07,13:58:27,PL005,MIL0190875,x@x.com,9999123456,9999123451,9999123452,1,1
MP00018287,MP00018287,2023-09-07,13:58:27,PL007,MIL0116199,x@x.com,9999123456,9999123451,9999123452,1,1
MP00018288,MP00018288,2023-09-07,13:58:27,PL007,MIL0484697,x@x.com,9999123456,9999123451,9999123452,1,1
MP00018289,MP00018289,2023-09-07,13:58:27,PL011,MIL0238717,x@x.com,9999123456,9999123451,9999123452,1,1
MP00018290,MP00018290,2023-09-07,13:58:27,PL006,MIL0412831,x@x.com,9999123456,9999123451,9999123452,1,1
MP00018291,MP00018291,2023-09-07,13:58:27,PL013,MIL0415641,x@x.com,9999123456,9999123451,9999123452,1,1
MP00018292,MP00018292,2023-09-07,13:58:27,PL003,MIL0208004,x@x.com,9999123456,9999123451,9999123452,1,1
MP00018293,MP00018293,2023-09-07,13:58:27,PL012,MIL0096329,x@x.com,9999123456,9999123451,9999123452,1,1
MP00018294,MP00018294,2023-09-07,13:58:27,PL005,MIL0099272,x@x.com,9999123456,9999123451,9999123452,1,1
MP00018295,MP00018295,2023-09-07,13:58:27,PL003,MIL0160688,x@x.com,9999123456,9999123451,9999123452,1,1
MP00018296,MP00018296,2023-09-07,13:58:27,PL007,MIL0393151,x@x.com,9999123456,9999123451,9999123452,1,1
MP00018297,MP00018297,2023-09-07,13:58:27,PL007,MIL0152428,x@x.com,9999123456,9999123451,9999123452,1,1
MP00018298,MP00018298,2023-09-07,13:58:27,PL009,MIL0556219,x@x.com,9999123456,9999123451,9999123452,1,1
MP00018299,MP00018299,2023-09-07,13:58:27,PL006,MIL0429986,x@x.com,9999123456,9999123451,9999123452,1,1
MP00018300,MP00018300,2023-09-07,13:58:27,PL013,MIL0214108,x@x.com,9999123456,9999123451,9999123452,1,1
MP00018301,MP00018301,2023-09-07,13:58:27,PL007,MIL0127479,x@x.com,9999123456,9999123451,9999123452,1,1
MP00018302,MP00018302,2023-09-07,13:58:27,PL010,MIL0333985,x@x.com,9999123456,9999123451,9999123452,1,1
MP00018303,MP00018303,2023-09-07,13:58:27,PL005,MIL0391039,x@x.com,9999123456,9999123451,9999123452,1,1
MP00018304,MP00018304,2023-09-07,13:58:27,PL003,MIL0514745,x@x.com,9999123456,9999123451,9999123452,1,1
MP00018305,MP00018305,2023-09-07,13:58:27,PL001,MIL0513937,x@x.com,9999123456,9999123451,9999123452,1,1
MP00018306,MP00018306,2023-09-07,13:58:27,PL001,MIL0336037,x@x.com,9999123456,9999123451,9999123452,1,1
MP00018307,MP00018307,2023-09-07,13:58:27,PL012,MIL0374030,x@x.com,9999123456,9999123451,9999123452,1,1
MP00018308,MP00018308,2023-09-07,13:58:27,PL003,MIL0339140,x@x.com,9999123456,9999123451,9999123452,1,1
MP00018309,MP00018309,2023-09-07,13:58:27,PL004,MIL0535334,x@x.com,9999123456,9999123451,9999123452,1,1
MP00018310,MP00018310,2023-09-07,13:58:27,PL001,MIL0175237,x@x.com,9999123456,9999123451,9999123452,1,1
MP00018311,MP00018311,2023-09-07,13:58:27,PL009,MIL0448837,x@x.com,9999123456,9999123451,9999123452,1,1
MP00018312,MP00018312,2023-09-07,13:58:27,PL004,MIL0578456,x@x.com,9999123456,9999123451,9999123452,1,1
MP00018313,MP00018313,2023-09-07,13:58:27,PL011,MIL0546153,x@x.com,9999123456,9999123451,9999123452,1,1
MP00018314,MP00018314,2023-09-07,13:58:27,PL008,MIL0344613,x@x.com,9999123456,9999123451,9999123452,1,1
MP00018315,MP00018315,2023-09-07,13:58:27,PL011,MIL0270071,x@x.com,9999123456,9999123451,9999123452,1,1
MP00018316,MP00018316,2023-09-07,13:58:27,PL010,MIL0391278,x@x.com,9999123456,9999123451,9999123452,1,1
MP00018317,MP00018317,2023-09-07,13:58:27,PL010,MIL0161886,x@x.com,9999123456,9999123451,9999123452,1,1
MP00018318,MP00018318,2023-09-07,13:58:27,PL012,MIL0010425,x@x.com,9999123456,9999123451,9999123452,1,1
MP00018319,MP00018319,2023-09-07,13:58:27,PL001,MIL0013295,x@x.com,9999123456,9999123451,9999123452,1,1
MP00018320,MP00018320,2023-09-07,13:58:27,PL007,MIL0431392,x@x.com,9999123456,9999123451,9999123452,1,1
MP00018321,MP00018321,2023-09-07,13:58:27,PL011,MIL0257965,x@x.com,9999123456,9999123451,9999123452,1,1
MP00018322,MP00018322,2023-09-07,13:58:27,PL003,MIL0573153,x@x.com,9999123456,9999123451,9999123452,1,1
MP00018323,MP00018323,2023-09-07,13:58:27,PL010,MIL0281693,x@x.com,9999123456,9999123451,9999123452,1,1
MP00018324,MP00018324,2023-09-07,13:58:27,PL001,MIL0414461,x@x.com,9999123456,9999123451,9999123452,1,1
MP00018325,MP00018325,2023-09-07,13:58:27,PL011,MIL0401041,x@x.com,9999123456,9999123451,9999123452,1,1
MP00018326,MP00018326,2023-09-07,13:58:27,PL006,MIL0376377,x@x.com,9999123456,9999123451,9999123452,1,1
MP00018327,MP00018327,2023-09-07,13:58:27,PL005,MIL0214364,x@x.com,9999123456,9999123451,9999123452,1,1
MP00018328,MP00018328,2023-09-07,13:58:27,PL007,MIL0023570,x@x.com,9999123456,9999123451,9999123452,1,1
MP00018329,MP00018329,2023-09-07,13:58:27,PL011,MIL0095368,x@x.com,9999123456,9999123451,9999123452,1,1
MP00018330,MP00018330,2023-09-07,13:58:27,PL004,MIL0438953,x@x.com,9999123456,9999123451,9999123452,1,1
MP00018331,MP00018331,2023-09-07,13:58:27,PL006,MIL0339765,x@x.com,9999123456,9999123451,9999123452,1,1
MP00018332,MP00018332,2023-09-07,13:58:27,PL002,MIL0522596,x@x.com,9999123456,9999123451,9999123452,1,1
MP00018333,MP00018333,2023-09-07,13:58:27,PL003,MIL0360625,x@x.com,9999123456,9999123451,9999123452,1,1
MP00018334,MP00018334,2023-09-07,13:58:27,PL008,MIL0259816,x@x.com,9999123456,9999123451,9999123452,1,1
MP00018335,MP00018335,2023-09-07,13:58:27,PL012,MIL0358388,x@x.com,9999123456,9999123451,9999123452,1,1
MP00018336,MP00018336,2023-09-07,13:58:27,PL008,MIL0059161,x@x.com,9999123456,9999123451,9999123452,1,1
MP00018337,MP00018337,2023-09-07,13:58:27,PL001,MIL0512106,x@x.com,9999123456,9999123451,9999123452,1,1
MP00018338,MP00018338,2023-09-07,13:58:27,PL011,MIL0567182,x@x.com,9999123456,9999123451,9999123452,1,1
MP00018339,MP00018339,2023-09-07,13:58:27,PL005,MIL0128187,x@x.com,9999123456,9999123451,9999123452,1,1
MP00018340,MP00018340,2023-09-07,13:58:27,PL008,MIL0060498,x@x.com,9999123456,9999123451,9999123452,1,1
MP00018341,MP00018341,2023-09-07,13:58:27,PL006,MIL0569302,x@x.com,9999123456,9999123451,9999123452,1,1
MP00018342,MP00018342,2023-09-07,13:58:27,PL009,MIL0128282,x@x.com,9999123456,9999123451,9999123452,1,1
MP00018343,MP00018343,2023-09-07,13:58:27,PL013,MIL0238405,x@x.com,9999123456,9999123451,9999123452,1,1
MP00018344,MP00018344,2023-09-07,13:58:27,PL007,MIL0329605,x@x.com,9999123456,9999123451,9999123452,1,1
MP00018345,MP00018345,2023-09-07,13:58:27,PL003,MIL0159997,x@x.com,9999123456,9999123451,9999123452,1,1
MP00018346,MP00018346,2023-09-07,13:58:27,PL008,MIL0342105,x@x.com,9999123456,9999123451,9999123452,1,1
MP00018347,MP00018347,2023-09-07,13:58:27,PL004,MIL0465133,x@x.com,9999123456,9999123451,9999123452,1,1
MP00018348,MP00018348,2023-09-07,13:58:27,PL002,MIL0521871,x@x.com,9999123456,9999123451,9999123452,1,1
MP00018349,MP00018349,2023-09-07,13:58:27,PL004,MIL0327390,x@x.com,9999123456,9999123451,9999123452,1,1
MP00018350,MP00018350,2023-09-07,13:58:27,PL002,MIL0479070,x@x.com,9999123456,9999123451,9999123452,1,1
MP00018351,MP00018351,2023-09-07,13:58:27,PL010,MIL0527658,x@x.com,9999123456,9999123451,9999123452,1,1
MP00018352,MP00018352,2023-09-07,13:58:27,PL002,MIL0448913,x@x.com,9999123456,9999123451,9999123452,1,1
MP00018353,MP00018353,2023-09-07,13:58:27,PL013,MIL0142783,x@x.com,9999123456,9999123451,9999123452,1,1
MP00018354,MP00018354,2023-09-07,13:58:27,PL006,MIL0504401,x@x.com,9999123456,9999123451,9999123452,1,1
MP00018355,MP00018355,2023-09-07,13:58:27,PL001,MIL0518155,x@x.com,9999123456,9999123451,9999123452,1,1
MP00018356,MP00018356,2023-09-07,13:58:27,PL008,MIL0149669,x@x.com,9999123456,9999123451,9999123452,1,1
MP00018357,MP00018357,2023-09-07,13:58:27,PL004,MIL0470864,x@x.com,9999123456,9999123451,9999123452,1,1
MP00018358,MP00018358,2023-09-07,13:58:27,PL012,MIL0287997,x@x.com,9999123456,9999123451,9999123452,1,1
MP00018359,MP00018359,2023-09-07,13:58:27,PL012,MIL0104955,x@x.com,9999123456,9999123451,9999123452,1,1
MP00018360,MP00018360,2023-09-07,13:58:27,PL003,MIL0572485,x@x.com,9999123456,9999123451,9999123452,1,1
MP00018361,MP00018361,2023-09-07,13:58:27,PL012,MIL0239267,x@x.com,9999123456,9999123451,9999123452,1,1
MP00018362,MP00018362,2023-09-07,13:58:27,PL010,MIL0459144,x@x.com,9999123456,9999123451,9999123452,1,1
MP00018363,MP00018363,2023-09-07,13:58:27,PL003,MIL0105992,x@x.com,9999123456,9999123451,9999123452,1,1
MP00018364,MP00018364,2023-09-07,13:58:27,PL008,MIL0444654,x@x.com,9999123456,9999123451,9999123452,1,1
MP00018365,MP00018365,2023-09-07,13:58:27,PL007,MIL0306880,x@x.com,9999123456,9999123451,9999123452,1,1
MP00018366,MP00018366,2023-09-07,13:58:27,PL006,MIL0513259,x@x.com,9999123456,9999123451,9999123452,1,1
MP00018367,MP00018367,2023-09-07,13:58:27,PL001,MIL0099498,x@x.com,9999123456,9999123451,9999123452,1,1
MP00018368,MP00018368,2023-09-07,13:58:27,PL006,MIL0502821,x@x.com,9999123456,9999123451,9999123452,1,1
MP00018369,MP00018369,2023-09-07,13:58:27,PL004,MIL0179900,x@x.com,9999123456,9999123451,9999123452,1,1
MP00018370,MP00018370,2023-09-07,13:58:27,PL011,MIL0509302,x@x.com,9999123456,9999123451,9999123452,1,1
MP00018371,MP00018371,2023-09-07,13:58:27,PL006,MIL0334343,x@x.com,9999123456,9999123451,9999123452,1,1
MP00018372,MP00018372,2023-09-07,13:58:27,PL006,MIL0413270,x@x.com,9999123456,9999123451,9999123452,1,1
MP00018373,MP00018373,2023-09-07,13:58:27,PL002,MIL0014369,x@x.com,9999123456,9999123451,9999123452,1,1
MP00018374,MP00018374,2023-09-07,13:58:27,PL002,MIL0234672,x@x.com,9999123456,9999123451,9999123452,1,1
MP00018375,MP00018375,2023-09-07,13:58:27,PL009,MIL0490153,x@x.com,9999123456,9999123451,9999123452,1,1
MP00018376,MP00018376,2023-09-07,13:58:27,PL007,MIL0230143,x@x.com,9999123456,9999123451,9999123452,1,1
MP00018377,MP00018377,2023-09-07,13:58:27,PL013,MIL0152911,x@x.com,9999123456,9999123451,9999123452,1,1
MP00018378,MP00018378,2023-09-07,13:58:27,PL002,MIL0357480,x@x.com,9999123456,9999123451,9999123452,1,1
MP00018379,MP00018379,2023-09-07,13:58:27,PL011,MIL0123964,x@x.com,9999123456,9999123451,9999123452,1,1
MP00018380,MP00018380,2023-09-07,13:58:27,PL002,MIL0380168,x@x.com,9999123456,9999123451,9999123452,1,1
MP00018381,MP00018381,2023-09-07,13:58:27,PL002,MIL0445128,x@x.com,9999123456,9999123451,9999123452,1,1
MP00018382,MP00018382,2023-09-07,13:58:27,PL007,MIL0203614,x@x.com,9999123456,9999123451,9999123452,1,1
MP00018383,MP00018383,2023-09-07,13:58:27,PL013,MIL0252295,x@x.com,9999123456,9999123451,9999123452,1,1
MP00018384,MP00018384,2023-09-07,13:58:27,PL001,MIL0130877,x@x.com,9999123456,9999123451,9999123452,1,1
MP00018385,MP00018385,2023-09-07,13:58:27,PL013,MIL0452404,x@x.com,9999123456,9999123451,9999123452,1,1
MP00018386,MP00018386,2023-09-07,13:58:27,PL001,MIL0555773,x@x.com,9999123456,9999123451,9999123452,1,1
MP00018387,MP00018387,2023-09-07,13:58:27,PL011,MIL0309763,x@x.com,9999123456,9999123451,9999123452,1,1
MP00018388,MP00018388,2023-09-07,13:58:27,PL001,MIL0540321,x@x.com,9999123456,9999123451,9999123452,1,1
MP00018389,MP00018389,2023-09-07,13:58:27,PL013,MIL0115930,x@x.com,9999123456,9999123451,9999123452,1,1
MP00018390,MP00018390,2023-09-07,13:58:27,PL008,MIL0521096,x@x.com,9999123456,9999123451,9999123452,1,1
MP00018391,MP00018391,2023-09-07,13:58:27,PL001,MIL0336946,x@x.com,9999123456,9999123451,9999123452,1,1
MP00018392,MP00018392,2023-09-07,13:58:27,PL002,MIL0294341,x@x.com,9999123456,9999123451,9999123452,1,1
MP00018393,MP00018393,2023-09-07,13:58:27,PL010,MIL0405960,x@x.com,9999123456,9999123451,9999123452,1,1
MP00018394,MP00018394,2023-09-07,13:58:27,PL008,MIL0525284,x@x.com,9999123456,9999123451,9999123452,1,1
MP00018395,MP00018395,2023-09-07,13:58:27,PL009,MIL0551452,x@x.com,9999123456,9999123451,9999123452,1,1
MP00018396,MP00018396,2023-09-07,13:58:27,PL013,MIL0304978,x@x.com,9999123456,9999123451,9999123452,1,1
MP00018397,MP00018397,2023-09-07,13:58:27,PL007,MIL0214260,x@x.com,9999123456,9999123451,9999123452,1,1
MP00018398,MP00018398,2023-09-07,13:58:27,PL001,MIL0102129,x@x.com,9999123456,9999123451,9999123452,1,1
MP00018399,MP00018399,2023-09-07,13:58:27,PL012,MIL0348881,x@x.com,9999123456,9999123451,9999123452,1,1
MP00018400,MP00018400,2023-09-07,13:58:27,PL005,MIL0083037,x@x.com,9999123456,9999123451,9999123452,1,1
MP00018401,MP00018401,2023-09-07,13:58:27,PL007,MIL0546249,x@x.com,9999123456,9999123451,9999123452,1,1
MP00018402,MP00018402,2023-09-07,13:58:27,PL007,MIL0223411,x@x.com,9999123456,9999123451,9999123452,1,1
MP00018403,MP00018403,2023-09-07,13:58:27,PL001,MIL0241709,x@x.com,9999123456,9999123451,9999123452,1,1
MP00018404,MP00018404,2023-09-07,13:58:27,PL010,MIL0112545,x@x.com,9999123456,9999123451,9999123452,1,1
MP00018405,MP00018405,2023-09-07,13:58:27,PL001,MIL0298860,x@x.com,9999123456,9999123451,9999123452,1,1
MP00018406,MP00018406,2023-09-07,13:58:27,PL007,MIL0541677,x@x.com,9999123456,9999123451,9999123452,1,1
MP00018407,MP00018407,2023-09-07,13:58:27,PL010,MIL0475022,x@x.com,9999123456,9999123451,9999123452,1,1
MP00018408,MP00018408,2023-09-07,13:58:27,PL008,MIL0068014,x@x.com,9999123456,9999123451,9999123452,1,1
MP00018409,MP00018409,2023-09-07,13:58:27,PL002,MIL0301054,x@x.com,9999123456,9999123451,9999123452,1,1
MP00018410,MP00018410,2023-09-07,13:58:27,PL002,MIL0239407,x@x.com,9999123456,9999123451,9999123452,1,1
MP00018411,MP00018411,2023-09-07,13:58:27,PL004,MIL0009825,x@x.com,9999123456,9999123451,9999123452,1,1
MP00018412,MP00018412,2023-09-07,13:58:27,PL001,MIL0081717,x@x.com,9999123456,9999123451,9999123452,1,1
MP00018413,MP00018413,2023-09-07,13:58:27,PL003,MIL0432544,x@x.com,9999123456,9999123451,9999123452,1,1
MP00018414,MP00018414,2023-09-07,13:58:27,PL010,MIL0413190,x@x.com,9999123456,9999123451,9999123452,1,1
MP00018415,MP00018415,2023-09-07,13:58:27,PL013,MIL0168652,x@x.com,9999123456,9999123451,9999123452,1,1
MP00018416,MP00018416,2023-09-07,13:58:27,PL006,MIL0488699,x@x.com,9999123456,9999123451,9999123452,1,1
MP00018417,MP00018417,2023-09-07,13:58:27,PL011,MIL0014363,x@x.com,9999123456,9999123451,9999123452,1,1
MP00018418,MP00018418,2023-09-07,13:58:27,PL008,MIL0235594,x@x.com,9999123456,9999123451,9999123452,1,1
MP00018419,MP00018419,2023-09-07,13:58:27,PL004,MIL0465429,x@x.com,9999123456,9999123451,9999123452,1,1
MP00018420,MP00018420,2023-09-07,13:58:27,PL010,MIL0444241,x@x.com,9999123456,9999123451,9999123452,1,1
MP00018421,MP00018421,2023-09-07,13:58:27,PL001,MIL0367207,x@x.com,9999123456,9999123451,9999123452,1,1
MP00018422,MP00018422,2023-09-07,13:58:27,PL002,MIL0315064,x@x.com,9999123456,9999123451,9999123452,1,1
MP00018423,MP00018423,2023-09-07,13:58:27,PL012,MIL0189541,x@x.com,9999123456,9999123451,9999123452,1,1
MP00018424,MP00018424,2023-09-07,13:58:27,PL005,MIL0216277,x@x.com,9999123456,9999123451,9999123452,1,1
MP00018425,MP00018425,2023-09-07,13:58:27,PL001,MIL0174678,x@x.com,9999123456,9999123451,9999123452,1,1
MP00018426,MP00018426,2023-09-07,13:58:27,PL002,MIL0485207,x@x.com,9999123456,9999123451,9999123452,1,1
MP00018427,MP00018427,2023-09-07,13:58:27,PL004,MIL0215813,x@x.com,9999123456,9999123451,9999123452,1,1
MP00018428,MP00018428,2023-09-07,13:58:27,PL012,MIL0580613,x@x.com,9999123456,9999123451,9999123452,1,1
MP00018429,MP00018429,2023-09-07,13:58:27,PL002,MIL0262223,x@x.com,9999123456,9999123451,9999123452,1,1
MP00018430,MP00018430,2023-09-07,13:58:27,PL004,MIL0542243,x@x.com,9999123456,9999123451,9999123452,1,1
MP00018431,MP00018431,2023-09-07,13:58:27,PL001,MIL0196292,x@x.com,9999123456,9999123451,9999123452,1,1
MP00018432,MP00018432,2023-09-07,13:58:27,PL003,MIL0375447,x@x.com,9999123456,9999123451,9999123452,1,1
MP00018433,MP00018433,2023-09-07,13:58:27,PL011,MIL0482591,x@x.com,9999123456,9999123451,9999123452,1,1
MP00018434,MP00018434,2023-09-07,13:58:27,PL004,MIL0216807,x@x.com,9999123456,9999123451,9999123452,1,1
MP00018435,MP00018435,2023-09-07,13:58:27,PL011,MIL0167604,x@x.com,9999123456,9999123451,9999123452,1,1
MP00018436,MP00018436,2023-09-07,13:58:27,PL006,MIL0536837,x@x.com,9999123456,9999123451,9999123452,1,1
MP00018437,MP00018437,2023-09-07,13:58:27,PL001,MIL0182707,x@x.com,9999123456,9999123451,9999123452,1,1
MP00018438,MP00018438,2023-09-07,13:58:27,PL012,MIL0488891,x@x.com,9999123456,9999123451,9999123452,1,1
MP00018439,MP00018439,2023-09-07,13:58:27,PL008,MIL0025146,x@x.com,9999123456,9999123451,9999123452,1,1
MP00018440,MP00018440,2023-09-07,13:58:27,PL010,MIL0239085,x@x.com,9999123456,9999123451,9999123452,1,1
MP00018441,MP00018441,2023-09-07,13:58:27,PL010,MIL0136298,x@x.com,9999123456,9999123451,9999123452,1,1
MP00018442,MP00018442,2023-09-07,13:58:27,PL009,MIL0212138,x@x.com,9999123456,9999123451,9999123452,1,1
MP00018443,MP00018443,2023-09-07,13:58:27,PL011,MIL0352811,x@x.com,9999123456,9999123451,9999123452,1,1
MP00018444,MP00018444,2023-09-07,13:58:27,PL006,MIL0497296,x@x.com,9999123456,9999123451,9999123452,1,1
MP00018445,MP00018445,2023-09-07,13:58:27,PL012,MIL0057182,x@x.com,9999123456,9999123451,9999123452,1,1
MP00018446,MP00018446,2023-09-07,13:58:27,PL011,MIL0067316,x@x.com,9999123456,9999123451,9999123452,1,1
MP00018447,MP00018447,2023-09-07,13:58:27,PL011,MIL0205053,x@x.com,9999123456,9999123451,9999123452,1,1
MP00018448,MP00018448,2023-09-07,13:58:27,PL004,MIL0094315,x@x.com,9999123456,9999123451,9999123452,1,1
MP00018449,MP00018449,2023-09-07,13:58:27,PL003,MIL0306357,x@x.com,9999123456,9999123451,9999123452,1,1
MP00018450,MP00018450,2023-09-07,13:58:27,PL005,MIL0535694,x@x.com,9999123456,9999123451,9999123452,1,1
MP00018451,MP00018451,2023-09-07,13:58:27,PL004,MIL0391703,x@x.com,9999123456,9999123451,9999123452,1,1
MP00018452,MP00018452,2023-09-07,13:58:27,PL001,MIL0100532,x@x.com,9999123456,9999123451,9999123452,1,1
MP00018453,MP00018453,2023-09-07,13:58:27,PL008,MIL0251407,x@x.com,9999123456,9999123451,9999123452,1,1
MP00018454,MP00018454,2023-09-07,13:58:27,PL013,MIL0317042,x@x.com,9999123456,9999123451,9999123452,1,1
MP00018455,MP00018455,2023-09-07,13:58:27,PL003,MIL0476568,x@x.com,9999123456,9999123451,9999123452,1,1
MP00018456,MP00018456,2023-09-07,13:58:27,PL013,MIL0316819,x@x.com,9999123456,9999123451,9999123452,1,1
MP00018457,MP00018457,2023-09-07,13:58:27,PL011,MIL0449194,x@x.com,9999123456,9999123451,9999123452,1,1
MP00018458,MP00018458,2023-09-07,13:58:27,PL008,MIL0204620,x@x.com,9999123456,9999123451,9999123452,1,1
MP00018459,MP00018459,2023-09-07,13:58:27,PL012,MIL0069108,x@x.com,9999123456,9999123451,9999123452,1,1
MP00018460,MP00018460,2023-09-07,13:58:27,PL001,MIL0145101,x@x.com,9999123456,9999123451,9999123452,1,1
MP00018461,MP00018461,2023-09-07,13:58:27,PL007,MIL0052536,x@x.com,9999123456,9999123451,9999123452,1,1
MP00018462,MP00018462,2023-09-07,13:58:27,PL009,MIL0300963,x@x.com,9999123456,9999123451,9999123452,1,1
MP00018463,MP00018463,2023-09-07,13:58:27,PL007,MIL0572925,x@x.com,9999123456,9999123451,9999123452,1,1
MP00018464,MP00018464,2023-09-07,13:58:27,PL007,MIL0227300,x@x.com,9999123456,9999123451,9999123452,1,1
MP00018465,MP00018465,2023-09-07,13:58:27,PL002,MIL0176784,x@x.com,9999123456,9999123451,9999123452,1,1
MP00018466,MP00018466,2023-09-07,13:58:27,PL008,MIL0509554,x@x.com,9999123456,9999123451,9999123452,1,1
MP00018467,MP00018467,2023-09-07,13:58:27,PL011,MIL0247927,x@x.com,9999123456,9999123451,9999123452,1,1
MP00018468,MP00018468,2023-09-07,13:58:27,PL005,MIL0422167,x@x.com,9999123456,9999123451,9999123452,1,1
MP00018469,MP00018469,2023-09-07,13:58:27,PL008,MIL0240128,x@x.com,9999123456,9999123451,9999123452,1,1
MP00018470,MP00018470,2023-09-07,13:58:27,PL006,MIL0258336,x@x.com,9999123456,9999123451,9999123452,1,1
MP00018471,MP00018471,2023-09-07,13:58:27,PL012,MIL0352602,x@x.com,9999123456,9999123451,9999123452,1,1
MP00018472,MP00018472,2023-09-07,13:58:27,PL002,MIL0505428,x@x.com,9999123456,9999123451,9999123452,1,1
MP00018473,MP00018473,2023-09-07,13:58:27,PL005,MIL0078307,x@x.com,9999123456,9999123451,9999123452,1,1
MP00018474,MP00018474,2023-09-07,13:58:27,PL005,MIL0066095,x@x.com,9999123456,9999123451,9999123452,1,1
MP00018475,MP00018475,2023-09-07,13:58:27,PL009,MIL0280579,x@x.com,9999123456,9999123451,9999123452,1,1
MP00018476,MP00018476,2023-09-07,13:58:27,PL012,MIL0417319,x@x.com,9999123456,9999123451,9999123452,1,1
MP00018477,MP00018477,2023-09-07,13:58:27,PL005,MIL0277657,x@x.com,9999123456,9999123451,9999123452,1,1
MP00018478,MP00018478,2023-09-07,13:58:27,PL012,MIL0525934,x@x.com,9999123456,9999123451,9999123452,1,1
MP00018479,MP00018479,2023-09-07,13:58:27,PL007,MIL0267397,x@x.com,9999123456,9999123451,9999123452,1,1
MP00018480,MP00018480,2023-09-07,13:58:27,PL002,MIL0483706,x@x.com,9999123456,9999123451,9999123452,1,1
MP00018481,MP00018481,2023-09-07,13:58:27,PL010,MIL0328076,x@x.com,9999123456,9999123451,9999123452,1,1
MP00018482,MP00018482,2023-09-07,13:58:27,PL012,MIL0057513,x@x.com,9999123456,9999123451,9999123452,1,1
MP00018483,MP00018483,2023-09-07,13:58:27,PL011,MIL0374675,x@x.com,9999123456,9999123451,9999123452,1,1
MP00018484,MP00018484,2023-09-07,13:58:27,PL011,MIL0023395,x@x.com,9999123456,9999123451,9999123452,1,1
MP00018485,MP00018485,2023-09-07,13:58:27,PL005,MIL0166630,x@x.com,9999123456,9999123451,9999123452,1,1
MP00018486,MP00018486,2023-09-07,13:58:27,PL005,MIL0260590,x@x.com,9999123456,9999123451,9999123452,1,1
MP00018487,MP00018487,2023-09-07,13:58:27,PL008,MIL0388537,x@x.com,9999123456,9999123451,9999123452,1,1
MP00018488,MP00018488,2023-09-07,13:58:27,PL005,MIL0427881,x@x.com,9999123456,9999123451,9999123452,1,1
MP00018489,MP00018489,2023-09-07,13:58:27,PL013,MIL0240985,x@x.com,9999123456,9999123451,9999123452,1,1
MP00018490,MP00018490,2023-09-07,13:58:27,PL009,MIL0255158,x@x.com,9999123456,9999123451,9999123452,1,1
MP00018491,MP00018491,2023-09-07,13:58:27,PL009,MIL0336938,x@x.com,9999123456,9999123451,9999123452,1,1
MP00018492,MP00018492,2023-09-07,13:58:27,PL013,MIL0132163,x@x.com,9999123456,9999123451,9999123452,1,1
MP00018493,MP00018493,2023-09-07,13:58:27,PL004,MIL0393932,x@x.com,9999123456,9999123451,9999123452,1,1
MP00018494,MP00018494,2023-09-07,13:58:27,PL003,MIL0529879,x@x.com,9999123456,9999123451,9999123452,1,1
MP00018495,MP00018495,2023-09-07,13:58:27,PL012,MIL0519185,x@x.com,9999123456,9999123451,9999123452,1,1
MP00018496,MP00018496,2023-09-07,13:58:27,PL010,MIL0393114,x@x.com,9999123456,9999123451,9999123452,1,1
MP00018497,MP00018497,2023-09-07,13:58:27,PL011,MIL0484417,x@x.com,9999123456,9999123451,9999123452,1,1
MP00018498,MP00018498,2023-09-07,13:58:27,PL002,MIL0575617,x@x.com,9999123456,9999123451,9999123452,1,1
MP00018499,MP00018499,2023-09-07,13:58:27,PL002,MIL0104107,x@x.com,9999123456,9999123451,9999123452,1,1
MP00018500,MP00018500,2023-09-07,13:58:27,PL005,MIL0216114,x@x.com,9999123456,9999123451,9999123452,1,1
MP00018501,MP00018501,2023-09-07,13:58:27,PL001,MIL0534378,x@x.com,9999123456,9999123451,9999123452,1,1
MP00018502,MP00018502,2023-09-07,13:58:27,PL008,MIL0075314,x@x.com,9999123456,9999123451,9999123452,1,1
MP00018503,MP00018503,2023-09-07,13:58:27,PL010,MIL0013888,x@x.com,9999123456,9999123451,9999123452,1,1
MP00018504,MP00018504,2023-09-07,13:58:27,PL006,MIL0532427,x@x.com,9999123456,9999123451,9999123452,1,1
MP00018505,MP00018505,2023-09-07,13:58:27,PL008,MIL0445256,x@x.com,9999123456,9999123451,9999123452,1,1
MP00018506,MP00018506,2023-09-07,13:58:27,PL002,MIL0061218,x@x.com,9999123456,9999123451,9999123452,1,1
MP00018507,MP00018507,2023-09-07,13:58:27,PL008,MIL0237137,x@x.com,9999123456,9999123451,9999123452,1,1
MP00018508,MP00018508,2023-09-07,13:58:27,PL005,MIL0442181,x@x.com,9999123456,9999123451,9999123452,1,1
MP00018509,MP00018509,2023-09-07,13:58:27,PL009,MIL0288546,x@x.com,9999123456,9999123451,9999123452,1,1
MP00018510,MP00018510,2023-09-07,13:58:27,PL012,MIL0020638,x@x.com,9999123456,9999123451,9999123452,1,1
MP00018511,MP00018511,2023-09-07,13:58:27,PL007,MIL0121792,x@x.com,9999123456,9999123451,9999123452,1,1
MP00018512,MP00018512,2023-09-07,13:58:27,PL003,MIL0245147,x@x.com,9999123456,9999123451,9999123452,1,1
MP00018513,MP00018513,2023-09-07,13:58:27,PL006,MIL0024126,x@x.com,9999123456,9999123451,9999123452,1,1
MP00018514,MP00018514,2023-09-07,13:58:27,PL013,MIL0049254,x@x.com,9999123456,9999123451,9999123452,1,1
MP00018515,MP00018515,2023-09-07,13:58:27,PL011,MIL0463909,x@x.com,9999123456,9999123451,9999123452,1,1
MP00018516,MP00018516,2023-09-07,13:58:27,PL012,MIL0508112,x@x.com,9999123456,9999123451,9999123452,1,1
MP00018517,MP00018517,2023-09-07,13:58:27,PL001,MIL0364288,x@x.com,9999123456,9999123451,9999123452,1,1
MP00018518,MP00018518,2023-09-07,13:58:27,PL011,MIL0549180,x@x.com,9999123456,9999123451,9999123452,1,1
MP00018519,MP00018519,2023-09-07,13:58:27,PL007,MIL0176028,x@x.com,9999123456,9999123451,9999123452,1,1
MP00018520,MP00018520,2023-09-07,13:58:27,PL012,MIL0060194,x@x.com,9999123456,9999123451,9999123452,1,1
MP00018521,MP00018521,2023-09-07,13:58:27,PL004,MIL0149371,x@x.com,9999123456,9999123451,9999123452,1,1
MP00018522,MP00018522,2023-09-07,13:58:27,PL012,MIL0170142,x@x.com,9999123456,9999123451,9999123452,1,1
MP00018523,MP00018523,2023-09-07,13:58:27,PL001,MIL0420000,x@x.com,9999123456,9999123451,9999123452,1,1
MP00018524,MP00018524,2023-09-07,13:58:27,PL007,MIL0499313,x@x.com,9999123456,9999123451,9999123452,1,1
MP00018525,MP00018525,2023-09-07,13:58:27,PL002,MIL0320112,x@x.com,9999123456,9999123451,9999123452,1,1
MP00018526,MP00018526,2023-09-07,13:58:27,PL010,MIL0332573,x@x.com,9999123456,9999123451,9999123452,1,1
MP00018527,MP00018527,2023-09-07,13:58:27,PL008,MIL0011416,x@x.com,9999123456,9999123451,9999123452,1,1
MP00018528,MP00018528,2023-09-07,13:58:27,PL002,MIL0493130,x@x.com,9999123456,9999123451,9999123452,1,1
MP00018529,MP00018529,2023-09-07,13:58:27,PL005,MIL0016740,x@x.com,9999123456,9999123451,9999123452,1,1
MP00018530,MP00018530,2023-09-07,13:58:27,PL011,MIL0188885,x@x.com,9999123456,9999123451,9999123452,1,1
MP00018531,MP00018531,2023-09-07,13:58:27,PL007,MIL0271714,x@x.com,9999123456,9999123451,9999123452,1,1
MP00018532,MP00018532,2023-09-07,13:58:27,PL008,MIL0390783,x@x.com,9999123456,9999123451,9999123452,1,1
MP00018533,MP00018533,2023-09-07,13:58:27,PL005,MIL0501134,x@x.com,9999123456,9999123451,9999123452,1,1
MP00018534,MP00018534,2023-09-07,13:58:27,PL007,MIL0153226,x@x.com,9999123456,9999123451,9999123452,1,1
MP00018535,MP00018535,2023-09-07,13:58:27,PL009,MIL0203711,x@x.com,9999123456,9999123451,9999123452,1,1
MP00018536,MP00018536,2023-09-07,13:58:27,PL010,MIL0419006,x@x.com,9999123456,9999123451,9999123452,1,1
MP00018537,MP00018537,2023-09-07,13:58:27,PL007,MIL0478786,x@x.com,9999123456,9999123451,9999123452,1,1
MP00018538,MP00018538,2023-09-07,13:58:27,PL011,MIL0056388,x@x.com,9999123456,9999123451,9999123452,1,1
MP00018539,MP00018539,2023-09-07,13:58:27,PL005,MIL0306349,x@x.com,9999123456,9999123451,9999123452,1,1
MP00018540,MP00018540,2023-09-07,13:58:27,PL010,MIL0172649,x@x.com,9999123456,9999123451,9999123452,1,1
MP00018541,MP00018541,2023-09-07,13:58:27,PL003,MIL0099083,x@x.com,9999123456,9999123451,9999123452,1,1
MP00018542,MP00018542,2023-09-07,13:58:27,PL013,MIL0267941,x@x.com,9999123456,9999123451,9999123452,1,1
MP00018543,MP00018543,2023-09-07,13:58:27,PL006,MIL0478311,x@x.com,9999123456,9999123451,9999123452,1,1
MP00018544,MP00018544,2023-09-07,13:58:27,PL004,MIL0166741,x@x.com,9999123456,9999123451,9999123452,1,1
MP00018545,MP00018545,2023-09-07,13:58:27,PL004,MIL0037419,x@x.com,9999123456,9999123451,9999123452,1,1
MP00018546,MP00018546,2023-09-07,13:58:27,PL005,MIL0475435,x@x.com,9999123456,9999123451,9999123452,1,1
MP00018547,MP00018547,2023-09-07,13:58:27,PL001,MIL0150162,x@x.com,9999123456,9999123451,9999123452,1,1
MP00018548,MP00018548,2023-09-07,13:58:27,PL003,MIL0558841,x@x.com,9999123456,9999123451,9999123452,1,1
MP00018549,MP00018549,2023-09-07,13:58:27,PL002,MIL0181062,x@x.com,9999123456,9999123451,9999123452,1,1
MP00018550,MP00018550,2023-09-07,13:58:27,PL009,MIL0169695,x@x.com,9999123456,9999123451,9999123452,1,1
MP00018551,MP00018551,2023-09-07,13:58:27,PL009,MIL0490721,x@x.com,9999123456,9999123451,9999123452,1,1
MP00018552,MP00018552,2023-09-07,13:58:27,PL005,MIL0445807,x@x.com,9999123456,9999123451,9999123452,1,1
MP00018553,MP00018553,2023-09-07,13:58:27,PL011,MIL0435627,x@x.com,9999123456,9999123451,9999123452,1,1
MP00018554,MP00018554,2023-09-07,13:58:27,PL004,MIL0396644,x@x.com,9999123456,9999123451,9999123452,1,1
MP00018555,MP00018555,2023-09-07,13:58:27,PL001,MIL0354358,x@x.com,9999123456,9999123451,9999123452,1,1
MP00018556,MP00018556,2023-09-07,13:58:27,PL001,MIL0140006,x@x.com,9999123456,9999123451,9999123452,1,1
MP00018557,MP00018557,2023-09-07,13:58:27,PL007,MIL0045023,x@x.com,9999123456,9999123451,9999123452,1,1
MP00018558,MP00018558,2023-09-07,13:58:27,PL001,MIL0530425,x@x.com,9999123456,9999123451,9999123452,1,1
MP00018559,MP00018559,2023-09-07,13:58:27,PL012,MIL0083427,x@x.com,9999123456,9999123451,9999123452,1,1
MP00018560,MP00018560,2023-09-07,13:58:27,PL008,MIL0186912,x@x.com,9999123456,9999123451,9999123452,1,1
MP00018561,MP00018561,2023-09-07,13:58:27,PL010,MIL0287912,x@x.com,9999123456,9999123451,9999123452,1,1
MP00018562,MP00018562,2023-09-07,13:58:27,PL007,MIL0044737,x@x.com,9999123456,9999123451,9999123452,1,1
MP00018563,MP00018563,2023-09-07,13:58:27,PL006,MIL0545637,x@x.com,9999123456,9999123451,9999123452,1,1
MP00018564,MP00018564,2023-09-07,13:58:27,PL009,MIL0214144,x@x.com,9999123456,9999123451,9999123452,1,1
MP00018565,MP00018565,2023-09-07,13:58:27,PL001,MIL0168887,x@x.com,9999123456,9999123451,9999123452,1,1
MP00018566,MP00018566,2023-09-07,13:58:27,PL008,MIL0227516,x@x.com,9999123456,9999123451,9999123452,1,1
MP00018567,MP00018567,2023-09-07,13:58:27,PL003,MIL0006483,x@x.com,9999123456,9999123451,9999123452,1,1
MP00018568,MP00018568,2023-09-07,13:58:27,PL007,MIL0013473,x@x.com,9999123456,9999123451,9999123452,1,1
MP00018569,MP00018569,2023-09-07,13:58:27,PL009,MIL0326500,x@x.com,9999123456,9999123451,9999123452,1,1
MP00018570,MP00018570,2023-09-07,13:58:27,PL004,MIL0369772,x@x.com,9999123456,9999123451,9999123452,1,1
MP00018571,MP00018571,2023-09-07,13:58:27,PL013,MIL0367180,x@x.com,9999123456,9999123451,9999123452,1,1
MP00018572,MP00018572,2023-09-07,13:58:27,PL002,MIL0359973,x@x.com,9999123456,9999123451,9999123452,1,1
MP00018573,MP00018573,2023-09-07,13:58:27,PL011,MIL0425499,x@x.com,9999123456,9999123451,9999123452,1,1
MP00018574,MP00018574,2023-09-07,13:58:27,PL011,MIL0117589,x@x.com,9999123456,9999123451,9999123452,1,1
MP00018575,MP00018575,2023-09-07,13:58:27,PL003,MIL0146421,x@x.com,9999123456,9999123451,9999123452,1,1
MP00018576,MP00018576,2023-09-07,13:58:27,PL001,MIL0104362,x@x.com,9999123456,9999123451,9999123452,1,1
MP00018577,MP00018577,2023-09-07,13:58:27,PL001,MIL0370609,x@x.com,9999123456,9999123451,9999123452,1,1
MP00018578,MP00018578,2023-09-07,13:58:27,PL008,MIL0527304,x@x.com,9999123456,9999123451,9999123452,1,1
MP00018579,MP00018579,2023-09-07,13:58:27,PL012,MIL0036716,x@x.com,9999123456,9999123451,9999123452,1,1
MP00018580,MP00018580,2023-09-07,13:58:27,PL011,MIL0363967,x@x.com,9999123456,9999123451,9999123452,1,1
MP00018581,MP00018581,2023-09-07,13:58:27,PL002,MIL0131344,x@x.com,9999123456,9999123451,9999123452,1,1
MP00018582,MP00018582,2023-09-07,13:58:27,PL013,MIL0270265,x@x.com,9999123456,9999123451,9999123452,1,1
MP00018583,MP00018583,2023-09-07,13:58:27,PL012,MIL0161634,x@x.com,9999123456,9999123451,9999123452,1,1
MP00018584,MP00018584,2023-09-07,13:58:27,PL008,MIL0406486,x@x.com,9999123456,9999123451,9999123452,1,1
MP00018585,MP00018585,2023-09-07,13:58:27,PL006,MIL0144271,x@x.com,9999123456,9999123451,9999123452,1,1
MP00018586,MP00018586,2023-09-07,13:58:27,PL011,MIL0486548,x@x.com,9999123456,9999123451,9999123452,1,1
MP00018587,MP00018587,2023-09-07,13:58:27,PL011,MIL0502287,x@x.com,9999123456,9999123451,9999123452,1,1
MP00018588,MP00018588,2023-09-07,13:58:27,PL013,MIL0500927,x@x.com,9999123456,9999123451,9999123452,1,1
MP00018589,MP00018589,2023-09-07,13:58:27,PL011,MIL0396535,x@x.com,9999123456,9999123451,9999123452,1,1
MP00018590,MP00018590,2023-09-07,13:58:27,PL009,MIL0482897,x@x.com,9999123456,9999123451,9999123452,1,1
MP00018591,MP00018591,2023-09-07,13:58:27,PL012,MIL0093131,x@x.com,9999123456,9999123451,9999123452,1,1
MP00018592,MP00018592,2023-09-07,13:58:27,PL004,MIL0293671,x@x.com,9999123456,9999123451,9999123452,1,1
MP00018593,MP00018593,2023-09-07,13:58:27,PL012,MIL0035998,x@x.com,9999123456,9999123451,9999123452,1,1
MP00018594,MP00018594,2023-09-07,13:58:27,PL010,MIL0180333,x@x.com,9999123456,9999123451,9999123452,1,1
MP00018595,MP00018595,2023-09-07,13:58:27,PL002,MIL0454897,x@x.com,9999123456,9999123451,9999123452,1,1
MP00018596,MP00018596,2023-09-07,13:58:27,PL003,MIL0202603,x@x.com,9999123456,9999123451,9999123452,1,1
MP00018597,MP00018597,2023-09-07,13:58:27,PL004,MIL0372424,x@x.com,9999123456,9999123451,9999123452,1,1
MP00018598,MP00018598,2023-09-07,13:58:27,PL009,MIL0047522,x@x.com,9999123456,9999123451,9999123452,1,1
MP00018599,MP00018599,2023-09-07,13:58:27,PL013,MIL0270463,x@x.com,9999123456,9999123451,9999123452,1,1
MP00018600,MP00018600,2023-09-07,13:58:27,PL012,MIL0439195,x@x.com,9999123456,9999123451,9999123452,1,1
MP00018601,MP00018601,2023-09-07,13:58:27,PL005,MIL0255673,x@x.com,9999123456,9999123451,9999123452,1,1
MP00018602,MP00018602,2023-09-07,13:58:27,PL004,MIL0300998,x@x.com,9999123456,9999123451,9999123452,1,1
MP00018603,MP00018603,2023-09-07,13:58:27,PL011,MIL0112346,x@x.com,9999123456,9999123451,9999123452,1,1
MP00018604,MP00018604,2023-09-07,13:58:27,PL005,MIL0553653,x@x.com,9999123456,9999123451,9999123452,1,1
MP00018605,MP00018605,2023-09-07,13:58:27,PL002,MIL0292948,x@x.com,9999123456,9999123451,9999123452,1,1
MP00018606,MP00018606,2023-09-07,13:58:27,PL001,MIL0043738,x@x.com,9999123456,9999123451,9999123452,1,1
MP00018607,MP00018607,2023-09-07,13:58:27,PL006,MIL0030715,x@x.com,9999123456,9999123451,9999123452,1,1
MP00018608,MP00018608,2023-09-07,13:58:27,PL006,MIL0426101,x@x.com,9999123456,9999123451,9999123452,1,1
MP00018609,MP00018609,2023-09-07,13:58:27,PL005,MIL0259284,x@x.com,9999123456,9999123451,9999123452,1,1
MP00018610,MP00018610,2023-09-07,13:58:27,PL007,MIL0079615,x@x.com,9999123456,9999123451,9999123452,1,1
MP00018611,MP00018611,2023-09-07,13:58:27,PL001,MIL0360895,x@x.com,9999123456,9999123451,9999123452,1,1
MP00018612,MP00018612,2023-09-07,13:58:27,PL004,MIL0078208,x@x.com,9999123456,9999123451,9999123452,1,1
MP00018613,MP00018613,2023-09-07,13:58:27,PL013,MIL0232884,x@x.com,9999123456,9999123451,9999123452,1,1
MP00018614,MP00018614,2023-09-07,13:58:27,PL010,MIL0378734,x@x.com,9999123456,9999123451,9999123452,1,1
MP00018615,MP00018615,2023-09-07,13:58:27,PL012,MIL0267160,x@x.com,9999123456,9999123451,9999123452,1,1
MP00018616,MP00018616,2023-09-07,13:58:27,PL002,MIL0142706,x@x.com,9999123456,9999123451,9999123452,1,1
MP00018617,MP00018617,2023-09-07,13:58:27,PL003,MIL0113401,x@x.com,9999123456,9999123451,9999123452,1,1
MP00018618,MP00018618,2023-09-07,13:58:27,PL001,MIL0557579,x@x.com,9999123456,9999123451,9999123452,1,1
MP00018619,MP00018619,2023-09-07,13:58:27,PL013,MIL0498335,x@x.com,9999123456,9999123451,9999123452,1,1
MP00018620,MP00018620,2023-09-07,13:58:27,PL005,MIL0210557,x@x.com,9999123456,9999123451,9999123452,1,1
MP00018621,MP00018621,2023-09-07,13:58:27,PL005,MIL0424812,x@x.com,9999123456,9999123451,9999123452,1,1
MP00018622,MP00018622,2023-09-07,13:58:27,PL006,MIL0287932,x@x.com,9999123456,9999123451,9999123452,1,1
MP00018623,MP00018623,2023-09-07,13:58:27,PL013,MIL0044468,x@x.com,9999123456,9999123451,9999123452,1,1
MP00018624,MP00018624,2023-09-07,13:58:27,PL007,MIL0580078,x@x.com,9999123456,9999123451,9999123452,1,1
MP00018625,MP00018625,2023-09-07,13:58:27,PL003,MIL0548995,x@x.com,9999123456,9999123451,9999123452,1,1
MP00018626,MP00018626,2023-09-07,13:58:27,PL013,MIL0370525,x@x.com,9999123456,9999123451,9999123452,1,1
MP00018627,MP00018627,2023-09-07,13:58:27,PL008,MIL0259966,x@x.com,9999123456,9999123451,9999123452,1,1
MP00018628,MP00018628,2023-09-07,13:58:27,PL004,MIL0532984,x@x.com,9999123456,9999123451,9999123452,1,1
MP00018629,MP00018629,2023-09-07,13:58:27,PL001,MIL0323188,x@x.com,9999123456,9999123451,9999123452,1,1
MP00018630,MP00018630,2023-09-07,13:58:27,PL012,MIL0211005,x@x.com,9999123456,9999123451,9999123452,1,1
MP00018631,MP00018631,2023-09-07,13:58:27,PL006,MIL0268990,x@x.com,9999123456,9999123451,9999123452,1,1
MP00018632,MP00018632,2023-09-07,13:58:27,PL007,MIL0166101,x@x.com,9999123456,9999123451,9999123452,1,1
MP00018633,MP00018633,2023-09-07,13:58:27,PL010,MIL0185839,x@x.com,9999123456,9999123451,9999123452,1,1
MP00018634,MP00018634,2023-09-07,13:58:27,PL002,MIL0213711,x@x.com,9999123456,9999123451,9999123452,1,1
MP00018635,MP00018635,2023-09-07,13:58:27,PL004,MIL0413177,x@x.com,9999123456,9999123451,9999123452,1,1
MP00018636,MP00018636,2023-09-07,13:58:27,PL004,MIL0188120,x@x.com,9999123456,9999123451,9999123452,1,1
MP00018637,MP00018637,2023-09-07,13:58:27,PL013,MIL0055349,x@x.com,9999123456,9999123451,9999123452,1,1
MP00018638,MP00018638,2023-09-07,13:58:27,PL004,MIL0502710,x@x.com,9999123456,9999123451,9999123452,1,1
MP00018639,MP00018639,2023-09-07,13:58:27,PL010,MIL0469230,x@x.com,9999123456,9999123451,9999123452,1,1
MP00018640,MP00018640,2023-09-07,13:58:27,PL007,MIL0048494,x@x.com,9999123456,9999123451,9999123452,1,1
MP00018641,MP00018641,2023-09-07,13:58:27,PL010,MIL0147381,x@x.com,9999123456,9999123451,9999123452,1,1
MP00018642,MP00018642,2023-09-07,13:58:27,PL005,MIL0067768,x@x.com,9999123456,9999123451,9999123452,1,1
MP00018643,MP00018643,2023-09-07,13:58:27,PL004,MIL0504934,x@x.com,9999123456,9999123451,9999123452,1,1
MP00018644,MP00018644,2023-09-07,13:58:27,PL009,MIL0145757,x@x.com,9999123456,9999123451,9999123452,1,1
MP00018645,MP00018645,2023-09-07,13:58:27,PL006,MIL0326947,x@x.com,9999123456,9999123451,9999123452,1,1
MP00018646,MP00018646,2023-09-07,13:58:27,PL002,MIL0357411,x@x.com,9999123456,9999123451,9999123452,1,1
MP00018647,MP00018647,2023-09-07,13:58:27,PL010,MIL0283038,x@x.com,9999123456,9999123451,9999123452,1,1
MP00018648,MP00018648,2023-09-07,13:58:27,PL008,MIL0390303,x@x.com,9999123456,9999123451,9999123452,1,1
MP00018649,MP00018649,2023-09-07,13:58:27,PL008,MIL0107944,x@x.com,9999123456,9999123451,9999123452,1,1
MP00018650,MP00018650,2023-09-07,13:58:27,PL002,MIL0485707,x@x.com,9999123456,9999123451,9999123452,1,1
MP00018651,MP00018651,2023-09-07,13:58:27,PL007,MIL0349931,x@x.com,9999123456,9999123451,9999123452,1,1
MP00018652,MP00018652,2023-09-07,13:58:27,PL008,MIL0045993,x@x.com,9999123456,9999123451,9999123452,1,1
MP00018653,MP00018653,2023-09-07,13:58:27,PL013,MIL0331794,x@x.com,9999123456,9999123451,9999123452,1,1
MP00018654,MP00018654,2023-09-07,13:58:27,PL005,MIL0151923,x@x.com,9999123456,9999123451,9999123452,1,1
MP00018655,MP00018655,2023-09-07,13:58:27,PL010,MIL0132161,x@x.com,9999123456,9999123451,9999123452,1,1
MP00018656,MP00018656,2023-09-07,13:58:27,PL004,MIL0429970,x@x.com,9999123456,9999123451,9999123452,1,1
MP00018657,MP00018657,2023-09-07,13:58:27,PL003,MIL0128639,x@x.com,9999123456,9999123451,9999123452,1,1
MP00018658,MP00018658,2023-09-07,13:58:27,PL006,MIL0277902,x@x.com,9999123456,9999123451,9999123452,1,1
MP00018659,MP00018659,2023-09-07,13:58:27,PL007,MIL0282831,x@x.com,9999123456,9999123451,9999123452,1,1
MP00018660,MP00018660,2023-09-07,13:58:27,PL004,MIL0424112,x@x.com,9999123456,9999123451,9999123452,1,1
MP00018661,MP00018661,2023-09-07,13:58:27,PL011,MIL0504760,x@x.com,9999123456,9999123451,9999123452,1,1
MP00018662,MP00018662,2023-09-07,13:58:27,PL013,MIL0500624,x@x.com,9999123456,9999123451,9999123452,1,1
MP00018663,MP00018663,2023-09-07,13:58:27,PL005,MIL0243278,x@x.com,9999123456,9999123451,9999123452,1,1
MP00018664,MP00018664,2023-09-07,13:58:27,PL003,MIL0222844,x@x.com,9999123456,9999123451,9999123452,1,1
MP00018665,MP00018665,2023-09-07,13:58:27,PL011,MIL0225681,x@x.com,9999123456,9999123451,9999123452,1,1
MP00018666,MP00018666,2023-09-07,13:58:27,PL004,MIL0534714,x@x.com,9999123456,9999123451,9999123452,1,1
MP00018667,MP00018667,2023-09-07,13:58:27,PL006,MIL0168217,x@x.com,9999123456,9999123451,9999123452,1,1
MP00018668,MP00018668,2023-09-07,13:58:27,PL001,MIL0214294,x@x.com,9999123456,9999123451,9999123452,1,1
MP00018669,MP00018669,2023-09-07,13:58:27,PL008,MIL0037963,x@x.com,9999123456,9999123451,9999123452,1,1
MP00018670,MP00018670,2023-09-07,13:58:27,PL012,MIL0323268,x@x.com,9999123456,9999123451,9999123452,1,1
MP00018671,MP00018671,2023-09-07,13:58:27,PL005,MIL0458007,x@x.com,9999123456,9999123451,9999123452,1,1
MP00018672,MP00018672,2023-09-07,13:58:27,PL003,MIL0098591,x@x.com,9999123456,9999123451,9999123452,1,1
MP00018673,MP00018673,2023-09-07,13:58:27,PL009,MIL0202672,x@x.com,9999123456,9999123451,9999123452,1,1
MP00018674,MP00018674,2023-09-07,13:58:27,PL011,MIL0176659,x@x.com,9999123456,9999123451,9999123452,1,1
MP00018675,MP00018675,2023-09-07,13:58:27,PL004,MIL0249504,x@x.com,9999123456,9999123451,9999123452,1,1
MP00018676,MP00018676,2023-09-07,13:58:27,PL010,MIL0087762,x@x.com,9999123456,9999123451,9999123452,1,1
MP00018677,MP00018677,2023-09-07,13:58:27,PL005,MIL0006025,x@x.com,9999123456,9999123451,9999123452,1,1
MP00018678,MP00018678,2023-09-07,13:58:27,PL003,MIL0495381,x@x.com,9999123456,9999123451,9999123452,1,1
MP00018679,MP00018679,2023-09-07,13:58:27,PL013,MIL0134023,x@x.com,9999123456,9999123451,9999123452,1,1
MP00018680,MP00018680,2023-09-07,13:58:27,PL009,MIL0491628,x@x.com,9999123456,9999123451,9999123452,1,1
MP00018681,MP00018681,2023-09-07,13:58:27,PL003,MIL0281005,x@x.com,9999123456,9999123451,9999123452,1,1
MP00018682,MP00018682,2023-09-07,13:58:27,PL003,MIL0319827,x@x.com,9999123456,9999123451,9999123452,1,1
MP00018683,MP00018683,2023-09-07,13:58:27,PL006,MIL0502227,x@x.com,9999123456,9999123451,9999123452,1,1
MP00018684,MP00018684,2023-09-07,13:58:27,PL001,MIL0077537,x@x.com,9999123456,9999123451,9999123452,1,1
MP00018685,MP00018685,2023-09-07,13:58:27,PL003,MIL0095964,x@x.com,9999123456,9999123451,9999123452,1,1
MP00018686,MP00018686,2023-09-07,13:58:27,PL001,MIL0493698,x@x.com,9999123456,9999123451,9999123452,1,1
MP00018687,MP00018687,2023-09-07,13:58:27,PL001,MIL0536253,x@x.com,9999123456,9999123451,9999123452,1,1
MP00018688,MP00018688,2023-09-07,13:58:27,PL001,MIL0413744,x@x.com,9999123456,9999123451,9999123452,1,1
MP00018689,MP00018689,2023-09-07,13:58:27,PL011,MIL0387827,x@x.com,9999123456,9999123451,9999123452,1,1
MP00018690,MP00018690,2023-09-07,13:58:27,PL013,MIL0451995,x@x.com,9999123456,9999123451,9999123452,1,1
MP00018691,MP00018691,2023-09-07,13:58:27,PL001,MIL0200174,x@x.com,9999123456,9999123451,9999123452,1,1
MP00018692,MP00018692,2023-09-07,13:58:27,PL001,MIL0394212,x@x.com,9999123456,9999123451,9999123452,1,1
MP00018693,MP00018693,2023-09-07,13:58:27,PL005,MIL0507830,x@x.com,9999123456,9999123451,9999123452,1,1
MP00018694,MP00018694,2023-09-07,13:58:27,PL006,MIL0263979,x@x.com,9999123456,9999123451,9999123452,1,1
MP00018695,MP00018695,2023-09-07,13:58:27,PL001,MIL0036731,x@x.com,9999123456,9999123451,9999123452,1,1
MP00018696,MP00018696,2023-09-07,13:58:27,PL008,MIL0070711,x@x.com,9999123456,9999123451,9999123452,1,1
MP00018697,MP00018697,2023-09-07,13:58:27,PL013,MIL0096649,x@x.com,9999123456,9999123451,9999123452,1,1
MP00018698,MP00018698,2023-09-07,13:58:27,PL006,MIL0226858,x@x.com,9999123456,9999123451,9999123452,1,1
MP00018699,MP00018699,2023-09-07,13:58:27,PL002,MIL0017030,x@x.com,9999123456,9999123451,9999123452,1,1
MP00018700,MP00018700,2023-09-07,13:58:27,PL007,MIL0534018,x@x.com,9999123456,9999123451,9999123452,1,1
MP00018701,MP00018701,2023-09-07,13:58:27,PL012,MIL0148535,x@x.com,9999123456,9999123451,9999123452,1,1
MP00018702,MP00018702,2023-09-07,13:58:27,PL008,MIL0018540,x@x.com,9999123456,9999123451,9999123452,1,1
MP00018703,MP00018703,2023-09-07,13:58:27,PL003,MIL0283075,x@x.com,9999123456,9999123451,9999123452,1,1
MP00018704,MP00018704,2023-09-07,13:58:27,PL002,MIL0114363,x@x.com,9999123456,9999123451,9999123452,1,1
MP00018705,MP00018705,2023-09-07,13:58:27,PL006,MIL0141400,x@x.com,9999123456,9999123451,9999123452,1,1
MP00018706,MP00018706,2023-09-07,13:58:27,PL005,MIL0296955,x@x.com,9999123456,9999123451,9999123452,1,1
MP00018707,MP00018707,2023-09-07,13:58:27,PL012,MIL0539939,x@x.com,9999123456,9999123451,9999123452,1,1
MP00018708,MP00018708,2023-09-07,13:58:27,PL006,MIL0007238,x@x.com,9999123456,9999123451,9999123452,1,1
MP00018709,MP00018709,2023-09-07,13:58:27,PL007,MIL0015793,x@x.com,9999123456,9999123451,9999123452,1,1
MP00018710,MP00018710,2023-09-07,13:58:27,PL013,MIL0208373,x@x.com,9999123456,9999123451,9999123452,1,1
MP00018711,MP00018711,2023-09-07,13:58:27,PL010,MIL0233820,x@x.com,9999123456,9999123451,9999123452,1,1
MP00018712,MP00018712,2023-09-07,13:58:27,PL009,MIL0549961,x@x.com,9999123456,9999123451,9999123452,1,1
MP00018713,MP00018713,2023-09-07,13:58:27,PL011,MIL0551751,x@x.com,9999123456,9999123451,9999123452,1,1
MP00018714,MP00018714,2023-09-07,13:58:27,PL004,MIL0271757,x@x.com,9999123456,9999123451,9999123452,1,1
MP00018715,MP00018715,2023-09-07,13:58:27,PL004,MIL0364362,x@x.com,9999123456,9999123451,9999123452,1,1
MP00018716,MP00018716,2023-09-07,13:58:27,PL005,MIL0076140,x@x.com,9999123456,9999123451,9999123452,1,1
MP00018717,MP00018717,2023-09-07,13:58:27,PL007,MIL0509164,x@x.com,9999123456,9999123451,9999123452,1,1
MP00018718,MP00018718,2023-09-07,13:58:27,PL008,MIL0294883,x@x.com,9999123456,9999123451,9999123452,1,1
MP00018719,MP00018719,2023-09-07,13:58:27,PL012,MIL0177686,x@x.com,9999123456,9999123451,9999123452,1,1
MP00018720,MP00018720,2023-09-07,13:58:27,PL001,MIL0565262,x@x.com,9999123456,9999123451,9999123452,1,1
MP00018721,MP00018721,2023-09-07,13:58:27,PL013,MIL0034678,x@x.com,9999123456,9999123451,9999123452,1,1
MP00018722,MP00018722,2023-09-07,13:58:27,PL009,MIL0289155,x@x.com,9999123456,9999123451,9999123452,1,1
MP00018723,MP00018723,2023-09-07,13:58:27,PL002,MIL0106741,x@x.com,9999123456,9999123451,9999123452,1,1
MP00018724,MP00018724,2023-09-07,13:58:27,PL003,MIL0484367,x@x.com,9999123456,9999123451,9999123452,1,1
MP00018725,MP00018725,2023-09-07,13:58:27,PL003,MIL0360631,x@x.com,9999123456,9999123451,9999123452,1,1
MP00018726,MP00018726,2023-09-07,13:58:27,PL005,MIL0493781,x@x.com,9999123456,9999123451,9999123452,1,1
MP00018727,MP00018727,2023-09-07,13:58:27,PL010,MIL0437927,x@x.com,9999123456,9999123451,9999123452,1,1
MP00018728,MP00018728,2023-09-07,13:58:27,PL011,MIL0049886,x@x.com,9999123456,9999123451,9999123452,1,1
MP00018729,MP00018729,2023-09-07,13:58:27,PL009,MIL0166086,x@x.com,9999123456,9999123451,9999123452,1,1
MP00018730,MP00018730,2023-09-07,13:58:27,PL003,MIL0216950,x@x.com,9999123456,9999123451,9999123452,1,1
MP00018731,MP00018731,2023-09-07,13:58:27,PL004,MIL0324514,x@x.com,9999123456,9999123451,9999123452,1,1
MP00018732,MP00018732,2023-09-07,13:58:27,PL004,MIL0281519,x@x.com,9999123456,9999123451,9999123452,1,1
MP00018733,MP00018733,2023-09-07,13:58:27,PL001,MIL0408847,x@x.com,9999123456,9999123451,9999123452,1,1
MP00018734,MP00018734,2023-09-07,13:58:27,PL003,MIL0087688,x@x.com,9999123456,9999123451,9999123452,1,1
MP00018735,MP00018735,2023-09-07,13:58:27,PL004,MIL0009176,x@x.com,9999123456,9999123451,9999123452,1,1
MP00018736,MP00018736,2023-09-07,13:58:27,PL012,MIL0553241,x@x.com,9999123456,9999123451,9999123452,1,1
MP00018737,MP00018737,2023-09-07,13:58:27,PL013,MIL0100730,x@x.com,9999123456,9999123451,9999123452,1,1
MP00018738,MP00018738,2023-09-07,13:58:27,PL012,MIL0503801,x@x.com,9999123456,9999123451,9999123452,1,1
MP00018739,MP00018739,2023-09-07,13:58:27,PL012,MIL0407849,x@x.com,9999123456,9999123451,9999123452,1,1
MP00018740,MP00018740,2023-09-07,13:58:27,PL003,MIL0371177,x@x.com,9999123456,9999123451,9999123452,1,1
MP00018741,MP00018741,2023-09-07,13:58:27,PL004,MIL0543130,x@x.com,9999123456,9999123451,9999123452,1,1
MP00018742,MP00018742,2023-09-07,13:58:27,PL008,MIL0058552,x@x.com,9999123456,9999123451,9999123452,1,1
MP00018743,MP00018743,2023-09-07,13:58:27,PL008,MIL0247850,x@x.com,9999123456,9999123451,9999123452,1,1
MP00018744,MP00018744,2023-09-07,13:58:27,PL011,MIL0044953,x@x.com,9999123456,9999123451,9999123452,1,1
MP00018745,MP00018745,2023-09-07,13:58:27,PL006,MIL0175655,x@x.com,9999123456,9999123451,9999123452,1,1
MP00018746,MP00018746,2023-09-07,13:58:27,PL010,MIL0112920,x@x.com,9999123456,9999123451,9999123452,1,1
MP00018747,MP00018747,2023-09-07,13:58:27,PL011,MIL0542827,x@x.com,9999123456,9999123451,9999123452,1,1
MP00018748,MP00018748,2023-09-07,13:58:27,PL009,MIL0452985,x@x.com,9999123456,9999123451,9999123452,1,1
MP00018749,MP00018749,2023-09-07,13:58:27,PL003,MIL0284597,x@x.com,9999123456,9999123451,9999123452,1,1
MP00018750,MP00018750,2023-09-07,13:58:27,PL004,MIL0554494,x@x.com,9999123456,9999123451,9999123452,1,1
MP00018751,MP00018751,2023-09-07,13:58:27,PL005,MIL0501486,x@x.com,9999123456,9999123451,9999123452,1,1
MP00018752,MP00018752,2023-09-07,13:58:27,PL013,MIL0432244,x@x.com,9999123456,9999123451,9999123452,1,1
MP00018753,MP00018753,2023-09-07,13:58:27,PL003,MIL0119569,x@x.com,9999123456,9999123451,9999123452,1,1
MP00018754,MP00018754,2023-09-07,13:58:27,PL001,MIL0266492,x@x.com,9999123456,9999123451,9999123452,1,1
MP00018755,MP00018755,2023-09-07,13:58:27,PL008,MIL0516010,x@x.com,9999123456,9999123451,9999123452,1,1
MP00018756,MP00018756,2023-09-07,13:58:27,PL003,MIL0060105,x@x.com,9999123456,9999123451,9999123452,1,1
MP00018757,MP00018757,2023-09-07,13:58:27,PL003,MIL0424905,x@x.com,9999123456,9999123451,9999123452,1,1
MP00018758,MP00018758,2023-09-07,13:58:27,PL010,MIL0500077,x@x.com,9999123456,9999123451,9999123452,1,1
MP00018759,MP00018759,2023-09-07,13:58:27,PL007,MIL0212867,x@x.com,9999123456,9999123451,9999123452,1,1
MP00018760,MP00018760,2023-09-07,13:58:27,PL003,MIL0501185,x@x.com,9999123456,9999123451,9999123452,1,1
MP00018761,MP00018761,2023-09-07,13:58:27,PL008,MIL0403187,x@x.com,9999123456,9999123451,9999123452,1,1
MP00018762,MP00018762,2023-09-07,13:58:27,PL006,MIL0300460,x@x.com,9999123456,9999123451,9999123452,1,1
MP00018763,MP00018763,2023-09-07,13:58:27,PL011,MIL0355204,x@x.com,9999123456,9999123451,9999123452,1,1
MP00018764,MP00018764,2023-09-07,13:58:27,PL004,MIL0101283,x@x.com,9999123456,9999123451,9999123452,1,1
MP00018765,MP00018765,2023-09-07,13:58:27,PL010,MIL0411189,x@x.com,9999123456,9999123451,9999123452,1,1
MP00018766,MP00018766,2023-09-07,13:58:27,PL008,MIL0351795,x@x.com,9999123456,9999123451,9999123452,1,1
MP00018767,MP00018767,2023-09-07,13:58:27,PL012,MIL0369292,x@x.com,9999123456,9999123451,9999123452,1,1
MP00018768,MP00018768,2023-09-07,13:58:27,PL010,MIL0548915,x@x.com,9999123456,9999123451,9999123452,1,1
MP00018769,MP00018769,2023-09-07,13:58:27,PL010,MIL0395916,x@x.com,9999123456,9999123451,9999123452,1,1
MP00018770,MP00018770,2023-09-07,13:58:27,PL012,MIL0514566,x@x.com,9999123456,9999123451,9999123452,1,1
MP00018771,MP00018771,2023-09-07,13:58:27,PL001,MIL0283091,x@x.com,9999123456,9999123451,9999123452,1,1
MP00018772,MP00018772,2023-09-07,13:58:27,PL008,MIL0340606,x@x.com,9999123456,9999123451,9999123452,1,1
MP00018773,MP00018773,2023-09-07,13:58:27,PL004,MIL0519595,x@x.com,9999123456,9999123451,9999123452,1,1
MP00018774,MP00018774,2023-09-07,13:58:27,PL004,MIL0520867,x@x.com,9999123456,9999123451,9999123452,1,1
MP00018775,MP00018775,2023-09-07,13:58:27,PL008,MIL0494162,x@x.com,9999123456,9999123451,9999123452,1,1
MP00018776,MP00018776,2023-09-07,13:58:27,PL011,MIL0173881,x@x.com,9999123456,9999123451,9999123452,1,1
MP00018777,MP00018777,2023-09-07,13:58:27,PL004,MIL0471174,x@x.com,9999123456,9999123451,9999123452,1,1
MP00018778,MP00018778,2023-09-07,13:58:27,PL009,MIL0418521,x@x.com,9999123456,9999123451,9999123452,1,1
MP00018779,MP00018779,2023-09-07,13:58:27,PL012,MIL0328466,x@x.com,9999123456,9999123451,9999123452,1,1
MP00018780,MP00018780,2023-09-07,13:58:27,PL004,MIL0226075,x@x.com,9999123456,9999123451,9999123452,1,1
MP00018781,MP00018781,2023-09-07,13:58:27,PL012,MIL0091964,x@x.com,9999123456,9999123451,9999123452,1,1
MP00018782,MP00018782,2023-09-07,13:58:27,PL002,MIL0533042,x@x.com,9999123456,9999123451,9999123452,1,1
MP00018783,MP00018783,2023-09-07,13:58:27,PL013,MIL0396489,x@x.com,9999123456,9999123451,9999123452,1,1
MP00018784,MP00018784,2023-09-07,13:58:27,PL011,MIL0452069,x@x.com,9999123456,9999123451,9999123452,1,1
MP00018785,MP00018785,2023-09-07,13:58:27,PL001,MIL0001383,x@x.com,9999123456,9999123451,9999123452,1,1
MP00018786,MP00018786,2023-09-07,13:58:27,PL008,MIL0482465,x@x.com,9999123456,9999123451,9999123452,1,1
MP00018787,MP00018787,2023-09-07,13:58:27,PL003,MIL0229878,x@x.com,9999123456,9999123451,9999123452,1,1
MP00018788,MP00018788,2023-09-07,13:58:27,PL011,MIL0301997,x@x.com,9999123456,9999123451,9999123452,1,1
MP00018789,MP00018789,2023-09-07,13:58:27,PL011,MIL0142485,x@x.com,9999123456,9999123451,9999123452,1,1
MP00018790,MP00018790,2023-09-07,13:58:27,PL001,MIL0317683,x@x.com,9999123456,9999123451,9999123452,1,1
MP00018791,MP00018791,2023-09-07,13:58:27,PL012,MIL0247021,x@x.com,9999123456,9999123451,9999123452,1,1
MP00018792,MP00018792,2023-09-07,13:58:27,PL009,MIL0544323,x@x.com,9999123456,9999123451,9999123452,1,1
MP00018793,MP00018793,2023-09-07,13:58:27,PL008,MIL0287508,x@x.com,9999123456,9999123451,9999123452,1,1
MP00018794,MP00018794,2023-09-07,13:58:27,PL001,MIL0383520,x@x.com,9999123456,9999123451,9999123452,1,1
MP00018795,MP00018795,2023-09-07,13:58:27,PL013,MIL0290791,x@x.com,9999123456,9999123451,9999123452,1,1
MP00018796,MP00018796,2023-09-07,13:58:27,PL002,MIL0089207,x@x.com,9999123456,9999123451,9999123452,1,1
MP00018797,MP00018797,2023-09-07,13:58:27,PL006,MIL0006791,x@x.com,9999123456,9999123451,9999123452,1,1
MP00018798,MP00018798,2023-09-07,13:58:27,PL008,MIL0443736,x@x.com,9999123456,9999123451,9999123452,1,1
MP00018799,MP00018799,2023-09-07,13:58:27,PL001,MIL0285369,x@x.com,9999123456,9999123451,9999123452,1,1
MP00018800,MP00018800,2023-09-07,13:58:27,PL009,MIL0414469,x@x.com,9999123456,9999123451,9999123452,1,1
MP00018801,MP00018801,2023-09-07,13:58:27,PL011,MIL0184092,x@x.com,9999123456,9999123451,9999123452,1,1
MP00018802,MP00018802,2023-09-07,13:58:27,PL003,MIL0574028,x@x.com,9999123456,9999123451,9999123452,1,1
MP00018803,MP00018803,2023-09-07,13:58:27,PL012,MIL0408914,x@x.com,9999123456,9999123451,9999123452,1,1
MP00018804,MP00018804,2023-09-07,13:58:27,PL008,MIL0426682,x@x.com,9999123456,9999123451,9999123452,1,1
MP00018805,MP00018805,2023-09-07,13:58:27,PL006,MIL0217440,x@x.com,9999123456,9999123451,9999123452,1,1
MP00018806,MP00018806,2023-09-07,13:58:27,PL013,MIL0357950,x@x.com,9999123456,9999123451,9999123452,1,1
MP00018807,MP00018807,2023-09-07,13:58:27,PL001,MIL0484466,x@x.com,9999123456,9999123451,9999123452,1,1
MP00018808,MP00018808,2023-09-07,13:58:27,PL010,MIL0498164,x@x.com,9999123456,9999123451,9999123452,1,1
MP00018809,MP00018809,2023-09-07,13:58:27,PL011,MIL0108850,x@x.com,9999123456,9999123451,9999123452,1,1
MP00018810,MP00018810,2023-09-07,13:58:27,PL013,MIL0504640,x@x.com,9999123456,9999123451,9999123452,1,1
MP00018811,MP00018811,2023-09-07,13:58:27,PL005,MIL0369261,x@x.com,9999123456,9999123451,9999123452,1,1
MP00018812,MP00018812,2023-09-07,13:58:27,PL011,MIL0461194,x@x.com,9999123456,9999123451,9999123452,1,1
MP00018813,MP00018813,2023-09-07,13:58:27,PL012,MIL0313320,x@x.com,9999123456,9999123451,9999123452,1,1
MP00018814,MP00018814,2023-09-07,13:58:27,PL003,MIL0358470,x@x.com,9999123456,9999123451,9999123452,1,1
MP00018815,MP00018815,2023-09-07,13:58:27,PL010,MIL0549491,x@x.com,9999123456,9999123451,9999123452,1,1
MP00018816,MP00018816,2023-09-07,13:58:27,PL012,MIL0228712,x@x.com,9999123456,9999123451,9999123452,1,1
MP00018817,MP00018817,2023-09-07,13:58:27,PL005,MIL0441375,x@x.com,9999123456,9999123451,9999123452,1,1
MP00018818,MP00018818,2023-09-07,13:58:27,PL004,MIL0335662,x@x.com,9999123456,9999123451,9999123452,1,1
MP00018819,MP00018819,2023-09-07,13:58:27,PL002,MIL0145632,x@x.com,9999123456,9999123451,9999123452,1,1
MP00018820,MP00018820,2023-09-07,13:58:27,PL013,MIL0476106,x@x.com,9999123456,9999123451,9999123452,1,1
MP00018821,MP00018821,2023-09-07,13:58:27,PL013,MIL0008151,x@x.com,9999123456,9999123451,9999123452,1,1
MP00018822,MP00018822,2023-09-07,13:58:27,PL004,MIL0043040,x@x.com,9999123456,9999123451,9999123452,1,1
MP00018823,MP00018823,2023-09-07,13:58:27,PL008,MIL0450338,x@x.com,9999123456,9999123451,9999123452,1,1
MP00018824,MP00018824,2023-09-07,13:58:27,PL009,MIL0300906,x@x.com,9999123456,9999123451,9999123452,1,1
MP00018825,MP00018825,2023-09-07,13:58:27,PL002,MIL0406430,x@x.com,9999123456,9999123451,9999123452,1,1
MP00018826,MP00018826,2023-09-07,13:58:27,PL004,MIL0156202,x@x.com,9999123456,9999123451,9999123452,1,1
MP00018827,MP00018827,2023-09-07,13:58:27,PL002,MIL0537386,x@x.com,9999123456,9999123451,9999123452,1,1
MP00018828,MP00018828,2023-09-07,13:58:27,PL012,MIL0544158,x@x.com,9999123456,9999123451,9999123452,1,1
MP00018829,MP00018829,2023-09-07,13:58:27,PL009,MIL0490085,x@x.com,9999123456,9999123451,9999123452,1,1
MP00018830,MP00018830,2023-09-07,13:58:27,PL013,MIL0525372,x@x.com,9999123456,9999123451,9999123452,1,1
MP00018831,MP00018831,2023-09-07,13:58:27,PL008,MIL0087462,x@x.com,9999123456,9999123451,9999123452,1,1
MP00018832,MP00018832,2023-09-07,13:58:27,PL006,MIL0130711,x@x.com,9999123456,9999123451,9999123452,1,1
MP00018833,MP00018833,2023-09-07,13:58:27,PL007,MIL0298921,x@x.com,9999123456,9999123451,9999123452,1,1
MP00018834,MP00018834,2023-09-07,13:58:27,PL002,MIL0575219,x@x.com,9999123456,9999123451,9999123452,1,1
MP00018835,MP00018835,2023-09-07,13:58:27,PL003,MIL0341446,x@x.com,9999123456,9999123451,9999123452,1,1
MP00018836,MP00018836,2023-09-07,13:58:27,PL007,MIL0155058,x@x.com,9999123456,9999123451,9999123452,1,1
MP00018837,MP00018837,2023-09-07,13:58:27,PL009,MIL0433764,x@x.com,9999123456,9999123451,9999123452,1,1
MP00018838,MP00018838,2023-09-07,13:58:27,PL009,MIL0318842,x@x.com,9999123456,9999123451,9999123452,1,1
MP00018839,MP00018839,2023-09-07,13:58:27,PL012,MIL0098129,x@x.com,9999123456,9999123451,9999123452,1,1
MP00018840,MP00018840,2023-09-07,13:58:27,PL005,MIL0290148,x@x.com,9999123456,9999123451,9999123452,1,1
MP00018841,MP00018841,2023-09-07,13:58:27,PL002,MIL0157808,x@x.com,9999123456,9999123451,9999123452,1,1
MP00018842,MP00018842,2023-09-07,13:58:27,PL007,MIL0436844,x@x.com,9999123456,9999123451,9999123452,1,1
MP00018843,MP00018843,2023-09-07,13:58:27,PL003,MIL0452243,x@x.com,9999123456,9999123451,9999123452,1,1
MP00018844,MP00018844,2023-09-07,13:58:27,PL010,MIL0527733,x@x.com,9999123456,9999123451,9999123452,1,1
MP00018845,MP00018845,2023-09-07,13:58:27,PL007,MIL0334551,x@x.com,9999123456,9999123451,9999123452,1,1
MP00018846,MP00018846,2023-09-07,13:58:27,PL001,MIL0418451,x@x.com,9999123456,9999123451,9999123452,1,1
MP00018847,MP00018847,2023-09-07,13:58:27,PL001,MIL0109875,x@x.com,9999123456,9999123451,9999123452,1,1
MP00018848,MP00018848,2023-09-07,13:58:27,PL008,MIL0342802,x@x.com,9999123456,9999123451,9999123452,1,1
MP00018849,MP00018849,2023-09-07,13:58:27,PL003,MIL0105586,x@x.com,9999123456,9999123451,9999123452,1,1
MP00018850,MP00018850,2023-09-07,13:58:27,PL006,MIL0063492,x@x.com,9999123456,9999123451,9999123452,1,1
MP00018851,MP00018851,2023-09-07,13:58:27,PL001,MIL0390553,x@x.com,9999123456,9999123451,9999123452,1,1
MP00018852,MP00018852,2023-09-07,13:58:27,PL002,MIL0013940,x@x.com,9999123456,9999123451,9999123452,1,1
MP00018853,MP00018853,2023-09-07,13:58:27,PL006,MIL0338991,x@x.com,9999123456,9999123451,9999123452,1,1
MP00018854,MP00018854,2023-09-07,13:58:27,PL012,MIL0115478,x@x.com,9999123456,9999123451,9999123452,1,1
MP00018855,MP00018855,2023-09-07,13:58:27,PL001,MIL0223882,x@x.com,9999123456,9999123451,9999123452,1,1
MP00018856,MP00018856,2023-09-07,13:58:27,PL010,MIL0196015,x@x.com,9999123456,9999123451,9999123452,1,1
MP00018857,MP00018857,2023-09-07,13:58:27,PL009,MIL0544931,x@x.com,9999123456,9999123451,9999123452,1,1
MP00018858,MP00018858,2023-09-07,13:58:27,PL012,MIL0006250,x@x.com,9999123456,9999123451,9999123452,1,1
MP00018859,MP00018859,2023-09-07,13:58:27,PL012,MIL0135720,x@x.com,9999123456,9999123451,9999123452,1,1
MP00018860,MP00018860,2023-09-07,13:58:27,PL009,MIL0356682,x@x.com,9999123456,9999123451,9999123452,1,1
MP00018861,MP00018861,2023-09-07,13:58:27,PL002,MIL0252790,x@x.com,9999123456,9999123451,9999123452,1,1
MP00018862,MP00018862,2023-09-07,13:58:27,PL006,MIL0372659,x@x.com,9999123456,9999123451,9999123452,1,1
MP00018863,MP00018863,2023-09-07,13:58:27,PL012,MIL0074784,x@x.com,9999123456,9999123451,9999123452,1,1
MP00018864,MP00018864,2023-09-07,13:58:27,PL012,MIL0158222,x@x.com,9999123456,9999123451,9999123452,1,1
MP00018865,MP00018865,2023-09-07,13:58:27,PL008,MIL0189958,x@x.com,9999123456,9999123451,9999123452,1,1
MP00018866,MP00018866,2023-09-07,13:58:27,PL001,MIL0209626,x@x.com,9999123456,9999123451,9999123452,1,1
MP00018867,MP00018867,2023-09-07,13:58:27,PL008,MIL0515926,x@x.com,9999123456,9999123451,9999123452,1,1
MP00018868,MP00018868,2023-09-07,13:58:27,PL005,MIL0496721,x@x.com,9999123456,9999123451,9999123452,1,1
MP00018869,MP00018869,2023-09-07,13:58:27,PL004,MIL0119048,x@x.com,9999123456,9999123451,9999123452,1,1
MP00018870,MP00018870,2023-09-07,13:58:27,PL001,MIL0122601,x@x.com,9999123456,9999123451,9999123452,1,1
MP00018871,MP00018871,2023-09-07,13:58:27,PL007,MIL0293764,x@x.com,9999123456,9999123451,9999123452,1,1
MP00018872,MP00018872,2023-09-07,13:58:27,PL001,MIL0052794,x@x.com,9999123456,9999123451,9999123452,1,1
MP00018873,MP00018873,2023-09-07,13:58:27,PL009,MIL0564606,x@x.com,9999123456,9999123451,9999123452,1,1
MP00018874,MP00018874,2023-09-07,13:58:27,PL002,MIL0165078,x@x.com,9999123456,9999123451,9999123452,1,1
MP00018875,MP00018875,2023-09-07,13:58:27,PL006,MIL0288918,x@x.com,9999123456,9999123451,9999123452,1,1
MP00018876,MP00018876,2023-09-07,13:58:27,PL005,MIL0191371,x@x.com,9999123456,9999123451,9999123452,1,1
MP00018877,MP00018877,2023-09-07,13:58:27,PL003,MIL0524406,x@x.com,9999123456,9999123451,9999123452,1,1
MP00018878,MP00018878,2023-09-07,13:58:27,PL005,MIL0398886,x@x.com,9999123456,9999123451,9999123452,1,1
MP00018879,MP00018879,2023-09-07,13:58:27,PL003,MIL0006815,x@x.com,9999123456,9999123451,9999123452,1,1
MP00018880,MP00018880,2023-09-07,13:58:27,PL013,MIL0215725,x@x.com,9999123456,9999123451,9999123452,1,1
MP00018881,MP00018881,2023-09-07,13:58:27,PL007,MIL0385851,x@x.com,9999123456,9999123451,9999123452,1,1
MP00018882,MP00018882,2023-09-07,13:58:27,PL010,MIL0070013,x@x.com,9999123456,9999123451,9999123452,1,1
MP00018883,MP00018883,2023-09-07,13:58:27,PL003,MIL0483408,x@x.com,9999123456,9999123451,9999123452,1,1
MP00018884,MP00018884,2023-09-07,13:58:27,PL012,MIL0052959,x@x.com,9999123456,9999123451,9999123452,1,1
MP00018885,MP00018885,2023-09-07,13:58:27,PL006,MIL0103384,x@x.com,9999123456,9999123451,9999123452,1,1
MP00018886,MP00018886,2023-09-07,13:58:27,PL003,MIL0284265,x@x.com,9999123456,9999123451,9999123452,1,1
MP00018887,MP00018887,2023-09-07,13:58:27,PL005,MIL0553793,x@x.com,9999123456,9999123451,9999123452,1,1
MP00018888,MP00018888,2023-09-07,13:58:27,PL006,MIL0544380,x@x.com,9999123456,9999123451,9999123452,1,1
MP00018889,MP00018889,2023-09-07,13:58:27,PL008,MIL0148119,x@x.com,9999123456,9999123451,9999123452,1,1
MP00018890,MP00018890,2023-09-07,13:58:27,PL008,MIL0373044,x@x.com,9999123456,9999123451,9999123452,1,1
MP00018891,MP00018891,2023-09-07,13:58:27,PL005,MIL0047390,x@x.com,9999123456,9999123451,9999123452,1,1
MP00018892,MP00018892,2023-09-07,13:58:27,PL008,MIL0384170,x@x.com,9999123456,9999123451,9999123452,1,1
MP00018893,MP00018893,2023-09-07,13:58:27,PL007,MIL0176369,x@x.com,9999123456,9999123451,9999123452,1,1
MP00018894,MP00018894,2023-09-07,13:58:27,PL007,MIL0444542,x@x.com,9999123456,9999123451,9999123452,1,1
MP00018895,MP00018895,2023-09-07,13:58:27,PL013,MIL0214201,x@x.com,9999123456,9999123451,9999123452,1,1
MP00018896,MP00018896,2023-09-07,13:58:27,PL011,MIL0452040,x@x.com,9999123456,9999123451,9999123452,1,1
MP00018897,MP00018897,2023-09-07,13:58:27,PL013,MIL0475886,x@x.com,9999123456,9999123451,9999123452,1,1
MP00018898,MP00018898,2023-09-07,13:58:27,PL005,MIL0320411,x@x.com,9999123456,9999123451,9999123452,1,1
MP00018899,MP00018899,2023-09-07,13:58:27,PL010,MIL0028039,x@x.com,9999123456,9999123451,9999123452,1,1
MP00018900,MP00018900,2023-09-07,13:58:27,PL007,MIL0112648,x@x.com,9999123456,9999123451,9999123452,1,1
MP00018901,MP00018901,2023-09-07,13:58:27,PL005,MIL0518150,x@x.com,9999123456,9999123451,9999123452,1,1
MP00018902,MP00018902,2023-09-07,13:58:27,PL006,MIL0060703,x@x.com,9999123456,9999123451,9999123452,1,1
MP00018903,MP00018903,2023-09-07,13:58:27,PL007,MIL0262455,x@x.com,9999123456,9999123451,9999123452,1,1
MP00018904,MP00018904,2023-09-07,13:58:27,PL010,MIL0292705,x@x.com,9999123456,9999123451,9999123452,1,1
MP00018905,MP00018905,2023-09-07,13:58:27,PL003,MIL0438737,x@x.com,9999123456,9999123451,9999123452,1,1
MP00018906,MP00018906,2023-09-07,13:58:27,PL011,MIL0383277,x@x.com,9999123456,9999123451,9999123452,1,1
MP00018907,MP00018907,2023-09-07,13:58:27,PL009,MIL0469013,x@x.com,9999123456,9999123451,9999123452,1,1
MP00018908,MP00018908,2023-09-07,13:58:27,PL009,MIL0278822,x@x.com,9999123456,9999123451,9999123452,1,1
MP00018909,MP00018909,2023-09-07,13:58:27,PL006,MIL0153859,x@x.com,9999123456,9999123451,9999123452,1,1
MP00018910,MP00018910,2023-09-07,13:58:27,PL013,MIL0259911,x@x.com,9999123456,9999123451,9999123452,1,1
MP00018911,MP00018911,2023-09-07,13:58:27,PL003,MIL0417774,x@x.com,9999123456,9999123451,9999123452,1,1
MP00018912,MP00018912,2023-09-07,13:58:27,PL002,MIL0156712,x@x.com,9999123456,9999123451,9999123452,1,1
MP00018913,MP00018913,2023-09-07,13:58:27,PL009,MIL0523885,x@x.com,9999123456,9999123451,9999123452,1,1
MP00018914,MP00018914,2023-09-07,13:58:27,PL005,MIL0540099,x@x.com,9999123456,9999123451,9999123452,1,1
MP00018915,MP00018915,2023-09-07,13:58:27,PL009,MIL0383145,x@x.com,9999123456,9999123451,9999123452,1,1
MP00018916,MP00018916,2023-09-07,13:58:27,PL013,MIL0474762,x@x.com,9999123456,9999123451,9999123452,1,1
MP00018917,MP00018917,2023-09-07,13:58:27,PL009,MIL0341114,x@x.com,9999123456,9999123451,9999123452,1,1
MP00018918,MP00018918,2023-09-07,13:58:27,PL008,MIL0458820,x@x.com,9999123456,9999123451,9999123452,1,1
MP00018919,MP00018919,2023-09-07,13:58:27,PL010,MIL0276907,x@x.com,9999123456,9999123451,9999123452,1,1
MP00018920,MP00018920,2023-09-07,13:58:27,PL006,MIL0509662,x@x.com,9999123456,9999123451,9999123452,1,1
MP00018921,MP00018921,2023-09-07,13:58:27,PL004,MIL0400769,x@x.com,9999123456,9999123451,9999123452,1,1
MP00018922,MP00018922,2023-09-07,13:58:27,PL006,MIL0537363,x@x.com,9999123456,9999123451,9999123452,1,1
MP00018923,MP00018923,2023-09-07,13:58:27,PL011,MIL0225150,x@x.com,9999123456,9999123451,9999123452,1,1
MP00018924,MP00018924,2023-09-07,13:58:27,PL003,MIL0573829,x@x.com,9999123456,9999123451,9999123452,1,1
MP00018925,MP00018925,2023-09-07,13:58:27,PL001,MIL0071406,x@x.com,9999123456,9999123451,9999123452,1,1
MP00018926,MP00018926,2023-09-07,13:58:27,PL009,MIL0270103,x@x.com,9999123456,9999123451,9999123452,1,1
MP00018927,MP00018927,2023-09-07,13:58:27,PL013,MIL0488269,x@x.com,9999123456,9999123451,9999123452,1,1
MP00018928,MP00018928,2023-09-07,13:58:27,PL013,MIL0470698,x@x.com,9999123456,9999123451,9999123452,1,1
MP00018929,MP00018929,2023-09-07,13:58:27,PL008,MIL0287687,x@x.com,9999123456,9999123451,9999123452,1,1
MP00018930,MP00018930,2023-09-07,13:58:27,PL007,MIL0507543,x@x.com,9999123456,9999123451,9999123452,1,1
MP00018931,MP00018931,2023-09-07,13:58:27,PL013,MIL0100541,x@x.com,9999123456,9999123451,9999123452,1,1
MP00018932,MP00018932,2023-09-07,13:58:27,PL008,MIL0443236,x@x.com,9999123456,9999123451,9999123452,1,1
MP00018933,MP00018933,2023-09-07,13:58:27,PL008,MIL0035254,x@x.com,9999123456,9999123451,9999123452,1,1
MP00018934,MP00018934,2023-09-07,13:58:27,PL010,MIL0091651,x@x.com,9999123456,9999123451,9999123452,1,1
MP00018935,MP00018935,2023-09-07,13:58:27,PL004,MIL0318782,x@x.com,9999123456,9999123451,9999123452,1,1
MP00018936,MP00018936,2023-09-07,13:58:27,PL009,MIL0262105,x@x.com,9999123456,9999123451,9999123452,1,1
MP00018937,MP00018937,2023-09-07,13:58:27,PL011,MIL0296931,x@x.com,9999123456,9999123451,9999123452,1,1
MP00018938,MP00018938,2023-09-07,13:58:27,PL002,MIL0011829,x@x.com,9999123456,9999123451,9999123452,1,1
MP00018939,MP00018939,2023-09-07,13:58:27,PL012,MIL0272423,x@x.com,9999123456,9999123451,9999123452,1,1
MP00018940,MP00018940,2023-09-07,13:58:27,PL010,MIL0428484,x@x.com,9999123456,9999123451,9999123452,1,1
MP00018941,MP00018941,2023-09-07,13:58:27,PL011,MIL0550094,x@x.com,9999123456,9999123451,9999123452,1,1
MP00018942,MP00018942,2023-09-07,13:58:27,PL011,MIL0006855,x@x.com,9999123456,9999123451,9999123452,1,1
MP00018943,MP00018943,2023-09-07,13:58:27,PL010,MIL0020472,x@x.com,9999123456,9999123451,9999123452,1,1
MP00018944,MP00018944,2023-09-07,13:58:27,PL004,MIL0475426,x@x.com,9999123456,9999123451,9999123452,1,1
MP00018945,MP00018945,2023-09-07,13:58:27,PL008,MIL0388166,x@x.com,9999123456,9999123451,9999123452,1,1
MP00018946,MP00018946,2023-09-07,13:58:27,PL006,MIL0123991,x@x.com,9999123456,9999123451,9999123452,1,1
MP00018947,MP00018947,2023-09-07,13:58:27,PL006,MIL0351050,x@x.com,9999123456,9999123451,9999123452,1,1
MP00018948,MP00018948,2023-09-07,13:58:27,PL004,MIL0107648,x@x.com,9999123456,9999123451,9999123452,1,1
MP00018949,MP00018949,2023-09-07,13:58:27,PL005,MIL0189936,x@x.com,9999123456,9999123451,9999123452,1,1
MP00018950,MP00018950,2023-09-07,13:58:27,PL005,MIL0535193,x@x.com,9999123456,9999123451,9999123452,1,1
MP00018951,MP00018951,2023-09-07,13:58:27,PL001,MIL0047724,x@x.com,9999123456,9999123451,9999123452,1,1
MP00018952,MP00018952,2023-09-07,13:58:27,PL007,MIL0058284,x@x.com,9999123456,9999123451,9999123452,1,1
MP00018953,MP00018953,2023-09-07,13:58:27,PL012,MIL0307355,x@x.com,9999123456,9999123451,9999123452,1,1
MP00018954,MP00018954,2023-09-07,13:58:27,PL010,MIL0306097,x@x.com,9999123456,9999123451,9999123452,1,1
MP00018955,MP00018955,2023-09-07,13:58:27,PL001,MIL0405143,x@x.com,9999123456,9999123451,9999123452,1,1
MP00018956,MP00018956,2023-09-07,13:58:27,PL003,MIL0520852,x@x.com,9999123456,9999123451,9999123452,1,1
MP00018957,MP00018957,2023-09-07,13:58:27,PL011,MIL0412729,x@x.com,9999123456,9999123451,9999123452,1,1
MP00018958,MP00018958,2023-09-07,13:58:27,PL013,MIL0110034,x@x.com,9999123456,9999123451,9999123452,1,1
MP00018959,MP00018959,2023-09-07,13:58:27,PL005,MIL0377647,x@x.com,9999123456,9999123451,9999123452,1,1
MP00018960,MP00018960,2023-09-07,13:58:27,PL009,MIL0201960,x@x.com,9999123456,9999123451,9999123452,1,1
MP00018961,MP00018961,2023-09-07,13:58:27,PL004,MIL0003647,x@x.com,9999123456,9999123451,9999123452,1,1
MP00018962,MP00018962,2023-09-07,13:58:27,PL013,MIL0553716,x@x.com,9999123456,9999123451,9999123452,1,1
MP00018963,MP00018963,2023-09-07,13:58:27,PL010,MIL0173068,x@x.com,9999123456,9999123451,9999123452,1,1
MP00018964,MP00018964,2023-09-07,13:58:27,PL011,MIL0425404,x@x.com,9999123456,9999123451,9999123452,1,1
MP00018965,MP00018965,2023-09-07,13:58:27,PL011,MIL0420681,x@x.com,9999123456,9999123451,9999123452,1,1
MP00018966,MP00018966,2023-09-07,13:58:27,PL009,MIL0135250,x@x.com,9999123456,9999123451,9999123452,1,1
MP00018967,MP00018967,2023-09-07,13:58:27,PL012,MIL0245638,x@x.com,9999123456,9999123451,9999123452,1,1
MP00018968,MP00018968,2023-09-07,13:58:27,PL001,MIL0067214,x@x.com,9999123456,9999123451,9999123452,1,1
MP00018969,MP00018969,2023-09-07,13:58:27,PL011,MIL0181967,x@x.com,9999123456,9999123451,9999123452,1,1
MP00018970,MP00018970,2023-09-07,13:58:27,PL010,MIL0116243,x@x.com,9999123456,9999123451,9999123452,1,1
MP00018971,MP00018971,2023-09-07,13:58:27,PL001,MIL0248447,x@x.com,9999123456,9999123451,9999123452,1,1
MP00018972,MP00018972,2023-09-07,13:58:27,PL004,MIL0430847,x@x.com,9999123456,9999123451,9999123452,1,1
MP00018973,MP00018973,2023-09-07,13:58:27,PL010,MIL0397942,x@x.com,9999123456,9999123451,9999123452,1,1
MP00018974,MP00018974,2023-09-07,13:58:27,PL007,MIL0549268,x@x.com,9999123456,9999123451,9999123452,1,1
MP00018975,MP00018975,2023-09-07,13:58:27,PL007,MIL0009002,x@x.com,9999123456,9999123451,9999123452,1,1
MP00018976,MP00018976,2023-09-07,13:58:27,PL008,MIL0057646,x@x.com,9999123456,9999123451,9999123452,1,1
MP00018977,MP00018977,2023-09-07,13:58:27,PL001,MIL0445478,x@x.com,9999123456,9999123451,9999123452,1,1
MP00018978,MP00018978,2023-09-07,13:58:27,PL001,MIL0520388,x@x.com,9999123456,9999123451,9999123452,1,1
MP00018979,MP00018979,2023-09-07,13:58:27,PL002,MIL0278281,x@x.com,9999123456,9999123451,9999123452,1,1
MP00018980,MP00018980,2023-09-07,13:58:27,PL011,MIL0459091,x@x.com,9999123456,9999123451,9999123452,1,1
MP00018981,MP00018981,2023-09-07,13:58:27,PL006,MIL0221704,x@x.com,9999123456,9999123451,9999123452,1,1
