clave,folio,fecha,hora,clave_partido_legado,clave_ciudadano,correo_electronico,whatsapp,telefono,celular,obseravaciones,status
clave,folio,fecha,hora,clave_partido_legado,clave_ciudadano,correo_electronico,whatsapp,telefono,celular,obseravaciones,status
MP00005995,MP00005995,2023-09-07,13:58:27,PL004,MIL0047471,x@x.com,9999123456,9999123451,9999123452,1,1
MP00005996,MP00005996,2023-09-07,13:58:27,PL002,MIL0358579,x@x.com,9999123456,9999123451,9999123452,1,1
MP00005997,MP00005997,2023-09-07,13:58:27,PL007,MIL0553256,x@x.com,9999123456,9999123451,9999123452,1,1
MP00005998,MP00005998,2023-09-07,13:58:27,PL011,MIL0227104,x@x.com,9999123456,9999123451,9999123452,1,1
MP00005999,MP00005999,2023-09-07,13:58:27,PL011,MIL0438414,x@x.com,9999123456,9999123451,9999123452,1,1
MP00006000,MP00006000,2023-09-07,13:58:27,PL010,MIL0378239,x@x.com,9999123456,9999123451,9999123452,1,1
MP00006001,MP00006001,2023-09-07,13:58:27,PL012,MIL0257438,x@x.com,9999123456,9999123451,9999123452,1,1
MP00006002,MP00006002,2023-09-07,13:58:27,PL009,MIL0287583,x@x.com,9999123456,9999123451,9999123452,1,1
MP00006003,MP00006003,2023-09-07,13:58:27,PL003,MIL0280484,x@x.com,9999123456,9999123451,9999123452,1,1
MP00006004,MP00006004,2023-09-07,13:58:27,PL003,MIL0406023,x@x.com,9999123456,9999123451,9999123452,1,1
MP00006005,MP00006005,2023-09-07,13:58:27,PL007,MIL0226308,x@x.com,9999123456,9999123451,9999123452,1,1
MP00006006,MP00006006,2023-09-07,13:58:27,PL008,MIL0114141,x@x.com,9999123456,9999123451,9999123452,1,1
MP00006007,MP00006007,2023-09-07,13:58:27,PL012,MIL0230436,x@x.com,9999123456,9999123451,9999123452,1,1
MP00006008,MP00006008,2023-09-07,13:58:27,PL001,MIL0004659,x@x.com,9999123456,9999123451,9999123452,1,1
MP00006009,MP00006009,2023-09-07,13:58:27,PL011,MIL0377402,x@x.com,9999123456,9999123451,9999123452,1,1
MP00006010,MP00006010,2023-09-07,13:58:27,PL009,MIL0352428,x@x.com,9999123456,9999123451,9999123452,1,1
MP00006011,MP00006011,2023-09-07,13:58:27,PL008,MIL0030933,x@x.com,9999123456,9999123451,9999123452,1,1
MP00006012,MP00006012,2023-09-07,13:58:27,PL004,MIL0443272,x@x.com,9999123456,9999123451,9999123452,1,1
MP00006013,MP00006013,2023-09-07,13:58:27,PL011,MIL0357148,x@x.com,9999123456,9999123451,9999123452,1,1
MP00006014,MP00006014,2023-09-07,13:58:27,PL005,MIL0529411,x@x.com,9999123456,9999123451,9999123452,1,1
MP00006015,MP00006015,2023-09-07,13:58:27,PL013,MIL0483323,x@x.com,9999123456,9999123451,9999123452,1,1
MP00006016,MP00006016,2023-09-07,13:58:27,PL006,MIL0305755,x@x.com,9999123456,9999123451,9999123452,1,1
MP00006017,MP00006017,2023-09-07,13:58:27,PL007,MIL0489510,x@x.com,9999123456,9999123451,9999123452,1,1
MP00006018,MP00006018,2023-09-07,13:58:27,PL013,MIL0055505,x@x.com,9999123456,9999123451,9999123452,1,1
MP00006019,MP00006019,2023-09-07,13:58:27,PL013,MIL0469002,x@x.com,9999123456,9999123451,9999123452,1,1
MP00006020,MP00006020,2023-09-07,13:58:27,PL001,MIL0151365,x@x.com,9999123456,9999123451,9999123452,1,1
MP00006021,MP00006021,2023-09-07,13:58:27,PL004,MIL0455121,x@x.com,9999123456,9999123451,9999123452,1,1
MP00006022,MP00006022,2023-09-07,13:58:27,PL013,MIL0025514,x@x.com,9999123456,9999123451,9999123452,1,1
MP00006023,MP00006023,2023-09-07,13:58:27,PL013,MIL0553078,x@x.com,9999123456,9999123451,9999123452,1,1
MP00006024,MP00006024,2023-09-07,13:58:27,PL006,MIL0111343,x@x.com,9999123456,9999123451,9999123452,1,1
MP00006025,MP00006025,2023-09-07,13:58:27,PL004,MIL0325499,x@x.com,9999123456,9999123451,9999123452,1,1
MP00006026,MP00006026,2023-09-07,13:58:27,PL007,MIL0042873,x@x.com,9999123456,9999123451,9999123452,1,1
MP00006027,MP00006027,2023-09-07,13:58:27,PL008,MIL0041479,x@x.com,9999123456,9999123451,9999123452,1,1
MP00006028,MP00006028,2023-09-07,13:58:27,PL005,MIL0581117,x@x.com,9999123456,9999123451,9999123452,1,1
MP00006029,MP00006029,2023-09-07,13:58:27,PL011,MIL0101241,x@x.com,9999123456,9999123451,9999123452,1,1
MP00006030,MP00006030,2023-09-07,13:58:27,PL008,MIL0458060,x@x.com,9999123456,9999123451,9999123452,1,1
MP00006031,MP00006031,2023-09-07,13:58:27,PL004,MIL0325230,x@x.com,9999123456,9999123451,9999123452,1,1
MP00006032,MP00006032,2023-09-07,13:58:27,PL008,MIL0483032,x@x.com,9999123456,9999123451,9999123452,1,1
MP00006033,MP00006033,2023-09-07,13:58:27,PL009,MIL0318917,x@x.com,9999123456,9999123451,9999123452,1,1
MP00006034,MP00006034,2023-09-07,13:58:27,PL012,MIL0187167,x@x.com,9999123456,9999123451,9999123452,1,1
MP00006035,MP00006035,2023-09-07,13:58:27,PL011,MIL0398473,x@x.com,9999123456,9999123451,9999123452,1,1
MP00006036,MP00006036,2023-09-07,13:58:27,PL004,MIL0532051,x@x.com,9999123456,9999123451,9999123452,1,1
MP00006037,MP00006037,2023-09-07,13:58:27,PL004,MIL0295687,x@x.com,9999123456,9999123451,9999123452,1,1
MP00006038,MP00006038,2023-09-07,13:58:27,PL010,MIL0313950,x@x.com,9999123456,9999123451,9999123452,1,1
MP00006039,MP00006039,2023-09-07,13:58:27,PL002,MIL0114687,x@x.com,9999123456,9999123451,9999123452,1,1
MP00006040,MP00006040,2023-09-07,13:58:27,PL004,MIL0420169,x@x.com,9999123456,9999123451,9999123452,1,1
MP00006041,MP00006041,2023-09-07,13:58:27,PL012,MIL0454278,x@x.com,9999123456,9999123451,9999123452,1,1
MP00006042,MP00006042,2023-09-07,13:58:27,PL003,MIL0220508,x@x.com,9999123456,9999123451,9999123452,1,1
MP00006043,MP00006043,2023-09-07,13:58:27,PL005,MIL0427824,x@x.com,9999123456,9999123451,9999123452,1,1
MP00006044,MP00006044,2023-09-07,13:58:27,PL010,MIL0411445,x@x.com,9999123456,9999123451,9999123452,1,1
MP00006045,MP00006045,2023-09-07,13:58:27,PL011,MIL0473549,x@x.com,9999123456,9999123451,9999123452,1,1
MP00006046,MP00006046,2023-09-07,13:58:27,PL011,MIL0500672,x@x.com,9999123456,9999123451,9999123452,1,1
MP00006047,MP00006047,2023-09-07,13:58:27,PL012,MIL0406867,x@x.com,9999123456,9999123451,9999123452,1,1
MP00006048,MP00006048,2023-09-07,13:58:27,PL008,MIL0463507,x@x.com,9999123456,9999123451,9999123452,1,1
MP00006049,MP00006049,2023-09-07,13:58:27,PL012,MIL0286288,x@x.com,9999123456,9999123451,9999123452,1,1
MP00006050,MP00006050,2023-09-07,13:58:27,PL002,MIL0387152,x@x.com,9999123456,9999123451,9999123452,1,1
MP00006051,MP00006051,2023-09-07,13:58:27,PL007,MIL0157014,x@x.com,9999123456,9999123451,9999123452,1,1
MP00006052,MP00006052,2023-09-07,13:58:27,PL003,MIL0359943,x@x.com,9999123456,9999123451,9999123452,1,1
MP00006053,MP00006053,2023-09-07,13:58:27,PL002,MIL0403122,x@x.com,9999123456,9999123451,9999123452,1,1
MP00006054,MP00006054,2023-09-07,13:58:27,PL013,MIL0499910,x@x.com,9999123456,9999123451,9999123452,1,1
MP00006055,MP00006055,2023-09-07,13:58:27,PL013,MIL0382513,x@x.com,9999123456,9999123451,9999123452,1,1
MP00006056,MP00006056,2023-09-07,13:58:27,PL005,MIL0471094,x@x.com,9999123456,9999123451,9999123452,1,1
MP00006057,MP00006057,2023-09-07,13:58:27,PL002,MIL0344362,x@x.com,9999123456,9999123451,9999123452,1,1
MP00006058,MP00006058,2023-09-07,13:58:27,PL005,MIL0512285,x@x.com,9999123456,9999123451,9999123452,1,1
MP00006059,MP00006059,2023-09-07,13:58:27,PL003,MIL0561310,x@x.com,9999123456,9999123451,9999123452,1,1
MP00006060,MP00006060,2023-09-07,13:58:27,PL001,MIL0306848,x@x.com,9999123456,9999123451,9999123452,1,1
MP00006061,MP00006061,2023-09-07,13:58:27,PL002,MIL0066203,x@x.com,9999123456,9999123451,9999123452,1,1
MP00006062,MP00006062,2023-09-07,13:58:27,PL011,MIL0152134,x@x.com,9999123456,9999123451,9999123452,1,1
MP00006063,MP00006063,2023-09-07,13:58:27,PL012,MIL0157948,x@x.com,9999123456,9999123451,9999123452,1,1
MP00006064,MP00006064,2023-09-07,13:58:27,PL013,MIL0069844,x@x.com,9999123456,9999123451,9999123452,1,1
MP00006065,MP00006065,2023-09-07,13:58:27,PL011,MIL0101549,x@x.com,9999123456,9999123451,9999123452,1,1
MP00006066,MP00006066,2023-09-07,13:58:27,PL010,MIL0083123,x@x.com,9999123456,9999123451,9999123452,1,1
MP00006067,MP00006067,2023-09-07,13:58:27,PL005,MIL0352927,x@x.com,9999123456,9999123451,9999123452,1,1
MP00006068,MP00006068,2023-09-07,13:58:27,PL005,MIL0149565,x@x.com,9999123456,9999123451,9999123452,1,1
MP00006069,MP00006069,2023-09-07,13:58:27,PL006,MIL0369326,x@x.com,9999123456,9999123451,9999123452,1,1
MP00006070,MP00006070,2023-09-07,13:58:27,PL008,MIL0414009,x@x.com,9999123456,9999123451,9999123452,1,1
MP00006071,MP00006071,2023-09-07,13:58:27,PL005,MIL0068368,x@x.com,9999123456,9999123451,9999123452,1,1
MP00006072,MP00006072,2023-09-07,13:58:27,PL005,MIL0034755,x@x.com,9999123456,9999123451,9999123452,1,1
MP00006073,MP00006073,2023-09-07,13:58:27,PL011,MIL0540500,x@x.com,9999123456,9999123451,9999123452,1,1
MP00006074,MP00006074,2023-09-07,13:58:27,PL005,MIL0457489,x@x.com,9999123456,9999123451,9999123452,1,1
MP00006075,MP00006075,2023-09-07,13:58:27,PL001,MIL0155975,x@x.com,9999123456,9999123451,9999123452,1,1
MP00006076,MP00006076,2023-09-07,13:58:27,PL011,MIL0402237,x@x.com,9999123456,9999123451,9999123452,1,1
MP00006077,MP00006077,2023-09-07,13:58:27,PL005,MIL0227049,x@x.com,9999123456,9999123451,9999123452,1,1
MP00006078,MP00006078,2023-09-07,13:58:27,PL002,MIL0069508,x@x.com,9999123456,9999123451,9999123452,1,1
MP00006079,MP00006079,2023-09-07,13:58:27,PL001,MIL0318564,x@x.com,9999123456,9999123451,9999123452,1,1
MP00006080,MP00006080,2023-09-07,13:58:27,PL011,MIL0399531,x@x.com,9999123456,9999123451,9999123452,1,1
MP00006081,MP00006081,2023-09-07,13:58:27,PL007,MIL0489483,x@x.com,9999123456,9999123451,9999123452,1,1
MP00006082,MP00006082,2023-09-07,13:58:27,PL006,MIL0326974,x@x.com,9999123456,9999123451,9999123452,1,1
MP00006083,MP00006083,2023-09-07,13:58:27,PL012,MIL0566344,x@x.com,9999123456,9999123451,9999123452,1,1
MP00006084,MP00006084,2023-09-07,13:58:27,PL001,MIL0279902,x@x.com,9999123456,9999123451,9999123452,1,1
MP00006085,MP00006085,2023-09-07,13:58:27,PL004,MIL0529011,x@x.com,9999123456,9999123451,9999123452,1,1
MP00006086,MP00006086,2023-09-07,13:58:27,PL006,MIL0277751,x@x.com,9999123456,9999123451,9999123452,1,1
MP00006087,MP00006087,2023-09-07,13:58:27,PL002,MIL0181340,x@x.com,9999123456,9999123451,9999123452,1,1
MP00006088,MP00006088,2023-09-07,13:58:27,PL005,MIL0436973,x@x.com,9999123456,9999123451,9999123452,1,1
MP00006089,MP00006089,2023-09-07,13:58:27,PL007,MIL0379822,x@x.com,9999123456,9999123451,9999123452,1,1
MP00006090,MP00006090,2023-09-07,13:58:27,PL013,MIL0266026,x@x.com,9999123456,9999123451,9999123452,1,1
MP00006091,MP00006091,2023-09-07,13:58:27,PL010,MIL0165334,x@x.com,9999123456,9999123451,9999123452,1,1
MP00006092,MP00006092,2023-09-07,13:58:27,PL004,MIL0414651,x@x.com,9999123456,9999123451,9999123452,1,1
MP00006093,MP00006093,2023-09-07,13:58:27,PL009,MIL0531441,x@x.com,9999123456,9999123451,9999123452,1,1
MP00006094,MP00006094,2023-09-07,13:58:27,PL004,MIL0530288,x@x.com,9999123456,9999123451,9999123452,1,1
MP00006095,MP00006095,2023-09-07,13:58:27,PL002,MIL0124183,x@x.com,9999123456,9999123451,9999123452,1,1
MP00006096,MP00006096,2023-09-07,13:58:27,PL001,MIL0018623,x@x.com,9999123456,9999123451,9999123452,1,1
MP00006097,MP00006097,2023-09-07,13:58:27,PL010,MIL0447733,x@x.com,9999123456,9999123451,9999123452,1,1
MP00006098,MP00006098,2023-09-07,13:58:27,PL009,MIL0069321,x@x.com,9999123456,9999123451,9999123452,1,1
MP00006099,MP00006099,2023-09-07,13:58:27,PL006,MIL0478119,x@x.com,9999123456,9999123451,9999123452,1,1
MP00006100,MP00006100,2023-09-07,13:58:27,PL008,MIL0067397,x@x.com,9999123456,9999123451,9999123452,1,1
MP00006101,MP00006101,2023-09-07,13:58:27,PL002,MIL0552576,x@x.com,9999123456,9999123451,9999123452,1,1
MP00006102,MP00006102,2023-09-07,13:58:27,PL009,MIL0373964,x@x.com,9999123456,9999123451,9999123452,1,1
MP00006103,MP00006103,2023-09-07,13:58:27,PL002,MIL0095499,x@x.com,9999123456,9999123451,9999123452,1,1
MP00006104,MP00006104,2023-09-07,13:58:27,PL005,MIL0127822,x@x.com,9999123456,9999123451,9999123452,1,1
MP00006105,MP00006105,2023-09-07,13:58:27,PL007,MIL0187975,x@x.com,9999123456,9999123451,9999123452,1,1
MP00006106,MP00006106,2023-09-07,13:58:27,PL005,MIL0128125,x@x.com,9999123456,9999123451,9999123452,1,1
MP00006107,MP00006107,2023-09-07,13:58:27,PL006,MIL0456978,x@x.com,9999123456,9999123451,9999123452,1,1
MP00006108,MP00006108,2023-09-07,13:58:27,PL011,MIL0063320,x@x.com,9999123456,9999123451,9999123452,1,1
MP00006109,MP00006109,2023-09-07,13:58:27,PL001,MIL0222279,x@x.com,9999123456,9999123451,9999123452,1,1
MP00006110,MP00006110,2023-09-07,13:58:27,PL003,MIL0215514,x@x.com,9999123456,9999123451,9999123452,1,1
MP00006111,MP00006111,2023-09-07,13:58:27,PL001,MIL0020444,x@x.com,9999123456,9999123451,9999123452,1,1
MP00006112,MP00006112,2023-09-07,13:58:27,PL001,MIL0172871,x@x.com,9999123456,9999123451,9999123452,1,1
MP00006113,MP00006113,2023-09-07,13:58:27,PL004,MIL0351920,x@x.com,9999123456,9999123451,9999123452,1,1
MP00006114,MP00006114,2023-09-07,13:58:27,PL009,MIL0325283,x@x.com,9999123456,9999123451,9999123452,1,1
MP00006115,MP00006115,2023-09-07,13:58:27,PL013,MIL0232737,x@x.com,9999123456,9999123451,9999123452,1,1
MP00006116,MP00006116,2023-09-07,13:58:27,PL013,MIL0493527,x@x.com,9999123456,9999123451,9999123452,1,1
MP00006117,MP00006117,2023-09-07,13:58:27,PL012,MIL0507813,x@x.com,9999123456,9999123451,9999123452,1,1
MP00006118,MP00006118,2023-09-07,13:58:27,PL009,MIL0123483,x@x.com,9999123456,9999123451,9999123452,1,1
MP00006119,MP00006119,2023-09-07,13:58:27,PL003,MIL0500186,x@x.com,9999123456,9999123451,9999123452,1,1
MP00006120,MP00006120,2023-09-07,13:58:27,PL010,MIL0020100,x@x.com,9999123456,9999123451,9999123452,1,1
MP00006121,MP00006121,2023-09-07,13:58:27,PL008,MIL0149910,x@x.com,9999123456,9999123451,9999123452,1,1
MP00006122,MP00006122,2023-09-07,13:58:27,PL013,MIL0439361,x@x.com,9999123456,9999123451,9999123452,1,1
MP00006123,MP00006123,2023-09-07,13:58:27,PL004,MIL0073977,x@x.com,9999123456,9999123451,9999123452,1,1
MP00006124,MP00006124,2023-09-07,13:58:27,PL004,MIL0347577,x@x.com,9999123456,9999123451,9999123452,1,1
MP00006125,MP00006125,2023-09-07,13:58:27,PL003,MIL0268850,x@x.com,9999123456,9999123451,9999123452,1,1
MP00006126,MP00006126,2023-09-07,13:58:27,PL007,MIL0054827,x@x.com,9999123456,9999123451,9999123452,1,1
MP00006127,MP00006127,2023-09-07,13:58:27,PL002,MIL0025491,x@x.com,9999123456,9999123451,9999123452,1,1
MP00006128,MP00006128,2023-09-07,13:58:27,PL001,MIL0128492,x@x.com,9999123456,9999123451,9999123452,1,1
MP00006129,MP00006129,2023-09-07,13:58:27,PL006,MIL0102463,x@x.com,9999123456,9999123451,9999123452,1,1
MP00006130,MP00006130,2023-09-07,13:58:27,PL011,MIL0175873,x@x.com,9999123456,9999123451,9999123452,1,1
MP00006131,MP00006131,2023-09-07,13:58:27,PL012,MIL0513819,x@x.com,9999123456,9999123451,9999123452,1,1
MP00006132,MP00006132,2023-09-07,13:58:27,PL009,MIL0018828,x@x.com,9999123456,9999123451,9999123452,1,1
MP00006133,MP00006133,2023-09-07,13:58:27,PL010,MIL0374248,x@x.com,9999123456,9999123451,9999123452,1,1
MP00006134,MP00006134,2023-09-07,13:58:27,PL012,MIL0007734,x@x.com,9999123456,9999123451,9999123452,1,1
MP00006135,MP00006135,2023-09-07,13:58:27,PL001,MIL0279502,x@x.com,9999123456,9999123451,9999123452,1,1
MP00006136,MP00006136,2023-09-07,13:58:27,PL008,MIL0281533,x@x.com,9999123456,9999123451,9999123452,1,1
MP00006137,MP00006137,2023-09-07,13:58:27,PL008,MIL0497711,x@x.com,9999123456,9999123451,9999123452,1,1
MP00006138,MP00006138,2023-09-07,13:58:27,PL004,MIL0100818,x@x.com,9999123456,9999123451,9999123452,1,1
MP00006139,MP00006139,2023-09-07,13:58:27,PL013,MIL0514827,x@x.com,9999123456,9999123451,9999123452,1,1
MP00006140,MP00006140,2023-09-07,13:58:27,PL009,MIL0391610,x@x.com,9999123456,9999123451,9999123452,1,1
MP00006141,MP00006141,2023-09-07,13:58:27,PL005,MIL0162350,x@x.com,9999123456,9999123451,9999123452,1,1
MP00006142,MP00006142,2023-09-07,13:58:27,PL003,MIL0321370,x@x.com,9999123456,9999123451,9999123452,1,1
MP00006143,MP00006143,2023-09-07,13:58:27,PL005,MIL0028083,x@x.com,9999123456,9999123451,9999123452,1,1
MP00006144,MP00006144,2023-09-07,13:58:27,PL011,MIL0279355,x@x.com,9999123456,9999123451,9999123452,1,1
MP00006145,MP00006145,2023-09-07,13:58:27,PL008,MIL0055224,x@x.com,9999123456,9999123451,9999123452,1,1
MP00006146,MP00006146,2023-09-07,13:58:27,PL005,MIL0172109,x@x.com,9999123456,9999123451,9999123452,1,1
MP00006147,MP00006147,2023-09-07,13:58:27,PL013,MIL0251057,x@x.com,9999123456,9999123451,9999123452,1,1
MP00006148,MP00006148,2023-09-07,13:58:27,PL003,MIL0007268,x@x.com,9999123456,9999123451,9999123452,1,1
MP00006149,MP00006149,2023-09-07,13:58:27,PL008,MIL0029638,x@x.com,9999123456,9999123451,9999123452,1,1
MP00006150,MP00006150,2023-09-07,13:58:27,PL002,MIL0321537,x@x.com,9999123456,9999123451,9999123452,1,1
MP00006151,MP00006151,2023-09-07,13:58:27,PL009,MIL0136188,x@x.com,9999123456,9999123451,9999123452,1,1
MP00006152,MP00006152,2023-09-07,13:58:27,PL001,MIL0140933,x@x.com,9999123456,9999123451,9999123452,1,1
MP00006153,MP00006153,2023-09-07,13:58:27,PL007,MIL0292410,x@x.com,9999123456,9999123451,9999123452,1,1
MP00006154,MP00006154,2023-09-07,13:58:27,PL013,MIL0387258,x@x.com,9999123456,9999123451,9999123452,1,1
MP00006155,MP00006155,2023-09-07,13:58:27,PL013,MIL0037727,x@x.com,9999123456,9999123451,9999123452,1,1
MP00006156,MP00006156,2023-09-07,13:58:27,PL004,MIL0063453,x@x.com,9999123456,9999123451,9999123452,1,1
MP00006157,MP00006157,2023-09-07,13:58:27,PL013,MIL0379106,x@x.com,9999123456,9999123451,9999123452,1,1
MP00006158,MP00006158,2023-09-07,13:58:27,PL011,MIL0319082,x@x.com,9999123456,9999123451,9999123452,1,1
MP00006159,MP00006159,2023-09-07,13:58:27,PL004,MIL0423928,x@x.com,9999123456,9999123451,9999123452,1,1
MP00006160,MP00006160,2023-09-07,13:58:27,PL011,MIL0417324,x@x.com,9999123456,9999123451,9999123452,1,1
MP00006161,MP00006161,2023-09-07,13:58:27,PL009,MIL0462579,x@x.com,9999123456,9999123451,9999123452,1,1
MP00006162,MP00006162,2023-09-07,13:58:27,PL004,MIL0287969,x@x.com,9999123456,9999123451,9999123452,1,1
MP00006163,MP00006163,2023-09-07,13:58:27,PL012,MIL0081385,x@x.com,9999123456,9999123451,9999123452,1,1
MP00006164,MP00006164,2023-09-07,13:58:27,PL004,MIL0150517,x@x.com,9999123456,9999123451,9999123452,1,1
MP00006165,MP00006165,2023-09-07,13:58:27,PL012,MIL0024633,x@x.com,9999123456,9999123451,9999123452,1,1
MP00006166,MP00006166,2023-09-07,13:58:27,PL013,MIL0170134,x@x.com,9999123456,9999123451,9999123452,1,1
MP00006167,MP00006167,2023-09-07,13:58:27,PL009,MIL0492072,x@x.com,9999123456,9999123451,9999123452,1,1
MP00006168,MP00006168,2023-09-07,13:58:27,PL001,MIL0554313,x@x.com,9999123456,9999123451,9999123452,1,1
MP00006169,MP00006169,2023-09-07,13:58:27,PL003,MIL0012155,x@x.com,9999123456,9999123451,9999123452,1,1
MP00006170,MP00006170,2023-09-07,13:58:27,PL012,MIL0052429,x@x.com,9999123456,9999123451,9999123452,1,1
MP00006171,MP00006171,2023-09-07,13:58:27,PL007,MIL0465358,x@x.com,9999123456,9999123451,9999123452,1,1
MP00006172,MP00006172,2023-09-07,13:58:27,PL006,MIL0122886,x@x.com,9999123456,9999123451,9999123452,1,1
MP00006173,MP00006173,2023-09-07,13:58:27,PL002,MIL0542457,x@x.com,9999123456,9999123451,9999123452,1,1
MP00006174,MP00006174,2023-09-07,13:58:27,PL001,MIL0201502,x@x.com,9999123456,9999123451,9999123452,1,1
MP00006175,MP00006175,2023-09-07,13:58:27,PL008,MIL0353928,x@x.com,9999123456,9999123451,9999123452,1,1
MP00006176,MP00006176,2023-09-07,13:58:27,PL004,MIL0363367,x@x.com,9999123456,9999123451,9999123452,1,1
MP00006177,MP00006177,2023-09-07,13:58:27,PL008,MIL0353701,x@x.com,9999123456,9999123451,9999123452,1,1
MP00006178,MP00006178,2023-09-07,13:58:27,PL006,MIL0410170,x@x.com,9999123456,9999123451,9999123452,1,1
MP00006179,MP00006179,2023-09-07,13:58:27,PL001,MIL0497454,x@x.com,9999123456,9999123451,9999123452,1,1
MP00006180,MP00006180,2023-09-07,13:58:27,PL006,MIL0268995,x@x.com,9999123456,9999123451,9999123452,1,1
MP00006181,MP00006181,2023-09-07,13:58:27,PL009,MIL0074511,x@x.com,9999123456,9999123451,9999123452,1,1
MP00006182,MP00006182,2023-09-07,13:58:27,PL003,MIL0313277,x@x.com,9999123456,9999123451,9999123452,1,1
MP00006183,MP00006183,2023-09-07,13:58:27,PL010,MIL0492163,x@x.com,9999123456,9999123451,9999123452,1,1
MP00006184,MP00006184,2023-09-07,13:58:27,PL009,MIL0320468,x@x.com,9999123456,9999123451,9999123452,1,1
MP00006185,MP00006185,2023-09-07,13:58:27,PL011,MIL0530419,x@x.com,9999123456,9999123451,9999123452,1,1
MP00006186,MP00006186,2023-09-07,13:58:27,PL013,MIL0209688,x@x.com,9999123456,9999123451,9999123452,1,1
MP00006187,MP00006187,2023-09-07,13:58:27,PL009,MIL0182647,x@x.com,9999123456,9999123451,9999123452,1,1
MP00006188,MP00006188,2023-09-07,13:58:27,PL004,MIL0331274,x@x.com,9999123456,9999123451,9999123452,1,1
MP00006189,MP00006189,2023-09-07,13:58:27,PL010,MIL0282970,x@x.com,9999123456,9999123451,9999123452,1,1
MP00006190,MP00006190,2023-09-07,13:58:27,PL011,MIL0361909,x@x.com,9999123456,9999123451,9999123452,1,1
MP00006191,MP00006191,2023-09-07,13:58:27,PL003,MIL0453109,x@x.com,9999123456,9999123451,9999123452,1,1
MP00006192,MP00006192,2023-09-07,13:58:27,PL010,MIL0510067,x@x.com,9999123456,9999123451,9999123452,1,1
MP00006193,MP00006193,2023-09-07,13:58:27,PL013,MIL0377502,x@x.com,9999123456,9999123451,9999123452,1,1
MP00006194,MP00006194,2023-09-07,13:58:27,PL001,MIL0383812,x@x.com,9999123456,9999123451,9999123452,1,1
MP00006195,MP00006195,2023-09-07,13:58:27,PL009,MIL0528729,x@x.com,9999123456,9999123451,9999123452,1,1
MP00006196,MP00006196,2023-09-07,13:58:27,PL008,MIL0420145,x@x.com,9999123456,9999123451,9999123452,1,1
MP00006197,MP00006197,2023-09-07,13:58:27,PL010,MIL0087852,x@x.com,9999123456,9999123451,9999123452,1,1
MP00006198,MP00006198,2023-09-07,13:58:27,PL002,MIL0244722,x@x.com,9999123456,9999123451,9999123452,1,1
MP00006199,MP00006199,2023-09-07,13:58:27,PL009,MIL0173925,x@x.com,9999123456,9999123451,9999123452,1,1
MP00006200,MP00006200,2023-09-07,13:58:27,PL009,MIL0463572,x@x.com,9999123456,9999123451,9999123452,1,1
MP00006201,MP00006201,2023-09-07,13:58:27,PL007,MIL0013221,x@x.com,9999123456,9999123451,9999123452,1,1
MP00006202,MP00006202,2023-09-07,13:58:27,PL005,MIL0286821,x@x.com,9999123456,9999123451,9999123452,1,1
MP00006203,MP00006203,2023-09-07,13:58:27,PL006,MIL0475303,x@x.com,9999123456,9999123451,9999123452,1,1
MP00006204,MP00006204,2023-09-07,13:58:27,PL002,MIL0221825,x@x.com,9999123456,9999123451,9999123452,1,1
MP00006205,MP00006205,2023-09-07,13:58:27,PL010,MIL0443745,x@x.com,9999123456,9999123451,9999123452,1,1
MP00006206,MP00006206,2023-09-07,13:58:27,PL008,MIL0465918,x@x.com,9999123456,9999123451,9999123452,1,1
MP00006207,MP00006207,2023-09-07,13:58:27,PL005,MIL0237726,x@x.com,9999123456,9999123451,9999123452,1,1
MP00006208,MP00006208,2023-09-07,13:58:27,PL013,MIL0069541,x@x.com,9999123456,9999123451,9999123452,1,1
MP00006209,MP00006209,2023-09-07,13:58:27,PL001,MIL0264936,x@x.com,9999123456,9999123451,9999123452,1,1
MP00006210,MP00006210,2023-09-07,13:58:27,PL011,MIL0396696,x@x.com,9999123456,9999123451,9999123452,1,1
MP00006211,MP00006211,2023-09-07,13:58:27,PL002,MIL0487223,x@x.com,9999123456,9999123451,9999123452,1,1
MP00006212,MP00006212,2023-09-07,13:58:27,PL007,MIL0530139,x@x.com,9999123456,9999123451,9999123452,1,1
MP00006213,MP00006213,2023-09-07,13:58:27,PL006,MIL0188629,x@x.com,9999123456,9999123451,9999123452,1,1
MP00006214,MP00006214,2023-09-07,13:58:27,PL008,MIL0274808,x@x.com,9999123456,9999123451,9999123452,1,1
MP00006215,MP00006215,2023-09-07,13:58:27,PL010,MIL0308979,x@x.com,9999123456,9999123451,9999123452,1,1
MP00006216,MP00006216,2023-09-07,13:58:27,PL004,MIL0054610,x@x.com,9999123456,9999123451,9999123452,1,1
MP00006217,MP00006217,2023-09-07,13:58:27,PL009,MIL0172750,x@x.com,9999123456,9999123451,9999123452,1,1
MP00006218,MP00006218,2023-09-07,13:58:27,PL004,MIL0437787,x@x.com,9999123456,9999123451,9999123452,1,1
MP00006219,MP00006219,2023-09-07,13:58:27,PL012,MIL0429875,x@x.com,9999123456,9999123451,9999123452,1,1
MP00006220,MP00006220,2023-09-07,13:58:27,PL004,MIL0476200,x@x.com,9999123456,9999123451,9999123452,1,1
MP00006221,MP00006221,2023-09-07,13:58:27,PL010,MIL0001045,x@x.com,9999123456,9999123451,9999123452,1,1
MP00006222,MP00006222,2023-09-07,13:58:27,PL002,MIL0103994,x@x.com,9999123456,9999123451,9999123452,1,1
MP00006223,MP00006223,2023-09-07,13:58:27,PL011,MIL0317607,x@x.com,9999123456,9999123451,9999123452,1,1
MP00006224,MP00006224,2023-09-07,13:58:27,PL008,MIL0324241,x@x.com,9999123456,9999123451,9999123452,1,1
MP00006225,MP00006225,2023-09-07,13:58:27,PL009,MIL0055585,x@x.com,9999123456,9999123451,9999123452,1,1
MP00006226,MP00006226,2023-09-07,13:58:27,PL004,MIL0386622,x@x.com,9999123456,9999123451,9999123452,1,1
MP00006227,MP00006227,2023-09-07,13:58:27,PL005,MIL0444176,x@x.com,9999123456,9999123451,9999123452,1,1
MP00006228,MP00006228,2023-09-07,13:58:27,PL011,MIL0175039,x@x.com,9999123456,9999123451,9999123452,1,1
MP00006229,MP00006229,2023-09-07,13:58:27,PL001,MIL0046469,x@x.com,9999123456,9999123451,9999123452,1,1
MP00006230,MP00006230,2023-09-07,13:58:27,PL006,MIL0237794,x@x.com,9999123456,9999123451,9999123452,1,1
MP00006231,MP00006231,2023-09-07,13:58:27,PL002,MIL0484411,x@x.com,9999123456,9999123451,9999123452,1,1
MP00006232,MP00006232,2023-09-07,13:58:27,PL013,MIL0301438,x@x.com,9999123456,9999123451,9999123452,1,1
MP00006233,MP00006233,2023-09-07,13:58:27,PL005,MIL0340663,x@x.com,9999123456,9999123451,9999123452,1,1
MP00006234,MP00006234,2023-09-07,13:58:27,PL011,MIL0442862,x@x.com,9999123456,9999123451,9999123452,1,1
MP00006235,MP00006235,2023-09-07,13:58:27,PL010,MIL0473213,x@x.com,9999123456,9999123451,9999123452,1,1
MP00006236,MP00006236,2023-09-07,13:58:27,PL001,MIL0388317,x@x.com,9999123456,9999123451,9999123452,1,1
MP00006237,MP00006237,2023-09-07,13:58:27,PL004,MIL0308225,x@x.com,9999123456,9999123451,9999123452,1,1
MP00006238,MP00006238,2023-09-07,13:58:27,PL001,MIL0447233,x@x.com,9999123456,9999123451,9999123452,1,1
MP00006239,MP00006239,2023-09-07,13:58:27,PL008,MIL0538433,x@x.com,9999123456,9999123451,9999123452,1,1
MP00006240,MP00006240,2023-09-07,13:58:27,PL012,MIL0389946,x@x.com,9999123456,9999123451,9999123452,1,1
MP00006241,MP00006241,2023-09-07,13:58:27,PL010,MIL0170267,x@x.com,9999123456,9999123451,9999123452,1,1
MP00006242,MP00006242,2023-09-07,13:58:27,PL013,MIL0191489,x@x.com,9999123456,9999123451,9999123452,1,1
MP00006243,MP00006243,2023-09-07,13:58:27,PL003,MIL0088106,x@x.com,9999123456,9999123451,9999123452,1,1
MP00006244,MP00006244,2023-09-07,13:58:27,PL001,MIL0569949,x@x.com,9999123456,9999123451,9999123452,1,1
MP00006245,MP00006245,2023-09-07,13:58:27,PL004,MIL0126177,x@x.com,9999123456,9999123451,9999123452,1,1
MP00006246,MP00006246,2023-09-07,13:58:27,PL004,MIL0307625,x@x.com,9999123456,9999123451,9999123452,1,1
MP00006247,MP00006247,2023-09-07,13:58:27,PL001,MIL0240616,x@x.com,9999123456,9999123451,9999123452,1,1
MP00006248,MP00006248,2023-09-07,13:58:27,PL006,MIL0016720,x@x.com,9999123456,9999123451,9999123452,1,1
MP00006249,MP00006249,2023-09-07,13:58:27,PL003,MIL0507369,x@x.com,9999123456,9999123451,9999123452,1,1
MP00006250,MP00006250,2023-09-07,13:58:27,PL006,MIL0541411,x@x.com,9999123456,9999123451,9999123452,1,1
MP00006251,MP00006251,2023-09-07,13:58:27,PL012,MIL0075990,x@x.com,9999123456,9999123451,9999123452,1,1
MP00006252,MP00006252,2023-09-07,13:58:27,PL013,MIL0304968,x@x.com,9999123456,9999123451,9999123452,1,1
MP00006253,MP00006253,2023-09-07,13:58:27,PL011,MIL0167577,x@x.com,9999123456,9999123451,9999123452,1,1
MP00006254,MP00006254,2023-09-07,13:58:27,PL001,MIL0161984,x@x.com,9999123456,9999123451,9999123452,1,1
MP00006255,MP00006255,2023-09-07,13:58:27,PL004,MIL0577630,x@x.com,9999123456,9999123451,9999123452,1,1
MP00006256,MP00006256,2023-09-07,13:58:27,PL006,MIL0088550,x@x.com,9999123456,9999123451,9999123452,1,1
MP00006257,MP00006257,2023-09-07,13:58:27,PL012,MIL0549334,x@x.com,9999123456,9999123451,9999123452,1,1
MP00006258,MP00006258,2023-09-07,13:58:27,PL011,MIL0280626,x@x.com,9999123456,9999123451,9999123452,1,1
MP00006259,MP00006259,2023-09-07,13:58:27,PL005,MIL0492440,x@x.com,9999123456,9999123451,9999123452,1,1
MP00006260,MP00006260,2023-09-07,13:58:27,PL010,MIL0207248,x@x.com,9999123456,9999123451,9999123452,1,1
MP00006261,MP00006261,2023-09-07,13:58:27,PL009,MIL0050216,x@x.com,9999123456,9999123451,9999123452,1,1
MP00006262,MP00006262,2023-09-07,13:58:27,PL013,MIL0179418,x@x.com,9999123456,9999123451,9999123452,1,1
MP00006263,MP00006263,2023-09-07,13:58:27,PL004,MIL0132907,x@x.com,9999123456,9999123451,9999123452,1,1
MP00006264,MP00006264,2023-09-07,13:58:27,PL011,MIL0297237,x@x.com,9999123456,9999123451,9999123452,1,1
MP00006265,MP00006265,2023-09-07,13:58:27,PL006,MIL0169707,x@x.com,9999123456,9999123451,9999123452,1,1
MP00006266,MP00006266,2023-09-07,13:58:27,PL012,MIL0334238,x@x.com,9999123456,9999123451,9999123452,1,1
MP00006267,MP00006267,2023-09-07,13:58:27,PL010,MIL0161248,x@x.com,9999123456,9999123451,9999123452,1,1
MP00006268,MP00006268,2023-09-07,13:58:27,PL009,MIL0318437,x@x.com,9999123456,9999123451,9999123452,1,1
MP00006269,MP00006269,2023-09-07,13:58:27,PL013,MIL0530172,x@x.com,9999123456,9999123451,9999123452,1,1
MP00006270,MP00006270,2023-09-07,13:58:27,PL012,MIL0452265,x@x.com,9999123456,9999123451,9999123452,1,1
MP00006271,MP00006271,2023-09-07,13:58:27,PL009,MIL0109459,x@x.com,9999123456,9999123451,9999123452,1,1
MP00006272,MP00006272,2023-09-07,13:58:27,PL012,MIL0392809,x@x.com,9999123456,9999123451,9999123452,1,1
MP00006273,MP00006273,2023-09-07,13:58:27,PL008,MIL0005230,x@x.com,9999123456,9999123451,9999123452,1,1
MP00006274,MP00006274,2023-09-07,13:58:27,PL013,MIL0535614,x@x.com,9999123456,9999123451,9999123452,1,1
MP00006275,MP00006275,2023-09-07,13:58:27,PL012,MIL0318170,x@x.com,9999123456,9999123451,9999123452,1,1
MP00006276,MP00006276,2023-09-07,13:58:27,PL003,MIL0575618,x@x.com,9999123456,9999123451,9999123452,1,1
MP00006277,MP00006277,2023-09-07,13:58:27,PL012,MIL0129971,x@x.com,9999123456,9999123451,9999123452,1,1
MP00006278,MP00006278,2023-09-07,13:58:27,PL003,MIL0368849,x@x.com,9999123456,9999123451,9999123452,1,1
MP00006279,MP00006279,2023-09-07,13:58:27,PL001,MIL0371051,x@x.com,9999123456,9999123451,9999123452,1,1
MP00006280,MP00006280,2023-09-07,13:58:27,PL011,MIL0145595,x@x.com,9999123456,9999123451,9999123452,1,1
MP00006281,MP00006281,2023-09-07,13:58:27,PL009,MIL0524796,x@x.com,9999123456,9999123451,9999123452,1,1
MP00006282,MP00006282,2023-09-07,13:58:27,PL001,MIL0410810,x@x.com,9999123456,9999123451,9999123452,1,1
MP00006283,MP00006283,2023-09-07,13:58:27,PL006,MIL0439133,x@x.com,9999123456,9999123451,9999123452,1,1
MP00006284,MP00006284,2023-09-07,13:58:27,PL003,MIL0167076,x@x.com,9999123456,9999123451,9999123452,1,1
MP00006285,MP00006285,2023-09-07,13:58:27,PL004,MIL0534256,x@x.com,9999123456,9999123451,9999123452,1,1
MP00006286,MP00006286,2023-09-07,13:58:27,PL007,MIL0359166,x@x.com,9999123456,9999123451,9999123452,1,1
MP00006287,MP00006287,2023-09-07,13:58:27,PL010,MIL0234951,x@x.com,9999123456,9999123451,9999123452,1,1
MP00006288,MP00006288,2023-09-07,13:58:27,PL009,MIL0556259,x@x.com,9999123456,9999123451,9999123452,1,1
MP00006289,MP00006289,2023-09-07,13:58:27,PL009,MIL0566118,x@x.com,9999123456,9999123451,9999123452,1,1
MP00006290,MP00006290,2023-09-07,13:58:27,PL013,MIL0479565,x@x.com,9999123456,9999123451,9999123452,1,1
MP00006291,MP00006291,2023-09-07,13:58:27,PL005,MIL0463256,x@x.com,9999123456,9999123451,9999123452,1,1
MP00006292,MP00006292,2023-09-07,13:58:27,PL010,MIL0165401,x@x.com,9999123456,9999123451,9999123452,1,1
MP00006293,MP00006293,2023-09-07,13:58:27,PL007,MIL0165079,x@x.com,9999123456,9999123451,9999123452,1,1
MP00006294,MP00006294,2023-09-07,13:58:27,PL004,MIL0100729,x@x.com,9999123456,9999123451,9999123452,1,1
MP00006295,MP00006295,2023-09-07,13:58:27,PL011,MIL0455106,x@x.com,9999123456,9999123451,9999123452,1,1
MP00006296,MP00006296,2023-09-07,13:58:27,PL011,MIL0522381,x@x.com,9999123456,9999123451,9999123452,1,1
MP00006297,MP00006297,2023-09-07,13:58:27,PL008,MIL0162485,x@x.com,9999123456,9999123451,9999123452,1,1
MP00006298,MP00006298,2023-09-07,13:58:27,PL003,MIL0237614,x@x.com,9999123456,9999123451,9999123452,1,1
MP00006299,MP00006299,2023-09-07,13:58:27,PL010,MIL0004923,x@x.com,9999123456,9999123451,9999123452,1,1
MP00006300,MP00006300,2023-09-07,13:58:27,PL005,MIL0241915,x@x.com,9999123456,9999123451,9999123452,1,1
MP00006301,MP00006301,2023-09-07,13:58:27,PL001,MIL0444538,x@x.com,9999123456,9999123451,9999123452,1,1
MP00006302,MP00006302,2023-09-07,13:58:27,PL006,MIL0561594,x@x.com,9999123456,9999123451,9999123452,1,1
MP00006303,MP00006303,2023-09-07,13:58:27,PL002,MIL0043090,x@x.com,9999123456,9999123451,9999123452,1,1
MP00006304,MP00006304,2023-09-07,13:58:27,PL007,MIL0166866,x@x.com,9999123456,9999123451,9999123452,1,1
MP00006305,MP00006305,2023-09-07,13:58:27,PL010,MIL0386065,x@x.com,9999123456,9999123451,9999123452,1,1
MP00006306,MP00006306,2023-09-07,13:58:27,PL011,MIL0091424,x@x.com,9999123456,9999123451,9999123452,1,1
MP00006307,MP00006307,2023-09-07,13:58:27,PL001,MIL0336961,x@x.com,9999123456,9999123451,9999123452,1,1
MP00006308,MP00006308,2023-09-07,13:58:27,PL002,MIL0212122,x@x.com,9999123456,9999123451,9999123452,1,1
MP00006309,MP00006309,2023-09-07,13:58:27,PL012,MIL0077488,x@x.com,9999123456,9999123451,9999123452,1,1
MP00006310,MP00006310,2023-09-07,13:58:27,PL001,MIL0196443,x@x.com,9999123456,9999123451,9999123452,1,1
MP00006311,MP00006311,2023-09-07,13:58:27,PL009,MIL0264975,x@x.com,9999123456,9999123451,9999123452,1,1
MP00006312,MP00006312,2023-09-07,13:58:27,PL003,MIL0383541,x@x.com,9999123456,9999123451,9999123452,1,1
MP00006313,MP00006313,2023-09-07,13:58:27,PL012,MIL0519855,x@x.com,9999123456,9999123451,9999123452,1,1
MP00006314,MP00006314,2023-09-07,13:58:27,PL009,MIL0072943,x@x.com,9999123456,9999123451,9999123452,1,1
MP00006315,MP00006315,2023-09-07,13:58:27,PL009,MIL0091481,x@x.com,9999123456,9999123451,9999123452,1,1
MP00006316,MP00006316,2023-09-07,13:58:27,PL011,MIL0131287,x@x.com,9999123456,9999123451,9999123452,1,1
MP00006317,MP00006317,2023-09-07,13:58:27,PL013,MIL0376137,x@x.com,9999123456,9999123451,9999123452,1,1
MP00006318,MP00006318,2023-09-07,13:58:27,PL013,MIL0294861,x@x.com,9999123456,9999123451,9999123452,1,1
MP00006319,MP00006319,2023-09-07,13:58:27,PL012,MIL0390113,x@x.com,9999123456,9999123451,9999123452,1,1
MP00006320,MP00006320,2023-09-07,13:58:27,PL002,MIL0344228,x@x.com,9999123456,9999123451,9999123452,1,1
MP00006321,MP00006321,2023-09-07,13:58:27,PL012,MIL0035646,x@x.com,9999123456,9999123451,9999123452,1,1
MP00006322,MP00006322,2023-09-07,13:58:27,PL003,MIL0285491,x@x.com,9999123456,9999123451,9999123452,1,1
MP00006323,MP00006323,2023-09-07,13:58:27,PL011,MIL0133023,x@x.com,9999123456,9999123451,9999123452,1,1
MP00006324,MP00006324,2023-09-07,13:58:27,PL007,MIL0278263,x@x.com,9999123456,9999123451,9999123452,1,1
MP00006325,MP00006325,2023-09-07,13:58:27,PL001,MIL0135534,x@x.com,9999123456,9999123451,9999123452,1,1
MP00006326,MP00006326,2023-09-07,13:58:27,PL008,MIL0036346,x@x.com,9999123456,9999123451,9999123452,1,1
MP00006327,MP00006327,2023-09-07,13:58:27,PL001,MIL0412525,x@x.com,9999123456,9999123451,9999123452,1,1
MP00006328,MP00006328,2023-09-07,13:58:27,PL008,MIL0333574,x@x.com,9999123456,9999123451,9999123452,1,1
MP00006329,MP00006329,2023-09-07,13:58:27,PL008,MIL0385092,x@x.com,9999123456,9999123451,9999123452,1,1
MP00006330,MP00006330,2023-09-07,13:58:27,PL009,MIL0127308,x@x.com,9999123456,9999123451,9999123452,1,1
MP00006331,MP00006331,2023-09-07,13:58:27,PL004,MIL0516176,x@x.com,9999123456,9999123451,9999123452,1,1
MP00006332,MP00006332,2023-09-07,13:58:27,PL012,MIL0304493,x@x.com,9999123456,9999123451,9999123452,1,1
MP00006333,MP00006333,2023-09-07,13:58:27,PL006,MIL0451354,x@x.com,9999123456,9999123451,9999123452,1,1
MP00006334,MP00006334,2023-09-07,13:58:27,PL008,MIL0536468,x@x.com,9999123456,9999123451,9999123452,1,1
MP00006335,MP00006335,2023-09-07,13:58:27,PL012,MIL0091138,x@x.com,9999123456,9999123451,9999123452,1,1
MP00006336,MP00006336,2023-09-07,13:58:27,PL008,MIL0174803,x@x.com,9999123456,9999123451,9999123452,1,1
MP00006337,MP00006337,2023-09-07,13:58:27,PL010,MIL0069236,x@x.com,9999123456,9999123451,9999123452,1,1
MP00006338,MP00006338,2023-09-07,13:58:27,PL013,MIL0535116,x@x.com,9999123456,9999123451,9999123452,1,1
MP00006339,MP00006339,2023-09-07,13:58:27,PL007,MIL0188890,x@x.com,9999123456,9999123451,9999123452,1,1
MP00006340,MP00006340,2023-09-07,13:58:27,PL013,MIL0020329,x@x.com,9999123456,9999123451,9999123452,1,1
MP00006341,MP00006341,2023-09-07,13:58:27,PL005,MIL0160461,x@x.com,9999123456,9999123451,9999123452,1,1
MP00006342,MP00006342,2023-09-07,13:58:27,PL005,MIL0487776,x@x.com,9999123456,9999123451,9999123452,1,1
MP00006343,MP00006343,2023-09-07,13:58:27,PL009,MIL0065481,x@x.com,9999123456,9999123451,9999123452,1,1
MP00006344,MP00006344,2023-09-07,13:58:27,PL003,MIL0017106,x@x.com,9999123456,9999123451,9999123452,1,1
MP00006345,MP00006345,2023-09-07,13:58:27,PL012,MIL0407456,x@x.com,9999123456,9999123451,9999123452,1,1
MP00006346,MP00006346,2023-09-07,13:58:27,PL005,MIL0521167,x@x.com,9999123456,9999123451,9999123452,1,1
MP00006347,MP00006347,2023-09-07,13:58:27,PL008,MIL0401285,x@x.com,9999123456,9999123451,9999123452,1,1
MP00006348,MP00006348,2023-09-07,13:58:27,PL005,MIL0316844,x@x.com,9999123456,9999123451,9999123452,1,1
MP00006349,MP00006349,2023-09-07,13:58:27,PL009,MIL0431804,x@x.com,9999123456,9999123451,9999123452,1,1
MP00006350,MP00006350,2023-09-07,13:58:27,PL010,MIL0085481,x@x.com,9999123456,9999123451,9999123452,1,1
MP00006351,MP00006351,2023-09-07,13:58:27,PL003,MIL0320579,x@x.com,9999123456,9999123451,9999123452,1,1
MP00006352,MP00006352,2023-09-07,13:58:27,PL010,MIL0086465,x@x.com,9999123456,9999123451,9999123452,1,1
MP00006353,MP00006353,2023-09-07,13:58:27,PL001,MIL0304499,x@x.com,9999123456,9999123451,9999123452,1,1
MP00006354,MP00006354,2023-09-07,13:58:27,PL005,MIL0139215,x@x.com,9999123456,9999123451,9999123452,1,1
MP00006355,MP00006355,2023-09-07,13:58:27,PL011,MIL0084960,x@x.com,9999123456,9999123451,9999123452,1,1
MP00006356,MP00006356,2023-09-07,13:58:27,PL007,MIL0419558,x@x.com,9999123456,9999123451,9999123452,1,1
MP00006357,MP00006357,2023-09-07,13:58:27,PL002,MIL0036993,x@x.com,9999123456,9999123451,9999123452,1,1
MP00006358,MP00006358,2023-09-07,13:58:27,PL004,MIL0394237,x@x.com,9999123456,9999123451,9999123452,1,1
MP00006359,MP00006359,2023-09-07,13:58:27,PL005,MIL0387620,x@x.com,9999123456,9999123451,9999123452,1,1
MP00006360,MP00006360,2023-09-07,13:58:27,PL010,MIL0462751,x@x.com,9999123456,9999123451,9999123452,1,1
MP00006361,MP00006361,2023-09-07,13:58:27,PL001,MIL0527444,x@x.com,9999123456,9999123451,9999123452,1,1
MP00006362,MP00006362,2023-09-07,13:58:27,PL008,MIL0542814,x@x.com,9999123456,9999123451,9999123452,1,1
MP00006363,MP00006363,2023-09-07,13:58:27,PL011,MIL0537009,x@x.com,9999123456,9999123451,9999123452,1,1
MP00006364,MP00006364,2023-09-07,13:58:27,PL006,MIL0395918,x@x.com,9999123456,9999123451,9999123452,1,1
MP00006365,MP00006365,2023-09-07,13:58:27,PL009,MIL0447348,x@x.com,9999123456,9999123451,9999123452,1,1
MP00006366,MP00006366,2023-09-07,13:58:27,PL001,MIL0012665,x@x.com,9999123456,9999123451,9999123452,1,1
MP00006367,MP00006367,2023-09-07,13:58:27,PL002,MIL0057194,x@x.com,9999123456,9999123451,9999123452,1,1
MP00006368,MP00006368,2023-09-07,13:58:27,PL012,MIL0333157,x@x.com,9999123456,9999123451,9999123452,1,1
MP00006369,MP00006369,2023-09-07,13:58:27,PL002,MIL0237730,x@x.com,9999123456,9999123451,9999123452,1,1
MP00006370,MP00006370,2023-09-07,13:58:27,PL008,MIL0079478,x@x.com,9999123456,9999123451,9999123452,1,1
MP00006371,MP00006371,2023-09-07,13:58:27,PL002,MIL0039353,x@x.com,9999123456,9999123451,9999123452,1,1
MP00006372,MP00006372,2023-09-07,13:58:27,PL008,MIL0027735,x@x.com,9999123456,9999123451,9999123452,1,1
MP00006373,MP00006373,2023-09-07,13:58:27,PL013,MIL0261309,x@x.com,9999123456,9999123451,9999123452,1,1
MP00006374,MP00006374,2023-09-07,13:58:27,PL002,MIL0362708,x@x.com,9999123456,9999123451,9999123452,1,1
MP00006375,MP00006375,2023-09-07,13:58:27,PL008,MIL0469990,x@x.com,9999123456,9999123451,9999123452,1,1
MP00006376,MP00006376,2023-09-07,13:58:27,PL001,MIL0536749,x@x.com,9999123456,9999123451,9999123452,1,1
MP00006377,MP00006377,2023-09-07,13:58:27,PL013,MIL0189006,x@x.com,9999123456,9999123451,9999123452,1,1
MP00006378,MP00006378,2023-09-07,13:58:27,PL012,MIL0115565,x@x.com,9999123456,9999123451,9999123452,1,1
MP00006379,MP00006379,2023-09-07,13:58:27,PL006,MIL0206765,x@x.com,9999123456,9999123451,9999123452,1,1
MP00006380,MP00006380,2023-09-07,13:58:27,PL003,MIL0188600,x@x.com,9999123456,9999123451,9999123452,1,1
MP00006381,MP00006381,2023-09-07,13:58:27,PL001,MIL0185316,x@x.com,9999123456,9999123451,9999123452,1,1
MP00006382,MP00006382,2023-09-07,13:58:27,PL002,MIL0059705,x@x.com,9999123456,9999123451,9999123452,1,1
MP00006383,MP00006383,2023-09-07,13:58:27,PL006,MIL0343233,x@x.com,9999123456,9999123451,9999123452,1,1
MP00006384,MP00006384,2023-09-07,13:58:27,PL010,MIL0203781,x@x.com,9999123456,9999123451,9999123452,1,1
MP00006385,MP00006385,2023-09-07,13:58:27,PL002,MIL0269612,x@x.com,9999123456,9999123451,9999123452,1,1
MP00006386,MP00006386,2023-09-07,13:58:27,PL009,MIL0046674,x@x.com,9999123456,9999123451,9999123452,1,1
MP00006387,MP00006387,2023-09-07,13:58:27,PL002,MIL0498655,x@x.com,9999123456,9999123451,9999123452,1,1
MP00006388,MP00006388,2023-09-07,13:58:27,PL011,MIL0265556,x@x.com,9999123456,9999123451,9999123452,1,1
MP00006389,MP00006389,2023-09-07,13:58:27,PL013,MIL0519769,x@x.com,9999123456,9999123451,9999123452,1,1
MP00006390,MP00006390,2023-09-07,13:58:27,PL002,MIL0132196,x@x.com,9999123456,9999123451,9999123452,1,1
MP00006391,MP00006391,2023-09-07,13:58:27,PL013,MIL0160416,x@x.com,9999123456,9999123451,9999123452,1,1
MP00006392,MP00006392,2023-09-07,13:58:27,PL010,MIL0273653,x@x.com,9999123456,9999123451,9999123452,1,1
MP00006393,MP00006393,2023-09-07,13:58:27,PL004,MIL0365256,x@x.com,9999123456,9999123451,9999123452,1,1
MP00006394,MP00006394,2023-09-07,13:58:27,PL012,MIL0392634,x@x.com,9999123456,9999123451,9999123452,1,1
MP00006395,MP00006395,2023-09-07,13:58:27,PL003,MIL0099001,x@x.com,9999123456,9999123451,9999123452,1,1
MP00006396,MP00006396,2023-09-07,13:58:27,PL002,MIL0093907,x@x.com,9999123456,9999123451,9999123452,1,1
MP00006397,MP00006397,2023-09-07,13:58:27,PL009,MIL0258489,x@x.com,9999123456,9999123451,9999123452,1,1
MP00006398,MP00006398,2023-09-07,13:58:27,PL008,MIL0570489,x@x.com,9999123456,9999123451,9999123452,1,1
MP00006399,MP00006399,2023-09-07,13:58:27,PL010,MIL0303590,x@x.com,9999123456,9999123451,9999123452,1,1
MP00006400,MP00006400,2023-09-07,13:58:27,PL012,MIL0448550,x@x.com,9999123456,9999123451,9999123452,1,1
MP00006401,MP00006401,2023-09-07,13:58:27,PL006,MIL0134846,x@x.com,9999123456,9999123451,9999123452,1,1
MP00006402,MP00006402,2023-09-07,13:58:27,PL008,MIL0316935,x@x.com,9999123456,9999123451,9999123452,1,1
MP00006403,MP00006403,2023-09-07,13:58:27,PL002,MIL0147650,x@x.com,9999123456,9999123451,9999123452,1,1
MP00006404,MP00006404,2023-09-07,13:58:27,PL001,MIL0085665,x@x.com,9999123456,9999123451,9999123452,1,1
MP00006405,MP00006405,2023-09-07,13:58:27,PL005,MIL0033244,x@x.com,9999123456,9999123451,9999123452,1,1
MP00006406,MP00006406,2023-09-07,13:58:27,PL008,MIL0445082,x@x.com,9999123456,9999123451,9999123452,1,1
MP00006407,MP00006407,2023-09-07,13:58:27,PL004,MIL0339279,x@x.com,9999123456,9999123451,9999123452,1,1
MP00006408,MP00006408,2023-09-07,13:58:27,PL005,MIL0356980,x@x.com,9999123456,9999123451,9999123452,1,1
MP00006409,MP00006409,2023-09-07,13:58:27,PL011,MIL0138461,x@x.com,9999123456,9999123451,9999123452,1,1
MP00006410,MP00006410,2023-09-07,13:58:27,PL005,MIL0449042,x@x.com,9999123456,9999123451,9999123452,1,1
MP00006411,MP00006411,2023-09-07,13:58:27,PL011,MIL0386502,x@x.com,9999123456,9999123451,9999123452,1,1
MP00006412,MP00006412,2023-09-07,13:58:27,PL008,MIL0370134,x@x.com,9999123456,9999123451,9999123452,1,1
MP00006413,MP00006413,2023-09-07,13:58:27,PL012,MIL0432180,x@x.com,9999123456,9999123451,9999123452,1,1
MP00006414,MP00006414,2023-09-07,13:58:27,PL013,MIL0055452,x@x.com,9999123456,9999123451,9999123452,1,1
MP00006415,MP00006415,2023-09-07,13:58:27,PL006,MIL0351382,x@x.com,9999123456,9999123451,9999123452,1,1
MP00006416,MP00006416,2023-09-07,13:58:27,PL003,MIL0285958,x@x.com,9999123456,9999123451,9999123452,1,1
MP00006417,MP00006417,2023-09-07,13:58:27,PL010,MIL0516295,x@x.com,9999123456,9999123451,9999123452,1,1
MP00006418,MP00006418,2023-09-07,13:58:27,PL007,MIL0030936,x@x.com,9999123456,9999123451,9999123452,1,1
MP00006419,MP00006419,2023-09-07,13:58:27,PL001,MIL0578136,x@x.com,9999123456,9999123451,9999123452,1,1
MP00006420,MP00006420,2023-09-07,13:58:27,PL006,MIL0575483,x@x.com,9999123456,9999123451,9999123452,1,1
MP00006421,MP00006421,2023-09-07,13:58:27,PL007,MIL0515840,x@x.com,9999123456,9999123451,9999123452,1,1
MP00006422,MP00006422,2023-09-07,13:58:27,PL007,MIL0430239,x@x.com,9999123456,9999123451,9999123452,1,1
MP00006423,MP00006423,2023-09-07,13:58:27,PL010,MIL0153243,x@x.com,9999123456,9999123451,9999123452,1,1
MP00006424,MP00006424,2023-09-07,13:58:27,PL008,MIL0566474,x@x.com,9999123456,9999123451,9999123452,1,1
MP00006425,MP00006425,2023-09-07,13:58:27,PL002,MIL0350838,x@x.com,9999123456,9999123451,9999123452,1,1
MP00006426,MP00006426,2023-09-07,13:58:27,PL004,MIL0508749,x@x.com,9999123456,9999123451,9999123452,1,1
MP00006427,MP00006427,2023-09-07,13:58:27,PL012,MIL0285137,x@x.com,9999123456,9999123451,9999123452,1,1
MP00006428,MP00006428,2023-09-07,13:58:27,PL005,MIL0103041,x@x.com,9999123456,9999123451,9999123452,1,1
MP00006429,MP00006429,2023-09-07,13:58:27,PL010,MIL0266791,x@x.com,9999123456,9999123451,9999123452,1,1
MP00006430,MP00006430,2023-09-07,13:58:27,PL013,MIL0178415,x@x.com,9999123456,9999123451,9999123452,1,1
MP00006431,MP00006431,2023-09-07,13:58:27,PL010,MIL0443693,x@x.com,9999123456,9999123451,9999123452,1,1
MP00006432,MP00006432,2023-09-07,13:58:27,PL011,MIL0566752,x@x.com,9999123456,9999123451,9999123452,1,1
MP00006433,MP00006433,2023-09-07,13:58:27,PL002,MIL0121332,x@x.com,9999123456,9999123451,9999123452,1,1
MP00006434,MP00006434,2023-09-07,13:58:27,PL001,MIL0099226,x@x.com,9999123456,9999123451,9999123452,1,1
MP00006435,MP00006435,2023-09-07,13:58:27,PL007,MIL0148257,x@x.com,9999123456,9999123451,9999123452,1,1
MP00006436,MP00006436,2023-09-07,13:58:27,PL009,MIL0455457,x@x.com,9999123456,9999123451,9999123452,1,1
MP00006437,MP00006437,2023-09-07,13:58:27,PL004,MIL0382168,x@x.com,9999123456,9999123451,9999123452,1,1
MP00006438,MP00006438,2023-09-07,13:58:27,PL001,MIL0081908,x@x.com,9999123456,9999123451,9999123452,1,1
MP00006439,MP00006439,2023-09-07,13:58:27,PL007,MIL0205059,x@x.com,9999123456,9999123451,9999123452,1,1
MP00006440,MP00006440,2023-09-07,13:58:27,PL010,MIL0548502,x@x.com,9999123456,9999123451,9999123452,1,1
MP00006441,MP00006441,2023-09-07,13:58:27,PL013,MIL0310873,x@x.com,9999123456,9999123451,9999123452,1,1
MP00006442,MP00006442,2023-09-07,13:58:27,PL002,MIL0328157,x@x.com,9999123456,9999123451,9999123452,1,1
MP00006443,MP00006443,2023-09-07,13:58:27,PL008,MIL0110479,x@x.com,9999123456,9999123451,9999123452,1,1
MP00006444,MP00006444,2023-09-07,13:58:27,PL001,MIL0226080,x@x.com,9999123456,9999123451,9999123452,1,1
MP00006445,MP00006445,2023-09-07,13:58:27,PL008,MIL0176505,x@x.com,9999123456,9999123451,9999123452,1,1
MP00006446,MP00006446,2023-09-07,13:58:27,PL007,MIL0513461,x@x.com,9999123456,9999123451,9999123452,1,1
MP00006447,MP00006447,2023-09-07,13:58:27,PL003,MIL0428845,x@x.com,9999123456,9999123451,9999123452,1,1
MP00006448,MP00006448,2023-09-07,13:58:27,PL001,MIL0064911,x@x.com,9999123456,9999123451,9999123452,1,1
MP00006449,MP00006449,2023-09-07,13:58:27,PL003,MIL0573015,x@x.com,9999123456,9999123451,9999123452,1,1
MP00006450,MP00006450,2023-09-07,13:58:27,PL001,MIL0542177,x@x.com,9999123456,9999123451,9999123452,1,1
MP00006451,MP00006451,2023-09-07,13:58:27,PL009,MIL0489712,x@x.com,9999123456,9999123451,9999123452,1,1
MP00006452,MP00006452,2023-09-07,13:58:27,PL002,MIL0040405,x@x.com,9999123456,9999123451,9999123452,1,1
MP00006453,MP00006453,2023-09-07,13:58:27,PL001,MIL0515984,x@x.com,9999123456,9999123451,9999123452,1,1
MP00006454,MP00006454,2023-09-07,13:58:27,PL013,MIL0562875,x@x.com,9999123456,9999123451,9999123452,1,1
MP00006455,MP00006455,2023-09-07,13:58:27,PL001,MIL0343159,x@x.com,9999123456,9999123451,9999123452,1,1
MP00006456,MP00006456,2023-09-07,13:58:27,PL004,MIL0086829,x@x.com,9999123456,9999123451,9999123452,1,1
MP00006457,MP00006457,2023-09-07,13:58:27,PL003,MIL0173990,x@x.com,9999123456,9999123451,9999123452,1,1
MP00006458,MP00006458,2023-09-07,13:58:27,PL001,MIL0147596,x@x.com,9999123456,9999123451,9999123452,1,1
MP00006459,MP00006459,2023-09-07,13:58:27,PL012,MIL0467036,x@x.com,9999123456,9999123451,9999123452,1,1
MP00006460,MP00006460,2023-09-07,13:58:27,PL006,MIL0102627,x@x.com,9999123456,9999123451,9999123452,1,1
MP00006461,MP00006461,2023-09-07,13:58:27,PL002,MIL0269254,x@x.com,9999123456,9999123451,9999123452,1,1
MP00006462,MP00006462,2023-09-07,13:58:27,PL006,MIL0100471,x@x.com,9999123456,9999123451,9999123452,1,1
MP00006463,MP00006463,2023-09-07,13:58:27,PL013,MIL0341267,x@x.com,9999123456,9999123451,9999123452,1,1
MP00006464,MP00006464,2023-09-07,13:58:27,PL005,MIL0059294,x@x.com,9999123456,9999123451,9999123452,1,1
MP00006465,MP00006465,2023-09-07,13:58:27,PL005,MIL0215715,x@x.com,9999123456,9999123451,9999123452,1,1
MP00006466,MP00006466,2023-09-07,13:58:27,PL001,MIL0419411,x@x.com,9999123456,9999123451,9999123452,1,1
MP00006467,MP00006467,2023-09-07,13:58:27,PL012,MIL0358942,x@x.com,9999123456,9999123451,9999123452,1,1
MP00006468,MP00006468,2023-09-07,13:58:27,PL002,MIL0184919,x@x.com,9999123456,9999123451,9999123452,1,1
MP00006469,MP00006469,2023-09-07,13:58:27,PL011,MIL0378067,x@x.com,9999123456,9999123451,9999123452,1,1
MP00006470,MP00006470,2023-09-07,13:58:27,PL010,MIL0437032,x@x.com,9999123456,9999123451,9999123452,1,1
MP00006471,MP00006471,2023-09-07,13:58:27,PL013,MIL0059889,x@x.com,9999123456,9999123451,9999123452,1,1
MP00006472,MP00006472,2023-09-07,13:58:27,PL012,MIL0354193,x@x.com,9999123456,9999123451,9999123452,1,1
MP00006473,MP00006473,2023-09-07,13:58:27,PL001,MIL0042224,x@x.com,9999123456,9999123451,9999123452,1,1
MP00006474,MP00006474,2023-09-07,13:58:27,PL012,MIL0190635,x@x.com,9999123456,9999123451,9999123452,1,1
MP00006475,MP00006475,2023-09-07,13:58:27,PL010,MIL0069089,x@x.com,9999123456,9999123451,9999123452,1,1
MP00006476,MP00006476,2023-09-07,13:58:27,PL007,MIL0179094,x@x.com,9999123456,9999123451,9999123452,1,1
MP00006477,MP00006477,2023-09-07,13:58:27,PL005,MIL0505629,x@x.com,9999123456,9999123451,9999123452,1,1
MP00006478,MP00006478,2023-09-07,13:58:27,PL003,MIL0010299,x@x.com,9999123456,9999123451,9999123452,1,1
MP00006479,MP00006479,2023-09-07,13:58:27,PL007,MIL0260950,x@x.com,9999123456,9999123451,9999123452,1,1
MP00006480,MP00006480,2023-09-07,13:58:27,PL006,MIL0266844,x@x.com,9999123456,9999123451,9999123452,1,1
MP00006481,MP00006481,2023-09-07,13:58:27,PL009,MIL0192293,x@x.com,9999123456,9999123451,9999123452,1,1
MP00006482,MP00006482,2023-09-07,13:58:27,PL002,MIL0539855,x@x.com,9999123456,9999123451,9999123452,1,1
MP00006483,MP00006483,2023-09-07,13:58:27,PL012,MIL0481010,x@x.com,9999123456,9999123451,9999123452,1,1
MP00006484,MP00006484,2023-09-07,13:58:27,PL003,MIL0249294,x@x.com,9999123456,9999123451,9999123452,1,1
MP00006485,MP00006485,2023-09-07,13:58:27,PL008,MIL0496654,x@x.com,9999123456,9999123451,9999123452,1,1
MP00006486,MP00006486,2023-09-07,13:58:27,PL011,MIL0532785,x@x.com,9999123456,9999123451,9999123452,1,1
MP00006487,MP00006487,2023-09-07,13:58:27,PL010,MIL0405348,x@x.com,9999123456,9999123451,9999123452,1,1
MP00006488,MP00006488,2023-09-07,13:58:27,PL001,MIL0007615,x@x.com,9999123456,9999123451,9999123452,1,1
MP00006489,MP00006489,2023-09-07,13:58:27,PL005,MIL0536390,x@x.com,9999123456,9999123451,9999123452,1,1
MP00006490,MP00006490,2023-09-07,13:58:27,PL007,MIL0463327,x@x.com,9999123456,9999123451,9999123452,1,1
MP00006491,MP00006491,2023-09-07,13:58:27,PL011,MIL0214228,x@x.com,9999123456,9999123451,9999123452,1,1
MP00006492,MP00006492,2023-09-07,13:58:27,PL004,MIL0222384,x@x.com,9999123456,9999123451,9999123452,1,1
MP00006493,MP00006493,2023-09-07,13:58:27,PL008,MIL0208645,x@x.com,9999123456,9999123451,9999123452,1,1
MP00006494,MP00006494,2023-09-07,13:58:27,PL005,MIL0541453,x@x.com,9999123456,9999123451,9999123452,1,1
MP00006495,MP00006495,2023-09-07,13:58:27,PL006,MIL0496879,x@x.com,9999123456,9999123451,9999123452,1,1
MP00006496,MP00006496,2023-09-07,13:58:27,PL004,MIL0280665,x@x.com,9999123456,9999123451,9999123452,1,1
MP00006497,MP00006497,2023-09-07,13:58:27,PL010,MIL0170667,x@x.com,9999123456,9999123451,9999123452,1,1
MP00006498,MP00006498,2023-09-07,13:58:27,PL007,MIL0506830,x@x.com,9999123456,9999123451,9999123452,1,1
MP00006499,MP00006499,2023-09-07,13:58:27,PL006,MIL0108121,x@x.com,9999123456,9999123451,9999123452,1,1
MP00006500,MP00006500,2023-09-07,13:58:27,PL010,MIL0331573,x@x.com,9999123456,9999123451,9999123452,1,1
MP00006501,MP00006501,2023-09-07,13:58:27,PL007,MIL0509001,x@x.com,9999123456,9999123451,9999123452,1,1
MP00006502,MP00006502,2023-09-07,13:58:27,PL011,MIL0154830,x@x.com,9999123456,9999123451,9999123452,1,1
MP00006503,MP00006503,2023-09-07,13:58:27,PL013,MIL0532149,x@x.com,9999123456,9999123451,9999123452,1,1
MP00006504,MP00006504,2023-09-07,13:58:27,PL006,MIL0241485,x@x.com,9999123456,9999123451,9999123452,1,1
MP00006505,MP00006505,2023-09-07,13:58:27,PL003,MIL0472737,x@x.com,9999123456,9999123451,9999123452,1,1
MP00006506,MP00006506,2023-09-07,13:58:27,PL009,MIL0042196,x@x.com,9999123456,9999123451,9999123452,1,1
MP00006507,MP00006507,2023-09-07,13:58:27,PL011,MIL0332862,x@x.com,9999123456,9999123451,9999123452,1,1
MP00006508,MP00006508,2023-09-07,13:58:27,PL013,MIL0256151,x@x.com,9999123456,9999123451,9999123452,1,1
MP00006509,MP00006509,2023-09-07,13:58:27,PL013,MIL0434398,x@x.com,9999123456,9999123451,9999123452,1,1
MP00006510,MP00006510,2023-09-07,13:58:27,PL004,MIL0311304,x@x.com,9999123456,9999123451,9999123452,1,1
MP00006511,MP00006511,2023-09-07,13:58:27,PL004,MIL0227410,x@x.com,9999123456,9999123451,9999123452,1,1
MP00006512,MP00006512,2023-09-07,13:58:27,PL006,MIL0254280,x@x.com,9999123456,9999123451,9999123452,1,1
MP00006513,MP00006513,2023-09-07,13:58:27,PL006,MIL0065773,x@x.com,9999123456,9999123451,9999123452,1,1
MP00006514,MP00006514,2023-09-07,13:58:27,PL012,MIL0167593,x@x.com,9999123456,9999123451,9999123452,1,1
MP00006515,MP00006515,2023-09-07,13:58:27,PL001,MIL0245667,x@x.com,9999123456,9999123451,9999123452,1,1
MP00006516,MP00006516,2023-09-07,13:58:27,PL004,MIL0398307,x@x.com,9999123456,9999123451,9999123452,1,1
MP00006517,MP00006517,2023-09-07,13:58:27,PL010,MIL0131740,x@x.com,9999123456,9999123451,9999123452,1,1
MP00006518,MP00006518,2023-09-07,13:58:27,PL004,MIL0121343,x@x.com,9999123456,9999123451,9999123452,1,1
MP00006519,MP00006519,2023-09-07,13:58:27,PL002,MIL0309152,x@x.com,9999123456,9999123451,9999123452,1,1
MP00006520,MP00006520,2023-09-07,13:58:27,PL011,MIL0510234,x@x.com,9999123456,9999123451,9999123452,1,1
MP00006521,MP00006521,2023-09-07,13:58:27,PL010,MIL0050914,x@x.com,9999123456,9999123451,9999123452,1,1
MP00006522,MP00006522,2023-09-07,13:58:27,PL005,MIL0107150,x@x.com,9999123456,9999123451,9999123452,1,1
MP00006523,MP00006523,2023-09-07,13:58:27,PL011,MIL0066891,x@x.com,9999123456,9999123451,9999123452,1,1
MP00006524,MP00006524,2023-09-07,13:58:27,PL010,MIL0504622,x@x.com,9999123456,9999123451,9999123452,1,1
MP00006525,MP00006525,2023-09-07,13:58:27,PL013,MIL0388183,x@x.com,9999123456,9999123451,9999123452,1,1
MP00006526,MP00006526,2023-09-07,13:58:27,PL007,MIL0208206,x@x.com,9999123456,9999123451,9999123452,1,1
MP00006527,MP00006527,2023-09-07,13:58:27,PL013,MIL0559564,x@x.com,9999123456,9999123451,9999123452,1,1
MP00006528,MP00006528,2023-09-07,13:58:27,PL009,MIL0227353,x@x.com,9999123456,9999123451,9999123452,1,1
MP00006529,MP00006529,2023-09-07,13:58:27,PL013,MIL0048568,x@x.com,9999123456,9999123451,9999123452,1,1
MP00006530,MP00006530,2023-09-07,13:58:27,PL005,MIL0074072,x@x.com,9999123456,9999123451,9999123452,1,1
MP00006531,MP00006531,2023-09-07,13:58:27,PL002,MIL0153590,x@x.com,9999123456,9999123451,9999123452,1,1
MP00006532,MP00006532,2023-09-07,13:58:27,PL013,MIL0230858,x@x.com,9999123456,9999123451,9999123452,1,1
MP00006533,MP00006533,2023-09-07,13:58:27,PL006,MIL0263710,x@x.com,9999123456,9999123451,9999123452,1,1
MP00006534,MP00006534,2023-09-07,13:58:27,PL012,MIL0139308,x@x.com,9999123456,9999123451,9999123452,1,1
MP00006535,MP00006535,2023-09-07,13:58:27,PL010,MIL0289963,x@x.com,9999123456,9999123451,9999123452,1,1
MP00006536,MP00006536,2023-09-07,13:58:27,PL006,MIL0314806,x@x.com,9999123456,9999123451,9999123452,1,1
MP00006537,MP00006537,2023-09-07,13:58:27,PL008,MIL0231588,x@x.com,9999123456,9999123451,9999123452,1,1
MP00006538,MP00006538,2023-09-07,13:58:27,PL010,MIL0098187,x@x.com,9999123456,9999123451,9999123452,1,1
MP00006539,MP00006539,2023-09-07,13:58:27,PL001,MIL0064659,x@x.com,9999123456,9999123451,9999123452,1,1
MP00006540,MP00006540,2023-09-07,13:58:27,PL012,MIL0559782,x@x.com,9999123456,9999123451,9999123452,1,1
MP00006541,MP00006541,2023-09-07,13:58:27,PL012,MIL0262773,x@x.com,9999123456,9999123451,9999123452,1,1
MP00006542,MP00006542,2023-09-07,13:58:27,PL003,MIL0027185,x@x.com,9999123456,9999123451,9999123452,1,1
MP00006543,MP00006543,2023-09-07,13:58:27,PL004,MIL0227107,x@x.com,9999123456,9999123451,9999123452,1,1
MP00006544,MP00006544,2023-09-07,13:58:27,PL009,MIL0385423,x@x.com,9999123456,9999123451,9999123452,1,1
MP00006545,MP00006545,2023-09-07,13:58:27,PL004,MIL0112585,x@x.com,9999123456,9999123451,9999123452,1,1
MP00006546,MP00006546,2023-09-07,13:58:27,PL005,MIL0369299,x@x.com,9999123456,9999123451,9999123452,1,1
MP00006547,MP00006547,2023-09-07,13:58:27,PL005,MIL0364613,x@x.com,9999123456,9999123451,9999123452,1,1
MP00006548,MP00006548,2023-09-07,13:58:27,PL011,MIL0064235,x@x.com,9999123456,9999123451,9999123452,1,1
MP00006549,MP00006549,2023-09-07,13:58:27,PL006,MIL0111106,x@x.com,9999123456,9999123451,9999123452,1,1
MP00006550,MP00006550,2023-09-07,13:58:27,PL010,MIL0222058,x@x.com,9999123456,9999123451,9999123452,1,1
MP00006551,MP00006551,2023-09-07,13:58:27,PL011,MIL0580601,x@x.com,9999123456,9999123451,9999123452,1,1
MP00006552,MP00006552,2023-09-07,13:58:27,PL005,MIL0147578,x@x.com,9999123456,9999123451,9999123452,1,1
MP00006553,MP00006553,2023-09-07,13:58:27,PL008,MIL0201653,x@x.com,9999123456,9999123451,9999123452,1,1
MP00006554,MP00006554,2023-09-07,13:58:27,PL001,MIL0554155,x@x.com,9999123456,9999123451,9999123452,1,1
MP00006555,MP00006555,2023-09-07,13:58:27,PL008,MIL0134457,x@x.com,9999123456,9999123451,9999123452,1,1
MP00006556,MP00006556,2023-09-07,13:58:27,PL007,MIL0018426,x@x.com,9999123456,9999123451,9999123452,1,1
MP00006557,MP00006557,2023-09-07,13:58:27,PL013,MIL0495187,x@x.com,9999123456,9999123451,9999123452,1,1
MP00006558,MP00006558,2023-09-07,13:58:27,PL001,MIL0179982,x@x.com,9999123456,9999123451,9999123452,1,1
MP00006559,MP00006559,2023-09-07,13:58:27,PL007,MIL0168586,x@x.com,9999123456,9999123451,9999123452,1,1
MP00006560,MP00006560,2023-09-07,13:58:27,PL002,MIL0090800,x@x.com,9999123456,9999123451,9999123452,1,1
MP00006561,MP00006561,2023-09-07,13:58:27,PL002,MIL0453215,x@x.com,9999123456,9999123451,9999123452,1,1
MP00006562,MP00006562,2023-09-07,13:58:27,PL013,MIL0333798,x@x.com,9999123456,9999123451,9999123452,1,1
MP00006563,MP00006563,2023-09-07,13:58:27,PL002,MIL0474518,x@x.com,9999123456,9999123451,9999123452,1,1
MP00006564,MP00006564,2023-09-07,13:58:27,PL002,MIL0330400,x@x.com,9999123456,9999123451,9999123452,1,1
MP00006565,MP00006565,2023-09-07,13:58:27,PL008,MIL0548583,x@x.com,9999123456,9999123451,9999123452,1,1
MP00006566,MP00006566,2023-09-07,13:58:27,PL008,MIL0007316,x@x.com,9999123456,9999123451,9999123452,1,1
MP00006567,MP00006567,2023-09-07,13:58:27,PL013,MIL0375314,x@x.com,9999123456,9999123451,9999123452,1,1
MP00006568,MP00006568,2023-09-07,13:58:27,PL003,MIL0533938,x@x.com,9999123456,9999123451,9999123452,1,1
MP00006569,MP00006569,2023-09-07,13:58:27,PL004,MIL0105108,x@x.com,9999123456,9999123451,9999123452,1,1
MP00006570,MP00006570,2023-09-07,13:58:27,PL009,MIL0182458,x@x.com,9999123456,9999123451,9999123452,1,1
MP00006571,MP00006571,2023-09-07,13:58:27,PL011,MIL0221851,x@x.com,9999123456,9999123451,9999123452,1,1
MP00006572,MP00006572,2023-09-07,13:58:27,PL005,MIL0222011,x@x.com,9999123456,9999123451,9999123452,1,1
MP00006573,MP00006573,2023-09-07,13:58:27,PL003,MIL0155125,x@x.com,9999123456,9999123451,9999123452,1,1
MP00006574,MP00006574,2023-09-07,13:58:27,PL010,MIL0533490,x@x.com,9999123456,9999123451,9999123452,1,1
MP00006575,MP00006575,2023-09-07,13:58:27,PL008,MIL0241515,x@x.com,9999123456,9999123451,9999123452,1,1
MP00006576,MP00006576,2023-09-07,13:58:27,PL009,MIL0303723,x@x.com,9999123456,9999123451,9999123452,1,1
MP00006577,MP00006577,2023-09-07,13:58:27,PL013,MIL0253864,x@x.com,9999123456,9999123451,9999123452,1,1
MP00006578,MP00006578,2023-09-07,13:58:27,PL005,MIL0059734,x@x.com,9999123456,9999123451,9999123452,1,1
MP00006579,MP00006579,2023-09-07,13:58:27,PL005,MIL0446157,x@x.com,9999123456,9999123451,9999123452,1,1
MP00006580,MP00006580,2023-09-07,13:58:27,PL013,MIL0318593,x@x.com,9999123456,9999123451,9999123452,1,1
MP00006581,MP00006581,2023-09-07,13:58:27,PL007,MIL0008053,x@x.com,9999123456,9999123451,9999123452,1,1
MP00006582,MP00006582,2023-09-07,13:58:27,PL013,MIL0464053,x@x.com,9999123456,9999123451,9999123452,1,1
MP00006583,MP00006583,2023-09-07,13:58:27,PL003,MIL0266476,x@x.com,9999123456,9999123451,9999123452,1,1
MP00006584,MP00006584,2023-09-07,13:58:27,PL001,MIL0382132,x@x.com,9999123456,9999123451,9999123452,1,1
MP00006585,MP00006585,2023-09-07,13:58:27,PL010,MIL0035093,x@x.com,9999123456,9999123451,9999123452,1,1
MP00006586,MP00006586,2023-09-07,13:58:27,PL013,MIL0496919,x@x.com,9999123456,9999123451,9999123452,1,1
MP00006587,MP00006587,2023-09-07,13:58:27,PL010,MIL0272102,x@x.com,9999123456,9999123451,9999123452,1,1
MP00006588,MP00006588,2023-09-07,13:58:27,PL010,MIL0169213,x@x.com,9999123456,9999123451,9999123452,1,1
MP00006589,MP00006589,2023-09-07,13:58:27,PL001,MIL0268462,x@x.com,9999123456,9999123451,9999123452,1,1
MP00006590,MP00006590,2023-09-07,13:58:27,PL008,MIL0454263,x@x.com,9999123456,9999123451,9999123452,1,1
MP00006591,MP00006591,2023-09-07,13:58:27,PL012,MIL0240180,x@x.com,9999123456,9999123451,9999123452,1,1
MP00006592,MP00006592,2023-09-07,13:58:27,PL003,MIL0399137,x@x.com,9999123456,9999123451,9999123452,1,1
MP00006593,MP00006593,2023-09-07,13:58:27,PL012,MIL0171059,x@x.com,9999123456,9999123451,9999123452,1,1
MP00006594,MP00006594,2023-09-07,13:58:27,PL010,MIL0048675,x@x.com,9999123456,9999123451,9999123452,1,1
MP00006595,MP00006595,2023-09-07,13:58:27,PL002,MIL0296875,x@x.com,9999123456,9999123451,9999123452,1,1
MP00006596,MP00006596,2023-09-07,13:58:27,PL006,MIL0267270,x@x.com,9999123456,9999123451,9999123452,1,1
MP00006597,MP00006597,2023-09-07,13:58:27,PL011,MIL0280311,x@x.com,9999123456,9999123451,9999123452,1,1
MP00006598,MP00006598,2023-09-07,13:58:27,PL011,MIL0284905,x@x.com,9999123456,9999123451,9999123452,1,1
MP00006599,MP00006599,2023-09-07,13:58:27,PL006,MIL0371921,x@x.com,9999123456,9999123451,9999123452,1,1
MP00006600,MP00006600,2023-09-07,13:58:27,PL009,MIL0291840,x@x.com,9999123456,9999123451,9999123452,1,1
MP00006601,MP00006601,2023-09-07,13:58:27,PL010,MIL0319046,x@x.com,9999123456,9999123451,9999123452,1,1
MP00006602,MP00006602,2023-09-07,13:58:27,PL006,MIL0085193,x@x.com,9999123456,9999123451,9999123452,1,1
MP00006603,MP00006603,2023-09-07,13:58:27,PL012,MIL0115997,x@x.com,9999123456,9999123451,9999123452,1,1
MP00006604,MP00006604,2023-09-07,13:58:27,PL005,MIL0045793,x@x.com,9999123456,9999123451,9999123452,1,1
MP00006605,MP00006605,2023-09-07,13:58:27,PL003,MIL0095208,x@x.com,9999123456,9999123451,9999123452,1,1
MP00006606,MP00006606,2023-09-07,13:58:27,PL003,MIL0165189,x@x.com,9999123456,9999123451,9999123452,1,1
MP00006607,MP00006607,2023-09-07,13:58:27,PL005,MIL0512522,x@x.com,9999123456,9999123451,9999123452,1,1
MP00006608,MP00006608,2023-09-07,13:58:27,PL004,MIL0554480,x@x.com,9999123456,9999123451,9999123452,1,1
MP00006609,MP00006609,2023-09-07,13:58:27,PL011,MIL0165153,x@x.com,9999123456,9999123451,9999123452,1,1
MP00006610,MP00006610,2023-09-07,13:58:27,PL007,MIL0569755,x@x.com,9999123456,9999123451,9999123452,1,1
MP00006611,MP00006611,2023-09-07,13:58:27,PL011,MIL0495741,x@x.com,9999123456,9999123451,9999123452,1,1
MP00006612,MP00006612,2023-09-07,13:58:27,PL009,MIL0482825,x@x.com,9999123456,9999123451,9999123452,1,1
MP00006613,MP00006613,2023-09-07,13:58:27,PL008,MIL0569312,x@x.com,9999123456,9999123451,9999123452,1,1
MP00006614,MP00006614,2023-09-07,13:58:27,PL001,MIL0137630,x@x.com,9999123456,9999123451,9999123452,1,1
MP00006615,MP00006615,2023-09-07,13:58:27,PL010,MIL0179160,x@x.com,9999123456,9999123451,9999123452,1,1
MP00006616,MP00006616,2023-09-07,13:58:27,PL010,MIL0530369,x@x.com,9999123456,9999123451,9999123452,1,1
MP00006617,MP00006617,2023-09-07,13:58:27,PL013,MIL0231487,x@x.com,9999123456,9999123451,9999123452,1,1
MP00006618,MP00006618,2023-09-07,13:58:27,PL012,MIL0333652,x@x.com,9999123456,9999123451,9999123452,1,1
MP00006619,MP00006619,2023-09-07,13:58:27,PL005,MIL0207029,x@x.com,9999123456,9999123451,9999123452,1,1
MP00006620,MP00006620,2023-09-07,13:58:27,PL010,MIL0287804,x@x.com,9999123456,9999123451,9999123452,1,1
MP00006621,MP00006621,2023-09-07,13:58:27,PL001,MIL0440267,x@x.com,9999123456,9999123451,9999123452,1,1
MP00006622,MP00006622,2023-09-07,13:58:27,PL001,MIL0142602,x@x.com,9999123456,9999123451,9999123452,1,1
MP00006623,MP00006623,2023-09-07,13:58:27,PL006,MIL0533834,x@x.com,9999123456,9999123451,9999123452,1,1
MP00006624,MP00006624,2023-09-07,13:58:27,PL010,MIL0148839,x@x.com,9999123456,9999123451,9999123452,1,1
MP00006625,MP00006625,2023-09-07,13:58:27,PL003,MIL0254262,x@x.com,9999123456,9999123451,9999123452,1,1
MP00006626,MP00006626,2023-09-07,13:58:27,PL009,MIL0465172,x@x.com,9999123456,9999123451,9999123452,1,1
MP00006627,MP00006627,2023-09-07,13:58:27,PL004,MIL0457697,x@x.com,9999123456,9999123451,9999123452,1,1
MP00006628,MP00006628,2023-09-07,13:58:27,PL005,MIL0266107,x@x.com,9999123456,9999123451,9999123452,1,1
MP00006629,MP00006629,2023-09-07,13:58:27,PL011,MIL0310698,x@x.com,9999123456,9999123451,9999123452,1,1
MP00006630,MP00006630,2023-09-07,13:58:27,PL002,MIL0021386,x@x.com,9999123456,9999123451,9999123452,1,1
MP00006631,MP00006631,2023-09-07,13:58:27,PL012,MIL0346111,x@x.com,9999123456,9999123451,9999123452,1,1
MP00006632,MP00006632,2023-09-07,13:58:27,PL013,MIL0400221,x@x.com,9999123456,9999123451,9999123452,1,1
MP00006633,MP00006633,2023-09-07,13:58:27,PL003,MIL0274114,x@x.com,9999123456,9999123451,9999123452,1,1
MP00006634,MP00006634,2023-09-07,13:58:27,PL011,MIL0051359,x@x.com,9999123456,9999123451,9999123452,1,1
MP00006635,MP00006635,2023-09-07,13:58:27,PL005,MIL0522028,x@x.com,9999123456,9999123451,9999123452,1,1
MP00006636,MP00006636,2023-09-07,13:58:27,PL009,MIL0539082,x@x.com,9999123456,9999123451,9999123452,1,1
MP00006637,MP00006637,2023-09-07,13:58:27,PL010,MIL0015412,x@x.com,9999123456,9999123451,9999123452,1,1
MP00006638,MP00006638,2023-09-07,13:58:27,PL008,MIL0338251,x@x.com,9999123456,9999123451,9999123452,1,1
MP00006639,MP00006639,2023-09-07,13:58:27,PL003,MIL0077721,x@x.com,9999123456,9999123451,9999123452,1,1
MP00006640,MP00006640,2023-09-07,13:58:27,PL006,MIL0069742,x@x.com,9999123456,9999123451,9999123452,1,1
MP00006641,MP00006641,2023-09-07,13:58:27,PL004,MIL0174981,x@x.com,9999123456,9999123451,9999123452,1,1
MP00006642,MP00006642,2023-09-07,13:58:27,PL012,MIL0331172,x@x.com,9999123456,9999123451,9999123452,1,1
MP00006643,MP00006643,2023-09-07,13:58:27,PL005,MIL0014177,x@x.com,9999123456,9999123451,9999123452,1,1
MP00006644,MP00006644,2023-09-07,13:58:27,PL002,MIL0120754,x@x.com,9999123456,9999123451,9999123452,1,1
MP00006645,MP00006645,2023-09-07,13:58:27,PL006,MIL0460996,x@x.com,9999123456,9999123451,9999123452,1,1
MP00006646,MP00006646,2023-09-07,13:58:27,PL011,MIL0321766,x@x.com,9999123456,9999123451,9999123452,1,1
MP00006647,MP00006647,2023-09-07,13:58:27,PL002,MIL0278538,x@x.com,9999123456,9999123451,9999123452,1,1
MP00006648,MP00006648,2023-09-07,13:58:27,PL001,MIL0185731,x@x.com,9999123456,9999123451,9999123452,1,1
MP00006649,MP00006649,2023-09-07,13:58:27,PL011,MIL0021704,x@x.com,9999123456,9999123451,9999123452,1,1
MP00006650,MP00006650,2023-09-07,13:58:27,PL011,MIL0265958,x@x.com,9999123456,9999123451,9999123452,1,1
MP00006651,MP00006651,2023-09-07,13:58:27,PL003,MIL0084259,x@x.com,9999123456,9999123451,9999123452,1,1
MP00006652,MP00006652,2023-09-07,13:58:27,PL004,MIL0101383,x@x.com,9999123456,9999123451,9999123452,1,1
MP00006653,MP00006653,2023-09-07,13:58:27,PL004,MIL0221332,x@x.com,9999123456,9999123451,9999123452,1,1
MP00006654,MP00006654,2023-09-07,13:58:27,PL008,MIL0498203,x@x.com,9999123456,9999123451,9999123452,1,1
MP00006655,MP00006655,2023-09-07,13:58:27,PL008,MIL0351588,x@x.com,9999123456,9999123451,9999123452,1,1
MP00006656,MP00006656,2023-09-07,13:58:27,PL011,MIL0329112,x@x.com,9999123456,9999123451,9999123452,1,1
MP00006657,MP00006657,2023-09-07,13:58:27,PL012,MIL0515039,x@x.com,9999123456,9999123451,9999123452,1,1
MP00006658,MP00006658,2023-09-07,13:58:27,PL010,MIL0181512,x@x.com,9999123456,9999123451,9999123452,1,1
MP00006659,MP00006659,2023-09-07,13:58:27,PL005,MIL0496923,x@x.com,9999123456,9999123451,9999123452,1,1
MP00006660,MP00006660,2023-09-07,13:58:27,PL006,MIL0096467,x@x.com,9999123456,9999123451,9999123452,1,1
MP00006661,MP00006661,2023-09-07,13:58:27,PL003,MIL0029475,x@x.com,9999123456,9999123451,9999123452,1,1
MP00006662,MP00006662,2023-09-07,13:58:27,PL010,MIL0406054,x@x.com,9999123456,9999123451,9999123452,1,1
MP00006663,MP00006663,2023-09-07,13:58:27,PL011,MIL0552851,x@x.com,9999123456,9999123451,9999123452,1,1
MP00006664,MP00006664,2023-09-07,13:58:27,PL007,MIL0144099,x@x.com,9999123456,9999123451,9999123452,1,1
MP00006665,MP00006665,2023-09-07,13:58:27,PL009,MIL0562333,x@x.com,9999123456,9999123451,9999123452,1,1
MP00006666,MP00006666,2023-09-07,13:58:27,PL003,MIL0386250,x@x.com,9999123456,9999123451,9999123452,1,1
MP00006667,MP00006667,2023-09-07,13:58:27,PL006,MIL0128173,x@x.com,9999123456,9999123451,9999123452,1,1
MP00006668,MP00006668,2023-09-07,13:58:27,PL011,MIL0139559,x@x.com,9999123456,9999123451,9999123452,1,1
MP00006669,MP00006669,2023-09-07,13:58:27,PL011,MIL0251951,x@x.com,9999123456,9999123451,9999123452,1,1
MP00006670,MP00006670,2023-09-07,13:58:27,PL001,MIL0357345,x@x.com,9999123456,9999123451,9999123452,1,1
MP00006671,MP00006671,2023-09-07,13:58:27,PL012,MIL0235942,x@x.com,9999123456,9999123451,9999123452,1,1
MP00006672,MP00006672,2023-09-07,13:58:27,PL006,MIL0124536,x@x.com,9999123456,9999123451,9999123452,1,1
MP00006673,MP00006673,2023-09-07,13:58:27,PL008,MIL0001999,x@x.com,9999123456,9999123451,9999123452,1,1
MP00006674,MP00006674,2023-09-07,13:58:27,PL010,MIL0509109,x@x.com,9999123456,9999123451,9999123452,1,1
MP00006675,MP00006675,2023-09-07,13:58:27,PL003,MIL0402366,x@x.com,9999123456,9999123451,9999123452,1,1
MP00006676,MP00006676,2023-09-07,13:58:27,PL011,MIL0012185,x@x.com,9999123456,9999123451,9999123452,1,1
MP00006677,MP00006677,2023-09-07,13:58:27,PL002,MIL0284812,x@x.com,9999123456,9999123451,9999123452,1,1
MP00006678,MP00006678,2023-09-07,13:58:27,PL005,MIL0299322,x@x.com,9999123456,9999123451,9999123452,1,1
MP00006679,MP00006679,2023-09-07,13:58:27,PL002,MIL0476388,x@x.com,9999123456,9999123451,9999123452,1,1
MP00006680,MP00006680,2023-09-07,13:58:27,PL008,MIL0326892,x@x.com,9999123456,9999123451,9999123452,1,1
MP00006681,MP00006681,2023-09-07,13:58:27,PL011,MIL0453300,x@x.com,9999123456,9999123451,9999123452,1,1
MP00006682,MP00006682,2023-09-07,13:58:27,PL012,MIL0504313,x@x.com,9999123456,9999123451,9999123452,1,1
MP00006683,MP00006683,2023-09-07,13:58:27,PL011,MIL0267127,x@x.com,9999123456,9999123451,9999123452,1,1
MP00006684,MP00006684,2023-09-07,13:58:27,PL009,MIL0466902,x@x.com,9999123456,9999123451,9999123452,1,1
MP00006685,MP00006685,2023-09-07,13:58:27,PL012,MIL0175527,x@x.com,9999123456,9999123451,9999123452,1,1
MP00006686,MP00006686,2023-09-07,13:58:27,PL009,MIL0316515,x@x.com,9999123456,9999123451,9999123452,1,1
MP00006687,MP00006687,2023-09-07,13:58:27,PL010,MIL0431971,x@x.com,9999123456,9999123451,9999123452,1,1
MP00006688,MP00006688,2023-09-07,13:58:27,PL009,MIL0021560,x@x.com,9999123456,9999123451,9999123452,1,1
MP00006689,MP00006689,2023-09-07,13:58:27,PL005,MIL0404140,x@x.com,9999123456,9999123451,9999123452,1,1
MP00006690,MP00006690,2023-09-07,13:58:27,PL013,MIL0206954,x@x.com,9999123456,9999123451,9999123452,1,1
MP00006691,MP00006691,2023-09-07,13:58:27,PL004,MIL0199014,x@x.com,9999123456,9999123451,9999123452,1,1
MP00006692,MP00006692,2023-09-07,13:58:27,PL009,MIL0579045,x@x.com,9999123456,9999123451,9999123452,1,1
MP00006693,MP00006693,2023-09-07,13:58:27,PL012,MIL0525837,x@x.com,9999123456,9999123451,9999123452,1,1
MP00006694,MP00006694,2023-09-07,13:58:27,PL012,MIL0349666,x@x.com,9999123456,9999123451,9999123452,1,1
MP00006695,MP00006695,2023-09-07,13:58:27,PL008,MIL0151413,x@x.com,9999123456,9999123451,9999123452,1,1
MP00006696,MP00006696,2023-09-07,13:58:27,PL001,MIL0380737,x@x.com,9999123456,9999123451,9999123452,1,1
MP00006697,MP00006697,2023-09-07,13:58:27,PL008,MIL0197871,x@x.com,9999123456,9999123451,9999123452,1,1
MP00006698,MP00006698,2023-09-07,13:58:27,PL001,MIL0527587,x@x.com,9999123456,9999123451,9999123452,1,1
MP00006699,MP00006699,2023-09-07,13:58:27,PL004,MIL0251447,x@x.com,9999123456,9999123451,9999123452,1,1
MP00006700,MP00006700,2023-09-07,13:58:27,PL001,MIL0290383,x@x.com,9999123456,9999123451,9999123452,1,1
MP00006701,MP00006701,2023-09-07,13:58:27,PL013,MIL0146733,x@x.com,9999123456,9999123451,9999123452,1,1
MP00006702,MP00006702,2023-09-07,13:58:27,PL001,MIL0325613,x@x.com,9999123456,9999123451,9999123452,1,1
MP00006703,MP00006703,2023-09-07,13:58:27,PL002,MIL0437950,x@x.com,9999123456,9999123451,9999123452,1,1
MP00006704,MP00006704,2023-09-07,13:58:27,PL002,MIL0291373,x@x.com,9999123456,9999123451,9999123452,1,1
MP00006705,MP00006705,2023-09-07,13:58:27,PL010,MIL0040264,x@x.com,9999123456,9999123451,9999123452,1,1
MP00006706,MP00006706,2023-09-07,13:58:27,PL012,MIL0554055,x@x.com,9999123456,9999123451,9999123452,1,1
MP00006707,MP00006707,2023-09-07,13:58:27,PL001,MIL0147949,x@x.com,9999123456,9999123451,9999123452,1,1
MP00006708,MP00006708,2023-09-07,13:58:27,PL010,MIL0174442,x@x.com,9999123456,9999123451,9999123452,1,1
MP00006709,MP00006709,2023-09-07,13:58:27,PL003,MIL0149484,x@x.com,9999123456,9999123451,9999123452,1,1
MP00006710,MP00006710,2023-09-07,13:58:27,PL013,MIL0528487,x@x.com,9999123456,9999123451,9999123452,1,1
MP00006711,MP00006711,2023-09-07,13:58:27,PL013,MIL0327328,x@x.com,9999123456,9999123451,9999123452,1,1
MP00006712,MP00006712,2023-09-07,13:58:27,PL002,MIL0479256,x@x.com,9999123456,9999123451,9999123452,1,1
MP00006713,MP00006713,2023-09-07,13:58:27,PL002,MIL0095145,x@x.com,9999123456,9999123451,9999123452,1,1
MP00006714,MP00006714,2023-09-07,13:58:27,PL002,MIL0111392,x@x.com,9999123456,9999123451,9999123452,1,1
MP00006715,MP00006715,2023-09-07,13:58:27,PL009,MIL0099738,x@x.com,9999123456,9999123451,9999123452,1,1
MP00006716,MP00006716,2023-09-07,13:58:27,PL002,MIL0032181,x@x.com,9999123456,9999123451,9999123452,1,1
MP00006717,MP00006717,2023-09-07,13:58:27,PL002,MIL0191014,x@x.com,9999123456,9999123451,9999123452,1,1
MP00006718,MP00006718,2023-09-07,13:58:27,PL009,MIL0213809,x@x.com,9999123456,9999123451,9999123452,1,1
MP00006719,MP00006719,2023-09-07,13:58:27,PL013,MIL0037299,x@x.com,9999123456,9999123451,9999123452,1,1
MP00006720,MP00006720,2023-09-07,13:58:27,PL005,MIL0118966,x@x.com,9999123456,9999123451,9999123452,1,1
MP00006721,MP00006721,2023-09-07,13:58:27,PL013,MIL0204160,x@x.com,9999123456,9999123451,9999123452,1,1
MP00006722,MP00006722,2023-09-07,13:58:27,PL009,MIL0074085,x@x.com,9999123456,9999123451,9999123452,1,1
MP00006723,MP00006723,2023-09-07,13:58:27,PL005,MIL0161032,x@x.com,9999123456,9999123451,9999123452,1,1
MP00006724,MP00006724,2023-09-07,13:58:27,PL006,MIL0094723,x@x.com,9999123456,9999123451,9999123452,1,1
MP00006725,MP00006725,2023-09-07,13:58:27,PL011,MIL0134559,x@x.com,9999123456,9999123451,9999123452,1,1
MP00006726,MP00006726,2023-09-07,13:58:27,PL007,MIL0183591,x@x.com,9999123456,9999123451,9999123452,1,1
MP00006727,MP00006727,2023-09-07,13:58:27,PL012,MIL0265755,x@x.com,9999123456,9999123451,9999123452,1,1
MP00006728,MP00006728,2023-09-07,13:58:27,PL007,MIL0028798,x@x.com,9999123456,9999123451,9999123452,1,1
MP00006729,MP00006729,2023-09-07,13:58:27,PL004,MIL0011283,x@x.com,9999123456,9999123451,9999123452,1,1
MP00006730,MP00006730,2023-09-07,13:58:27,PL006,MIL0422368,x@x.com,9999123456,9999123451,9999123452,1,1
MP00006731,MP00006731,2023-09-07,13:58:27,PL005,MIL0338324,x@x.com,9999123456,9999123451,9999123452,1,1
MP00006732,MP00006732,2023-09-07,13:58:27,PL006,MIL0109701,x@x.com,9999123456,9999123451,9999123452,1,1
MP00006733,MP00006733,2023-09-07,13:58:27,PL013,MIL0001138,x@x.com,9999123456,9999123451,9999123452,1,1
MP00006734,MP00006734,2023-09-07,13:58:27,PL009,MIL0564519,x@x.com,9999123456,9999123451,9999123452,1,1
MP00006735,MP00006735,2023-09-07,13:58:27,PL010,MIL0056282,x@x.com,9999123456,9999123451,9999123452,1,1
MP00006736,MP00006736,2023-09-07,13:58:27,PL002,MIL0284139,x@x.com,9999123456,9999123451,9999123452,1,1
MP00006737,MP00006737,2023-09-07,13:58:27,PL001,MIL0387156,x@x.com,9999123456,9999123451,9999123452,1,1
MP00006738,MP00006738,2023-09-07,13:58:27,PL013,MIL0120555,x@x.com,9999123456,9999123451,9999123452,1,1
MP00006739,MP00006739,2023-09-07,13:58:27,PL004,MIL0532563,x@x.com,9999123456,9999123451,9999123452,1,1
MP00006740,MP00006740,2023-09-07,13:58:27,PL003,MIL0213918,x@x.com,9999123456,9999123451,9999123452,1,1
MP00006741,MP00006741,2023-09-07,13:58:27,PL013,MIL0452409,x@x.com,9999123456,9999123451,9999123452,1,1
MP00006742,MP00006742,2023-09-07,13:58:27,PL005,MIL0120622,x@x.com,9999123456,9999123451,9999123452,1,1
MP00006743,MP00006743,2023-09-07,13:58:27,PL012,MIL0208017,x@x.com,9999123456,9999123451,9999123452,1,1
MP00006744,MP00006744,2023-09-07,13:58:27,PL009,MIL0155412,x@x.com,9999123456,9999123451,9999123452,1,1
MP00006745,MP00006745,2023-09-07,13:58:27,PL002,MIL0107833,x@x.com,9999123456,9999123451,9999123452,1,1
MP00006746,MP00006746,2023-09-07,13:58:27,PL005,MIL0448448,x@x.com,9999123456,9999123451,9999123452,1,1
MP00006747,MP00006747,2023-09-07,13:58:27,PL001,MIL0531437,x@x.com,9999123456,9999123451,9999123452,1,1
MP00006748,MP00006748,2023-09-07,13:58:27,PL006,MIL0467946,x@x.com,9999123456,9999123451,9999123452,1,1
MP00006749,MP00006749,2023-09-07,13:58:27,PL006,MIL0176988,x@x.com,9999123456,9999123451,9999123452,1,1
MP00006750,MP00006750,2023-09-07,13:58:27,PL010,MIL0036855,x@x.com,9999123456,9999123451,9999123452,1,1
MP00006751,MP00006751,2023-09-07,13:58:27,PL005,MIL0170488,x@x.com,9999123456,9999123451,9999123452,1,1
MP00006752,MP00006752,2023-09-07,13:58:27,PL004,MIL0311579,x@x.com,9999123456,9999123451,9999123452,1,1
MP00006753,MP00006753,2023-09-07,13:58:27,PL009,MIL0508466,x@x.com,9999123456,9999123451,9999123452,1,1
MP00006754,MP00006754,2023-09-07,13:58:27,PL012,MIL0357361,x@x.com,9999123456,9999123451,9999123452,1,1
MP00006755,MP00006755,2023-09-07,13:58:27,PL011,MIL0170250,x@x.com,9999123456,9999123451,9999123452,1,1
MP00006756,MP00006756,2023-09-07,13:58:27,PL005,MIL0180134,x@x.com,9999123456,9999123451,9999123452,1,1
MP00006757,MP00006757,2023-09-07,13:58:27,PL011,MIL0347752,x@x.com,9999123456,9999123451,9999123452,1,1
MP00006758,MP00006758,2023-09-07,13:58:27,PL010,MIL0058934,x@x.com,9999123456,9999123451,9999123452,1,1
MP00006759,MP00006759,2023-09-07,13:58:27,PL004,MIL0129630,x@x.com,9999123456,9999123451,9999123452,1,1
MP00006760,MP00006760,2023-09-07,13:58:27,PL011,MIL0217303,x@x.com,9999123456,9999123451,9999123452,1,1
MP00006761,MP00006761,2023-09-07,13:58:27,PL012,MIL0067487,x@x.com,9999123456,9999123451,9999123452,1,1
MP00006762,MP00006762,2023-09-07,13:58:27,PL013,MIL0318487,x@x.com,9999123456,9999123451,9999123452,1,1
MP00006763,MP00006763,2023-09-07,13:58:27,PL011,MIL0047046,x@x.com,9999123456,9999123451,9999123452,1,1
MP00006764,MP00006764,2023-09-07,13:58:27,PL004,MIL0411567,x@x.com,9999123456,9999123451,9999123452,1,1
MP00006765,MP00006765,2023-09-07,13:58:27,PL001,MIL0071027,x@x.com,9999123456,9999123451,9999123452,1,1
MP00006766,MP00006766,2023-09-07,13:58:27,PL001,MIL0195844,x@x.com,9999123456,9999123451,9999123452,1,1
MP00006767,MP00006767,2023-09-07,13:58:27,PL006,MIL0302924,x@x.com,9999123456,9999123451,9999123452,1,1
MP00006768,MP00006768,2023-09-07,13:58:27,PL011,MIL0560423,x@x.com,9999123456,9999123451,9999123452,1,1
MP00006769,MP00006769,2023-09-07,13:58:27,PL003,MIL0503039,x@x.com,9999123456,9999123451,9999123452,1,1
MP00006770,MP00006770,2023-09-07,13:58:27,PL001,MIL0056379,x@x.com,9999123456,9999123451,9999123452,1,1
MP00006771,MP00006771,2023-09-07,13:58:27,PL009,MIL0298736,x@x.com,9999123456,9999123451,9999123452,1,1
MP00006772,MP00006772,2023-09-07,13:58:27,PL004,MIL0258343,x@x.com,9999123456,9999123451,9999123452,1,1
MP00006773,MP00006773,2023-09-07,13:58:27,PL013,MIL0439574,x@x.com,9999123456,9999123451,9999123452,1,1
MP00006774,MP00006774,2023-09-07,13:58:27,PL009,MIL0366377,x@x.com,9999123456,9999123451,9999123452,1,1
MP00006775,MP00006775,2023-09-07,13:58:27,PL013,MIL0550830,x@x.com,9999123456,9999123451,9999123452,1,1
MP00006776,MP00006776,2023-09-07,13:58:27,PL003,MIL0217505,x@x.com,9999123456,9999123451,9999123452,1,1
MP00006777,MP00006777,2023-09-07,13:58:27,PL002,MIL0570978,x@x.com,9999123456,9999123451,9999123452,1,1
MP00006778,MP00006778,2023-09-07,13:58:27,PL010,MIL0385910,x@x.com,9999123456,9999123451,9999123452,1,1
MP00006779,MP00006779,2023-09-07,13:58:27,PL002,MIL0258842,x@x.com,9999123456,9999123451,9999123452,1,1
MP00006780,MP00006780,2023-09-07,13:58:27,PL013,MIL0162877,x@x.com,9999123456,9999123451,9999123452,1,1
MP00006781,MP00006781,2023-09-07,13:58:27,PL001,MIL0018589,x@x.com,9999123456,9999123451,9999123452,1,1
MP00006782,MP00006782,2023-09-07,13:58:27,PL007,MIL0454024,x@x.com,9999123456,9999123451,9999123452,1,1
MP00006783,MP00006783,2023-09-07,13:58:27,PL006,MIL0297626,x@x.com,9999123456,9999123451,9999123452,1,1
MP00006784,MP00006784,2023-09-07,13:58:27,PL011,MIL0274641,x@x.com,9999123456,9999123451,9999123452,1,1
MP00006785,MP00006785,2023-09-07,13:58:27,PL008,MIL0108514,x@x.com,9999123456,9999123451,9999123452,1,1
MP00006786,MP00006786,2023-09-07,13:58:27,PL005,MIL0014223,x@x.com,9999123456,9999123451,9999123452,1,1
MP00006787,MP00006787,2023-09-07,13:58:27,PL013,MIL0573660,x@x.com,9999123456,9999123451,9999123452,1,1
MP00006788,MP00006788,2023-09-07,13:58:27,PL011,MIL0040650,x@x.com,9999123456,9999123451,9999123452,1,1
MP00006789,MP00006789,2023-09-07,13:58:27,PL005,MIL0284825,x@x.com,9999123456,9999123451,9999123452,1,1
MP00006790,MP00006790,2023-09-07,13:58:27,PL003,MIL0188203,x@x.com,9999123456,9999123451,9999123452,1,1
MP00006791,MP00006791,2023-09-07,13:58:27,PL011,MIL0054419,x@x.com,9999123456,9999123451,9999123452,1,1
MP00006792,MP00006792,2023-09-07,13:58:27,PL009,MIL0176320,x@x.com,9999123456,9999123451,9999123452,1,1
MP00006793,MP00006793,2023-09-07,13:58:27,PL009,MIL0121273,x@x.com,9999123456,9999123451,9999123452,1,1
MP00006794,MP00006794,2023-09-07,13:58:27,PL009,MIL0553253,x@x.com,9999123456,9999123451,9999123452,1,1
MP00006795,MP00006795,2023-09-07,13:58:27,PL011,MIL0000592,x@x.com,9999123456,9999123451,9999123452,1,1
MP00006796,MP00006796,2023-09-07,13:58:27,PL008,MIL0052063,x@x.com,9999123456,9999123451,9999123452,1,1
MP00006797,MP00006797,2023-09-07,13:58:27,PL007,MIL0099381,x@x.com,9999123456,9999123451,9999123452,1,1
MP00006798,MP00006798,2023-09-07,13:58:27,PL009,MIL0403562,x@x.com,9999123456,9999123451,9999123452,1,1
MP00006799,MP00006799,2023-09-07,13:58:27,PL005,MIL0130697,x@x.com,9999123456,9999123451,9999123452,1,1
MP00006800,MP00006800,2023-09-07,13:58:27,PL008,MIL0551549,x@x.com,9999123456,9999123451,9999123452,1,1
MP00006801,MP00006801,2023-09-07,13:58:27,PL011,MIL0239605,x@x.com,9999123456,9999123451,9999123452,1,1
MP00006802,MP00006802,2023-09-07,13:58:27,PL012,MIL0557229,x@x.com,9999123456,9999123451,9999123452,1,1
MP00006803,MP00006803,2023-09-07,13:58:27,PL002,MIL0102705,x@x.com,9999123456,9999123451,9999123452,1,1
MP00006804,MP00006804,2023-09-07,13:58:27,PL002,MIL0089457,x@x.com,9999123456,9999123451,9999123452,1,1
MP00006805,MP00006805,2023-09-07,13:58:27,PL012,MIL0202218,x@x.com,9999123456,9999123451,9999123452,1,1
MP00006806,MP00006806,2023-09-07,13:58:27,PL010,MIL0038834,x@x.com,9999123456,9999123451,9999123452,1,1
MP00006807,MP00006807,2023-09-07,13:58:27,PL006,MIL0146818,x@x.com,9999123456,9999123451,9999123452,1,1
MP00006808,MP00006808,2023-09-07,13:58:27,PL003,MIL0048890,x@x.com,9999123456,9999123451,9999123452,1,1
MP00006809,MP00006809,2023-09-07,13:58:27,PL004,MIL0146661,x@x.com,9999123456,9999123451,9999123452,1,1
MP00006810,MP00006810,2023-09-07,13:58:27,PL006,MIL0451305,x@x.com,9999123456,9999123451,9999123452,1,1
MP00006811,MP00006811,2023-09-07,13:58:27,PL009,MIL0464436,x@x.com,9999123456,9999123451,9999123452,1,1
MP00006812,MP00006812,2023-09-07,13:58:27,PL005,MIL0019023,x@x.com,9999123456,9999123451,9999123452,1,1
MP00006813,MP00006813,2023-09-07,13:58:27,PL008,MIL0140597,x@x.com,9999123456,9999123451,9999123452,1,1
MP00006814,MP00006814,2023-09-07,13:58:27,PL004,MIL0297790,x@x.com,9999123456,9999123451,9999123452,1,1
MP00006815,MP00006815,2023-09-07,13:58:27,PL004,MIL0412247,x@x.com,9999123456,9999123451,9999123452,1,1
MP00006816,MP00006816,2023-09-07,13:58:27,PL004,MIL0526429,x@x.com,9999123456,9999123451,9999123452,1,1
MP00006817,MP00006817,2023-09-07,13:58:27,PL001,MIL0033376,x@x.com,9999123456,9999123451,9999123452,1,1
MP00006818,MP00006818,2023-09-07,13:58:27,PL010,MIL0103786,x@x.com,9999123456,9999123451,9999123452,1,1
MP00006819,MP00006819,2023-09-07,13:58:27,PL011,MIL0501857,x@x.com,9999123456,9999123451,9999123452,1,1
MP00006820,MP00006820,2023-09-07,13:58:27,PL007,MIL0074039,x@x.com,9999123456,9999123451,9999123452,1,1
MP00006821,MP00006821,2023-09-07,13:58:27,PL008,MIL0037721,x@x.com,9999123456,9999123451,9999123452,1,1
MP00006822,MP00006822,2023-09-07,13:58:27,PL009,MIL0074815,x@x.com,9999123456,9999123451,9999123452,1,1
MP00006823,MP00006823,2023-09-07,13:58:27,PL008,MIL0119441,x@x.com,9999123456,9999123451,9999123452,1,1
MP00006824,MP00006824,2023-09-07,13:58:27,PL010,MIL0076936,x@x.com,9999123456,9999123451,9999123452,1,1
MP00006825,MP00006825,2023-09-07,13:58:27,PL010,MIL0138134,x@x.com,9999123456,9999123451,9999123452,1,1
MP00006826,MP00006826,2023-09-07,13:58:27,PL002,MIL0537823,x@x.com,9999123456,9999123451,9999123452,1,1
MP00006827,MP00006827,2023-09-07,13:58:27,PL004,MIL0294362,x@x.com,9999123456,9999123451,9999123452,1,1
MP00006828,MP00006828,2023-09-07,13:58:27,PL008,MIL0412631,x@x.com,9999123456,9999123451,9999123452,1,1
MP00006829,MP00006829,2023-09-07,13:58:27,PL003,MIL0103573,x@x.com,9999123456,9999123451,9999123452,1,1
MP00006830,MP00006830,2023-09-07,13:58:27,PL011,MIL0529144,x@x.com,9999123456,9999123451,9999123452,1,1
MP00006831,MP00006831,2023-09-07,13:58:27,PL002,MIL0265109,x@x.com,9999123456,9999123451,9999123452,1,1
MP00006832,MP00006832,2023-09-07,13:58:27,PL007,MIL0343533,x@x.com,9999123456,9999123451,9999123452,1,1
MP00006833,MP00006833,2023-09-07,13:58:27,PL001,MIL0050816,x@x.com,9999123456,9999123451,9999123452,1,1
MP00006834,MP00006834,2023-09-07,13:58:27,PL008,MIL0063946,x@x.com,9999123456,9999123451,9999123452,1,1
MP00006835,MP00006835,2023-09-07,13:58:27,PL006,MIL0444363,x@x.com,9999123456,9999123451,9999123452,1,1
MP00006836,MP00006836,2023-09-07,13:58:27,PL003,MIL0440814,x@x.com,9999123456,9999123451,9999123452,1,1
MP00006837,MP00006837,2023-09-07,13:58:27,PL005,MIL0261759,x@x.com,9999123456,9999123451,9999123452,1,1
MP00006838,MP00006838,2023-09-07,13:58:27,PL008,MIL0420720,x@x.com,9999123456,9999123451,9999123452,1,1
MP00006839,MP00006839,2023-09-07,13:58:27,PL004,MIL0451876,x@x.com,9999123456,9999123451,9999123452,1,1
MP00006840,MP00006840,2023-09-07,13:58:27,PL012,MIL0241741,x@x.com,9999123456,9999123451,9999123452,1,1
MP00006841,MP00006841,2023-09-07,13:58:27,PL003,MIL0479891,x@x.com,9999123456,9999123451,9999123452,1,1
MP00006842,MP00006842,2023-09-07,13:58:27,PL011,MIL0505403,x@x.com,9999123456,9999123451,9999123452,1,1
MP00006843,MP00006843,2023-09-07,13:58:27,PL009,MIL0004802,x@x.com,9999123456,9999123451,9999123452,1,1
MP00006844,MP00006844,2023-09-07,13:58:27,PL011,MIL0000875,x@x.com,9999123456,9999123451,9999123452,1,1
MP00006845,MP00006845,2023-09-07,13:58:27,PL003,MIL0580646,x@x.com,9999123456,9999123451,9999123452,1,1
MP00006846,MP00006846,2023-09-07,13:58:27,PL001,MIL0227617,x@x.com,9999123456,9999123451,9999123452,1,1
MP00006847,MP00006847,2023-09-07,13:58:27,PL007,MIL0031281,x@x.com,9999123456,9999123451,9999123452,1,1
MP00006848,MP00006848,2023-09-07,13:58:27,PL012,MIL0140435,x@x.com,9999123456,9999123451,9999123452,1,1
MP00006849,MP00006849,2023-09-07,13:58:27,PL001,MIL0130234,x@x.com,9999123456,9999123451,9999123452,1,1
MP00006850,MP00006850,2023-09-07,13:58:27,PL012,MIL0502800,x@x.com,9999123456,9999123451,9999123452,1,1
MP00006851,MP00006851,2023-09-07,13:58:27,PL001,MIL0142286,x@x.com,9999123456,9999123451,9999123452,1,1
MP00006852,MP00006852,2023-09-07,13:58:27,PL013,MIL0149908,x@x.com,9999123456,9999123451,9999123452,1,1
MP00006853,MP00006853,2023-09-07,13:58:27,PL008,MIL0259325,x@x.com,9999123456,9999123451,9999123452,1,1
MP00006854,MP00006854,2023-09-07,13:58:27,PL013,MIL0377270,x@x.com,9999123456,9999123451,9999123452,1,1
MP00006855,MP00006855,2023-09-07,13:58:27,PL008,MIL0350636,x@x.com,9999123456,9999123451,9999123452,1,1
MP00006856,MP00006856,2023-09-07,13:58:27,PL013,MIL0008625,x@x.com,9999123456,9999123451,9999123452,1,1
MP00006857,MP00006857,2023-09-07,13:58:27,PL008,MIL0485642,x@x.com,9999123456,9999123451,9999123452,1,1
MP00006858,MP00006858,2023-09-07,13:58:27,PL003,MIL0420393,x@x.com,9999123456,9999123451,9999123452,1,1
MP00006859,MP00006859,2023-09-07,13:58:27,PL008,MIL0046950,x@x.com,9999123456,9999123451,9999123452,1,1
MP00006860,MP00006860,2023-09-07,13:58:27,PL011,MIL0265569,x@x.com,9999123456,9999123451,9999123452,1,1
MP00006861,MP00006861,2023-09-07,13:58:27,PL012,MIL0436154,x@x.com,9999123456,9999123451,9999123452,1,1
MP00006862,MP00006862,2023-09-07,13:58:27,PL011,MIL0234590,x@x.com,9999123456,9999123451,9999123452,1,1
MP00006863,MP00006863,2023-09-07,13:58:27,PL013,MIL0219525,x@x.com,9999123456,9999123451,9999123452,1,1
MP00006864,MP00006864,2023-09-07,13:58:27,PL010,MIL0230859,x@x.com,9999123456,9999123451,9999123452,1,1
MP00006865,MP00006865,2023-09-07,13:58:27,PL010,MIL0493278,x@x.com,9999123456,9999123451,9999123452,1,1
MP00006866,MP00006866,2023-09-07,13:58:27,PL011,MIL0494443,x@x.com,9999123456,9999123451,9999123452,1,1
MP00006867,MP00006867,2023-09-07,13:58:27,PL003,MIL0444556,x@x.com,9999123456,9999123451,9999123452,1,1
MP00006868,MP00006868,2023-09-07,13:58:27,PL002,MIL0392365,x@x.com,9999123456,9999123451,9999123452,1,1
MP00006869,MP00006869,2023-09-07,13:58:27,PL005,MIL0131532,x@x.com,9999123456,9999123451,9999123452,1,1
MP00006870,MP00006870,2023-09-07,13:58:27,PL007,MIL0387779,x@x.com,9999123456,9999123451,9999123452,1,1
MP00006871,MP00006871,2023-09-07,13:58:27,PL004,MIL0168086,x@x.com,9999123456,9999123451,9999123452,1,1
MP00006872,MP00006872,2023-09-07,13:58:27,PL009,MIL0159795,x@x.com,9999123456,9999123451,9999123452,1,1
MP00006873,MP00006873,2023-09-07,13:58:27,PL013,MIL0408823,x@x.com,9999123456,9999123451,9999123452,1,1
MP00006874,MP00006874,2023-09-07,13:58:27,PL008,MIL0253974,x@x.com,9999123456,9999123451,9999123452,1,1
MP00006875,MP00006875,2023-09-07,13:58:27,PL005,MIL0002144,x@x.com,9999123456,9999123451,9999123452,1,1
MP00006876,MP00006876,2023-09-07,13:58:27,PL004,MIL0009601,x@x.com,9999123456,9999123451,9999123452,1,1
MP00006877,MP00006877,2023-09-07,13:58:27,PL003,MIL0553623,x@x.com,9999123456,9999123451,9999123452,1,1
MP00006878,MP00006878,2023-09-07,13:58:27,PL011,MIL0523971,x@x.com,9999123456,9999123451,9999123452,1,1
MP00006879,MP00006879,2023-09-07,13:58:27,PL007,MIL0017430,x@x.com,9999123456,9999123451,9999123452,1,1
MP00006880,MP00006880,2023-09-07,13:58:27,PL002,MIL0108734,x@x.com,9999123456,9999123451,9999123452,1,1
MP00006881,MP00006881,2023-09-07,13:58:27,PL007,MIL0447689,x@x.com,9999123456,9999123451,9999123452,1,1
MP00006882,MP00006882,2023-09-07,13:58:27,PL006,MIL0550377,x@x.com,9999123456,9999123451,9999123452,1,1
MP00006883,MP00006883,2023-09-07,13:58:27,PL002,MIL0060678,x@x.com,9999123456,9999123451,9999123452,1,1
MP00006884,MP00006884,2023-09-07,13:58:27,PL010,MIL0010975,x@x.com,9999123456,9999123451,9999123452,1,1
MP00006885,MP00006885,2023-09-07,13:58:27,PL010,MIL0459184,x@x.com,9999123456,9999123451,9999123452,1,1
MP00006886,MP00006886,2023-09-07,13:58:27,PL008,MIL0529130,x@x.com,9999123456,9999123451,9999123452,1,1
MP00006887,MP00006887,2023-09-07,13:58:27,PL002,MIL0406302,x@x.com,9999123456,9999123451,9999123452,1,1
MP00006888,MP00006888,2023-09-07,13:58:27,PL013,MIL0246306,x@x.com,9999123456,9999123451,9999123452,1,1
MP00006889,MP00006889,2023-09-07,13:58:27,PL007,MIL0121010,x@x.com,9999123456,9999123451,9999123452,1,1
MP00006890,MP00006890,2023-09-07,13:58:27,PL001,MIL0250339,x@x.com,9999123456,9999123451,9999123452,1,1
MP00006891,MP00006891,2023-09-07,13:58:27,PL013,MIL0056431,x@x.com,9999123456,9999123451,9999123452,1,1
MP00006892,MP00006892,2023-09-07,13:58:27,PL007,MIL0111123,x@x.com,9999123456,9999123451,9999123452,1,1
MP00006893,MP00006893,2023-09-07,13:58:27,PL012,MIL0182771,x@x.com,9999123456,9999123451,9999123452,1,1
MP00006894,MP00006894,2023-09-07,13:58:27,PL011,MIL0043839,x@x.com,9999123456,9999123451,9999123452,1,1
MP00006895,MP00006895,2023-09-07,13:58:27,PL011,MIL0200212,x@x.com,9999123456,9999123451,9999123452,1,1
MP00006896,MP00006896,2023-09-07,13:58:27,PL011,MIL0439464,x@x.com,9999123456,9999123451,9999123452,1,1
MP00006897,MP00006897,2023-09-07,13:58:27,PL007,MIL0226587,x@x.com,9999123456,9999123451,9999123452,1,1
MP00006898,MP00006898,2023-09-07,13:58:27,PL010,MIL0575125,x@x.com,9999123456,9999123451,9999123452,1,1
MP00006899,MP00006899,2023-09-07,13:58:27,PL001,MIL0569069,x@x.com,9999123456,9999123451,9999123452,1,1
MP00006900,MP00006900,2023-09-07,13:58:27,PL001,MIL0524747,x@x.com,9999123456,9999123451,9999123452,1,1
MP00006901,MP00006901,2023-09-07,13:58:27,PL002,MIL0487447,x@x.com,9999123456,9999123451,9999123452,1,1
MP00006902,MP00006902,2023-09-07,13:58:27,PL001,MIL0130730,x@x.com,9999123456,9999123451,9999123452,1,1
MP00006903,MP00006903,2023-09-07,13:58:27,PL003,MIL0230341,x@x.com,9999123456,9999123451,9999123452,1,1
MP00006904,MP00006904,2023-09-07,13:58:27,PL013,MIL0472561,x@x.com,9999123456,9999123451,9999123452,1,1
MP00006905,MP00006905,2023-09-07,13:58:27,PL008,MIL0483631,x@x.com,9999123456,9999123451,9999123452,1,1
MP00006906,MP00006906,2023-09-07,13:58:27,PL008,MIL0268747,x@x.com,9999123456,9999123451,9999123452,1,1
MP00006907,MP00006907,2023-09-07,13:58:27,PL005,MIL0138217,x@x.com,9999123456,9999123451,9999123452,1,1
MP00006908,MP00006908,2023-09-07,13:58:27,PL009,MIL0345552,x@x.com,9999123456,9999123451,9999123452,1,1
MP00006909,MP00006909,2023-09-07,13:58:27,PL003,MIL0036972,x@x.com,9999123456,9999123451,9999123452,1,1
MP00006910,MP00006910,2023-09-07,13:58:27,PL001,MIL0467937,x@x.com,9999123456,9999123451,9999123452,1,1
MP00006911,MP00006911,2023-09-07,13:58:27,PL010,MIL0401708,x@x.com,9999123456,9999123451,9999123452,1,1
MP00006912,MP00006912,2023-09-07,13:58:27,PL013,MIL0035999,x@x.com,9999123456,9999123451,9999123452,1,1
MP00006913,MP00006913,2023-09-07,13:58:27,PL012,MIL0372089,x@x.com,9999123456,9999123451,9999123452,1,1
MP00006914,MP00006914,2023-09-07,13:58:27,PL003,MIL0172822,x@x.com,9999123456,9999123451,9999123452,1,1
MP00006915,MP00006915,2023-09-07,13:58:27,PL009,MIL0210243,x@x.com,9999123456,9999123451,9999123452,1,1
MP00006916,MP00006916,2023-09-07,13:58:27,PL008,MIL0553813,x@x.com,9999123456,9999123451,9999123452,1,1
MP00006917,MP00006917,2023-09-07,13:58:27,PL008,MIL0016378,x@x.com,9999123456,9999123451,9999123452,1,1
MP00006918,MP00006918,2023-09-07,13:58:27,PL003,MIL0021774,x@x.com,9999123456,9999123451,9999123452,1,1
MP00006919,MP00006919,2023-09-07,13:58:27,PL011,MIL0189842,x@x.com,9999123456,9999123451,9999123452,1,1
MP00006920,MP00006920,2023-09-07,13:58:27,PL011,MIL0046901,x@x.com,9999123456,9999123451,9999123452,1,1
MP00006921,MP00006921,2023-09-07,13:58:27,PL002,MIL0036002,x@x.com,9999123456,9999123451,9999123452,1,1
MP00006922,MP00006922,2023-09-07,13:58:27,PL008,MIL0275226,x@x.com,9999123456,9999123451,9999123452,1,1
MP00006923,MP00006923,2023-09-07,13:58:27,PL003,MIL0146274,x@x.com,9999123456,9999123451,9999123452,1,1
MP00006924,MP00006924,2023-09-07,13:58:27,PL004,MIL0067495,x@x.com,9999123456,9999123451,9999123452,1,1
MP00006925,MP00006925,2023-09-07,13:58:27,PL001,MIL0217812,x@x.com,9999123456,9999123451,9999123452,1,1
MP00006926,MP00006926,2023-09-07,13:58:27,PL011,MIL0224250,x@x.com,9999123456,9999123451,9999123452,1,1
MP00006927,MP00006927,2023-09-07,13:58:27,PL004,MIL0439510,x@x.com,9999123456,9999123451,9999123452,1,1
MP00006928,MP00006928,2023-09-07,13:58:27,PL004,MIL0444718,x@x.com,9999123456,9999123451,9999123452,1,1
MP00006929,MP00006929,2023-09-07,13:58:27,PL003,MIL0170709,x@x.com,9999123456,9999123451,9999123452,1,1
MP00006930,MP00006930,2023-09-07,13:58:27,PL006,MIL0394255,x@x.com,9999123456,9999123451,9999123452,1,1
MP00006931,MP00006931,2023-09-07,13:58:27,PL007,MIL0435021,x@x.com,9999123456,9999123451,9999123452,1,1
MP00006932,MP00006932,2023-09-07,13:58:27,PL012,MIL0150877,x@x.com,9999123456,9999123451,9999123452,1,1
MP00006933,MP00006933,2023-09-07,13:58:27,PL008,MIL0029930,x@x.com,9999123456,9999123451,9999123452,1,1
MP00006934,MP00006934,2023-09-07,13:58:27,PL006,MIL0153579,x@x.com,9999123456,9999123451,9999123452,1,1
MP00006935,MP00006935,2023-09-07,13:58:27,PL001,MIL0273478,x@x.com,9999123456,9999123451,9999123452,1,1
MP00006936,MP00006936,2023-09-07,13:58:27,PL006,MIL0302186,x@x.com,9999123456,9999123451,9999123452,1,1
MP00006937,MP00006937,2023-09-07,13:58:27,PL009,MIL0216608,x@x.com,9999123456,9999123451,9999123452,1,1
MP00006938,MP00006938,2023-09-07,13:58:27,PL011,MIL0169481,x@x.com,9999123456,9999123451,9999123452,1,1
MP00006939,MP00006939,2023-09-07,13:58:27,PL001,MIL0023064,x@x.com,9999123456,9999123451,9999123452,1,1
MP00006940,MP00006940,2023-09-07,13:58:27,PL002,MIL0373512,x@x.com,9999123456,9999123451,9999123452,1,1
MP00006941,MP00006941,2023-09-07,13:58:27,PL002,MIL0408093,x@x.com,9999123456,9999123451,9999123452,1,1
MP00006942,MP00006942,2023-09-07,13:58:27,PL010,MIL0291344,x@x.com,9999123456,9999123451,9999123452,1,1
MP00006943,MP00006943,2023-09-07,13:58:27,PL001,MIL0502143,x@x.com,9999123456,9999123451,9999123452,1,1
MP00006944,MP00006944,2023-09-07,13:58:27,PL010,MIL0009816,x@x.com,9999123456,9999123451,9999123452,1,1
MP00006945,MP00006945,2023-09-07,13:58:27,PL005,MIL0431555,x@x.com,9999123456,9999123451,9999123452,1,1
MP00006946,MP00006946,2023-09-07,13:58:27,PL002,MIL0114383,x@x.com,9999123456,9999123451,9999123452,1,1
MP00006947,MP00006947,2023-09-07,13:58:27,PL004,MIL0141282,x@x.com,9999123456,9999123451,9999123452,1,1
MP00006948,MP00006948,2023-09-07,13:58:27,PL002,MIL0223370,x@x.com,9999123456,9999123451,9999123452,1,1
MP00006949,MP00006949,2023-09-07,13:58:27,PL008,MIL0281604,x@x.com,9999123456,9999123451,9999123452,1,1
MP00006950,MP00006950,2023-09-07,13:58:27,PL009,MIL0087505,x@x.com,9999123456,9999123451,9999123452,1,1
MP00006951,MP00006951,2023-09-07,13:58:27,PL009,MIL0264886,x@x.com,9999123456,9999123451,9999123452,1,1
MP00006952,MP00006952,2023-09-07,13:58:27,PL007,MIL0282431,x@x.com,9999123456,9999123451,9999123452,1,1
MP00006953,MP00006953,2023-09-07,13:58:27,PL007,MIL0114721,x@x.com,9999123456,9999123451,9999123452,1,1
MP00006954,MP00006954,2023-09-07,13:58:27,PL011,MIL0468580,x@x.com,9999123456,9999123451,9999123452,1,1
MP00006955,MP00006955,2023-09-07,13:58:27,PL005,MIL0292902,x@x.com,9999123456,9999123451,9999123452,1,1
MP00006956,MP00006956,2023-09-07,13:58:27,PL001,MIL0238659,x@x.com,9999123456,9999123451,9999123452,1,1
MP00006957,MP00006957,2023-09-07,13:58:27,PL003,MIL0285037,x@x.com,9999123456,9999123451,9999123452,1,1
MP00006958,MP00006958,2023-09-07,13:58:27,PL005,MIL0386514,x@x.com,9999123456,9999123451,9999123452,1,1
MP00006959,MP00006959,2023-09-07,13:58:27,PL001,MIL0468621,x@x.com,9999123456,9999123451,9999123452,1,1
MP00006960,MP00006960,2023-09-07,13:58:27,PL013,MIL0133496,x@x.com,9999123456,9999123451,9999123452,1,1
MP00006961,MP00006961,2023-09-07,13:58:27,PL006,MIL0438532,x@x.com,9999123456,9999123451,9999123452,1,1
MP00006962,MP00006962,2023-09-07,13:58:27,PL007,MIL0568576,x@x.com,9999123456,9999123451,9999123452,1,1
MP00006963,MP00006963,2023-09-07,13:58:27,PL008,MIL0529189,x@x.com,9999123456,9999123451,9999123452,1,1
MP00006964,MP00006964,2023-09-07,13:58:27,PL002,MIL0440834,x@x.com,9999123456,9999123451,9999123452,1,1
MP00006965,MP00006965,2023-09-07,13:58:27,PL011,MIL0432932,x@x.com,9999123456,9999123451,9999123452,1,1
MP00006966,MP00006966,2023-09-07,13:58:27,PL013,MIL0156848,x@x.com,9999123456,9999123451,9999123452,1,1
MP00006967,MP00006967,2023-09-07,13:58:27,PL006,MIL0046935,x@x.com,9999123456,9999123451,9999123452,1,1
MP00006968,MP00006968,2023-09-07,13:58:27,PL003,MIL0179433,x@x.com,9999123456,9999123451,9999123452,1,1
MP00006969,MP00006969,2023-09-07,13:58:27,PL006,MIL0409721,x@x.com,9999123456,9999123451,9999123452,1,1
MP00006970,MP00006970,2023-09-07,13:58:27,PL009,MIL0382430,x@x.com,9999123456,9999123451,9999123452,1,1
MP00006971,MP00006971,2023-09-07,13:58:27,PL005,MIL0350237,x@x.com,9999123456,9999123451,9999123452,1,1
MP00006972,MP00006972,2023-09-07,13:58:27,PL010,MIL0095053,x@x.com,9999123456,9999123451,9999123452,1,1
MP00006973,MP00006973,2023-09-07,13:58:27,PL001,MIL0329163,x@x.com,9999123456,9999123451,9999123452,1,1
MP00006974,MP00006974,2023-09-07,13:58:27,PL006,MIL0119424,x@x.com,9999123456,9999123451,9999123452,1,1
MP00006975,MP00006975,2023-09-07,13:58:27,PL013,MIL0223767,x@x.com,9999123456,9999123451,9999123452,1,1
MP00006976,MP00006976,2023-09-07,13:58:27,PL011,MIL0472090,x@x.com,9999123456,9999123451,9999123452,1,1
MP00006977,MP00006977,2023-09-07,13:58:27,PL008,MIL0201440,x@x.com,9999123456,9999123451,9999123452,1,1
MP00006978,MP00006978,2023-09-07,13:58:27,PL003,MIL0139299,x@x.com,9999123456,9999123451,9999123452,1,1
MP00006979,MP00006979,2023-09-07,13:58:27,PL009,MIL0458604,x@x.com,9999123456,9999123451,9999123452,1,1
MP00006980,MP00006980,2023-09-07,13:58:27,PL002,MIL0113804,x@x.com,9999123456,9999123451,9999123452,1,1
MP00006981,MP00006981,2023-09-07,13:58:27,PL010,MIL0126272,x@x.com,9999123456,9999123451,9999123452,1,1
MP00006982,MP00006982,2023-09-07,13:58:27,PL005,MIL0487793,x@x.com,9999123456,9999123451,9999123452,1,1
MP00006983,MP00006983,2023-09-07,13:58:27,PL011,MIL0534291,x@x.com,9999123456,9999123451,9999123452,1,1
MP00006984,MP00006984,2023-09-07,13:58:27,PL011,MIL0463589,x@x.com,9999123456,9999123451,9999123452,1,1
MP00006985,MP00006985,2023-09-07,13:58:27,PL001,MIL0529363,x@x.com,9999123456,9999123451,9999123452,1,1
MP00006986,MP00006986,2023-09-07,13:58:27,PL012,MIL0405276,x@x.com,9999123456,9999123451,9999123452,1,1
MP00006987,MP00006987,2023-09-07,13:58:27,PL009,MIL0505843,x@x.com,9999123456,9999123451,9999123452,1,1
MP00006988,MP00006988,2023-09-07,13:58:27,PL002,MIL0241649,x@x.com,9999123456,9999123451,9999123452,1,1
MP00006989,MP00006989,2023-09-07,13:58:27,PL005,MIL0034884,x@x.com,9999123456,9999123451,9999123452,1,1
MP00006990,MP00006990,2023-09-07,13:58:27,PL006,MIL0174966,x@x.com,9999123456,9999123451,9999123452,1,1
MP00006991,MP00006991,2023-09-07,13:58:27,PL012,MIL0131232,x@x.com,9999123456,9999123451,9999123452,1,1
MP00006992,MP00006992,2023-09-07,13:58:27,PL013,MIL0410428,x@x.com,9999123456,9999123451,9999123452,1,1
MP00006993,MP00006993,2023-09-07,13:58:27,PL010,MIL0112937,x@x.com,9999123456,9999123451,9999123452,1,1
