clave,folio,fecha,hora,clave_partido_legado,clave_ciudadano,correo_electronico,whatsapp,telefono,celular,obseravaciones,status
clave,folio,fecha,hora,clave_partido_legado,clave_ciudadano,correo_electronico,whatsapp,telefono,celular,obseravaciones,status
MP00007993,MP00007993,2023-09-07,13:58:27,PL013,MIL0229890,x@x.com,9999123456,9999123451,9999123452,1,1
MP00007994,MP00007994,2023-09-07,13:58:27,PL004,MIL0328886,x@x.com,9999123456,9999123451,9999123452,1,1
MP00007995,MP00007995,2023-09-07,13:58:27,PL008,MIL0201869,x@x.com,9999123456,9999123451,9999123452,1,1
MP00007996,MP00007996,2023-09-07,13:58:27,PL004,MIL0566669,x@x.com,9999123456,9999123451,9999123452,1,1
MP00007997,MP00007997,2023-09-07,13:58:27,PL006,MIL0009332,x@x.com,9999123456,9999123451,9999123452,1,1
MP00007998,MP00007998,2023-09-07,13:58:27,PL002,MIL0171975,x@x.com,9999123456,9999123451,9999123452,1,1
MP00007999,MP00007999,2023-09-07,13:58:27,PL004,MIL0362556,x@x.com,9999123456,9999123451,9999123452,1,1
MP00008000,MP00008000,2023-09-07,13:58:27,PL002,MIL0352492,x@x.com,9999123456,9999123451,9999123452,1,1
MP00008001,MP00008001,2023-09-07,13:58:27,PL010,MIL0234743,x@x.com,9999123456,9999123451,9999123452,1,1
MP00008002,MP00008002,2023-09-07,13:58:27,PL004,MIL0489914,x@x.com,9999123456,9999123451,9999123452,1,1
MP00008003,MP00008003,2023-09-07,13:58:27,PL010,MIL0262323,x@x.com,9999123456,9999123451,9999123452,1,1
MP00008004,MP00008004,2023-09-07,13:58:27,PL008,MIL0323286,x@x.com,9999123456,9999123451,9999123452,1,1
MP00008005,MP00008005,2023-09-07,13:58:27,PL011,MIL0185868,x@x.com,9999123456,9999123451,9999123452,1,1
MP00008006,MP00008006,2023-09-07,13:58:27,PL002,MIL0390108,x@x.com,9999123456,9999123451,9999123452,1,1
MP00008007,MP00008007,2023-09-07,13:58:27,PL008,MIL0434917,x@x.com,9999123456,9999123451,9999123452,1,1
MP00008008,MP00008008,2023-09-07,13:58:27,PL003,MIL0500900,x@x.com,9999123456,9999123451,9999123452,1,1
MP00008009,MP00008009,2023-09-07,13:58:27,PL013,MIL0195210,x@x.com,9999123456,9999123451,9999123452,1,1
MP00008010,MP00008010,2023-09-07,13:58:27,PL009,MIL0250810,x@x.com,9999123456,9999123451,9999123452,1,1
MP00008011,MP00008011,2023-09-07,13:58:27,PL011,MIL0455843,x@x.com,9999123456,9999123451,9999123452,1,1
MP00008012,MP00008012,2023-09-07,13:58:27,PL010,MIL0531327,x@x.com,9999123456,9999123451,9999123452,1,1
MP00008013,MP00008013,2023-09-07,13:58:27,PL008,MIL0534225,x@x.com,9999123456,9999123451,9999123452,1,1
MP00008014,MP00008014,2023-09-07,13:58:27,PL013,MIL0282152,x@x.com,9999123456,9999123451,9999123452,1,1
MP00008015,MP00008015,2023-09-07,13:58:27,PL008,MIL0019134,x@x.com,9999123456,9999123451,9999123452,1,1
MP00008016,MP00008016,2023-09-07,13:58:27,PL012,MIL0304250,x@x.com,9999123456,9999123451,9999123452,1,1
MP00008017,MP00008017,2023-09-07,13:58:27,PL005,MIL0519081,x@x.com,9999123456,9999123451,9999123452,1,1
MP00008018,MP00008018,2023-09-07,13:58:27,PL013,MIL0325503,x@x.com,9999123456,9999123451,9999123452,1,1
MP00008019,MP00008019,2023-09-07,13:58:27,PL004,MIL0270796,x@x.com,9999123456,9999123451,9999123452,1,1
MP00008020,MP00008020,2023-09-07,13:58:27,PL013,MIL0111310,x@x.com,9999123456,9999123451,9999123452,1,1
MP00008021,MP00008021,2023-09-07,13:58:27,PL003,MIL0427985,x@x.com,9999123456,9999123451,9999123452,1,1
MP00008022,MP00008022,2023-09-07,13:58:27,PL010,MIL0357313,x@x.com,9999123456,9999123451,9999123452,1,1
MP00008023,MP00008023,2023-09-07,13:58:27,PL005,MIL0129063,x@x.com,9999123456,9999123451,9999123452,1,1
MP00008024,MP00008024,2023-09-07,13:58:27,PL012,MIL0578834,x@x.com,9999123456,9999123451,9999123452,1,1
MP00008025,MP00008025,2023-09-07,13:58:27,PL013,MIL0171646,x@x.com,9999123456,9999123451,9999123452,1,1
MP00008026,MP00008026,2023-09-07,13:58:27,PL001,MIL0212344,x@x.com,9999123456,9999123451,9999123452,1,1
MP00008027,MP00008027,2023-09-07,13:58:27,PL005,MIL0126258,x@x.com,9999123456,9999123451,9999123452,1,1
MP00008028,MP00008028,2023-09-07,13:58:27,PL013,MIL0384896,x@x.com,9999123456,9999123451,9999123452,1,1
MP00008029,MP00008029,2023-09-07,13:58:27,PL013,MIL0562891,x@x.com,9999123456,9999123451,9999123452,1,1
MP00008030,MP00008030,2023-09-07,13:58:27,PL011,MIL0531708,x@x.com,9999123456,9999123451,9999123452,1,1
MP00008031,MP00008031,2023-09-07,13:58:27,PL005,MIL0053512,x@x.com,9999123456,9999123451,9999123452,1,1
MP00008032,MP00008032,2023-09-07,13:58:27,PL013,MIL0354017,x@x.com,9999123456,9999123451,9999123452,1,1
MP00008033,MP00008033,2023-09-07,13:58:27,PL004,MIL0184330,x@x.com,9999123456,9999123451,9999123452,1,1
MP00008034,MP00008034,2023-09-07,13:58:27,PL013,MIL0575829,x@x.com,9999123456,9999123451,9999123452,1,1
MP00008035,MP00008035,2023-09-07,13:58:27,PL010,MIL0418508,x@x.com,9999123456,9999123451,9999123452,1,1
MP00008036,MP00008036,2023-09-07,13:58:27,PL011,MIL0404569,x@x.com,9999123456,9999123451,9999123452,1,1
MP00008037,MP00008037,2023-09-07,13:58:27,PL002,MIL0196236,x@x.com,9999123456,9999123451,9999123452,1,1
MP00008038,MP00008038,2023-09-07,13:58:27,PL004,MIL0142682,x@x.com,9999123456,9999123451,9999123452,1,1
MP00008039,MP00008039,2023-09-07,13:58:27,PL001,MIL0024653,x@x.com,9999123456,9999123451,9999123452,1,1
MP00008040,MP00008040,2023-09-07,13:58:27,PL007,MIL0480653,x@x.com,9999123456,9999123451,9999123452,1,1
MP00008041,MP00008041,2023-09-07,13:58:27,PL009,MIL0353314,x@x.com,9999123456,9999123451,9999123452,1,1
MP00008042,MP00008042,2023-09-07,13:58:27,PL002,MIL0260254,x@x.com,9999123456,9999123451,9999123452,1,1
MP00008043,MP00008043,2023-09-07,13:58:27,PL013,MIL0534661,x@x.com,9999123456,9999123451,9999123452,1,1
MP00008044,MP00008044,2023-09-07,13:58:27,PL006,MIL0422253,x@x.com,9999123456,9999123451,9999123452,1,1
MP00008045,MP00008045,2023-09-07,13:58:27,PL003,MIL0529711,x@x.com,9999123456,9999123451,9999123452,1,1
MP00008046,MP00008046,2023-09-07,13:58:27,PL005,MIL0274776,x@x.com,9999123456,9999123451,9999123452,1,1
MP00008047,MP00008047,2023-09-07,13:58:27,PL013,MIL0551691,x@x.com,9999123456,9999123451,9999123452,1,1
MP00008048,MP00008048,2023-09-07,13:58:27,PL008,MIL0153676,x@x.com,9999123456,9999123451,9999123452,1,1
MP00008049,MP00008049,2023-09-07,13:58:27,PL003,MIL0559136,x@x.com,9999123456,9999123451,9999123452,1,1
MP00008050,MP00008050,2023-09-07,13:58:27,PL006,MIL0482129,x@x.com,9999123456,9999123451,9999123452,1,1
MP00008051,MP00008051,2023-09-07,13:58:27,PL007,MIL0341353,x@x.com,9999123456,9999123451,9999123452,1,1
MP00008052,MP00008052,2023-09-07,13:58:27,PL009,MIL0101113,x@x.com,9999123456,9999123451,9999123452,1,1
MP00008053,MP00008053,2023-09-07,13:58:27,PL001,MIL0247433,x@x.com,9999123456,9999123451,9999123452,1,1
MP00008054,MP00008054,2023-09-07,13:58:27,PL012,MIL0314798,x@x.com,9999123456,9999123451,9999123452,1,1
MP00008055,MP00008055,2023-09-07,13:58:27,PL007,MIL0251028,x@x.com,9999123456,9999123451,9999123452,1,1
MP00008056,MP00008056,2023-09-07,13:58:27,PL008,MIL0457813,x@x.com,9999123456,9999123451,9999123452,1,1
MP00008057,MP00008057,2023-09-07,13:58:27,PL006,MIL0122322,x@x.com,9999123456,9999123451,9999123452,1,1
MP00008058,MP00008058,2023-09-07,13:58:27,PL007,MIL0188759,x@x.com,9999123456,9999123451,9999123452,1,1
MP00008059,MP00008059,2023-09-07,13:58:27,PL012,MIL0133676,x@x.com,9999123456,9999123451,9999123452,1,1
MP00008060,MP00008060,2023-09-07,13:58:27,PL004,MIL0316913,x@x.com,9999123456,9999123451,9999123452,1,1
MP00008061,MP00008061,2023-09-07,13:58:27,PL010,MIL0260028,x@x.com,9999123456,9999123451,9999123452,1,1
MP00008062,MP00008062,2023-09-07,13:58:27,PL007,MIL0555885,x@x.com,9999123456,9999123451,9999123452,1,1
MP00008063,MP00008063,2023-09-07,13:58:27,PL009,MIL0009515,x@x.com,9999123456,9999123451,9999123452,1,1
MP00008064,MP00008064,2023-09-07,13:58:27,PL009,MIL0152211,x@x.com,9999123456,9999123451,9999123452,1,1
MP00008065,MP00008065,2023-09-07,13:58:27,PL009,MIL0563733,x@x.com,9999123456,9999123451,9999123452,1,1
MP00008066,MP00008066,2023-09-07,13:58:27,PL004,MIL0394091,x@x.com,9999123456,9999123451,9999123452,1,1
MP00008067,MP00008067,2023-09-07,13:58:27,PL009,MIL0348223,x@x.com,9999123456,9999123451,9999123452,1,1
MP00008068,MP00008068,2023-09-07,13:58:27,PL003,MIL0452070,x@x.com,9999123456,9999123451,9999123452,1,1
MP00008069,MP00008069,2023-09-07,13:58:27,PL012,MIL0541375,x@x.com,9999123456,9999123451,9999123452,1,1
MP00008070,MP00008070,2023-09-07,13:58:27,PL009,MIL0419805,x@x.com,9999123456,9999123451,9999123452,1,1
MP00008071,MP00008071,2023-09-07,13:58:27,PL009,MIL0112423,x@x.com,9999123456,9999123451,9999123452,1,1
MP00008072,MP00008072,2023-09-07,13:58:27,PL002,MIL0234004,x@x.com,9999123456,9999123451,9999123452,1,1
MP00008073,MP00008073,2023-09-07,13:58:27,PL010,MIL0477811,x@x.com,9999123456,9999123451,9999123452,1,1
MP00008074,MP00008074,2023-09-07,13:58:27,PL003,MIL0328193,x@x.com,9999123456,9999123451,9999123452,1,1
MP00008075,MP00008075,2023-09-07,13:58:27,PL001,MIL0554727,x@x.com,9999123456,9999123451,9999123452,1,1
MP00008076,MP00008076,2023-09-07,13:58:27,PL013,MIL0451017,x@x.com,9999123456,9999123451,9999123452,1,1
MP00008077,MP00008077,2023-09-07,13:58:27,PL002,MIL0273374,x@x.com,9999123456,9999123451,9999123452,1,1
MP00008078,MP00008078,2023-09-07,13:58:27,PL013,MIL0362914,x@x.com,9999123456,9999123451,9999123452,1,1
MP00008079,MP00008079,2023-09-07,13:58:27,PL007,MIL0345520,x@x.com,9999123456,9999123451,9999123452,1,1
MP00008080,MP00008080,2023-09-07,13:58:27,PL007,MIL0094556,x@x.com,9999123456,9999123451,9999123452,1,1
MP00008081,MP00008081,2023-09-07,13:58:27,PL003,MIL0549307,x@x.com,9999123456,9999123451,9999123452,1,1
MP00008082,MP00008082,2023-09-07,13:58:27,PL004,MIL0450748,x@x.com,9999123456,9999123451,9999123452,1,1
MP00008083,MP00008083,2023-09-07,13:58:27,PL010,MIL0531388,x@x.com,9999123456,9999123451,9999123452,1,1
MP00008084,MP00008084,2023-09-07,13:58:27,PL013,MIL0410073,x@x.com,9999123456,9999123451,9999123452,1,1
MP00008085,MP00008085,2023-09-07,13:58:27,PL010,MIL0563466,x@x.com,9999123456,9999123451,9999123452,1,1
MP00008086,MP00008086,2023-09-07,13:58:27,PL007,MIL0221929,x@x.com,9999123456,9999123451,9999123452,1,1
MP00008087,MP00008087,2023-09-07,13:58:27,PL010,MIL0556481,x@x.com,9999123456,9999123451,9999123452,1,1
MP00008088,MP00008088,2023-09-07,13:58:27,PL002,MIL0544190,x@x.com,9999123456,9999123451,9999123452,1,1
MP00008089,MP00008089,2023-09-07,13:58:27,PL010,MIL0179106,x@x.com,9999123456,9999123451,9999123452,1,1
MP00008090,MP00008090,2023-09-07,13:58:27,PL009,MIL0347735,x@x.com,9999123456,9999123451,9999123452,1,1
MP00008091,MP00008091,2023-09-07,13:58:27,PL001,MIL0581084,x@x.com,9999123456,9999123451,9999123452,1,1
MP00008092,MP00008092,2023-09-07,13:58:27,PL012,MIL0254676,x@x.com,9999123456,9999123451,9999123452,1,1
MP00008093,MP00008093,2023-09-07,13:58:27,PL013,MIL0437855,x@x.com,9999123456,9999123451,9999123452,1,1
MP00008094,MP00008094,2023-09-07,13:58:27,PL005,MIL0551253,x@x.com,9999123456,9999123451,9999123452,1,1
MP00008095,MP00008095,2023-09-07,13:58:27,PL007,MIL0205314,x@x.com,9999123456,9999123451,9999123452,1,1
MP00008096,MP00008096,2023-09-07,13:58:27,PL006,MIL0011899,x@x.com,9999123456,9999123451,9999123452,1,1
MP00008097,MP00008097,2023-09-07,13:58:27,PL011,MIL0082534,x@x.com,9999123456,9999123451,9999123452,1,1
MP00008098,MP00008098,2023-09-07,13:58:27,PL006,MIL0169110,x@x.com,9999123456,9999123451,9999123452,1,1
MP00008099,MP00008099,2023-09-07,13:58:27,PL010,MIL0209736,x@x.com,9999123456,9999123451,9999123452,1,1
MP00008100,MP00008100,2023-09-07,13:58:27,PL013,MIL0406726,x@x.com,9999123456,9999123451,9999123452,1,1
MP00008101,MP00008101,2023-09-07,13:58:27,PL005,MIL0124505,x@x.com,9999123456,9999123451,9999123452,1,1
MP00008102,MP00008102,2023-09-07,13:58:27,PL006,MIL0458903,x@x.com,9999123456,9999123451,9999123452,1,1
MP00008103,MP00008103,2023-09-07,13:58:27,PL001,MIL0217879,x@x.com,9999123456,9999123451,9999123452,1,1
MP00008104,MP00008104,2023-09-07,13:58:27,PL002,MIL0197518,x@x.com,9999123456,9999123451,9999123452,1,1
MP00008105,MP00008105,2023-09-07,13:58:27,PL011,MIL0473830,x@x.com,9999123456,9999123451,9999123452,1,1
MP00008106,MP00008106,2023-09-07,13:58:27,PL002,MIL0069585,x@x.com,9999123456,9999123451,9999123452,1,1
MP00008107,MP00008107,2023-09-07,13:58:27,PL005,MIL0464183,x@x.com,9999123456,9999123451,9999123452,1,1
MP00008108,MP00008108,2023-09-07,13:58:27,PL012,MIL0108211,x@x.com,9999123456,9999123451,9999123452,1,1
MP00008109,MP00008109,2023-09-07,13:58:27,PL003,MIL0488463,x@x.com,9999123456,9999123451,9999123452,1,1
MP00008110,MP00008110,2023-09-07,13:58:27,PL011,MIL0209119,x@x.com,9999123456,9999123451,9999123452,1,1
MP00008111,MP00008111,2023-09-07,13:58:27,PL003,MIL0063704,x@x.com,9999123456,9999123451,9999123452,1,1
MP00008112,MP00008112,2023-09-07,13:58:27,PL009,MIL0095235,x@x.com,9999123456,9999123451,9999123452,1,1
MP00008113,MP00008113,2023-09-07,13:58:27,PL013,MIL0480261,x@x.com,9999123456,9999123451,9999123452,1,1
MP00008114,MP00008114,2023-09-07,13:58:27,PL012,MIL0331156,x@x.com,9999123456,9999123451,9999123452,1,1
MP00008115,MP00008115,2023-09-07,13:58:27,PL006,MIL0208214,x@x.com,9999123456,9999123451,9999123452,1,1
MP00008116,MP00008116,2023-09-07,13:58:27,PL002,MIL0366836,x@x.com,9999123456,9999123451,9999123452,1,1
MP00008117,MP00008117,2023-09-07,13:58:27,PL008,MIL0183952,x@x.com,9999123456,9999123451,9999123452,1,1
MP00008118,MP00008118,2023-09-07,13:58:27,PL013,MIL0270886,x@x.com,9999123456,9999123451,9999123452,1,1
MP00008119,MP00008119,2023-09-07,13:58:27,PL004,MIL0050465,x@x.com,9999123456,9999123451,9999123452,1,1
MP00008120,MP00008120,2023-09-07,13:58:27,PL001,MIL0530325,x@x.com,9999123456,9999123451,9999123452,1,1
MP00008121,MP00008121,2023-09-07,13:58:27,PL003,MIL0262281,x@x.com,9999123456,9999123451,9999123452,1,1
MP00008122,MP00008122,2023-09-07,13:58:27,PL012,MIL0327960,x@x.com,9999123456,9999123451,9999123452,1,1
MP00008123,MP00008123,2023-09-07,13:58:27,PL008,MIL0093531,x@x.com,9999123456,9999123451,9999123452,1,1
MP00008124,MP00008124,2023-09-07,13:58:27,PL002,MIL0156267,x@x.com,9999123456,9999123451,9999123452,1,1
MP00008125,MP00008125,2023-09-07,13:58:27,PL009,MIL0407824,x@x.com,9999123456,9999123451,9999123452,1,1
MP00008126,MP00008126,2023-09-07,13:58:27,PL007,MIL0055117,x@x.com,9999123456,9999123451,9999123452,1,1
MP00008127,MP00008127,2023-09-07,13:58:27,PL007,MIL0182252,x@x.com,9999123456,9999123451,9999123452,1,1
MP00008128,MP00008128,2023-09-07,13:58:27,PL011,MIL0468071,x@x.com,9999123456,9999123451,9999123452,1,1
MP00008129,MP00008129,2023-09-07,13:58:27,PL004,MIL0220166,x@x.com,9999123456,9999123451,9999123452,1,1
MP00008130,MP00008130,2023-09-07,13:58:27,PL013,MIL0026285,x@x.com,9999123456,9999123451,9999123452,1,1
MP00008131,MP00008131,2023-09-07,13:58:27,PL005,MIL0153204,x@x.com,9999123456,9999123451,9999123452,1,1
MP00008132,MP00008132,2023-09-07,13:58:27,PL010,MIL0190068,x@x.com,9999123456,9999123451,9999123452,1,1
MP00008133,MP00008133,2023-09-07,13:58:27,PL012,MIL0387606,x@x.com,9999123456,9999123451,9999123452,1,1
MP00008134,MP00008134,2023-09-07,13:58:27,PL009,MIL0214678,x@x.com,9999123456,9999123451,9999123452,1,1
MP00008135,MP00008135,2023-09-07,13:58:27,PL013,MIL0498211,x@x.com,9999123456,9999123451,9999123452,1,1
MP00008136,MP00008136,2023-09-07,13:58:27,PL005,MIL0129255,x@x.com,9999123456,9999123451,9999123452,1,1
MP00008137,MP00008137,2023-09-07,13:58:27,PL003,MIL0532530,x@x.com,9999123456,9999123451,9999123452,1,1
MP00008138,MP00008138,2023-09-07,13:58:27,PL013,MIL0496980,x@x.com,9999123456,9999123451,9999123452,1,1
MP00008139,MP00008139,2023-09-07,13:58:27,PL006,MIL0152905,x@x.com,9999123456,9999123451,9999123452,1,1
MP00008140,MP00008140,2023-09-07,13:58:27,PL011,MIL0288239,x@x.com,9999123456,9999123451,9999123452,1,1
MP00008141,MP00008141,2023-09-07,13:58:27,PL012,MIL0255592,x@x.com,9999123456,9999123451,9999123452,1,1
MP00008142,MP00008142,2023-09-07,13:58:27,PL008,MIL0386994,x@x.com,9999123456,9999123451,9999123452,1,1
MP00008143,MP00008143,2023-09-07,13:58:27,PL005,MIL0451177,x@x.com,9999123456,9999123451,9999123452,1,1
MP00008144,MP00008144,2023-09-07,13:58:27,PL008,MIL0553471,x@x.com,9999123456,9999123451,9999123452,1,1
MP00008145,MP00008145,2023-09-07,13:58:27,PL006,MIL0052274,x@x.com,9999123456,9999123451,9999123452,1,1
MP00008146,MP00008146,2023-09-07,13:58:27,PL013,MIL0428819,x@x.com,9999123456,9999123451,9999123452,1,1
MP00008147,MP00008147,2023-09-07,13:58:27,PL004,MIL0459221,x@x.com,9999123456,9999123451,9999123452,1,1
MP00008148,MP00008148,2023-09-07,13:58:27,PL001,MIL0193274,x@x.com,9999123456,9999123451,9999123452,1,1
MP00008149,MP00008149,2023-09-07,13:58:27,PL003,MIL0520380,x@x.com,9999123456,9999123451,9999123452,1,1
MP00008150,MP00008150,2023-09-07,13:58:27,PL002,MIL0487677,x@x.com,9999123456,9999123451,9999123452,1,1
MP00008151,MP00008151,2023-09-07,13:58:27,PL006,MIL0555699,x@x.com,9999123456,9999123451,9999123452,1,1
MP00008152,MP00008152,2023-09-07,13:58:27,PL006,MIL0288843,x@x.com,9999123456,9999123451,9999123452,1,1
MP00008153,MP00008153,2023-09-07,13:58:27,PL013,MIL0070426,x@x.com,9999123456,9999123451,9999123452,1,1
MP00008154,MP00008154,2023-09-07,13:58:27,PL002,MIL0324675,x@x.com,9999123456,9999123451,9999123452,1,1
MP00008155,MP00008155,2023-09-07,13:58:27,PL006,MIL0193522,x@x.com,9999123456,9999123451,9999123452,1,1
MP00008156,MP00008156,2023-09-07,13:58:27,PL003,MIL0362134,x@x.com,9999123456,9999123451,9999123452,1,1
MP00008157,MP00008157,2023-09-07,13:58:27,PL006,MIL0368829,x@x.com,9999123456,9999123451,9999123452,1,1
MP00008158,MP00008158,2023-09-07,13:58:27,PL004,MIL0438279,x@x.com,9999123456,9999123451,9999123452,1,1
MP00008159,MP00008159,2023-09-07,13:58:27,PL008,MIL0545653,x@x.com,9999123456,9999123451,9999123452,1,1
MP00008160,MP00008160,2023-09-07,13:58:27,PL002,MIL0317908,x@x.com,9999123456,9999123451,9999123452,1,1
MP00008161,MP00008161,2023-09-07,13:58:27,PL001,MIL0214444,x@x.com,9999123456,9999123451,9999123452,1,1
MP00008162,MP00008162,2023-09-07,13:58:27,PL005,MIL0306130,x@x.com,9999123456,9999123451,9999123452,1,1
MP00008163,MP00008163,2023-09-07,13:58:27,PL004,MIL0352585,x@x.com,9999123456,9999123451,9999123452,1,1
MP00008164,MP00008164,2023-09-07,13:58:27,PL007,MIL0033226,x@x.com,9999123456,9999123451,9999123452,1,1
MP00008165,MP00008165,2023-09-07,13:58:27,PL006,MIL0256592,x@x.com,9999123456,9999123451,9999123452,1,1
MP00008166,MP00008166,2023-09-07,13:58:27,PL005,MIL0561487,x@x.com,9999123456,9999123451,9999123452,1,1
MP00008167,MP00008167,2023-09-07,13:58:27,PL002,MIL0264308,x@x.com,9999123456,9999123451,9999123452,1,1
MP00008168,MP00008168,2023-09-07,13:58:27,PL007,MIL0048296,x@x.com,9999123456,9999123451,9999123452,1,1
MP00008169,MP00008169,2023-09-07,13:58:27,PL004,MIL0535283,x@x.com,9999123456,9999123451,9999123452,1,1
MP00008170,MP00008170,2023-09-07,13:58:27,PL010,MIL0181501,x@x.com,9999123456,9999123451,9999123452,1,1
MP00008171,MP00008171,2023-09-07,13:58:27,PL004,MIL0579684,x@x.com,9999123456,9999123451,9999123452,1,1
MP00008172,MP00008172,2023-09-07,13:58:27,PL003,MIL0183223,x@x.com,9999123456,9999123451,9999123452,1,1
MP00008173,MP00008173,2023-09-07,13:58:27,PL013,MIL0222815,x@x.com,9999123456,9999123451,9999123452,1,1
MP00008174,MP00008174,2023-09-07,13:58:27,PL013,MIL0010584,x@x.com,9999123456,9999123451,9999123452,1,1
MP00008175,MP00008175,2023-09-07,13:58:27,PL002,MIL0099669,x@x.com,9999123456,9999123451,9999123452,1,1
MP00008176,MP00008176,2023-09-07,13:58:27,PL013,MIL0511006,x@x.com,9999123456,9999123451,9999123452,1,1
MP00008177,MP00008177,2023-09-07,13:58:27,PL012,MIL0476141,x@x.com,9999123456,9999123451,9999123452,1,1
MP00008178,MP00008178,2023-09-07,13:58:27,PL005,MIL0398369,x@x.com,9999123456,9999123451,9999123452,1,1
MP00008179,MP00008179,2023-09-07,13:58:27,PL009,MIL0542171,x@x.com,9999123456,9999123451,9999123452,1,1
MP00008180,MP00008180,2023-09-07,13:58:27,PL006,MIL0533044,x@x.com,9999123456,9999123451,9999123452,1,1
MP00008181,MP00008181,2023-09-07,13:58:27,PL012,MIL0443772,x@x.com,9999123456,9999123451,9999123452,1,1
MP00008182,MP00008182,2023-09-07,13:58:27,PL010,MIL0490149,x@x.com,9999123456,9999123451,9999123452,1,1
MP00008183,MP00008183,2023-09-07,13:58:27,PL003,MIL0144970,x@x.com,9999123456,9999123451,9999123452,1,1
MP00008184,MP00008184,2023-09-07,13:58:27,PL007,MIL0409731,x@x.com,9999123456,9999123451,9999123452,1,1
MP00008185,MP00008185,2023-09-07,13:58:27,PL009,MIL0340334,x@x.com,9999123456,9999123451,9999123452,1,1
MP00008186,MP00008186,2023-09-07,13:58:27,PL006,MIL0339017,x@x.com,9999123456,9999123451,9999123452,1,1
MP00008187,MP00008187,2023-09-07,13:58:27,PL001,MIL0513149,x@x.com,9999123456,9999123451,9999123452,1,1
MP00008188,MP00008188,2023-09-07,13:58:27,PL008,MIL0341410,x@x.com,9999123456,9999123451,9999123452,1,1
MP00008189,MP00008189,2023-09-07,13:58:27,PL009,MIL0491003,x@x.com,9999123456,9999123451,9999123452,1,1
MP00008190,MP00008190,2023-09-07,13:58:27,PL006,MIL0471568,x@x.com,9999123456,9999123451,9999123452,1,1
MP00008191,MP00008191,2023-09-07,13:58:27,PL002,MIL0349306,x@x.com,9999123456,9999123451,9999123452,1,1
MP00008192,MP00008192,2023-09-07,13:58:27,PL008,MIL0044826,x@x.com,9999123456,9999123451,9999123452,1,1
MP00008193,MP00008193,2023-09-07,13:58:27,PL005,MIL0486805,x@x.com,9999123456,9999123451,9999123452,1,1
MP00008194,MP00008194,2023-09-07,13:58:27,PL012,MIL0444726,x@x.com,9999123456,9999123451,9999123452,1,1
MP00008195,MP00008195,2023-09-07,13:58:27,PL009,MIL0249781,x@x.com,9999123456,9999123451,9999123452,1,1
MP00008196,MP00008196,2023-09-07,13:58:27,PL013,MIL0134001,x@x.com,9999123456,9999123451,9999123452,1,1
MP00008197,MP00008197,2023-09-07,13:58:27,PL011,MIL0413281,x@x.com,9999123456,9999123451,9999123452,1,1
MP00008198,MP00008198,2023-09-07,13:58:27,PL010,MIL0501033,x@x.com,9999123456,9999123451,9999123452,1,1
MP00008199,MP00008199,2023-09-07,13:58:27,PL006,MIL0324394,x@x.com,9999123456,9999123451,9999123452,1,1
MP00008200,MP00008200,2023-09-07,13:58:27,PL009,MIL0219241,x@x.com,9999123456,9999123451,9999123452,1,1
MP00008201,MP00008201,2023-09-07,13:58:27,PL011,MIL0376187,x@x.com,9999123456,9999123451,9999123452,1,1
MP00008202,MP00008202,2023-09-07,13:58:27,PL002,MIL0531012,x@x.com,9999123456,9999123451,9999123452,1,1
MP00008203,MP00008203,2023-09-07,13:58:27,PL008,MIL0154698,x@x.com,9999123456,9999123451,9999123452,1,1
MP00008204,MP00008204,2023-09-07,13:58:27,PL010,MIL0250651,x@x.com,9999123456,9999123451,9999123452,1,1
MP00008205,MP00008205,2023-09-07,13:58:27,PL010,MIL0430148,x@x.com,9999123456,9999123451,9999123452,1,1
MP00008206,MP00008206,2023-09-07,13:58:27,PL012,MIL0158094,x@x.com,9999123456,9999123451,9999123452,1,1
MP00008207,MP00008207,2023-09-07,13:58:27,PL009,MIL0217336,x@x.com,9999123456,9999123451,9999123452,1,1
MP00008208,MP00008208,2023-09-07,13:58:27,PL011,MIL0051592,x@x.com,9999123456,9999123451,9999123452,1,1
MP00008209,MP00008209,2023-09-07,13:58:27,PL013,MIL0553383,x@x.com,9999123456,9999123451,9999123452,1,1
MP00008210,MP00008210,2023-09-07,13:58:27,PL004,MIL0207678,x@x.com,9999123456,9999123451,9999123452,1,1
MP00008211,MP00008211,2023-09-07,13:58:27,PL005,MIL0407209,x@x.com,9999123456,9999123451,9999123452,1,1
MP00008212,MP00008212,2023-09-07,13:58:27,PL004,MIL0071628,x@x.com,9999123456,9999123451,9999123452,1,1
MP00008213,MP00008213,2023-09-07,13:58:27,PL005,MIL0023355,x@x.com,9999123456,9999123451,9999123452,1,1
MP00008214,MP00008214,2023-09-07,13:58:27,PL007,MIL0301478,x@x.com,9999123456,9999123451,9999123452,1,1
MP00008215,MP00008215,2023-09-07,13:58:27,PL010,MIL0023584,x@x.com,9999123456,9999123451,9999123452,1,1
MP00008216,MP00008216,2023-09-07,13:58:27,PL002,MIL0065824,x@x.com,9999123456,9999123451,9999123452,1,1
MP00008217,MP00008217,2023-09-07,13:58:27,PL002,MIL0407812,x@x.com,9999123456,9999123451,9999123452,1,1
MP00008218,MP00008218,2023-09-07,13:58:27,PL008,MIL0224677,x@x.com,9999123456,9999123451,9999123452,1,1
MP00008219,MP00008219,2023-09-07,13:58:27,PL009,MIL0331169,x@x.com,9999123456,9999123451,9999123452,1,1
MP00008220,MP00008220,2023-09-07,13:58:27,PL004,MIL0347013,x@x.com,9999123456,9999123451,9999123452,1,1
MP00008221,MP00008221,2023-09-07,13:58:27,PL011,MIL0228442,x@x.com,9999123456,9999123451,9999123452,1,1
MP00008222,MP00008222,2023-09-07,13:58:27,PL012,MIL0541228,x@x.com,9999123456,9999123451,9999123452,1,1
MP00008223,MP00008223,2023-09-07,13:58:27,PL012,MIL0429811,x@x.com,9999123456,9999123451,9999123452,1,1
MP00008224,MP00008224,2023-09-07,13:58:27,PL008,MIL0510301,x@x.com,9999123456,9999123451,9999123452,1,1
MP00008225,MP00008225,2023-09-07,13:58:27,PL009,MIL0571722,x@x.com,9999123456,9999123451,9999123452,1,1
MP00008226,MP00008226,2023-09-07,13:58:27,PL013,MIL0331012,x@x.com,9999123456,9999123451,9999123452,1,1
MP00008227,MP00008227,2023-09-07,13:58:27,PL004,MIL0070226,x@x.com,9999123456,9999123451,9999123452,1,1
MP00008228,MP00008228,2023-09-07,13:58:27,PL004,MIL0478056,x@x.com,9999123456,9999123451,9999123452,1,1
MP00008229,MP00008229,2023-09-07,13:58:27,PL001,MIL0397585,x@x.com,9999123456,9999123451,9999123452,1,1
MP00008230,MP00008230,2023-09-07,13:58:27,PL006,MIL0205371,x@x.com,9999123456,9999123451,9999123452,1,1
MP00008231,MP00008231,2023-09-07,13:58:27,PL003,MIL0239010,x@x.com,9999123456,9999123451,9999123452,1,1
MP00008232,MP00008232,2023-09-07,13:58:27,PL007,MIL0489154,x@x.com,9999123456,9999123451,9999123452,1,1
MP00008233,MP00008233,2023-09-07,13:58:27,PL007,MIL0369875,x@x.com,9999123456,9999123451,9999123452,1,1
MP00008234,MP00008234,2023-09-07,13:58:27,PL002,MIL0251724,x@x.com,9999123456,9999123451,9999123452,1,1
MP00008235,MP00008235,2023-09-07,13:58:27,PL011,MIL0474291,x@x.com,9999123456,9999123451,9999123452,1,1
MP00008236,MP00008236,2023-09-07,13:58:27,PL006,MIL0011393,x@x.com,9999123456,9999123451,9999123452,1,1
MP00008237,MP00008237,2023-09-07,13:58:27,PL002,MIL0017935,x@x.com,9999123456,9999123451,9999123452,1,1
MP00008238,MP00008238,2023-09-07,13:58:27,PL013,MIL0120137,x@x.com,9999123456,9999123451,9999123452,1,1
MP00008239,MP00008239,2023-09-07,13:58:27,PL001,MIL0119742,x@x.com,9999123456,9999123451,9999123452,1,1
MP00008240,MP00008240,2023-09-07,13:58:27,PL010,MIL0137254,x@x.com,9999123456,9999123451,9999123452,1,1
MP00008241,MP00008241,2023-09-07,13:58:27,PL001,MIL0486568,x@x.com,9999123456,9999123451,9999123452,1,1
MP00008242,MP00008242,2023-09-07,13:58:27,PL005,MIL0541164,x@x.com,9999123456,9999123451,9999123452,1,1
MP00008243,MP00008243,2023-09-07,13:58:27,PL009,MIL0073447,x@x.com,9999123456,9999123451,9999123452,1,1
MP00008244,MP00008244,2023-09-07,13:58:27,PL010,MIL0525657,x@x.com,9999123456,9999123451,9999123452,1,1
MP00008245,MP00008245,2023-09-07,13:58:27,PL008,MIL0153422,x@x.com,9999123456,9999123451,9999123452,1,1
MP00008246,MP00008246,2023-09-07,13:58:27,PL001,MIL0263208,x@x.com,9999123456,9999123451,9999123452,1,1
MP00008247,MP00008247,2023-09-07,13:58:27,PL009,MIL0562387,x@x.com,9999123456,9999123451,9999123452,1,1
MP00008248,MP00008248,2023-09-07,13:58:27,PL010,MIL0118595,x@x.com,9999123456,9999123451,9999123452,1,1
MP00008249,MP00008249,2023-09-07,13:58:27,PL009,MIL0132997,x@x.com,9999123456,9999123451,9999123452,1,1
MP00008250,MP00008250,2023-09-07,13:58:27,PL008,MIL0379686,x@x.com,9999123456,9999123451,9999123452,1,1
MP00008251,MP00008251,2023-09-07,13:58:27,PL011,MIL0485169,x@x.com,9999123456,9999123451,9999123452,1,1
MP00008252,MP00008252,2023-09-07,13:58:27,PL013,MIL0037183,x@x.com,9999123456,9999123451,9999123452,1,1
MP00008253,MP00008253,2023-09-07,13:58:27,PL013,MIL0467858,x@x.com,9999123456,9999123451,9999123452,1,1
MP00008254,MP00008254,2023-09-07,13:58:27,PL010,MIL0405340,x@x.com,9999123456,9999123451,9999123452,1,1
MP00008255,MP00008255,2023-09-07,13:58:27,PL008,MIL0533018,x@x.com,9999123456,9999123451,9999123452,1,1
MP00008256,MP00008256,2023-09-07,13:58:27,PL011,MIL0442064,x@x.com,9999123456,9999123451,9999123452,1,1
MP00008257,MP00008257,2023-09-07,13:58:27,PL013,MIL0235073,x@x.com,9999123456,9999123451,9999123452,1,1
MP00008258,MP00008258,2023-09-07,13:58:27,PL009,MIL0291346,x@x.com,9999123456,9999123451,9999123452,1,1
MP00008259,MP00008259,2023-09-07,13:58:27,PL006,MIL0361133,x@x.com,9999123456,9999123451,9999123452,1,1
MP00008260,MP00008260,2023-09-07,13:58:27,PL001,MIL0537859,x@x.com,9999123456,9999123451,9999123452,1,1
MP00008261,MP00008261,2023-09-07,13:58:27,PL005,MIL0067185,x@x.com,9999123456,9999123451,9999123452,1,1
MP00008262,MP00008262,2023-09-07,13:58:27,PL004,MIL0347769,x@x.com,9999123456,9999123451,9999123452,1,1
MP00008263,MP00008263,2023-09-07,13:58:27,PL006,MIL0122822,x@x.com,9999123456,9999123451,9999123452,1,1
MP00008264,MP00008264,2023-09-07,13:58:27,PL010,MIL0459592,x@x.com,9999123456,9999123451,9999123452,1,1
MP00008265,MP00008265,2023-09-07,13:58:27,PL009,MIL0010303,x@x.com,9999123456,9999123451,9999123452,1,1
MP00008266,MP00008266,2023-09-07,13:58:27,PL009,MIL0572077,x@x.com,9999123456,9999123451,9999123452,1,1
MP00008267,MP00008267,2023-09-07,13:58:27,PL005,MIL0288314,x@x.com,9999123456,9999123451,9999123452,1,1
MP00008268,MP00008268,2023-09-07,13:58:27,PL001,MIL0332285,x@x.com,9999123456,9999123451,9999123452,1,1
MP00008269,MP00008269,2023-09-07,13:58:27,PL007,MIL0529016,x@x.com,9999123456,9999123451,9999123452,1,1
MP00008270,MP00008270,2023-09-07,13:58:27,PL003,MIL0116425,x@x.com,9999123456,9999123451,9999123452,1,1
MP00008271,MP00008271,2023-09-07,13:58:27,PL003,MIL0041143,x@x.com,9999123456,9999123451,9999123452,1,1
MP00008272,MP00008272,2023-09-07,13:58:27,PL011,MIL0370792,x@x.com,9999123456,9999123451,9999123452,1,1
MP00008273,MP00008273,2023-09-07,13:58:27,PL007,MIL0193357,x@x.com,9999123456,9999123451,9999123452,1,1
MP00008274,MP00008274,2023-09-07,13:58:27,PL009,MIL0547912,x@x.com,9999123456,9999123451,9999123452,1,1
MP00008275,MP00008275,2023-09-07,13:58:27,PL001,MIL0469060,x@x.com,9999123456,9999123451,9999123452,1,1
MP00008276,MP00008276,2023-09-07,13:58:27,PL013,MIL0324284,x@x.com,9999123456,9999123451,9999123452,1,1
MP00008277,MP00008277,2023-09-07,13:58:27,PL001,MIL0481421,x@x.com,9999123456,9999123451,9999123452,1,1
MP00008278,MP00008278,2023-09-07,13:58:27,PL003,MIL0085813,x@x.com,9999123456,9999123451,9999123452,1,1
MP00008279,MP00008279,2023-09-07,13:58:27,PL011,MIL0444347,x@x.com,9999123456,9999123451,9999123452,1,1
MP00008280,MP00008280,2023-09-07,13:58:27,PL003,MIL0416772,x@x.com,9999123456,9999123451,9999123452,1,1
MP00008281,MP00008281,2023-09-07,13:58:27,PL006,MIL0527528,x@x.com,9999123456,9999123451,9999123452,1,1
MP00008282,MP00008282,2023-09-07,13:58:27,PL002,MIL0235632,x@x.com,9999123456,9999123451,9999123452,1,1
MP00008283,MP00008283,2023-09-07,13:58:27,PL012,MIL0236412,x@x.com,9999123456,9999123451,9999123452,1,1
MP00008284,MP00008284,2023-09-07,13:58:27,PL007,MIL0546328,x@x.com,9999123456,9999123451,9999123452,1,1
MP00008285,MP00008285,2023-09-07,13:58:27,PL012,MIL0449500,x@x.com,9999123456,9999123451,9999123452,1,1
MP00008286,MP00008286,2023-09-07,13:58:27,PL003,MIL0197532,x@x.com,9999123456,9999123451,9999123452,1,1
MP00008287,MP00008287,2023-09-07,13:58:27,PL006,MIL0066928,x@x.com,9999123456,9999123451,9999123452,1,1
MP00008288,MP00008288,2023-09-07,13:58:27,PL008,MIL0210625,x@x.com,9999123456,9999123451,9999123452,1,1
MP00008289,MP00008289,2023-09-07,13:58:27,PL002,MIL0514729,x@x.com,9999123456,9999123451,9999123452,1,1
MP00008290,MP00008290,2023-09-07,13:58:27,PL013,MIL0442848,x@x.com,9999123456,9999123451,9999123452,1,1
MP00008291,MP00008291,2023-09-07,13:58:27,PL012,MIL0039251,x@x.com,9999123456,9999123451,9999123452,1,1
MP00008292,MP00008292,2023-09-07,13:58:27,PL011,MIL0355257,x@x.com,9999123456,9999123451,9999123452,1,1
MP00008293,MP00008293,2023-09-07,13:58:27,PL012,MIL0349477,x@x.com,9999123456,9999123451,9999123452,1,1
MP00008294,MP00008294,2023-09-07,13:58:27,PL010,MIL0447757,x@x.com,9999123456,9999123451,9999123452,1,1
MP00008295,MP00008295,2023-09-07,13:58:27,PL001,MIL0343879,x@x.com,9999123456,9999123451,9999123452,1,1
MP00008296,MP00008296,2023-09-07,13:58:27,PL004,MIL0447995,x@x.com,9999123456,9999123451,9999123452,1,1
MP00008297,MP00008297,2023-09-07,13:58:27,PL006,MIL0472631,x@x.com,9999123456,9999123451,9999123452,1,1
MP00008298,MP00008298,2023-09-07,13:58:27,PL013,MIL0171636,x@x.com,9999123456,9999123451,9999123452,1,1
MP00008299,MP00008299,2023-09-07,13:58:27,PL007,MIL0010514,x@x.com,9999123456,9999123451,9999123452,1,1
MP00008300,MP00008300,2023-09-07,13:58:27,PL013,MIL0342990,x@x.com,9999123456,9999123451,9999123452,1,1
MP00008301,MP00008301,2023-09-07,13:58:27,PL010,MIL0446870,x@x.com,9999123456,9999123451,9999123452,1,1
MP00008302,MP00008302,2023-09-07,13:58:27,PL002,MIL0232400,x@x.com,9999123456,9999123451,9999123452,1,1
MP00008303,MP00008303,2023-09-07,13:58:27,PL013,MIL0442571,x@x.com,9999123456,9999123451,9999123452,1,1
MP00008304,MP00008304,2023-09-07,13:58:27,PL009,MIL0542648,x@x.com,9999123456,9999123451,9999123452,1,1
MP00008305,MP00008305,2023-09-07,13:58:27,PL004,MIL0039581,x@x.com,9999123456,9999123451,9999123452,1,1
MP00008306,MP00008306,2023-09-07,13:58:27,PL005,MIL0120143,x@x.com,9999123456,9999123451,9999123452,1,1
MP00008307,MP00008307,2023-09-07,13:58:27,PL006,MIL0391201,x@x.com,9999123456,9999123451,9999123452,1,1
MP00008308,MP00008308,2023-09-07,13:58:27,PL005,MIL0139816,x@x.com,9999123456,9999123451,9999123452,1,1
MP00008309,MP00008309,2023-09-07,13:58:27,PL011,MIL0498344,x@x.com,9999123456,9999123451,9999123452,1,1
MP00008310,MP00008310,2023-09-07,13:58:27,PL006,MIL0301958,x@x.com,9999123456,9999123451,9999123452,1,1
MP00008311,MP00008311,2023-09-07,13:58:27,PL004,MIL0398901,x@x.com,9999123456,9999123451,9999123452,1,1
MP00008312,MP00008312,2023-09-07,13:58:27,PL011,MIL0123751,x@x.com,9999123456,9999123451,9999123452,1,1
MP00008313,MP00008313,2023-09-07,13:58:27,PL012,MIL0137284,x@x.com,9999123456,9999123451,9999123452,1,1
MP00008314,MP00008314,2023-09-07,13:58:27,PL009,MIL0015875,x@x.com,9999123456,9999123451,9999123452,1,1
MP00008315,MP00008315,2023-09-07,13:58:27,PL011,MIL0178357,x@x.com,9999123456,9999123451,9999123452,1,1
MP00008316,MP00008316,2023-09-07,13:58:27,PL010,MIL0331732,x@x.com,9999123456,9999123451,9999123452,1,1
MP00008317,MP00008317,2023-09-07,13:58:27,PL008,MIL0149753,x@x.com,9999123456,9999123451,9999123452,1,1
MP00008318,MP00008318,2023-09-07,13:58:27,PL007,MIL0174684,x@x.com,9999123456,9999123451,9999123452,1,1
MP00008319,MP00008319,2023-09-07,13:58:27,PL013,MIL0425030,x@x.com,9999123456,9999123451,9999123452,1,1
MP00008320,MP00008320,2023-09-07,13:58:27,PL002,MIL0574327,x@x.com,9999123456,9999123451,9999123452,1,1
MP00008321,MP00008321,2023-09-07,13:58:27,PL003,MIL0460698,x@x.com,9999123456,9999123451,9999123452,1,1
MP00008322,MP00008322,2023-09-07,13:58:27,PL005,MIL0278449,x@x.com,9999123456,9999123451,9999123452,1,1
MP00008323,MP00008323,2023-09-07,13:58:27,PL008,MIL0261768,x@x.com,9999123456,9999123451,9999123452,1,1
MP00008324,MP00008324,2023-09-07,13:58:27,PL003,MIL0330723,x@x.com,9999123456,9999123451,9999123452,1,1
MP00008325,MP00008325,2023-09-07,13:58:27,PL009,MIL0391953,x@x.com,9999123456,9999123451,9999123452,1,1
MP00008326,MP00008326,2023-09-07,13:58:27,PL003,MIL0029736,x@x.com,9999123456,9999123451,9999123452,1,1
MP00008327,MP00008327,2023-09-07,13:58:27,PL006,MIL0540226,x@x.com,9999123456,9999123451,9999123452,1,1
MP00008328,MP00008328,2023-09-07,13:58:27,PL005,MIL0426862,x@x.com,9999123456,9999123451,9999123452,1,1
MP00008329,MP00008329,2023-09-07,13:58:27,PL008,MIL0276655,x@x.com,9999123456,9999123451,9999123452,1,1
MP00008330,MP00008330,2023-09-07,13:58:27,PL001,MIL0297298,x@x.com,9999123456,9999123451,9999123452,1,1
MP00008331,MP00008331,2023-09-07,13:58:27,PL008,MIL0357459,x@x.com,9999123456,9999123451,9999123452,1,1
MP00008332,MP00008332,2023-09-07,13:58:27,PL012,MIL0370660,x@x.com,9999123456,9999123451,9999123452,1,1
MP00008333,MP00008333,2023-09-07,13:58:27,PL004,MIL0519064,x@x.com,9999123456,9999123451,9999123452,1,1
MP00008334,MP00008334,2023-09-07,13:58:27,PL002,MIL0227933,x@x.com,9999123456,9999123451,9999123452,1,1
MP00008335,MP00008335,2023-09-07,13:58:27,PL003,MIL0454500,x@x.com,9999123456,9999123451,9999123452,1,1
MP00008336,MP00008336,2023-09-07,13:58:27,PL008,MIL0057465,x@x.com,9999123456,9999123451,9999123452,1,1
MP00008337,MP00008337,2023-09-07,13:58:27,PL012,MIL0148665,x@x.com,9999123456,9999123451,9999123452,1,1
MP00008338,MP00008338,2023-09-07,13:58:27,PL002,MIL0311865,x@x.com,9999123456,9999123451,9999123452,1,1
MP00008339,MP00008339,2023-09-07,13:58:27,PL006,MIL0480013,x@x.com,9999123456,9999123451,9999123452,1,1
MP00008340,MP00008340,2023-09-07,13:58:27,PL011,MIL0134730,x@x.com,9999123456,9999123451,9999123452,1,1
MP00008341,MP00008341,2023-09-07,13:58:27,PL007,MIL0118319,x@x.com,9999123456,9999123451,9999123452,1,1
MP00008342,MP00008342,2023-09-07,13:58:27,PL003,MIL0447776,x@x.com,9999123456,9999123451,9999123452,1,1
MP00008343,MP00008343,2023-09-07,13:58:27,PL010,MIL0340944,x@x.com,9999123456,9999123451,9999123452,1,1
MP00008344,MP00008344,2023-09-07,13:58:27,PL003,MIL0538954,x@x.com,9999123456,9999123451,9999123452,1,1
MP00008345,MP00008345,2023-09-07,13:58:27,PL012,MIL0501690,x@x.com,9999123456,9999123451,9999123452,1,1
MP00008346,MP00008346,2023-09-07,13:58:27,PL010,MIL0008309,x@x.com,9999123456,9999123451,9999123452,1,1
MP00008347,MP00008347,2023-09-07,13:58:27,PL009,MIL0012116,x@x.com,9999123456,9999123451,9999123452,1,1
MP00008348,MP00008348,2023-09-07,13:58:27,PL013,MIL0295712,x@x.com,9999123456,9999123451,9999123452,1,1
MP00008349,MP00008349,2023-09-07,13:58:27,PL004,MIL0458870,x@x.com,9999123456,9999123451,9999123452,1,1
MP00008350,MP00008350,2023-09-07,13:58:27,PL009,MIL0099759,x@x.com,9999123456,9999123451,9999123452,1,1
MP00008351,MP00008351,2023-09-07,13:58:27,PL010,MIL0160469,x@x.com,9999123456,9999123451,9999123452,1,1
MP00008352,MP00008352,2023-09-07,13:58:27,PL010,MIL0039090,x@x.com,9999123456,9999123451,9999123452,1,1
MP00008353,MP00008353,2023-09-07,13:58:27,PL008,MIL0579250,x@x.com,9999123456,9999123451,9999123452,1,1
MP00008354,MP00008354,2023-09-07,13:58:27,PL012,MIL0014535,x@x.com,9999123456,9999123451,9999123452,1,1
MP00008355,MP00008355,2023-09-07,13:58:27,PL008,MIL0040520,x@x.com,9999123456,9999123451,9999123452,1,1
MP00008356,MP00008356,2023-09-07,13:58:27,PL001,MIL0497958,x@x.com,9999123456,9999123451,9999123452,1,1
MP00008357,MP00008357,2023-09-07,13:58:27,PL004,MIL0208714,x@x.com,9999123456,9999123451,9999123452,1,1
MP00008358,MP00008358,2023-09-07,13:58:27,PL003,MIL0482698,x@x.com,9999123456,9999123451,9999123452,1,1
MP00008359,MP00008359,2023-09-07,13:58:27,PL012,MIL0360926,x@x.com,9999123456,9999123451,9999123452,1,1
MP00008360,MP00008360,2023-09-07,13:58:27,PL004,MIL0076865,x@x.com,9999123456,9999123451,9999123452,1,1
MP00008361,MP00008361,2023-09-07,13:58:27,PL004,MIL0367564,x@x.com,9999123456,9999123451,9999123452,1,1
MP00008362,MP00008362,2023-09-07,13:58:27,PL002,MIL0501622,x@x.com,9999123456,9999123451,9999123452,1,1
MP00008363,MP00008363,2023-09-07,13:58:27,PL003,MIL0432768,x@x.com,9999123456,9999123451,9999123452,1,1
MP00008364,MP00008364,2023-09-07,13:58:27,PL007,MIL0041819,x@x.com,9999123456,9999123451,9999123452,1,1
MP00008365,MP00008365,2023-09-07,13:58:27,PL013,MIL0018142,x@x.com,9999123456,9999123451,9999123452,1,1
MP00008366,MP00008366,2023-09-07,13:58:27,PL011,MIL0014162,x@x.com,9999123456,9999123451,9999123452,1,1
MP00008367,MP00008367,2023-09-07,13:58:27,PL006,MIL0275759,x@x.com,9999123456,9999123451,9999123452,1,1
MP00008368,MP00008368,2023-09-07,13:58:27,PL012,MIL0016202,x@x.com,9999123456,9999123451,9999123452,1,1
MP00008369,MP00008369,2023-09-07,13:58:27,PL004,MIL0102635,x@x.com,9999123456,9999123451,9999123452,1,1
MP00008370,MP00008370,2023-09-07,13:58:27,PL007,MIL0295880,x@x.com,9999123456,9999123451,9999123452,1,1
MP00008371,MP00008371,2023-09-07,13:58:27,PL007,MIL0569369,x@x.com,9999123456,9999123451,9999123452,1,1
MP00008372,MP00008372,2023-09-07,13:58:27,PL002,MIL0401187,x@x.com,9999123456,9999123451,9999123452,1,1
MP00008373,MP00008373,2023-09-07,13:58:27,PL009,MIL0565192,x@x.com,9999123456,9999123451,9999123452,1,1
MP00008374,MP00008374,2023-09-07,13:58:27,PL011,MIL0085658,x@x.com,9999123456,9999123451,9999123452,1,1
MP00008375,MP00008375,2023-09-07,13:58:27,PL008,MIL0214367,x@x.com,9999123456,9999123451,9999123452,1,1
MP00008376,MP00008376,2023-09-07,13:58:27,PL012,MIL0438632,x@x.com,9999123456,9999123451,9999123452,1,1
MP00008377,MP00008377,2023-09-07,13:58:27,PL005,MIL0536791,x@x.com,9999123456,9999123451,9999123452,1,1
MP00008378,MP00008378,2023-09-07,13:58:27,PL002,MIL0267578,x@x.com,9999123456,9999123451,9999123452,1,1
MP00008379,MP00008379,2023-09-07,13:58:27,PL006,MIL0156922,x@x.com,9999123456,9999123451,9999123452,1,1
MP00008380,MP00008380,2023-09-07,13:58:27,PL012,MIL0120768,x@x.com,9999123456,9999123451,9999123452,1,1
MP00008381,MP00008381,2023-09-07,13:58:27,PL004,MIL0545778,x@x.com,9999123456,9999123451,9999123452,1,1
MP00008382,MP00008382,2023-09-07,13:58:27,PL003,MIL0212436,x@x.com,9999123456,9999123451,9999123452,1,1
MP00008383,MP00008383,2023-09-07,13:58:27,PL011,MIL0498209,x@x.com,9999123456,9999123451,9999123452,1,1
MP00008384,MP00008384,2023-09-07,13:58:27,PL008,MIL0490374,x@x.com,9999123456,9999123451,9999123452,1,1
MP00008385,MP00008385,2023-09-07,13:58:27,PL009,MIL0292079,x@x.com,9999123456,9999123451,9999123452,1,1
MP00008386,MP00008386,2023-09-07,13:58:27,PL004,MIL0143942,x@x.com,9999123456,9999123451,9999123452,1,1
MP00008387,MP00008387,2023-09-07,13:58:27,PL002,MIL0422014,x@x.com,9999123456,9999123451,9999123452,1,1
MP00008388,MP00008388,2023-09-07,13:58:27,PL011,MIL0031241,x@x.com,9999123456,9999123451,9999123452,1,1
MP00008389,MP00008389,2023-09-07,13:58:27,PL005,MIL0489941,x@x.com,9999123456,9999123451,9999123452,1,1
MP00008390,MP00008390,2023-09-07,13:58:27,PL010,MIL0505366,x@x.com,9999123456,9999123451,9999123452,1,1
MP00008391,MP00008391,2023-09-07,13:58:27,PL010,MIL0426591,x@x.com,9999123456,9999123451,9999123452,1,1
MP00008392,MP00008392,2023-09-07,13:58:27,PL001,MIL0371329,x@x.com,9999123456,9999123451,9999123452,1,1
MP00008393,MP00008393,2023-09-07,13:58:27,PL003,MIL0305630,x@x.com,9999123456,9999123451,9999123452,1,1
MP00008394,MP00008394,2023-09-07,13:58:27,PL007,MIL0101333,x@x.com,9999123456,9999123451,9999123452,1,1
MP00008395,MP00008395,2023-09-07,13:58:27,PL008,MIL0476850,x@x.com,9999123456,9999123451,9999123452,1,1
MP00008396,MP00008396,2023-09-07,13:58:27,PL008,MIL0337856,x@x.com,9999123456,9999123451,9999123452,1,1
MP00008397,MP00008397,2023-09-07,13:58:27,PL013,MIL0351079,x@x.com,9999123456,9999123451,9999123452,1,1
MP00008398,MP00008398,2023-09-07,13:58:27,PL011,MIL0424726,x@x.com,9999123456,9999123451,9999123452,1,1
MP00008399,MP00008399,2023-09-07,13:58:27,PL008,MIL0573391,x@x.com,9999123456,9999123451,9999123452,1,1
MP00008400,MP00008400,2023-09-07,13:58:27,PL005,MIL0354867,x@x.com,9999123456,9999123451,9999123452,1,1
MP00008401,MP00008401,2023-09-07,13:58:27,PL011,MIL0552070,x@x.com,9999123456,9999123451,9999123452,1,1
MP00008402,MP00008402,2023-09-07,13:58:27,PL012,MIL0358807,x@x.com,9999123456,9999123451,9999123452,1,1
MP00008403,MP00008403,2023-09-07,13:58:27,PL010,MIL0260723,x@x.com,9999123456,9999123451,9999123452,1,1
MP00008404,MP00008404,2023-09-07,13:58:27,PL012,MIL0334887,x@x.com,9999123456,9999123451,9999123452,1,1
MP00008405,MP00008405,2023-09-07,13:58:27,PL008,MIL0089459,x@x.com,9999123456,9999123451,9999123452,1,1
MP00008406,MP00008406,2023-09-07,13:58:27,PL011,MIL0155221,x@x.com,9999123456,9999123451,9999123452,1,1
MP00008407,MP00008407,2023-09-07,13:58:27,PL010,MIL0045041,x@x.com,9999123456,9999123451,9999123452,1,1
MP00008408,MP00008408,2023-09-07,13:58:27,PL006,MIL0299184,x@x.com,9999123456,9999123451,9999123452,1,1
MP00008409,MP00008409,2023-09-07,13:58:27,PL011,MIL0130322,x@x.com,9999123456,9999123451,9999123452,1,1
MP00008410,MP00008410,2023-09-07,13:58:27,PL010,MIL0214496,x@x.com,9999123456,9999123451,9999123452,1,1
MP00008411,MP00008411,2023-09-07,13:58:27,PL005,MIL0044817,x@x.com,9999123456,9999123451,9999123452,1,1
MP00008412,MP00008412,2023-09-07,13:58:27,PL001,MIL0564724,x@x.com,9999123456,9999123451,9999123452,1,1
MP00008413,MP00008413,2023-09-07,13:58:27,PL002,MIL0385481,x@x.com,9999123456,9999123451,9999123452,1,1
MP00008414,MP00008414,2023-09-07,13:58:27,PL008,MIL0476681,x@x.com,9999123456,9999123451,9999123452,1,1
MP00008415,MP00008415,2023-09-07,13:58:27,PL011,MIL0259728,x@x.com,9999123456,9999123451,9999123452,1,1
MP00008416,MP00008416,2023-09-07,13:58:27,PL001,MIL0579218,x@x.com,9999123456,9999123451,9999123452,1,1
MP00008417,MP00008417,2023-09-07,13:58:27,PL010,MIL0079199,x@x.com,9999123456,9999123451,9999123452,1,1
MP00008418,MP00008418,2023-09-07,13:58:27,PL008,MIL0534138,x@x.com,9999123456,9999123451,9999123452,1,1
MP00008419,MP00008419,2023-09-07,13:58:27,PL012,MIL0436467,x@x.com,9999123456,9999123451,9999123452,1,1
MP00008420,MP00008420,2023-09-07,13:58:27,PL011,MIL0010665,x@x.com,9999123456,9999123451,9999123452,1,1
MP00008421,MP00008421,2023-09-07,13:58:27,PL003,MIL0399400,x@x.com,9999123456,9999123451,9999123452,1,1
MP00008422,MP00008422,2023-09-07,13:58:27,PL001,MIL0101319,x@x.com,9999123456,9999123451,9999123452,1,1
MP00008423,MP00008423,2023-09-07,13:58:27,PL003,MIL0011552,x@x.com,9999123456,9999123451,9999123452,1,1
MP00008424,MP00008424,2023-09-07,13:58:27,PL008,MIL0465632,x@x.com,9999123456,9999123451,9999123452,1,1
MP00008425,MP00008425,2023-09-07,13:58:27,PL002,MIL0206003,x@x.com,9999123456,9999123451,9999123452,1,1
MP00008426,MP00008426,2023-09-07,13:58:27,PL003,MIL0524310,x@x.com,9999123456,9999123451,9999123452,1,1
MP00008427,MP00008427,2023-09-07,13:58:27,PL001,MIL0042628,x@x.com,9999123456,9999123451,9999123452,1,1
MP00008428,MP00008428,2023-09-07,13:58:27,PL005,MIL0214468,x@x.com,9999123456,9999123451,9999123452,1,1
MP00008429,MP00008429,2023-09-07,13:58:27,PL003,MIL0202286,x@x.com,9999123456,9999123451,9999123452,1,1
MP00008430,MP00008430,2023-09-07,13:58:27,PL002,MIL0140982,x@x.com,9999123456,9999123451,9999123452,1,1
MP00008431,MP00008431,2023-09-07,13:58:27,PL003,MIL0353116,x@x.com,9999123456,9999123451,9999123452,1,1
MP00008432,MP00008432,2023-09-07,13:58:27,PL010,MIL0255688,x@x.com,9999123456,9999123451,9999123452,1,1
MP00008433,MP00008433,2023-09-07,13:58:27,PL009,MIL0389972,x@x.com,9999123456,9999123451,9999123452,1,1
MP00008434,MP00008434,2023-09-07,13:58:27,PL012,MIL0423404,x@x.com,9999123456,9999123451,9999123452,1,1
MP00008435,MP00008435,2023-09-07,13:58:27,PL003,MIL0447290,x@x.com,9999123456,9999123451,9999123452,1,1
MP00008436,MP00008436,2023-09-07,13:58:27,PL004,MIL0342237,x@x.com,9999123456,9999123451,9999123452,1,1
MP00008437,MP00008437,2023-09-07,13:58:27,PL006,MIL0551948,x@x.com,9999123456,9999123451,9999123452,1,1
MP00008438,MP00008438,2023-09-07,13:58:27,PL011,MIL0496337,x@x.com,9999123456,9999123451,9999123452,1,1
MP00008439,MP00008439,2023-09-07,13:58:27,PL005,MIL0311955,x@x.com,9999123456,9999123451,9999123452,1,1
MP00008440,MP00008440,2023-09-07,13:58:27,PL001,MIL0150788,x@x.com,9999123456,9999123451,9999123452,1,1
MP00008441,MP00008441,2023-09-07,13:58:27,PL005,MIL0472844,x@x.com,9999123456,9999123451,9999123452,1,1
MP00008442,MP00008442,2023-09-07,13:58:27,PL010,MIL0228701,x@x.com,9999123456,9999123451,9999123452,1,1
MP00008443,MP00008443,2023-09-07,13:58:27,PL001,MIL0379852,x@x.com,9999123456,9999123451,9999123452,1,1
MP00008444,MP00008444,2023-09-07,13:58:27,PL011,MIL0386133,x@x.com,9999123456,9999123451,9999123452,1,1
MP00008445,MP00008445,2023-09-07,13:58:27,PL002,MIL0418092,x@x.com,9999123456,9999123451,9999123452,1,1
MP00008446,MP00008446,2023-09-07,13:58:27,PL012,MIL0322473,x@x.com,9999123456,9999123451,9999123452,1,1
MP00008447,MP00008447,2023-09-07,13:58:27,PL009,MIL0357502,x@x.com,9999123456,9999123451,9999123452,1,1
MP00008448,MP00008448,2023-09-07,13:58:27,PL007,MIL0542593,x@x.com,9999123456,9999123451,9999123452,1,1
MP00008449,MP00008449,2023-09-07,13:58:27,PL005,MIL0436339,x@x.com,9999123456,9999123451,9999123452,1,1
MP00008450,MP00008450,2023-09-07,13:58:27,PL011,MIL0034650,x@x.com,9999123456,9999123451,9999123452,1,1
MP00008451,MP00008451,2023-09-07,13:58:27,PL005,MIL0037827,x@x.com,9999123456,9999123451,9999123452,1,1
MP00008452,MP00008452,2023-09-07,13:58:27,PL002,MIL0494147,x@x.com,9999123456,9999123451,9999123452,1,1
MP00008453,MP00008453,2023-09-07,13:58:27,PL003,MIL0414988,x@x.com,9999123456,9999123451,9999123452,1,1
MP00008454,MP00008454,2023-09-07,13:58:27,PL003,MIL0125950,x@x.com,9999123456,9999123451,9999123452,1,1
MP00008455,MP00008455,2023-09-07,13:58:27,PL001,MIL0096945,x@x.com,9999123456,9999123451,9999123452,1,1
MP00008456,MP00008456,2023-09-07,13:58:27,PL001,MIL0321829,x@x.com,9999123456,9999123451,9999123452,1,1
MP00008457,MP00008457,2023-09-07,13:58:27,PL007,MIL0211356,x@x.com,9999123456,9999123451,9999123452,1,1
MP00008458,MP00008458,2023-09-07,13:58:27,PL005,MIL0122676,x@x.com,9999123456,9999123451,9999123452,1,1
MP00008459,MP00008459,2023-09-07,13:58:27,PL007,MIL0062968,x@x.com,9999123456,9999123451,9999123452,1,1
MP00008460,MP00008460,2023-09-07,13:58:27,PL010,MIL0169013,x@x.com,9999123456,9999123451,9999123452,1,1
MP00008461,MP00008461,2023-09-07,13:58:27,PL005,MIL0029809,x@x.com,9999123456,9999123451,9999123452,1,1
MP00008462,MP00008462,2023-09-07,13:58:27,PL002,MIL0446859,x@x.com,9999123456,9999123451,9999123452,1,1
MP00008463,MP00008463,2023-09-07,13:58:27,PL008,MIL0405000,x@x.com,9999123456,9999123451,9999123452,1,1
MP00008464,MP00008464,2023-09-07,13:58:27,PL011,MIL0392391,x@x.com,9999123456,9999123451,9999123452,1,1
MP00008465,MP00008465,2023-09-07,13:58:27,PL013,MIL0419103,x@x.com,9999123456,9999123451,9999123452,1,1
MP00008466,MP00008466,2023-09-07,13:58:27,PL004,MIL0101308,x@x.com,9999123456,9999123451,9999123452,1,1
MP00008467,MP00008467,2023-09-07,13:58:27,PL006,MIL0523117,x@x.com,9999123456,9999123451,9999123452,1,1
MP00008468,MP00008468,2023-09-07,13:58:27,PL003,MIL0114407,x@x.com,9999123456,9999123451,9999123452,1,1
MP00008469,MP00008469,2023-09-07,13:58:27,PL010,MIL0353262,x@x.com,9999123456,9999123451,9999123452,1,1
MP00008470,MP00008470,2023-09-07,13:58:27,PL012,MIL0386316,x@x.com,9999123456,9999123451,9999123452,1,1
MP00008471,MP00008471,2023-09-07,13:58:27,PL011,MIL0210224,x@x.com,9999123456,9999123451,9999123452,1,1
MP00008472,MP00008472,2023-09-07,13:58:27,PL006,MIL0579675,x@x.com,9999123456,9999123451,9999123452,1,1
MP00008473,MP00008473,2023-09-07,13:58:27,PL006,MIL0296922,x@x.com,9999123456,9999123451,9999123452,1,1
MP00008474,MP00008474,2023-09-07,13:58:27,PL005,MIL0062102,x@x.com,9999123456,9999123451,9999123452,1,1
MP00008475,MP00008475,2023-09-07,13:58:27,PL001,MIL0091680,x@x.com,9999123456,9999123451,9999123452,1,1
MP00008476,MP00008476,2023-09-07,13:58:27,PL009,MIL0562814,x@x.com,9999123456,9999123451,9999123452,1,1
MP00008477,MP00008477,2023-09-07,13:58:27,PL001,MIL0063822,x@x.com,9999123456,9999123451,9999123452,1,1
MP00008478,MP00008478,2023-09-07,13:58:27,PL010,MIL0106463,x@x.com,9999123456,9999123451,9999123452,1,1
MP00008479,MP00008479,2023-09-07,13:58:27,PL003,MIL0076240,x@x.com,9999123456,9999123451,9999123452,1,1
MP00008480,MP00008480,2023-09-07,13:58:27,PL009,MIL0435120,x@x.com,9999123456,9999123451,9999123452,1,1
MP00008481,MP00008481,2023-09-07,13:58:27,PL006,MIL0160486,x@x.com,9999123456,9999123451,9999123452,1,1
MP00008482,MP00008482,2023-09-07,13:58:27,PL008,MIL0249423,x@x.com,9999123456,9999123451,9999123452,1,1
MP00008483,MP00008483,2023-09-07,13:58:27,PL002,MIL0309937,x@x.com,9999123456,9999123451,9999123452,1,1
MP00008484,MP00008484,2023-09-07,13:58:27,PL002,MIL0299289,x@x.com,9999123456,9999123451,9999123452,1,1
MP00008485,MP00008485,2023-09-07,13:58:27,PL005,MIL0101719,x@x.com,9999123456,9999123451,9999123452,1,1
MP00008486,MP00008486,2023-09-07,13:58:27,PL005,MIL0158551,x@x.com,9999123456,9999123451,9999123452,1,1
MP00008487,MP00008487,2023-09-07,13:58:27,PL011,MIL0276301,x@x.com,9999123456,9999123451,9999123452,1,1
MP00008488,MP00008488,2023-09-07,13:58:27,PL007,MIL0487968,x@x.com,9999123456,9999123451,9999123452,1,1
MP00008489,MP00008489,2023-09-07,13:58:27,PL002,MIL0527160,x@x.com,9999123456,9999123451,9999123452,1,1
MP00008490,MP00008490,2023-09-07,13:58:27,PL004,MIL0241013,x@x.com,9999123456,9999123451,9999123452,1,1
MP00008491,MP00008491,2023-09-07,13:58:27,PL007,MIL0226885,x@x.com,9999123456,9999123451,9999123452,1,1
MP00008492,MP00008492,2023-09-07,13:58:27,PL003,MIL0516342,x@x.com,9999123456,9999123451,9999123452,1,1
MP00008493,MP00008493,2023-09-07,13:58:27,PL001,MIL0420212,x@x.com,9999123456,9999123451,9999123452,1,1
MP00008494,MP00008494,2023-09-07,13:58:27,PL012,MIL0029083,x@x.com,9999123456,9999123451,9999123452,1,1
MP00008495,MP00008495,2023-09-07,13:58:27,PL011,MIL0525494,x@x.com,9999123456,9999123451,9999123452,1,1
MP00008496,MP00008496,2023-09-07,13:58:27,PL005,MIL0303011,x@x.com,9999123456,9999123451,9999123452,1,1
MP00008497,MP00008497,2023-09-07,13:58:27,PL013,MIL0159729,x@x.com,9999123456,9999123451,9999123452,1,1
MP00008498,MP00008498,2023-09-07,13:58:27,PL011,MIL0346834,x@x.com,9999123456,9999123451,9999123452,1,1
MP00008499,MP00008499,2023-09-07,13:58:27,PL006,MIL0408782,x@x.com,9999123456,9999123451,9999123452,1,1
MP00008500,MP00008500,2023-09-07,13:58:27,PL005,MIL0024512,x@x.com,9999123456,9999123451,9999123452,1,1
MP00008501,MP00008501,2023-09-07,13:58:27,PL003,MIL0151891,x@x.com,9999123456,9999123451,9999123452,1,1
MP00008502,MP00008502,2023-09-07,13:58:27,PL008,MIL0509465,x@x.com,9999123456,9999123451,9999123452,1,1
MP00008503,MP00008503,2023-09-07,13:58:27,PL004,MIL0380399,x@x.com,9999123456,9999123451,9999123452,1,1
MP00008504,MP00008504,2023-09-07,13:58:27,PL005,MIL0142757,x@x.com,9999123456,9999123451,9999123452,1,1
MP00008505,MP00008505,2023-09-07,13:58:27,PL010,MIL0300278,x@x.com,9999123456,9999123451,9999123452,1,1
MP00008506,MP00008506,2023-09-07,13:58:27,PL001,MIL0061211,x@x.com,9999123456,9999123451,9999123452,1,1
MP00008507,MP00008507,2023-09-07,13:58:27,PL011,MIL0289132,x@x.com,9999123456,9999123451,9999123452,1,1
MP00008508,MP00008508,2023-09-07,13:58:27,PL011,MIL0367988,x@x.com,9999123456,9999123451,9999123452,1,1
MP00008509,MP00008509,2023-09-07,13:58:27,PL002,MIL0102873,x@x.com,9999123456,9999123451,9999123452,1,1
MP00008510,MP00008510,2023-09-07,13:58:27,PL012,MIL0067301,x@x.com,9999123456,9999123451,9999123452,1,1
MP00008511,MP00008511,2023-09-07,13:58:27,PL005,MIL0125153,x@x.com,9999123456,9999123451,9999123452,1,1
MP00008512,MP00008512,2023-09-07,13:58:27,PL011,MIL0364650,x@x.com,9999123456,9999123451,9999123452,1,1
MP00008513,MP00008513,2023-09-07,13:58:27,PL009,MIL0453541,x@x.com,9999123456,9999123451,9999123452,1,1
MP00008514,MP00008514,2023-09-07,13:58:27,PL008,MIL0544741,x@x.com,9999123456,9999123451,9999123452,1,1
MP00008515,MP00008515,2023-09-07,13:58:27,PL001,MIL0326066,x@x.com,9999123456,9999123451,9999123452,1,1
MP00008516,MP00008516,2023-09-07,13:58:27,PL002,MIL0448561,x@x.com,9999123456,9999123451,9999123452,1,1
MP00008517,MP00008517,2023-09-07,13:58:27,PL011,MIL0539761,x@x.com,9999123456,9999123451,9999123452,1,1
MP00008518,MP00008518,2023-09-07,13:58:27,PL011,MIL0079050,x@x.com,9999123456,9999123451,9999123452,1,1
MP00008519,MP00008519,2023-09-07,13:58:27,PL011,MIL0406719,x@x.com,9999123456,9999123451,9999123452,1,1
MP00008520,MP00008520,2023-09-07,13:58:27,PL007,MIL0423734,x@x.com,9999123456,9999123451,9999123452,1,1
MP00008521,MP00008521,2023-09-07,13:58:27,PL003,MIL0313107,x@x.com,9999123456,9999123451,9999123452,1,1
MP00008522,MP00008522,2023-09-07,13:58:27,PL012,MIL0041213,x@x.com,9999123456,9999123451,9999123452,1,1
MP00008523,MP00008523,2023-09-07,13:58:27,PL003,MIL0530081,x@x.com,9999123456,9999123451,9999123452,1,1
MP00008524,MP00008524,2023-09-07,13:58:27,PL004,MIL0003274,x@x.com,9999123456,9999123451,9999123452,1,1
MP00008525,MP00008525,2023-09-07,13:58:27,PL002,MIL0129687,x@x.com,9999123456,9999123451,9999123452,1,1
MP00008526,MP00008526,2023-09-07,13:58:27,PL007,MIL0133402,x@x.com,9999123456,9999123451,9999123452,1,1
MP00008527,MP00008527,2023-09-07,13:58:27,PL010,MIL0203465,x@x.com,9999123456,9999123451,9999123452,1,1
MP00008528,MP00008528,2023-09-07,13:58:27,PL013,MIL0041900,x@x.com,9999123456,9999123451,9999123452,1,1
MP00008529,MP00008529,2023-09-07,13:58:27,PL002,MIL0126455,x@x.com,9999123456,9999123451,9999123452,1,1
MP00008530,MP00008530,2023-09-07,13:58:27,PL003,MIL0198923,x@x.com,9999123456,9999123451,9999123452,1,1
MP00008531,MP00008531,2023-09-07,13:58:27,PL008,MIL0575900,x@x.com,9999123456,9999123451,9999123452,1,1
MP00008532,MP00008532,2023-09-07,13:58:27,PL011,MIL0465082,x@x.com,9999123456,9999123451,9999123452,1,1
MP00008533,MP00008533,2023-09-07,13:58:27,PL009,MIL0202198,x@x.com,9999123456,9999123451,9999123452,1,1
MP00008534,MP00008534,2023-09-07,13:58:27,PL006,MIL0498806,x@x.com,9999123456,9999123451,9999123452,1,1
MP00008535,MP00008535,2023-09-07,13:58:27,PL013,MIL0195426,x@x.com,9999123456,9999123451,9999123452,1,1
MP00008536,MP00008536,2023-09-07,13:58:27,PL006,MIL0429644,x@x.com,9999123456,9999123451,9999123452,1,1
MP00008537,MP00008537,2023-09-07,13:58:27,PL007,MIL0543217,x@x.com,9999123456,9999123451,9999123452,1,1
MP00008538,MP00008538,2023-09-07,13:58:27,PL013,MIL0565810,x@x.com,9999123456,9999123451,9999123452,1,1
MP00008539,MP00008539,2023-09-07,13:58:27,PL009,MIL0496292,x@x.com,9999123456,9999123451,9999123452,1,1
MP00008540,MP00008540,2023-09-07,13:58:27,PL013,MIL0213844,x@x.com,9999123456,9999123451,9999123452,1,1
MP00008541,MP00008541,2023-09-07,13:58:27,PL013,MIL0413982,x@x.com,9999123456,9999123451,9999123452,1,1
MP00008542,MP00008542,2023-09-07,13:58:27,PL012,MIL0113905,x@x.com,9999123456,9999123451,9999123452,1,1
MP00008543,MP00008543,2023-09-07,13:58:27,PL009,MIL0205105,x@x.com,9999123456,9999123451,9999123452,1,1
MP00008544,MP00008544,2023-09-07,13:58:27,PL003,MIL0405662,x@x.com,9999123456,9999123451,9999123452,1,1
MP00008545,MP00008545,2023-09-07,13:58:27,PL007,MIL0157833,x@x.com,9999123456,9999123451,9999123452,1,1
MP00008546,MP00008546,2023-09-07,13:58:27,PL009,MIL0452796,x@x.com,9999123456,9999123451,9999123452,1,1
MP00008547,MP00008547,2023-09-07,13:58:27,PL008,MIL0346003,x@x.com,9999123456,9999123451,9999123452,1,1
MP00008548,MP00008548,2023-09-07,13:58:27,PL012,MIL0058192,x@x.com,9999123456,9999123451,9999123452,1,1
MP00008549,MP00008549,2023-09-07,13:58:27,PL004,MIL0009327,x@x.com,9999123456,9999123451,9999123452,1,1
MP00008550,MP00008550,2023-09-07,13:58:27,PL008,MIL0244385,x@x.com,9999123456,9999123451,9999123452,1,1
MP00008551,MP00008551,2023-09-07,13:58:27,PL007,MIL0217006,x@x.com,9999123456,9999123451,9999123452,1,1
MP00008552,MP00008552,2023-09-07,13:58:27,PL013,MIL0228952,x@x.com,9999123456,9999123451,9999123452,1,1
MP00008553,MP00008553,2023-09-07,13:58:27,PL010,MIL0089507,x@x.com,9999123456,9999123451,9999123452,1,1
MP00008554,MP00008554,2023-09-07,13:58:27,PL007,MIL0113919,x@x.com,9999123456,9999123451,9999123452,1,1
MP00008555,MP00008555,2023-09-07,13:58:27,PL001,MIL0368610,x@x.com,9999123456,9999123451,9999123452,1,1
MP00008556,MP00008556,2023-09-07,13:58:27,PL012,MIL0145587,x@x.com,9999123456,9999123451,9999123452,1,1
MP00008557,MP00008557,2023-09-07,13:58:27,PL010,MIL0042259,x@x.com,9999123456,9999123451,9999123452,1,1
MP00008558,MP00008558,2023-09-07,13:58:27,PL012,MIL0530752,x@x.com,9999123456,9999123451,9999123452,1,1
MP00008559,MP00008559,2023-09-07,13:58:27,PL012,MIL0574679,x@x.com,9999123456,9999123451,9999123452,1,1
MP00008560,MP00008560,2023-09-07,13:58:27,PL002,MIL0264531,x@x.com,9999123456,9999123451,9999123452,1,1
MP00008561,MP00008561,2023-09-07,13:58:27,PL009,MIL0433534,x@x.com,9999123456,9999123451,9999123452,1,1
MP00008562,MP00008562,2023-09-07,13:58:27,PL013,MIL0573877,x@x.com,9999123456,9999123451,9999123452,1,1
MP00008563,MP00008563,2023-09-07,13:58:27,PL002,MIL0384938,x@x.com,9999123456,9999123451,9999123452,1,1
MP00008564,MP00008564,2023-09-07,13:58:27,PL010,MIL0444747,x@x.com,9999123456,9999123451,9999123452,1,1
MP00008565,MP00008565,2023-09-07,13:58:27,PL007,MIL0016114,x@x.com,9999123456,9999123451,9999123452,1,1
MP00008566,MP00008566,2023-09-07,13:58:27,PL011,MIL0177404,x@x.com,9999123456,9999123451,9999123452,1,1
MP00008567,MP00008567,2023-09-07,13:58:27,PL006,MIL0247911,x@x.com,9999123456,9999123451,9999123452,1,1
MP00008568,MP00008568,2023-09-07,13:58:27,PL011,MIL0456270,x@x.com,9999123456,9999123451,9999123452,1,1
MP00008569,MP00008569,2023-09-07,13:58:27,PL007,MIL0568864,x@x.com,9999123456,9999123451,9999123452,1,1
MP00008570,MP00008570,2023-09-07,13:58:27,PL001,MIL0511163,x@x.com,9999123456,9999123451,9999123452,1,1
MP00008571,MP00008571,2023-09-07,13:58:27,PL005,MIL0354103,x@x.com,9999123456,9999123451,9999123452,1,1
MP00008572,MP00008572,2023-09-07,13:58:27,PL009,MIL0562530,x@x.com,9999123456,9999123451,9999123452,1,1
MP00008573,MP00008573,2023-09-07,13:58:27,PL009,MIL0355630,x@x.com,9999123456,9999123451,9999123452,1,1
MP00008574,MP00008574,2023-09-07,13:58:27,PL012,MIL0506700,x@x.com,9999123456,9999123451,9999123452,1,1
MP00008575,MP00008575,2023-09-07,13:58:27,PL008,MIL0033006,x@x.com,9999123456,9999123451,9999123452,1,1
MP00008576,MP00008576,2023-09-07,13:58:27,PL004,MIL0132624,x@x.com,9999123456,9999123451,9999123452,1,1
MP00008577,MP00008577,2023-09-07,13:58:27,PL011,MIL0335115,x@x.com,9999123456,9999123451,9999123452,1,1
MP00008578,MP00008578,2023-09-07,13:58:27,PL004,MIL0128524,x@x.com,9999123456,9999123451,9999123452,1,1
MP00008579,MP00008579,2023-09-07,13:58:27,PL012,MIL0262506,x@x.com,9999123456,9999123451,9999123452,1,1
MP00008580,MP00008580,2023-09-07,13:58:27,PL006,MIL0138319,x@x.com,9999123456,9999123451,9999123452,1,1
MP00008581,MP00008581,2023-09-07,13:58:27,PL007,MIL0546302,x@x.com,9999123456,9999123451,9999123452,1,1
MP00008582,MP00008582,2023-09-07,13:58:27,PL007,MIL0066063,x@x.com,9999123456,9999123451,9999123452,1,1
MP00008583,MP00008583,2023-09-07,13:58:27,PL013,MIL0205980,x@x.com,9999123456,9999123451,9999123452,1,1
MP00008584,MP00008584,2023-09-07,13:58:27,PL007,MIL0360507,x@x.com,9999123456,9999123451,9999123452,1,1
MP00008585,MP00008585,2023-09-07,13:58:27,PL006,MIL0247604,x@x.com,9999123456,9999123451,9999123452,1,1
MP00008586,MP00008586,2023-09-07,13:58:27,PL008,MIL0555292,x@x.com,9999123456,9999123451,9999123452,1,1
MP00008587,MP00008587,2023-09-07,13:58:27,PL013,MIL0544118,x@x.com,9999123456,9999123451,9999123452,1,1
MP00008588,MP00008588,2023-09-07,13:58:27,PL010,MIL0215846,x@x.com,9999123456,9999123451,9999123452,1,1
MP00008589,MP00008589,2023-09-07,13:58:27,PL009,MIL0233712,x@x.com,9999123456,9999123451,9999123452,1,1
MP00008590,MP00008590,2023-09-07,13:58:27,PL002,MIL0422002,x@x.com,9999123456,9999123451,9999123452,1,1
MP00008591,MP00008591,2023-09-07,13:58:27,PL006,MIL0488407,x@x.com,9999123456,9999123451,9999123452,1,1
MP00008592,MP00008592,2023-09-07,13:58:27,PL009,MIL0241020,x@x.com,9999123456,9999123451,9999123452,1,1
MP00008593,MP00008593,2023-09-07,13:58:27,PL010,MIL0067950,x@x.com,9999123456,9999123451,9999123452,1,1
MP00008594,MP00008594,2023-09-07,13:58:27,PL005,MIL0119466,x@x.com,9999123456,9999123451,9999123452,1,1
MP00008595,MP00008595,2023-09-07,13:58:27,PL005,MIL0154274,x@x.com,9999123456,9999123451,9999123452,1,1
MP00008596,MP00008596,2023-09-07,13:58:27,PL010,MIL0491567,x@x.com,9999123456,9999123451,9999123452,1,1
MP00008597,MP00008597,2023-09-07,13:58:27,PL010,MIL0409077,x@x.com,9999123456,9999123451,9999123452,1,1
MP00008598,MP00008598,2023-09-07,13:58:27,PL003,MIL0315808,x@x.com,9999123456,9999123451,9999123452,1,1
MP00008599,MP00008599,2023-09-07,13:58:27,PL007,MIL0325627,x@x.com,9999123456,9999123451,9999123452,1,1
MP00008600,MP00008600,2023-09-07,13:58:27,PL011,MIL0303270,x@x.com,9999123456,9999123451,9999123452,1,1
MP00008601,MP00008601,2023-09-07,13:58:27,PL006,MIL0142036,x@x.com,9999123456,9999123451,9999123452,1,1
MP00008602,MP00008602,2023-09-07,13:58:27,PL006,MIL0556993,x@x.com,9999123456,9999123451,9999123452,1,1
MP00008603,MP00008603,2023-09-07,13:58:27,PL003,MIL0362036,x@x.com,9999123456,9999123451,9999123452,1,1
MP00008604,MP00008604,2023-09-07,13:58:27,PL012,MIL0255956,x@x.com,9999123456,9999123451,9999123452,1,1
MP00008605,MP00008605,2023-09-07,13:58:27,PL011,MIL0025907,x@x.com,9999123456,9999123451,9999123452,1,1
MP00008606,MP00008606,2023-09-07,13:58:27,PL007,MIL0190430,x@x.com,9999123456,9999123451,9999123452,1,1
MP00008607,MP00008607,2023-09-07,13:58:27,PL003,MIL0312270,x@x.com,9999123456,9999123451,9999123452,1,1
MP00008608,MP00008608,2023-09-07,13:58:27,PL005,MIL0348201,x@x.com,9999123456,9999123451,9999123452,1,1
MP00008609,MP00008609,2023-09-07,13:58:27,PL003,MIL0001133,x@x.com,9999123456,9999123451,9999123452,1,1
MP00008610,MP00008610,2023-09-07,13:58:27,PL002,MIL0134191,x@x.com,9999123456,9999123451,9999123452,1,1
MP00008611,MP00008611,2023-09-07,13:58:27,PL002,MIL0262434,x@x.com,9999123456,9999123451,9999123452,1,1
MP00008612,MP00008612,2023-09-07,13:58:27,PL013,MIL0482195,x@x.com,9999123456,9999123451,9999123452,1,1
MP00008613,MP00008613,2023-09-07,13:58:27,PL012,MIL0053260,x@x.com,9999123456,9999123451,9999123452,1,1
MP00008614,MP00008614,2023-09-07,13:58:27,PL005,MIL0495435,x@x.com,9999123456,9999123451,9999123452,1,1
MP00008615,MP00008615,2023-09-07,13:58:27,PL002,MIL0132921,x@x.com,9999123456,9999123451,9999123452,1,1
MP00008616,MP00008616,2023-09-07,13:58:27,PL009,MIL0573431,x@x.com,9999123456,9999123451,9999123452,1,1
MP00008617,MP00008617,2023-09-07,13:58:27,PL006,MIL0113631,x@x.com,9999123456,9999123451,9999123452,1,1
MP00008618,MP00008618,2023-09-07,13:58:27,PL002,MIL0498115,x@x.com,9999123456,9999123451,9999123452,1,1
MP00008619,MP00008619,2023-09-07,13:58:27,PL010,MIL0198707,x@x.com,9999123456,9999123451,9999123452,1,1
MP00008620,MP00008620,2023-09-07,13:58:27,PL002,MIL0038140,x@x.com,9999123456,9999123451,9999123452,1,1
MP00008621,MP00008621,2023-09-07,13:58:27,PL002,MIL0203947,x@x.com,9999123456,9999123451,9999123452,1,1
MP00008622,MP00008622,2023-09-07,13:58:27,PL011,MIL0554541,x@x.com,9999123456,9999123451,9999123452,1,1
MP00008623,MP00008623,2023-09-07,13:58:27,PL007,MIL0358723,x@x.com,9999123456,9999123451,9999123452,1,1
MP00008624,MP00008624,2023-09-07,13:58:27,PL009,MIL0529962,x@x.com,9999123456,9999123451,9999123452,1,1
MP00008625,MP00008625,2023-09-07,13:58:27,PL013,MIL0491429,x@x.com,9999123456,9999123451,9999123452,1,1
MP00008626,MP00008626,2023-09-07,13:58:27,PL007,MIL0448613,x@x.com,9999123456,9999123451,9999123452,1,1
MP00008627,MP00008627,2023-09-07,13:58:27,PL004,MIL0340136,x@x.com,9999123456,9999123451,9999123452,1,1
MP00008628,MP00008628,2023-09-07,13:58:27,PL002,MIL0388951,x@x.com,9999123456,9999123451,9999123452,1,1
MP00008629,MP00008629,2023-09-07,13:58:27,PL011,MIL0262776,x@x.com,9999123456,9999123451,9999123452,1,1
MP00008630,MP00008630,2023-09-07,13:58:27,PL002,MIL0209748,x@x.com,9999123456,9999123451,9999123452,1,1
MP00008631,MP00008631,2023-09-07,13:58:27,PL004,MIL0287786,x@x.com,9999123456,9999123451,9999123452,1,1
MP00008632,MP00008632,2023-09-07,13:58:27,PL007,MIL0438474,x@x.com,9999123456,9999123451,9999123452,1,1
MP00008633,MP00008633,2023-09-07,13:58:27,PL012,MIL0492696,x@x.com,9999123456,9999123451,9999123452,1,1
MP00008634,MP00008634,2023-09-07,13:58:27,PL009,MIL0560411,x@x.com,9999123456,9999123451,9999123452,1,1
MP00008635,MP00008635,2023-09-07,13:58:27,PL001,MIL0580415,x@x.com,9999123456,9999123451,9999123452,1,1
MP00008636,MP00008636,2023-09-07,13:58:27,PL002,MIL0136861,x@x.com,9999123456,9999123451,9999123452,1,1
MP00008637,MP00008637,2023-09-07,13:58:27,PL010,MIL0247790,x@x.com,9999123456,9999123451,9999123452,1,1
MP00008638,MP00008638,2023-09-07,13:58:27,PL008,MIL0047141,x@x.com,9999123456,9999123451,9999123452,1,1
MP00008639,MP00008639,2023-09-07,13:58:27,PL005,MIL0019824,x@x.com,9999123456,9999123451,9999123452,1,1
MP00008640,MP00008640,2023-09-07,13:58:27,PL013,MIL0556984,x@x.com,9999123456,9999123451,9999123452,1,1
MP00008641,MP00008641,2023-09-07,13:58:27,PL008,MIL0468345,x@x.com,9999123456,9999123451,9999123452,1,1
MP00008642,MP00008642,2023-09-07,13:58:27,PL003,MIL0555002,x@x.com,9999123456,9999123451,9999123452,1,1
MP00008643,MP00008643,2023-09-07,13:58:27,PL007,MIL0559919,x@x.com,9999123456,9999123451,9999123452,1,1
MP00008644,MP00008644,2023-09-07,13:58:27,PL003,MIL0168492,x@x.com,9999123456,9999123451,9999123452,1,1
MP00008645,MP00008645,2023-09-07,13:58:27,PL011,MIL0119378,x@x.com,9999123456,9999123451,9999123452,1,1
MP00008646,MP00008646,2023-09-07,13:58:27,PL004,MIL0070681,x@x.com,9999123456,9999123451,9999123452,1,1
MP00008647,MP00008647,2023-09-07,13:58:27,PL001,MIL0224457,x@x.com,9999123456,9999123451,9999123452,1,1
MP00008648,MP00008648,2023-09-07,13:58:27,PL002,MIL0268792,x@x.com,9999123456,9999123451,9999123452,1,1
MP00008649,MP00008649,2023-09-07,13:58:27,PL004,MIL0265917,x@x.com,9999123456,9999123451,9999123452,1,1
MP00008650,MP00008650,2023-09-07,13:58:27,PL012,MIL0527210,x@x.com,9999123456,9999123451,9999123452,1,1
MP00008651,MP00008651,2023-09-07,13:58:27,PL005,MIL0339758,x@x.com,9999123456,9999123451,9999123452,1,1
MP00008652,MP00008652,2023-09-07,13:58:27,PL004,MIL0091262,x@x.com,9999123456,9999123451,9999123452,1,1
MP00008653,MP00008653,2023-09-07,13:58:27,PL012,MIL0039577,x@x.com,9999123456,9999123451,9999123452,1,1
MP00008654,MP00008654,2023-09-07,13:58:27,PL009,MIL0417413,x@x.com,9999123456,9999123451,9999123452,1,1
MP00008655,MP00008655,2023-09-07,13:58:27,PL008,MIL0381983,x@x.com,9999123456,9999123451,9999123452,1,1
MP00008656,MP00008656,2023-09-07,13:58:27,PL012,MIL0195790,x@x.com,9999123456,9999123451,9999123452,1,1
MP00008657,MP00008657,2023-09-07,13:58:27,PL010,MIL0054864,x@x.com,9999123456,9999123451,9999123452,1,1
MP00008658,MP00008658,2023-09-07,13:58:27,PL007,MIL0406324,x@x.com,9999123456,9999123451,9999123452,1,1
MP00008659,MP00008659,2023-09-07,13:58:27,PL012,MIL0567655,x@x.com,9999123456,9999123451,9999123452,1,1
MP00008660,MP00008660,2023-09-07,13:58:27,PL007,MIL0146989,x@x.com,9999123456,9999123451,9999123452,1,1
MP00008661,MP00008661,2023-09-07,13:58:27,PL006,MIL0008060,x@x.com,9999123456,9999123451,9999123452,1,1
MP00008662,MP00008662,2023-09-07,13:58:27,PL005,MIL0277820,x@x.com,9999123456,9999123451,9999123452,1,1
MP00008663,MP00008663,2023-09-07,13:58:27,PL010,MIL0003347,x@x.com,9999123456,9999123451,9999123452,1,1
MP00008664,MP00008664,2023-09-07,13:58:27,PL001,MIL0102868,x@x.com,9999123456,9999123451,9999123452,1,1
MP00008665,MP00008665,2023-09-07,13:58:27,PL002,MIL0289108,x@x.com,9999123456,9999123451,9999123452,1,1
MP00008666,MP00008666,2023-09-07,13:58:27,PL005,MIL0018922,x@x.com,9999123456,9999123451,9999123452,1,1
MP00008667,MP00008667,2023-09-07,13:58:27,PL006,MIL0103420,x@x.com,9999123456,9999123451,9999123452,1,1
MP00008668,MP00008668,2023-09-07,13:58:27,PL006,MIL0299558,x@x.com,9999123456,9999123451,9999123452,1,1
MP00008669,MP00008669,2023-09-07,13:58:27,PL009,MIL0353544,x@x.com,9999123456,9999123451,9999123452,1,1
MP00008670,MP00008670,2023-09-07,13:58:27,PL013,MIL0492179,x@x.com,9999123456,9999123451,9999123452,1,1
MP00008671,MP00008671,2023-09-07,13:58:27,PL011,MIL0268390,x@x.com,9999123456,9999123451,9999123452,1,1
MP00008672,MP00008672,2023-09-07,13:58:27,PL001,MIL0332915,x@x.com,9999123456,9999123451,9999123452,1,1
MP00008673,MP00008673,2023-09-07,13:58:27,PL012,MIL0003604,x@x.com,9999123456,9999123451,9999123452,1,1
MP00008674,MP00008674,2023-09-07,13:58:27,PL007,MIL0293019,x@x.com,9999123456,9999123451,9999123452,1,1
MP00008675,MP00008675,2023-09-07,13:58:27,PL002,MIL0351566,x@x.com,9999123456,9999123451,9999123452,1,1
MP00008676,MP00008676,2023-09-07,13:58:27,PL007,MIL0280643,x@x.com,9999123456,9999123451,9999123452,1,1
MP00008677,MP00008677,2023-09-07,13:58:27,PL004,MIL0051759,x@x.com,9999123456,9999123451,9999123452,1,1
MP00008678,MP00008678,2023-09-07,13:58:27,PL004,MIL0343957,x@x.com,9999123456,9999123451,9999123452,1,1
MP00008679,MP00008679,2023-09-07,13:58:27,PL010,MIL0163263,x@x.com,9999123456,9999123451,9999123452,1,1
MP00008680,MP00008680,2023-09-07,13:58:27,PL003,MIL0378899,x@x.com,9999123456,9999123451,9999123452,1,1
MP00008681,MP00008681,2023-09-07,13:58:27,PL006,MIL0230117,x@x.com,9999123456,9999123451,9999123452,1,1
MP00008682,MP00008682,2023-09-07,13:58:27,PL012,MIL0171664,x@x.com,9999123456,9999123451,9999123452,1,1
MP00008683,MP00008683,2023-09-07,13:58:27,PL012,MIL0375534,x@x.com,9999123456,9999123451,9999123452,1,1
MP00008684,MP00008684,2023-09-07,13:58:27,PL008,MIL0329881,x@x.com,9999123456,9999123451,9999123452,1,1
MP00008685,MP00008685,2023-09-07,13:58:27,PL013,MIL0498341,x@x.com,9999123456,9999123451,9999123452,1,1
MP00008686,MP00008686,2023-09-07,13:58:27,PL012,MIL0222122,x@x.com,9999123456,9999123451,9999123452,1,1
MP00008687,MP00008687,2023-09-07,13:58:27,PL013,MIL0298515,x@x.com,9999123456,9999123451,9999123452,1,1
MP00008688,MP00008688,2023-09-07,13:58:27,PL013,MIL0118136,x@x.com,9999123456,9999123451,9999123452,1,1
MP00008689,MP00008689,2023-09-07,13:58:27,PL001,MIL0057152,x@x.com,9999123456,9999123451,9999123452,1,1
MP00008690,MP00008690,2023-09-07,13:58:27,PL010,MIL0537849,x@x.com,9999123456,9999123451,9999123452,1,1
MP00008691,MP00008691,2023-09-07,13:58:27,PL002,MIL0037951,x@x.com,9999123456,9999123451,9999123452,1,1
MP00008692,MP00008692,2023-09-07,13:58:27,PL001,MIL0245896,x@x.com,9999123456,9999123451,9999123452,1,1
MP00008693,MP00008693,2023-09-07,13:58:27,PL003,MIL0339716,x@x.com,9999123456,9999123451,9999123452,1,1
MP00008694,MP00008694,2023-09-07,13:58:27,PL001,MIL0184339,x@x.com,9999123456,9999123451,9999123452,1,1
MP00008695,MP00008695,2023-09-07,13:58:27,PL013,MIL0038815,x@x.com,9999123456,9999123451,9999123452,1,1
MP00008696,MP00008696,2023-09-07,13:58:27,PL009,MIL0368045,x@x.com,9999123456,9999123451,9999123452,1,1
MP00008697,MP00008697,2023-09-07,13:58:27,PL003,MIL0242350,x@x.com,9999123456,9999123451,9999123452,1,1
MP00008698,MP00008698,2023-09-07,13:58:27,PL001,MIL0404312,x@x.com,9999123456,9999123451,9999123452,1,1
MP00008699,MP00008699,2023-09-07,13:58:27,PL007,MIL0118158,x@x.com,9999123456,9999123451,9999123452,1,1
MP00008700,MP00008700,2023-09-07,13:58:27,PL005,MIL0429866,x@x.com,9999123456,9999123451,9999123452,1,1
MP00008701,MP00008701,2023-09-07,13:58:27,PL009,MIL0332541,x@x.com,9999123456,9999123451,9999123452,1,1
MP00008702,MP00008702,2023-09-07,13:58:27,PL001,MIL0105545,x@x.com,9999123456,9999123451,9999123452,1,1
MP00008703,MP00008703,2023-09-07,13:58:27,PL006,MIL0269345,x@x.com,9999123456,9999123451,9999123452,1,1
MP00008704,MP00008704,2023-09-07,13:58:27,PL002,MIL0147125,x@x.com,9999123456,9999123451,9999123452,1,1
MP00008705,MP00008705,2023-09-07,13:58:27,PL013,MIL0267972,x@x.com,9999123456,9999123451,9999123452,1,1
MP00008706,MP00008706,2023-09-07,13:58:27,PL005,MIL0480598,x@x.com,9999123456,9999123451,9999123452,1,1
MP00008707,MP00008707,2023-09-07,13:58:27,PL010,MIL0484718,x@x.com,9999123456,9999123451,9999123452,1,1
MP00008708,MP00008708,2023-09-07,13:58:27,PL002,MIL0086758,x@x.com,9999123456,9999123451,9999123452,1,1
MP00008709,MP00008709,2023-09-07,13:58:27,PL002,MIL0054226,x@x.com,9999123456,9999123451,9999123452,1,1
MP00008710,MP00008710,2023-09-07,13:58:27,PL007,MIL0094162,x@x.com,9999123456,9999123451,9999123452,1,1
MP00008711,MP00008711,2023-09-07,13:58:27,PL001,MIL0094464,x@x.com,9999123456,9999123451,9999123452,1,1
MP00008712,MP00008712,2023-09-07,13:58:27,PL010,MIL0284694,x@x.com,9999123456,9999123451,9999123452,1,1
MP00008713,MP00008713,2023-09-07,13:58:27,PL009,MIL0425090,x@x.com,9999123456,9999123451,9999123452,1,1
MP00008714,MP00008714,2023-09-07,13:58:27,PL006,MIL0408087,x@x.com,9999123456,9999123451,9999123452,1,1
MP00008715,MP00008715,2023-09-07,13:58:27,PL013,MIL0279450,x@x.com,9999123456,9999123451,9999123452,1,1
MP00008716,MP00008716,2023-09-07,13:58:27,PL012,MIL0329683,x@x.com,9999123456,9999123451,9999123452,1,1
MP00008717,MP00008717,2023-09-07,13:58:27,PL007,MIL0526915,x@x.com,9999123456,9999123451,9999123452,1,1
MP00008718,MP00008718,2023-09-07,13:58:27,PL005,MIL0237470,x@x.com,9999123456,9999123451,9999123452,1,1
MP00008719,MP00008719,2023-09-07,13:58:27,PL009,MIL0566379,x@x.com,9999123456,9999123451,9999123452,1,1
MP00008720,MP00008720,2023-09-07,13:58:27,PL002,MIL0506604,x@x.com,9999123456,9999123451,9999123452,1,1
MP00008721,MP00008721,2023-09-07,13:58:27,PL008,MIL0342244,x@x.com,9999123456,9999123451,9999123452,1,1
MP00008722,MP00008722,2023-09-07,13:58:27,PL007,MIL0209924,x@x.com,9999123456,9999123451,9999123452,1,1
MP00008723,MP00008723,2023-09-07,13:58:27,PL009,MIL0185065,x@x.com,9999123456,9999123451,9999123452,1,1
MP00008724,MP00008724,2023-09-07,13:58:27,PL001,MIL0399985,x@x.com,9999123456,9999123451,9999123452,1,1
MP00008725,MP00008725,2023-09-07,13:58:27,PL009,MIL0520240,x@x.com,9999123456,9999123451,9999123452,1,1
MP00008726,MP00008726,2023-09-07,13:58:27,PL006,MIL0276531,x@x.com,9999123456,9999123451,9999123452,1,1
MP00008727,MP00008727,2023-09-07,13:58:27,PL004,MIL0056230,x@x.com,9999123456,9999123451,9999123452,1,1
MP00008728,MP00008728,2023-09-07,13:58:27,PL006,MIL0517067,x@x.com,9999123456,9999123451,9999123452,1,1
MP00008729,MP00008729,2023-09-07,13:58:27,PL009,MIL0285109,x@x.com,9999123456,9999123451,9999123452,1,1
MP00008730,MP00008730,2023-09-07,13:58:27,PL007,MIL0293140,x@x.com,9999123456,9999123451,9999123452,1,1
MP00008731,MP00008731,2023-09-07,13:58:27,PL002,MIL0009923,x@x.com,9999123456,9999123451,9999123452,1,1
MP00008732,MP00008732,2023-09-07,13:58:27,PL003,MIL0021696,x@x.com,9999123456,9999123451,9999123452,1,1
MP00008733,MP00008733,2023-09-07,13:58:27,PL010,MIL0410204,x@x.com,9999123456,9999123451,9999123452,1,1
MP00008734,MP00008734,2023-09-07,13:58:27,PL005,MIL0392312,x@x.com,9999123456,9999123451,9999123452,1,1
MP00008735,MP00008735,2023-09-07,13:58:27,PL006,MIL0155911,x@x.com,9999123456,9999123451,9999123452,1,1
MP00008736,MP00008736,2023-09-07,13:58:27,PL005,MIL0573958,x@x.com,9999123456,9999123451,9999123452,1,1
MP00008737,MP00008737,2023-09-07,13:58:27,PL009,MIL0463471,x@x.com,9999123456,9999123451,9999123452,1,1
MP00008738,MP00008738,2023-09-07,13:58:27,PL005,MIL0013317,x@x.com,9999123456,9999123451,9999123452,1,1
MP00008739,MP00008739,2023-09-07,13:58:27,PL003,MIL0294404,x@x.com,9999123456,9999123451,9999123452,1,1
MP00008740,MP00008740,2023-09-07,13:58:27,PL003,MIL0075370,x@x.com,9999123456,9999123451,9999123452,1,1
MP00008741,MP00008741,2023-09-07,13:58:27,PL001,MIL0177896,x@x.com,9999123456,9999123451,9999123452,1,1
MP00008742,MP00008742,2023-09-07,13:58:27,PL012,MIL0305420,x@x.com,9999123456,9999123451,9999123452,1,1
MP00008743,MP00008743,2023-09-07,13:58:27,PL001,MIL0162061,x@x.com,9999123456,9999123451,9999123452,1,1
MP00008744,MP00008744,2023-09-07,13:58:27,PL003,MIL0410633,x@x.com,9999123456,9999123451,9999123452,1,1
MP00008745,MP00008745,2023-09-07,13:58:27,PL013,MIL0425297,x@x.com,9999123456,9999123451,9999123452,1,1
MP00008746,MP00008746,2023-09-07,13:58:27,PL008,MIL0130393,x@x.com,9999123456,9999123451,9999123452,1,1
MP00008747,MP00008747,2023-09-07,13:58:27,PL006,MIL0476562,x@x.com,9999123456,9999123451,9999123452,1,1
MP00008748,MP00008748,2023-09-07,13:58:27,PL009,MIL0173704,x@x.com,9999123456,9999123451,9999123452,1,1
MP00008749,MP00008749,2023-09-07,13:58:27,PL007,MIL0000213,x@x.com,9999123456,9999123451,9999123452,1,1
MP00008750,MP00008750,2023-09-07,13:58:27,PL005,MIL0441697,x@x.com,9999123456,9999123451,9999123452,1,1
MP00008751,MP00008751,2023-09-07,13:58:27,PL003,MIL0233600,x@x.com,9999123456,9999123451,9999123452,1,1
MP00008752,MP00008752,2023-09-07,13:58:27,PL005,MIL0140961,x@x.com,9999123456,9999123451,9999123452,1,1
MP00008753,MP00008753,2023-09-07,13:58:27,PL006,MIL0242638,x@x.com,9999123456,9999123451,9999123452,1,1
MP00008754,MP00008754,2023-09-07,13:58:27,PL007,MIL0092515,x@x.com,9999123456,9999123451,9999123452,1,1
MP00008755,MP00008755,2023-09-07,13:58:27,PL004,MIL0403864,x@x.com,9999123456,9999123451,9999123452,1,1
MP00008756,MP00008756,2023-09-07,13:58:27,PL010,MIL0275429,x@x.com,9999123456,9999123451,9999123452,1,1
MP00008757,MP00008757,2023-09-07,13:58:27,PL011,MIL0424526,x@x.com,9999123456,9999123451,9999123452,1,1
MP00008758,MP00008758,2023-09-07,13:58:27,PL007,MIL0440531,x@x.com,9999123456,9999123451,9999123452,1,1
MP00008759,MP00008759,2023-09-07,13:58:27,PL009,MIL0229835,x@x.com,9999123456,9999123451,9999123452,1,1
MP00008760,MP00008760,2023-09-07,13:58:27,PL007,MIL0351577,x@x.com,9999123456,9999123451,9999123452,1,1
MP00008761,MP00008761,2023-09-07,13:58:27,PL007,MIL0553152,x@x.com,9999123456,9999123451,9999123452,1,1
MP00008762,MP00008762,2023-09-07,13:58:27,PL001,MIL0348997,x@x.com,9999123456,9999123451,9999123452,1,1
MP00008763,MP00008763,2023-09-07,13:58:27,PL008,MIL0374402,x@x.com,9999123456,9999123451,9999123452,1,1
MP00008764,MP00008764,2023-09-07,13:58:27,PL002,MIL0005531,x@x.com,9999123456,9999123451,9999123452,1,1
MP00008765,MP00008765,2023-09-07,13:58:27,PL002,MIL0030817,x@x.com,9999123456,9999123451,9999123452,1,1
MP00008766,MP00008766,2023-09-07,13:58:27,PL003,MIL0304417,x@x.com,9999123456,9999123451,9999123452,1,1
MP00008767,MP00008767,2023-09-07,13:58:27,PL001,MIL0579379,x@x.com,9999123456,9999123451,9999123452,1,1
MP00008768,MP00008768,2023-09-07,13:58:27,PL007,MIL0498315,x@x.com,9999123456,9999123451,9999123452,1,1
MP00008769,MP00008769,2023-09-07,13:58:27,PL001,MIL0087389,x@x.com,9999123456,9999123451,9999123452,1,1
MP00008770,MP00008770,2023-09-07,13:58:27,PL011,MIL0323310,x@x.com,9999123456,9999123451,9999123452,1,1
MP00008771,MP00008771,2023-09-07,13:58:27,PL003,MIL0020805,x@x.com,9999123456,9999123451,9999123452,1,1
MP00008772,MP00008772,2023-09-07,13:58:27,PL010,MIL0441797,x@x.com,9999123456,9999123451,9999123452,1,1
MP00008773,MP00008773,2023-09-07,13:58:27,PL010,MIL0083357,x@x.com,9999123456,9999123451,9999123452,1,1
MP00008774,MP00008774,2023-09-07,13:58:27,PL012,MIL0274254,x@x.com,9999123456,9999123451,9999123452,1,1
MP00008775,MP00008775,2023-09-07,13:58:27,PL012,MIL0547659,x@x.com,9999123456,9999123451,9999123452,1,1
MP00008776,MP00008776,2023-09-07,13:58:27,PL002,MIL0567427,x@x.com,9999123456,9999123451,9999123452,1,1
MP00008777,MP00008777,2023-09-07,13:58:27,PL009,MIL0261242,x@x.com,9999123456,9999123451,9999123452,1,1
MP00008778,MP00008778,2023-09-07,13:58:27,PL004,MIL0567050,x@x.com,9999123456,9999123451,9999123452,1,1
MP00008779,MP00008779,2023-09-07,13:58:27,PL005,MIL0146125,x@x.com,9999123456,9999123451,9999123452,1,1
MP00008780,MP00008780,2023-09-07,13:58:27,PL001,MIL0555744,x@x.com,9999123456,9999123451,9999123452,1,1
MP00008781,MP00008781,2023-09-07,13:58:27,PL006,MIL0161554,x@x.com,9999123456,9999123451,9999123452,1,1
MP00008782,MP00008782,2023-09-07,13:58:27,PL009,MIL0038102,x@x.com,9999123456,9999123451,9999123452,1,1
MP00008783,MP00008783,2023-09-07,13:58:27,PL005,MIL0381667,x@x.com,9999123456,9999123451,9999123452,1,1
MP00008784,MP00008784,2023-09-07,13:58:27,PL007,MIL0371044,x@x.com,9999123456,9999123451,9999123452,1,1
MP00008785,MP00008785,2023-09-07,13:58:27,PL004,MIL0547611,x@x.com,9999123456,9999123451,9999123452,1,1
MP00008786,MP00008786,2023-09-07,13:58:27,PL007,MIL0349731,x@x.com,9999123456,9999123451,9999123452,1,1
MP00008787,MP00008787,2023-09-07,13:58:27,PL003,MIL0135354,x@x.com,9999123456,9999123451,9999123452,1,1
MP00008788,MP00008788,2023-09-07,13:58:27,PL004,MIL0237719,x@x.com,9999123456,9999123451,9999123452,1,1
MP00008789,MP00008789,2023-09-07,13:58:27,PL003,MIL0323058,x@x.com,9999123456,9999123451,9999123452,1,1
MP00008790,MP00008790,2023-09-07,13:58:27,PL008,MIL0376503,x@x.com,9999123456,9999123451,9999123452,1,1
MP00008791,MP00008791,2023-09-07,13:58:27,PL009,MIL0255888,x@x.com,9999123456,9999123451,9999123452,1,1
MP00008792,MP00008792,2023-09-07,13:58:27,PL011,MIL0148759,x@x.com,9999123456,9999123451,9999123452,1,1
MP00008793,MP00008793,2023-09-07,13:58:27,PL006,MIL0548456,x@x.com,9999123456,9999123451,9999123452,1,1
MP00008794,MP00008794,2023-09-07,13:58:27,PL005,MIL0277744,x@x.com,9999123456,9999123451,9999123452,1,1
MP00008795,MP00008795,2023-09-07,13:58:27,PL007,MIL0146908,x@x.com,9999123456,9999123451,9999123452,1,1
MP00008796,MP00008796,2023-09-07,13:58:27,PL006,MIL0136747,x@x.com,9999123456,9999123451,9999123452,1,1
MP00008797,MP00008797,2023-09-07,13:58:27,PL009,MIL0363066,x@x.com,9999123456,9999123451,9999123452,1,1
MP00008798,MP00008798,2023-09-07,13:58:27,PL005,MIL0312264,x@x.com,9999123456,9999123451,9999123452,1,1
MP00008799,MP00008799,2023-09-07,13:58:27,PL001,MIL0018020,x@x.com,9999123456,9999123451,9999123452,1,1
MP00008800,MP00008800,2023-09-07,13:58:27,PL003,MIL0376679,x@x.com,9999123456,9999123451,9999123452,1,1
MP00008801,MP00008801,2023-09-07,13:58:27,PL003,MIL0087449,x@x.com,9999123456,9999123451,9999123452,1,1
MP00008802,MP00008802,2023-09-07,13:58:27,PL002,MIL0119741,x@x.com,9999123456,9999123451,9999123452,1,1
MP00008803,MP00008803,2023-09-07,13:58:27,PL005,MIL0046676,x@x.com,9999123456,9999123451,9999123452,1,1
MP00008804,MP00008804,2023-09-07,13:58:27,PL002,MIL0390233,x@x.com,9999123456,9999123451,9999123452,1,1
MP00008805,MP00008805,2023-09-07,13:58:27,PL004,MIL0256043,x@x.com,9999123456,9999123451,9999123452,1,1
MP00008806,MP00008806,2023-09-07,13:58:27,PL004,MIL0146734,x@x.com,9999123456,9999123451,9999123452,1,1
MP00008807,MP00008807,2023-09-07,13:58:27,PL004,MIL0216446,x@x.com,9999123456,9999123451,9999123452,1,1
MP00008808,MP00008808,2023-09-07,13:58:27,PL011,MIL0490703,x@x.com,9999123456,9999123451,9999123452,1,1
MP00008809,MP00008809,2023-09-07,13:58:27,PL003,MIL0153966,x@x.com,9999123456,9999123451,9999123452,1,1
MP00008810,MP00008810,2023-09-07,13:58:27,PL005,MIL0116542,x@x.com,9999123456,9999123451,9999123452,1,1
MP00008811,MP00008811,2023-09-07,13:58:27,PL007,MIL0347709,x@x.com,9999123456,9999123451,9999123452,1,1
MP00008812,MP00008812,2023-09-07,13:58:27,PL006,MIL0262268,x@x.com,9999123456,9999123451,9999123452,1,1
MP00008813,MP00008813,2023-09-07,13:58:27,PL013,MIL0445599,x@x.com,9999123456,9999123451,9999123452,1,1
MP00008814,MP00008814,2023-09-07,13:58:27,PL007,MIL0316348,x@x.com,9999123456,9999123451,9999123452,1,1
MP00008815,MP00008815,2023-09-07,13:58:27,PL013,MIL0461654,x@x.com,9999123456,9999123451,9999123452,1,1
MP00008816,MP00008816,2023-09-07,13:58:27,PL010,MIL0023581,x@x.com,9999123456,9999123451,9999123452,1,1
MP00008817,MP00008817,2023-09-07,13:58:27,PL008,MIL0399511,x@x.com,9999123456,9999123451,9999123452,1,1
MP00008818,MP00008818,2023-09-07,13:58:27,PL007,MIL0074044,x@x.com,9999123456,9999123451,9999123452,1,1
MP00008819,MP00008819,2023-09-07,13:58:27,PL009,MIL0109572,x@x.com,9999123456,9999123451,9999123452,1,1
MP00008820,MP00008820,2023-09-07,13:58:27,PL008,MIL0258088,x@x.com,9999123456,9999123451,9999123452,1,1
MP00008821,MP00008821,2023-09-07,13:58:27,PL012,MIL0186395,x@x.com,9999123456,9999123451,9999123452,1,1
MP00008822,MP00008822,2023-09-07,13:58:27,PL001,MIL0452582,x@x.com,9999123456,9999123451,9999123452,1,1
MP00008823,MP00008823,2023-09-07,13:58:27,PL001,MIL0106882,x@x.com,9999123456,9999123451,9999123452,1,1
MP00008824,MP00008824,2023-09-07,13:58:27,PL007,MIL0462856,x@x.com,9999123456,9999123451,9999123452,1,1
MP00008825,MP00008825,2023-09-07,13:58:27,PL001,MIL0478445,x@x.com,9999123456,9999123451,9999123452,1,1
MP00008826,MP00008826,2023-09-07,13:58:27,PL002,MIL0087159,x@x.com,9999123456,9999123451,9999123452,1,1
MP00008827,MP00008827,2023-09-07,13:58:27,PL007,MIL0124876,x@x.com,9999123456,9999123451,9999123452,1,1
MP00008828,MP00008828,2023-09-07,13:58:27,PL006,MIL0296050,x@x.com,9999123456,9999123451,9999123452,1,1
MP00008829,MP00008829,2023-09-07,13:58:27,PL009,MIL0298751,x@x.com,9999123456,9999123451,9999123452,1,1
MP00008830,MP00008830,2023-09-07,13:58:27,PL004,MIL0296853,x@x.com,9999123456,9999123451,9999123452,1,1
MP00008831,MP00008831,2023-09-07,13:58:27,PL001,MIL0070555,x@x.com,9999123456,9999123451,9999123452,1,1
MP00008832,MP00008832,2023-09-07,13:58:27,PL013,MIL0468522,x@x.com,9999123456,9999123451,9999123452,1,1
MP00008833,MP00008833,2023-09-07,13:58:27,PL008,MIL0303420,x@x.com,9999123456,9999123451,9999123452,1,1
MP00008834,MP00008834,2023-09-07,13:58:27,PL002,MIL0104806,x@x.com,9999123456,9999123451,9999123452,1,1
MP00008835,MP00008835,2023-09-07,13:58:27,PL003,MIL0505908,x@x.com,9999123456,9999123451,9999123452,1,1
MP00008836,MP00008836,2023-09-07,13:58:27,PL002,MIL0051857,x@x.com,9999123456,9999123451,9999123452,1,1
MP00008837,MP00008837,2023-09-07,13:58:27,PL007,MIL0162167,x@x.com,9999123456,9999123451,9999123452,1,1
MP00008838,MP00008838,2023-09-07,13:58:27,PL009,MIL0175964,x@x.com,9999123456,9999123451,9999123452,1,1
MP00008839,MP00008839,2023-09-07,13:58:27,PL011,MIL0083293,x@x.com,9999123456,9999123451,9999123452,1,1
MP00008840,MP00008840,2023-09-07,13:58:27,PL008,MIL0168632,x@x.com,9999123456,9999123451,9999123452,1,1
MP00008841,MP00008841,2023-09-07,13:58:27,PL012,MIL0232933,x@x.com,9999123456,9999123451,9999123452,1,1
MP00008842,MP00008842,2023-09-07,13:58:27,PL012,MIL0401604,x@x.com,9999123456,9999123451,9999123452,1,1
MP00008843,MP00008843,2023-09-07,13:58:27,PL013,MIL0193574,x@x.com,9999123456,9999123451,9999123452,1,1
MP00008844,MP00008844,2023-09-07,13:58:27,PL009,MIL0220462,x@x.com,9999123456,9999123451,9999123452,1,1
MP00008845,MP00008845,2023-09-07,13:58:27,PL003,MIL0470098,x@x.com,9999123456,9999123451,9999123452,1,1
MP00008846,MP00008846,2023-09-07,13:58:27,PL006,MIL0159030,x@x.com,9999123456,9999123451,9999123452,1,1
MP00008847,MP00008847,2023-09-07,13:58:27,PL007,MIL0511776,x@x.com,9999123456,9999123451,9999123452,1,1
MP00008848,MP00008848,2023-09-07,13:58:27,PL002,MIL0577875,x@x.com,9999123456,9999123451,9999123452,1,1
MP00008849,MP00008849,2023-09-07,13:58:27,PL008,MIL0255685,x@x.com,9999123456,9999123451,9999123452,1,1
MP00008850,MP00008850,2023-09-07,13:58:27,PL005,MIL0247641,x@x.com,9999123456,9999123451,9999123452,1,1
MP00008851,MP00008851,2023-09-07,13:58:27,PL012,MIL0536425,x@x.com,9999123456,9999123451,9999123452,1,1
MP00008852,MP00008852,2023-09-07,13:58:27,PL010,MIL0286786,x@x.com,9999123456,9999123451,9999123452,1,1
MP00008853,MP00008853,2023-09-07,13:58:27,PL011,MIL0349115,x@x.com,9999123456,9999123451,9999123452,1,1
MP00008854,MP00008854,2023-09-07,13:58:27,PL008,MIL0514870,x@x.com,9999123456,9999123451,9999123452,1,1
MP00008855,MP00008855,2023-09-07,13:58:27,PL007,MIL0398855,x@x.com,9999123456,9999123451,9999123452,1,1
MP00008856,MP00008856,2023-09-07,13:58:27,PL010,MIL0058834,x@x.com,9999123456,9999123451,9999123452,1,1
MP00008857,MP00008857,2023-09-07,13:58:27,PL010,MIL0507961,x@x.com,9999123456,9999123451,9999123452,1,1
MP00008858,MP00008858,2023-09-07,13:58:27,PL002,MIL0135423,x@x.com,9999123456,9999123451,9999123452,1,1
MP00008859,MP00008859,2023-09-07,13:58:27,PL012,MIL0018055,x@x.com,9999123456,9999123451,9999123452,1,1
MP00008860,MP00008860,2023-09-07,13:58:27,PL005,MIL0534683,x@x.com,9999123456,9999123451,9999123452,1,1
MP00008861,MP00008861,2023-09-07,13:58:27,PL011,MIL0218881,x@x.com,9999123456,9999123451,9999123452,1,1
MP00008862,MP00008862,2023-09-07,13:58:27,PL005,MIL0146647,x@x.com,9999123456,9999123451,9999123452,1,1
MP00008863,MP00008863,2023-09-07,13:58:27,PL007,MIL0314105,x@x.com,9999123456,9999123451,9999123452,1,1
MP00008864,MP00008864,2023-09-07,13:58:27,PL013,MIL0381477,x@x.com,9999123456,9999123451,9999123452,1,1
MP00008865,MP00008865,2023-09-07,13:58:27,PL009,MIL0225931,x@x.com,9999123456,9999123451,9999123452,1,1
MP00008866,MP00008866,2023-09-07,13:58:27,PL005,MIL0051051,x@x.com,9999123456,9999123451,9999123452,1,1
MP00008867,MP00008867,2023-09-07,13:58:27,PL004,MIL0504711,x@x.com,9999123456,9999123451,9999123452,1,1
MP00008868,MP00008868,2023-09-07,13:58:27,PL002,MIL0431232,x@x.com,9999123456,9999123451,9999123452,1,1
MP00008869,MP00008869,2023-09-07,13:58:27,PL006,MIL0413639,x@x.com,9999123456,9999123451,9999123452,1,1
MP00008870,MP00008870,2023-09-07,13:58:27,PL011,MIL0207291,x@x.com,9999123456,9999123451,9999123452,1,1
MP00008871,MP00008871,2023-09-07,13:58:27,PL009,MIL0347203,x@x.com,9999123456,9999123451,9999123452,1,1
MP00008872,MP00008872,2023-09-07,13:58:27,PL012,MIL0101515,x@x.com,9999123456,9999123451,9999123452,1,1
MP00008873,MP00008873,2023-09-07,13:58:27,PL006,MIL0316449,x@x.com,9999123456,9999123451,9999123452,1,1
MP00008874,MP00008874,2023-09-07,13:58:27,PL007,MIL0398432,x@x.com,9999123456,9999123451,9999123452,1,1
MP00008875,MP00008875,2023-09-07,13:58:27,PL012,MIL0345823,x@x.com,9999123456,9999123451,9999123452,1,1
MP00008876,MP00008876,2023-09-07,13:58:27,PL004,MIL0167005,x@x.com,9999123456,9999123451,9999123452,1,1
MP00008877,MP00008877,2023-09-07,13:58:27,PL008,MIL0044405,x@x.com,9999123456,9999123451,9999123452,1,1
MP00008878,MP00008878,2023-09-07,13:58:27,PL007,MIL0507306,x@x.com,9999123456,9999123451,9999123452,1,1
MP00008879,MP00008879,2023-09-07,13:58:27,PL004,MIL0468681,x@x.com,9999123456,9999123451,9999123452,1,1
MP00008880,MP00008880,2023-09-07,13:58:27,PL003,MIL0399416,x@x.com,9999123456,9999123451,9999123452,1,1
MP00008881,MP00008881,2023-09-07,13:58:27,PL009,MIL0566254,x@x.com,9999123456,9999123451,9999123452,1,1
MP00008882,MP00008882,2023-09-07,13:58:27,PL002,MIL0400089,x@x.com,9999123456,9999123451,9999123452,1,1
MP00008883,MP00008883,2023-09-07,13:58:27,PL003,MIL0491289,x@x.com,9999123456,9999123451,9999123452,1,1
MP00008884,MP00008884,2023-09-07,13:58:27,PL001,MIL0055521,x@x.com,9999123456,9999123451,9999123452,1,1
MP00008885,MP00008885,2023-09-07,13:58:27,PL010,MIL0164739,x@x.com,9999123456,9999123451,9999123452,1,1
MP00008886,MP00008886,2023-09-07,13:58:27,PL009,MIL0228540,x@x.com,9999123456,9999123451,9999123452,1,1
MP00008887,MP00008887,2023-09-07,13:58:27,PL005,MIL0273247,x@x.com,9999123456,9999123451,9999123452,1,1
MP00008888,MP00008888,2023-09-07,13:58:27,PL006,MIL0493934,x@x.com,9999123456,9999123451,9999123452,1,1
MP00008889,MP00008889,2023-09-07,13:58:27,PL007,MIL0256224,x@x.com,9999123456,9999123451,9999123452,1,1
MP00008890,MP00008890,2023-09-07,13:58:27,PL001,MIL0372879,x@x.com,9999123456,9999123451,9999123452,1,1
MP00008891,MP00008891,2023-09-07,13:58:27,PL013,MIL0543844,x@x.com,9999123456,9999123451,9999123452,1,1
MP00008892,MP00008892,2023-09-07,13:58:27,PL001,MIL0236019,x@x.com,9999123456,9999123451,9999123452,1,1
MP00008893,MP00008893,2023-09-07,13:58:27,PL002,MIL0232654,x@x.com,9999123456,9999123451,9999123452,1,1
MP00008894,MP00008894,2023-09-07,13:58:27,PL010,MIL0114201,x@x.com,9999123456,9999123451,9999123452,1,1
MP00008895,MP00008895,2023-09-07,13:58:27,PL010,MIL0014239,x@x.com,9999123456,9999123451,9999123452,1,1
MP00008896,MP00008896,2023-09-07,13:58:27,PL011,MIL0073241,x@x.com,9999123456,9999123451,9999123452,1,1
MP00008897,MP00008897,2023-09-07,13:58:27,PL005,MIL0422296,x@x.com,9999123456,9999123451,9999123452,1,1
MP00008898,MP00008898,2023-09-07,13:58:27,PL006,MIL0515745,x@x.com,9999123456,9999123451,9999123452,1,1
MP00008899,MP00008899,2023-09-07,13:58:27,PL003,MIL0151760,x@x.com,9999123456,9999123451,9999123452,1,1
MP00008900,MP00008900,2023-09-07,13:58:27,PL008,MIL0472170,x@x.com,9999123456,9999123451,9999123452,1,1
MP00008901,MP00008901,2023-09-07,13:58:27,PL012,MIL0121041,x@x.com,9999123456,9999123451,9999123452,1,1
MP00008902,MP00008902,2023-09-07,13:58:27,PL013,MIL0225061,x@x.com,9999123456,9999123451,9999123452,1,1
MP00008903,MP00008903,2023-09-07,13:58:27,PL011,MIL0016857,x@x.com,9999123456,9999123451,9999123452,1,1
MP00008904,MP00008904,2023-09-07,13:58:27,PL004,MIL0011058,x@x.com,9999123456,9999123451,9999123452,1,1
MP00008905,MP00008905,2023-09-07,13:58:27,PL012,MIL0289734,x@x.com,9999123456,9999123451,9999123452,1,1
MP00008906,MP00008906,2023-09-07,13:58:27,PL005,MIL0002258,x@x.com,9999123456,9999123451,9999123452,1,1
MP00008907,MP00008907,2023-09-07,13:58:27,PL013,MIL0051799,x@x.com,9999123456,9999123451,9999123452,1,1
MP00008908,MP00008908,2023-09-07,13:58:27,PL004,MIL0272435,x@x.com,9999123456,9999123451,9999123452,1,1
MP00008909,MP00008909,2023-09-07,13:58:27,PL007,MIL0045008,x@x.com,9999123456,9999123451,9999123452,1,1
MP00008910,MP00008910,2023-09-07,13:58:27,PL009,MIL0185975,x@x.com,9999123456,9999123451,9999123452,1,1
MP00008911,MP00008911,2023-09-07,13:58:27,PL001,MIL0100855,x@x.com,9999123456,9999123451,9999123452,1,1
MP00008912,MP00008912,2023-09-07,13:58:27,PL012,MIL0393608,x@x.com,9999123456,9999123451,9999123452,1,1
MP00008913,MP00008913,2023-09-07,13:58:27,PL011,MIL0130959,x@x.com,9999123456,9999123451,9999123452,1,1
MP00008914,MP00008914,2023-09-07,13:58:27,PL005,MIL0259178,x@x.com,9999123456,9999123451,9999123452,1,1
MP00008915,MP00008915,2023-09-07,13:58:27,PL004,MIL0474412,x@x.com,9999123456,9999123451,9999123452,1,1
MP00008916,MP00008916,2023-09-07,13:58:27,PL003,MIL0556713,x@x.com,9999123456,9999123451,9999123452,1,1
MP00008917,MP00008917,2023-09-07,13:58:27,PL005,MIL0379628,x@x.com,9999123456,9999123451,9999123452,1,1
MP00008918,MP00008918,2023-09-07,13:58:27,PL008,MIL0392749,x@x.com,9999123456,9999123451,9999123452,1,1
MP00008919,MP00008919,2023-09-07,13:58:27,PL004,MIL0510018,x@x.com,9999123456,9999123451,9999123452,1,1
MP00008920,MP00008920,2023-09-07,13:58:27,PL012,MIL0419184,x@x.com,9999123456,9999123451,9999123452,1,1
MP00008921,MP00008921,2023-09-07,13:58:27,PL006,MIL0220925,x@x.com,9999123456,9999123451,9999123452,1,1
MP00008922,MP00008922,2023-09-07,13:58:27,PL011,MIL0252407,x@x.com,9999123456,9999123451,9999123452,1,1
MP00008923,MP00008923,2023-09-07,13:58:27,PL012,MIL0012574,x@x.com,9999123456,9999123451,9999123452,1,1
MP00008924,MP00008924,2023-09-07,13:58:27,PL013,MIL0242135,x@x.com,9999123456,9999123451,9999123452,1,1
MP00008925,MP00008925,2023-09-07,13:58:27,PL013,MIL0541861,x@x.com,9999123456,9999123451,9999123452,1,1
MP00008926,MP00008926,2023-09-07,13:58:27,PL010,MIL0492461,x@x.com,9999123456,9999123451,9999123452,1,1
MP00008927,MP00008927,2023-09-07,13:58:27,PL007,MIL0555048,x@x.com,9999123456,9999123451,9999123452,1,1
MP00008928,MP00008928,2023-09-07,13:58:27,PL011,MIL0250909,x@x.com,9999123456,9999123451,9999123452,1,1
MP00008929,MP00008929,2023-09-07,13:58:27,PL011,MIL0433262,x@x.com,9999123456,9999123451,9999123452,1,1
MP00008930,MP00008930,2023-09-07,13:58:27,PL003,MIL0403380,x@x.com,9999123456,9999123451,9999123452,1,1
MP00008931,MP00008931,2023-09-07,13:58:27,PL002,MIL0090582,x@x.com,9999123456,9999123451,9999123452,1,1
MP00008932,MP00008932,2023-09-07,13:58:27,PL011,MIL0458780,x@x.com,9999123456,9999123451,9999123452,1,1
MP00008933,MP00008933,2023-09-07,13:58:27,PL007,MIL0179216,x@x.com,9999123456,9999123451,9999123452,1,1
MP00008934,MP00008934,2023-09-07,13:58:27,PL001,MIL0493867,x@x.com,9999123456,9999123451,9999123452,1,1
MP00008935,MP00008935,2023-09-07,13:58:27,PL008,MIL0217175,x@x.com,9999123456,9999123451,9999123452,1,1
MP00008936,MP00008936,2023-09-07,13:58:27,PL006,MIL0488932,x@x.com,9999123456,9999123451,9999123452,1,1
MP00008937,MP00008937,2023-09-07,13:58:27,PL003,MIL0380362,x@x.com,9999123456,9999123451,9999123452,1,1
MP00008938,MP00008938,2023-09-07,13:58:27,PL011,MIL0189285,x@x.com,9999123456,9999123451,9999123452,1,1
MP00008939,MP00008939,2023-09-07,13:58:27,PL004,MIL0386306,x@x.com,9999123456,9999123451,9999123452,1,1
MP00008940,MP00008940,2023-09-07,13:58:27,PL012,MIL0430674,x@x.com,9999123456,9999123451,9999123452,1,1
MP00008941,MP00008941,2023-09-07,13:58:27,PL007,MIL0445674,x@x.com,9999123456,9999123451,9999123452,1,1
MP00008942,MP00008942,2023-09-07,13:58:27,PL008,MIL0226939,x@x.com,9999123456,9999123451,9999123452,1,1
MP00008943,MP00008943,2023-09-07,13:58:27,PL010,MIL0172133,x@x.com,9999123456,9999123451,9999123452,1,1
MP00008944,MP00008944,2023-09-07,13:58:27,PL002,MIL0476144,x@x.com,9999123456,9999123451,9999123452,1,1
MP00008945,MP00008945,2023-09-07,13:58:27,PL006,MIL0541116,x@x.com,9999123456,9999123451,9999123452,1,1
MP00008946,MP00008946,2023-09-07,13:58:27,PL007,MIL0381791,x@x.com,9999123456,9999123451,9999123452,1,1
MP00008947,MP00008947,2023-09-07,13:58:27,PL012,MIL0231989,x@x.com,9999123456,9999123451,9999123452,1,1
MP00008948,MP00008948,2023-09-07,13:58:27,PL010,MIL0366660,x@x.com,9999123456,9999123451,9999123452,1,1
MP00008949,MP00008949,2023-09-07,13:58:27,PL012,MIL0086569,x@x.com,9999123456,9999123451,9999123452,1,1
MP00008950,MP00008950,2023-09-07,13:58:27,PL012,MIL0551542,x@x.com,9999123456,9999123451,9999123452,1,1
MP00008951,MP00008951,2023-09-07,13:58:27,PL011,MIL0214909,x@x.com,9999123456,9999123451,9999123452,1,1
MP00008952,MP00008952,2023-09-07,13:58:27,PL009,MIL0124853,x@x.com,9999123456,9999123451,9999123452,1,1
MP00008953,MP00008953,2023-09-07,13:58:27,PL008,MIL0105285,x@x.com,9999123456,9999123451,9999123452,1,1
MP00008954,MP00008954,2023-09-07,13:58:27,PL008,MIL0581189,x@x.com,9999123456,9999123451,9999123452,1,1
MP00008955,MP00008955,2023-09-07,13:58:27,PL011,MIL0044657,x@x.com,9999123456,9999123451,9999123452,1,1
MP00008956,MP00008956,2023-09-07,13:58:27,PL003,MIL0208654,x@x.com,9999123456,9999123451,9999123452,1,1
MP00008957,MP00008957,2023-09-07,13:58:27,PL013,MIL0066177,x@x.com,9999123456,9999123451,9999123452,1,1
MP00008958,MP00008958,2023-09-07,13:58:27,PL008,MIL0122327,x@x.com,9999123456,9999123451,9999123452,1,1
MP00008959,MP00008959,2023-09-07,13:58:27,PL002,MIL0359456,x@x.com,9999123456,9999123451,9999123452,1,1
MP00008960,MP00008960,2023-09-07,13:58:27,PL006,MIL0307885,x@x.com,9999123456,9999123451,9999123452,1,1
MP00008961,MP00008961,2023-09-07,13:58:27,PL010,MIL0487094,x@x.com,9999123456,9999123451,9999123452,1,1
MP00008962,MP00008962,2023-09-07,13:58:27,PL003,MIL0273802,x@x.com,9999123456,9999123451,9999123452,1,1
MP00008963,MP00008963,2023-09-07,13:58:27,PL013,MIL0238962,x@x.com,9999123456,9999123451,9999123452,1,1
MP00008964,MP00008964,2023-09-07,13:58:27,PL012,MIL0063021,x@x.com,9999123456,9999123451,9999123452,1,1
MP00008965,MP00008965,2023-09-07,13:58:27,PL001,MIL0336621,x@x.com,9999123456,9999123451,9999123452,1,1
MP00008966,MP00008966,2023-09-07,13:58:27,PL009,MIL0166245,x@x.com,9999123456,9999123451,9999123452,1,1
MP00008967,MP00008967,2023-09-07,13:58:27,PL002,MIL0270730,x@x.com,9999123456,9999123451,9999123452,1,1
MP00008968,MP00008968,2023-09-07,13:58:27,PL002,MIL0167500,x@x.com,9999123456,9999123451,9999123452,1,1
MP00008969,MP00008969,2023-09-07,13:58:27,PL013,MIL0513690,x@x.com,9999123456,9999123451,9999123452,1,1
MP00008970,MP00008970,2023-09-07,13:58:27,PL007,MIL0397981,x@x.com,9999123456,9999123451,9999123452,1,1
MP00008971,MP00008971,2023-09-07,13:58:27,PL011,MIL0345674,x@x.com,9999123456,9999123451,9999123452,1,1
MP00008972,MP00008972,2023-09-07,13:58:27,PL008,MIL0357577,x@x.com,9999123456,9999123451,9999123452,1,1
MP00008973,MP00008973,2023-09-07,13:58:27,PL007,MIL0238741,x@x.com,9999123456,9999123451,9999123452,1,1
MP00008974,MP00008974,2023-09-07,13:58:27,PL002,MIL0342700,x@x.com,9999123456,9999123451,9999123452,1,1
MP00008975,MP00008975,2023-09-07,13:58:27,PL002,MIL0256091,x@x.com,9999123456,9999123451,9999123452,1,1
MP00008976,MP00008976,2023-09-07,13:58:27,PL002,MIL0358477,x@x.com,9999123456,9999123451,9999123452,1,1
MP00008977,MP00008977,2023-09-07,13:58:27,PL009,MIL0169204,x@x.com,9999123456,9999123451,9999123452,1,1
MP00008978,MP00008978,2023-09-07,13:58:27,PL007,MIL0575676,x@x.com,9999123456,9999123451,9999123452,1,1
MP00008979,MP00008979,2023-09-07,13:58:27,PL012,MIL0100027,x@x.com,9999123456,9999123451,9999123452,1,1
MP00008980,MP00008980,2023-09-07,13:58:27,PL007,MIL0099932,x@x.com,9999123456,9999123451,9999123452,1,1
MP00008981,MP00008981,2023-09-07,13:58:27,PL010,MIL0246220,x@x.com,9999123456,9999123451,9999123452,1,1
MP00008982,MP00008982,2023-09-07,13:58:27,PL005,MIL0391873,x@x.com,9999123456,9999123451,9999123452,1,1
MP00008983,MP00008983,2023-09-07,13:58:27,PL008,MIL0555379,x@x.com,9999123456,9999123451,9999123452,1,1
MP00008984,MP00008984,2023-09-07,13:58:27,PL008,MIL0261229,x@x.com,9999123456,9999123451,9999123452,1,1
MP00008985,MP00008985,2023-09-07,13:58:27,PL001,MIL0373422,x@x.com,9999123456,9999123451,9999123452,1,1
MP00008986,MP00008986,2023-09-07,13:58:27,PL013,MIL0394625,x@x.com,9999123456,9999123451,9999123452,1,1
MP00008987,MP00008987,2023-09-07,13:58:27,PL006,MIL0493911,x@x.com,9999123456,9999123451,9999123452,1,1
MP00008988,MP00008988,2023-09-07,13:58:27,PL006,MIL0074168,x@x.com,9999123456,9999123451,9999123452,1,1
MP00008989,MP00008989,2023-09-07,13:58:27,PL001,MIL0050189,x@x.com,9999123456,9999123451,9999123452,1,1
MP00008990,MP00008990,2023-09-07,13:58:27,PL007,MIL0145640,x@x.com,9999123456,9999123451,9999123452,1,1
MP00008991,MP00008991,2023-09-07,13:58:27,PL002,MIL0367400,x@x.com,9999123456,9999123451,9999123452,1,1
