clave,folio,fecha,hora,clave_partido_legado,clave_ciudadano,correo_electronico,whatsapp,telefono,celular,obseravaciones,status
clave,folio,fecha,hora,clave_partido_legado,clave_ciudadano,correo_electronico,whatsapp,telefono,celular,obseravaciones,status
MP00019981,MP00019981,2023-09-07,13:58:27,PL007,MIL0029914,x@x.com,9999123456,9999123451,9999123452,1,1
MP00019982,MP00019982,2023-09-07,13:58:27,PL009,MIL0058831,x@x.com,9999123456,9999123451,9999123452,1,1
MP00019983,MP00019983,2023-09-07,13:58:27,PL009,MIL0164761,x@x.com,9999123456,9999123451,9999123452,1,1
MP00019984,MP00019984,2023-09-07,13:58:27,PL005,MIL0363083,x@x.com,9999123456,9999123451,9999123452,1,1
MP00019985,MP00019985,2023-09-07,13:58:27,PL005,MIL0151754,x@x.com,9999123456,9999123451,9999123452,1,1
MP00019986,MP00019986,2023-09-07,13:58:27,PL006,MIL0543480,x@x.com,9999123456,9999123451,9999123452,1,1
MP00019987,MP00019987,2023-09-07,13:58:27,PL007,MIL0084533,x@x.com,9999123456,9999123451,9999123452,1,1
MP00019988,MP00019988,2023-09-07,13:58:27,PL010,MIL0479642,x@x.com,9999123456,9999123451,9999123452,1,1
MP00019989,MP00019989,2023-09-07,13:58:27,PL004,MIL0463682,x@x.com,9999123456,9999123451,9999123452,1,1
MP00019990,MP00019990,2023-09-07,13:58:27,PL010,MIL0132884,x@x.com,9999123456,9999123451,9999123452,1,1
MP00019991,MP00019991,2023-09-07,13:58:27,PL007,MIL0562812,x@x.com,9999123456,9999123451,9999123452,1,1
MP00019992,MP00019992,2023-09-07,13:58:27,PL007,MIL0421524,x@x.com,9999123456,9999123451,9999123452,1,1
MP00019993,MP00019993,2023-09-07,13:58:27,PL005,MIL0168198,x@x.com,9999123456,9999123451,9999123452,1,1
MP00019994,MP00019994,2023-09-07,13:58:27,PL008,MIL0103993,x@x.com,9999123456,9999123451,9999123452,1,1
MP00019995,MP00019995,2023-09-07,13:58:27,PL004,MIL0518918,x@x.com,9999123456,9999123451,9999123452,1,1
MP00019996,MP00019996,2023-09-07,13:58:27,PL007,MIL0425127,x@x.com,9999123456,9999123451,9999123452,1,1
MP00019997,MP00019997,2023-09-07,13:58:27,PL003,MIL0259500,x@x.com,9999123456,9999123451,9999123452,1,1
MP00019998,MP00019998,2023-09-07,13:58:27,PL002,MIL0280924,x@x.com,9999123456,9999123451,9999123452,1,1
MP00019999,MP00019999,2023-09-07,13:58:27,PL003,MIL0157907,x@x.com,9999123456,9999123451,9999123452,1,1
MP00020000,MP00020000,2023-09-07,13:58:27,PL013,MIL0255483,x@x.com,9999123456,9999123451,9999123452,1,1
MP00020001,MP00020001,2023-09-07,13:58:27,PL010,MIL0073411,x@x.com,9999123456,9999123451,9999123452,1,1
MP00020002,MP00020002,2023-09-07,13:58:27,PL013,MIL0170901,x@x.com,9999123456,9999123451,9999123452,1,1
MP00020003,MP00020003,2023-09-07,13:58:27,PL002,MIL0170824,x@x.com,9999123456,9999123451,9999123452,1,1
MP00020004,MP00020004,2023-09-07,13:58:27,PL013,MIL0322495,x@x.com,9999123456,9999123451,9999123452,1,1
MP00020005,MP00020005,2023-09-07,13:58:27,PL009,MIL0290234,x@x.com,9999123456,9999123451,9999123452,1,1
MP00020006,MP00020006,2023-09-07,13:58:27,PL010,MIL0118549,x@x.com,9999123456,9999123451,9999123452,1,1
MP00020007,MP00020007,2023-09-07,13:58:27,PL013,MIL0261148,x@x.com,9999123456,9999123451,9999123452,1,1
MP00020008,MP00020008,2023-09-07,13:58:27,PL004,MIL0530031,x@x.com,9999123456,9999123451,9999123452,1,1
MP00020009,MP00020009,2023-09-07,13:58:27,PL001,MIL0055741,x@x.com,9999123456,9999123451,9999123452,1,1
MP00020010,MP00020010,2023-09-07,13:58:27,PL005,MIL0144184,x@x.com,9999123456,9999123451,9999123452,1,1
MP00020011,MP00020011,2023-09-07,13:58:27,PL001,MIL0255629,x@x.com,9999123456,9999123451,9999123452,1,1
MP00020012,MP00020012,2023-09-07,13:58:27,PL011,MIL0272193,x@x.com,9999123456,9999123451,9999123452,1,1
MP00020013,MP00020013,2023-09-07,13:58:27,PL010,MIL0132899,x@x.com,9999123456,9999123451,9999123452,1,1
MP00020014,MP00020014,2023-09-07,13:58:27,PL007,MIL0263516,x@x.com,9999123456,9999123451,9999123452,1,1
MP00020015,MP00020015,2023-09-07,13:58:27,PL001,MIL0099104,x@x.com,9999123456,9999123451,9999123452,1,1
MP00020016,MP00020016,2023-09-07,13:58:27,PL011,MIL0311283,x@x.com,9999123456,9999123451,9999123452,1,1
MP00020017,MP00020017,2023-09-07,13:58:27,PL006,MIL0326321,x@x.com,9999123456,9999123451,9999123452,1,1
MP00020018,MP00020018,2023-09-07,13:58:27,PL013,MIL0576759,x@x.com,9999123456,9999123451,9999123452,1,1
MP00020019,MP00020019,2023-09-07,13:58:27,PL009,MIL0430468,x@x.com,9999123456,9999123451,9999123452,1,1
MP00020020,MP00020020,2023-09-07,13:58:27,PL009,MIL0445064,x@x.com,9999123456,9999123451,9999123452,1,1
MP00020021,MP00020021,2023-09-07,13:58:27,PL009,MIL0321069,x@x.com,9999123456,9999123451,9999123452,1,1
MP00020022,MP00020022,2023-09-07,13:58:27,PL005,MIL0048073,x@x.com,9999123456,9999123451,9999123452,1,1
MP00020023,MP00020023,2023-09-07,13:58:27,PL002,MIL0201438,x@x.com,9999123456,9999123451,9999123452,1,1
MP00020024,MP00020024,2023-09-07,13:58:27,PL013,MIL0481758,x@x.com,9999123456,9999123451,9999123452,1,1
MP00020025,MP00020025,2023-09-07,13:58:27,PL006,MIL0096363,x@x.com,9999123456,9999123451,9999123452,1,1
MP00020026,MP00020026,2023-09-07,13:58:27,PL001,MIL0576261,x@x.com,9999123456,9999123451,9999123452,1,1
MP00020027,MP00020027,2023-09-07,13:58:27,PL009,MIL0245847,x@x.com,9999123456,9999123451,9999123452,1,1
MP00020028,MP00020028,2023-09-07,13:58:27,PL001,MIL0302249,x@x.com,9999123456,9999123451,9999123452,1,1
MP00020029,MP00020029,2023-09-07,13:58:27,PL004,MIL0442321,x@x.com,9999123456,9999123451,9999123452,1,1
MP00020030,MP00020030,2023-09-07,13:58:27,PL013,MIL0371494,x@x.com,9999123456,9999123451,9999123452,1,1
MP00020031,MP00020031,2023-09-07,13:58:27,PL002,MIL0072463,x@x.com,9999123456,9999123451,9999123452,1,1
MP00020032,MP00020032,2023-09-07,13:58:27,PL012,MIL0430074,x@x.com,9999123456,9999123451,9999123452,1,1
MP00020033,MP00020033,2023-09-07,13:58:27,PL008,MIL0017985,x@x.com,9999123456,9999123451,9999123452,1,1
MP00020034,MP00020034,2023-09-07,13:58:27,PL009,MIL0310270,x@x.com,9999123456,9999123451,9999123452,1,1
MP00020035,MP00020035,2023-09-07,13:58:27,PL010,MIL0179246,x@x.com,9999123456,9999123451,9999123452,1,1
MP00020036,MP00020036,2023-09-07,13:58:27,PL008,MIL0232494,x@x.com,9999123456,9999123451,9999123452,1,1
MP00020037,MP00020037,2023-09-07,13:58:27,PL009,MIL0071972,x@x.com,9999123456,9999123451,9999123452,1,1
MP00020038,MP00020038,2023-09-07,13:58:27,PL003,MIL0305064,x@x.com,9999123456,9999123451,9999123452,1,1
MP00020039,MP00020039,2023-09-07,13:58:27,PL008,MIL0209239,x@x.com,9999123456,9999123451,9999123452,1,1
MP00020040,MP00020040,2023-09-07,13:58:27,PL006,MIL0313172,x@x.com,9999123456,9999123451,9999123452,1,1
MP00020041,MP00020041,2023-09-07,13:58:27,PL006,MIL0116000,x@x.com,9999123456,9999123451,9999123452,1,1
MP00020042,MP00020042,2023-09-07,13:58:27,PL003,MIL0086850,x@x.com,9999123456,9999123451,9999123452,1,1
MP00020043,MP00020043,2023-09-07,13:58:27,PL012,MIL0446771,x@x.com,9999123456,9999123451,9999123452,1,1
MP00020044,MP00020044,2023-09-07,13:58:27,PL002,MIL0330585,x@x.com,9999123456,9999123451,9999123452,1,1
MP00020045,MP00020045,2023-09-07,13:58:27,PL010,MIL0018733,x@x.com,9999123456,9999123451,9999123452,1,1
MP00020046,MP00020046,2023-09-07,13:58:27,PL003,MIL0153550,x@x.com,9999123456,9999123451,9999123452,1,1
MP00020047,MP00020047,2023-09-07,13:58:27,PL008,MIL0295363,x@x.com,9999123456,9999123451,9999123452,1,1
MP00020048,MP00020048,2023-09-07,13:58:27,PL001,MIL0103707,x@x.com,9999123456,9999123451,9999123452,1,1
MP00020049,MP00020049,2023-09-07,13:58:27,PL011,MIL0214557,x@x.com,9999123456,9999123451,9999123452,1,1
MP00020050,MP00020050,2023-09-07,13:58:27,PL009,MIL0191558,x@x.com,9999123456,9999123451,9999123452,1,1
MP00020051,MP00020051,2023-09-07,13:58:27,PL011,MIL0010349,x@x.com,9999123456,9999123451,9999123452,1,1
MP00020052,MP00020052,2023-09-07,13:58:27,PL012,MIL0228241,x@x.com,9999123456,9999123451,9999123452,1,1
MP00020053,MP00020053,2023-09-07,13:58:27,PL010,MIL0302491,x@x.com,9999123456,9999123451,9999123452,1,1
MP00020054,MP00020054,2023-09-07,13:58:27,PL001,MIL0517952,x@x.com,9999123456,9999123451,9999123452,1,1
MP00020055,MP00020055,2023-09-07,13:58:27,PL006,MIL0550855,x@x.com,9999123456,9999123451,9999123452,1,1
MP00020056,MP00020056,2023-09-07,13:58:27,PL007,MIL0389836,x@x.com,9999123456,9999123451,9999123452,1,1
MP00020057,MP00020057,2023-09-07,13:58:27,PL009,MIL0031478,x@x.com,9999123456,9999123451,9999123452,1,1
MP00020058,MP00020058,2023-09-07,13:58:27,PL007,MIL0339407,x@x.com,9999123456,9999123451,9999123452,1,1
MP00020059,MP00020059,2023-09-07,13:58:27,PL009,MIL0242823,x@x.com,9999123456,9999123451,9999123452,1,1
MP00020060,MP00020060,2023-09-07,13:58:27,PL006,MIL0405051,x@x.com,9999123456,9999123451,9999123452,1,1
MP00020061,MP00020061,2023-09-07,13:58:27,PL013,MIL0561551,x@x.com,9999123456,9999123451,9999123452,1,1
MP00020062,MP00020062,2023-09-07,13:58:27,PL010,MIL0234416,x@x.com,9999123456,9999123451,9999123452,1,1
MP00020063,MP00020063,2023-09-07,13:58:27,PL004,MIL0554509,x@x.com,9999123456,9999123451,9999123452,1,1
MP00020064,MP00020064,2023-09-07,13:58:27,PL001,MIL0296852,x@x.com,9999123456,9999123451,9999123452,1,1
MP00020065,MP00020065,2023-09-07,13:58:27,PL001,MIL0392887,x@x.com,9999123456,9999123451,9999123452,1,1
MP00020066,MP00020066,2023-09-07,13:58:27,PL004,MIL0202102,x@x.com,9999123456,9999123451,9999123452,1,1
MP00020067,MP00020067,2023-09-07,13:58:27,PL013,MIL0120734,x@x.com,9999123456,9999123451,9999123452,1,1
MP00020068,MP00020068,2023-09-07,13:58:27,PL008,MIL0490917,x@x.com,9999123456,9999123451,9999123452,1,1
MP00020069,MP00020069,2023-09-07,13:58:27,PL007,MIL0148344,x@x.com,9999123456,9999123451,9999123452,1,1
MP00020070,MP00020070,2023-09-07,13:58:27,PL012,MIL0312346,x@x.com,9999123456,9999123451,9999123452,1,1
MP00020071,MP00020071,2023-09-07,13:58:27,PL003,MIL0263887,x@x.com,9999123456,9999123451,9999123452,1,1
MP00020072,MP00020072,2023-09-07,13:58:27,PL005,MIL0229007,x@x.com,9999123456,9999123451,9999123452,1,1
MP00020073,MP00020073,2023-09-07,13:58:27,PL006,MIL0076947,x@x.com,9999123456,9999123451,9999123452,1,1
MP00020074,MP00020074,2023-09-07,13:58:27,PL007,MIL0311171,x@x.com,9999123456,9999123451,9999123452,1,1
MP00020075,MP00020075,2023-09-07,13:58:27,PL013,MIL0016743,x@x.com,9999123456,9999123451,9999123452,1,1
MP00020076,MP00020076,2023-09-07,13:58:27,PL004,MIL0234813,x@x.com,9999123456,9999123451,9999123452,1,1
MP00020077,MP00020077,2023-09-07,13:58:27,PL007,MIL0510560,x@x.com,9999123456,9999123451,9999123452,1,1
MP00020078,MP00020078,2023-09-07,13:58:27,PL010,MIL0407799,x@x.com,9999123456,9999123451,9999123452,1,1
MP00020079,MP00020079,2023-09-07,13:58:27,PL006,MIL0568635,x@x.com,9999123456,9999123451,9999123452,1,1
MP00020080,MP00020080,2023-09-07,13:58:27,PL005,MIL0430628,x@x.com,9999123456,9999123451,9999123452,1,1
MP00020081,MP00020081,2023-09-07,13:58:27,PL009,MIL0069675,x@x.com,9999123456,9999123451,9999123452,1,1
MP00020082,MP00020082,2023-09-07,13:58:27,PL010,MIL0422487,x@x.com,9999123456,9999123451,9999123452,1,1
MP00020083,MP00020083,2023-09-07,13:58:27,PL004,MIL0182301,x@x.com,9999123456,9999123451,9999123452,1,1
MP00020084,MP00020084,2023-09-07,13:58:27,PL013,MIL0569698,x@x.com,9999123456,9999123451,9999123452,1,1
MP00020085,MP00020085,2023-09-07,13:58:27,PL004,MIL0360727,x@x.com,9999123456,9999123451,9999123452,1,1
MP00020086,MP00020086,2023-09-07,13:58:27,PL004,MIL0189966,x@x.com,9999123456,9999123451,9999123452,1,1
MP00020087,MP00020087,2023-09-07,13:58:27,PL012,MIL0080614,x@x.com,9999123456,9999123451,9999123452,1,1
MP00020088,MP00020088,2023-09-07,13:58:27,PL004,MIL0317115,x@x.com,9999123456,9999123451,9999123452,1,1
MP00020089,MP00020089,2023-09-07,13:58:27,PL006,MIL0373420,x@x.com,9999123456,9999123451,9999123452,1,1
MP00020090,MP00020090,2023-09-07,13:58:27,PL002,MIL0070270,x@x.com,9999123456,9999123451,9999123452,1,1
MP00020091,MP00020091,2023-09-07,13:58:27,PL005,MIL0540690,x@x.com,9999123456,9999123451,9999123452,1,1
MP00020092,MP00020092,2023-09-07,13:58:27,PL010,MIL0078303,x@x.com,9999123456,9999123451,9999123452,1,1
MP00020093,MP00020093,2023-09-07,13:58:27,PL010,MIL0035655,x@x.com,9999123456,9999123451,9999123452,1,1
MP00020094,MP00020094,2023-09-07,13:58:27,PL010,MIL0094280,x@x.com,9999123456,9999123451,9999123452,1,1
MP00020095,MP00020095,2023-09-07,13:58:27,PL006,MIL0399390,x@x.com,9999123456,9999123451,9999123452,1,1
MP00020096,MP00020096,2023-09-07,13:58:27,PL009,MIL0432401,x@x.com,9999123456,9999123451,9999123452,1,1
MP00020097,MP00020097,2023-09-07,13:58:27,PL002,MIL0187442,x@x.com,9999123456,9999123451,9999123452,1,1
MP00020098,MP00020098,2023-09-07,13:58:27,PL004,MIL0027514,x@x.com,9999123456,9999123451,9999123452,1,1
MP00020099,MP00020099,2023-09-07,13:58:27,PL012,MIL0185378,x@x.com,9999123456,9999123451,9999123452,1,1
MP00020100,MP00020100,2023-09-07,13:58:27,PL006,MIL0155990,x@x.com,9999123456,9999123451,9999123452,1,1
MP00020101,MP00020101,2023-09-07,13:58:27,PL004,MIL0516461,x@x.com,9999123456,9999123451,9999123452,1,1
MP00020102,MP00020102,2023-09-07,13:58:27,PL002,MIL0297369,x@x.com,9999123456,9999123451,9999123452,1,1
MP00020103,MP00020103,2023-09-07,13:58:27,PL002,MIL0053452,x@x.com,9999123456,9999123451,9999123452,1,1
MP00020104,MP00020104,2023-09-07,13:58:27,PL009,MIL0514423,x@x.com,9999123456,9999123451,9999123452,1,1
MP00020105,MP00020105,2023-09-07,13:58:27,PL013,MIL0345503,x@x.com,9999123456,9999123451,9999123452,1,1
MP00020106,MP00020106,2023-09-07,13:58:27,PL004,MIL0302794,x@x.com,9999123456,9999123451,9999123452,1,1
MP00020107,MP00020107,2023-09-07,13:58:27,PL008,MIL0230112,x@x.com,9999123456,9999123451,9999123452,1,1
MP00020108,MP00020108,2023-09-07,13:58:27,PL011,MIL0343965,x@x.com,9999123456,9999123451,9999123452,1,1
MP00020109,MP00020109,2023-09-07,13:58:27,PL006,MIL0064967,x@x.com,9999123456,9999123451,9999123452,1,1
MP00020110,MP00020110,2023-09-07,13:58:27,PL011,MIL0178108,x@x.com,9999123456,9999123451,9999123452,1,1
MP00020111,MP00020111,2023-09-07,13:58:27,PL009,MIL0473168,x@x.com,9999123456,9999123451,9999123452,1,1
MP00020112,MP00020112,2023-09-07,13:58:27,PL010,MIL0417004,x@x.com,9999123456,9999123451,9999123452,1,1
MP00020113,MP00020113,2023-09-07,13:58:27,PL006,MIL0032778,x@x.com,9999123456,9999123451,9999123452,1,1
MP00020114,MP00020114,2023-09-07,13:58:27,PL002,MIL0077909,x@x.com,9999123456,9999123451,9999123452,1,1
MP00020115,MP00020115,2023-09-07,13:58:27,PL008,MIL0032512,x@x.com,9999123456,9999123451,9999123452,1,1
MP00020116,MP00020116,2023-09-07,13:58:27,PL005,MIL0098816,x@x.com,9999123456,9999123451,9999123452,1,1
MP00020117,MP00020117,2023-09-07,13:58:27,PL008,MIL0279010,x@x.com,9999123456,9999123451,9999123452,1,1
MP00020118,MP00020118,2023-09-07,13:58:27,PL008,MIL0232139,x@x.com,9999123456,9999123451,9999123452,1,1
MP00020119,MP00020119,2023-09-07,13:58:27,PL001,MIL0041258,x@x.com,9999123456,9999123451,9999123452,1,1
MP00020120,MP00020120,2023-09-07,13:58:27,PL010,MIL0511894,x@x.com,9999123456,9999123451,9999123452,1,1
MP00020121,MP00020121,2023-09-07,13:58:27,PL005,MIL0054932,x@x.com,9999123456,9999123451,9999123452,1,1
MP00020122,MP00020122,2023-09-07,13:58:27,PL011,MIL0288313,x@x.com,9999123456,9999123451,9999123452,1,1
MP00020123,MP00020123,2023-09-07,13:58:27,PL003,MIL0284870,x@x.com,9999123456,9999123451,9999123452,1,1
MP00020124,MP00020124,2023-09-07,13:58:27,PL007,MIL0127770,x@x.com,9999123456,9999123451,9999123452,1,1
MP00020125,MP00020125,2023-09-07,13:58:27,PL012,MIL0111003,x@x.com,9999123456,9999123451,9999123452,1,1
MP00020126,MP00020126,2023-09-07,13:58:27,PL002,MIL0334099,x@x.com,9999123456,9999123451,9999123452,1,1
MP00020127,MP00020127,2023-09-07,13:58:27,PL005,MIL0423879,x@x.com,9999123456,9999123451,9999123452,1,1
MP00020128,MP00020128,2023-09-07,13:58:27,PL010,MIL0469420,x@x.com,9999123456,9999123451,9999123452,1,1
MP00020129,MP00020129,2023-09-07,13:58:27,PL007,MIL0428318,x@x.com,9999123456,9999123451,9999123452,1,1
MP00020130,MP00020130,2023-09-07,13:58:27,PL005,MIL0579998,x@x.com,9999123456,9999123451,9999123452,1,1
MP00020131,MP00020131,2023-09-07,13:58:27,PL006,MIL0370955,x@x.com,9999123456,9999123451,9999123452,1,1
MP00020132,MP00020132,2023-09-07,13:58:27,PL004,MIL0553355,x@x.com,9999123456,9999123451,9999123452,1,1
MP00020133,MP00020133,2023-09-07,13:58:27,PL002,MIL0489430,x@x.com,9999123456,9999123451,9999123452,1,1
MP00020134,MP00020134,2023-09-07,13:58:27,PL011,MIL0400700,x@x.com,9999123456,9999123451,9999123452,1,1
MP00020135,MP00020135,2023-09-07,13:58:27,PL003,MIL0364832,x@x.com,9999123456,9999123451,9999123452,1,1
MP00020136,MP00020136,2023-09-07,13:58:27,PL009,MIL0546797,x@x.com,9999123456,9999123451,9999123452,1,1
MP00020137,MP00020137,2023-09-07,13:58:27,PL009,MIL0549455,x@x.com,9999123456,9999123451,9999123452,1,1
MP00020138,MP00020138,2023-09-07,13:58:27,PL002,MIL0508868,x@x.com,9999123456,9999123451,9999123452,1,1
MP00020139,MP00020139,2023-09-07,13:58:27,PL011,MIL0068551,x@x.com,9999123456,9999123451,9999123452,1,1
MP00020140,MP00020140,2023-09-07,13:58:27,PL005,MIL0333457,x@x.com,9999123456,9999123451,9999123452,1,1
MP00020141,MP00020141,2023-09-07,13:58:27,PL013,MIL0562197,x@x.com,9999123456,9999123451,9999123452,1,1
MP00020142,MP00020142,2023-09-07,13:58:27,PL004,MIL0311626,x@x.com,9999123456,9999123451,9999123452,1,1
MP00020143,MP00020143,2023-09-07,13:58:27,PL001,MIL0026756,x@x.com,9999123456,9999123451,9999123452,1,1
MP00020144,MP00020144,2023-09-07,13:58:27,PL005,MIL0576351,x@x.com,9999123456,9999123451,9999123452,1,1
MP00020145,MP00020145,2023-09-07,13:58:27,PL003,MIL0506388,x@x.com,9999123456,9999123451,9999123452,1,1
MP00020146,MP00020146,2023-09-07,13:58:27,PL002,MIL0157511,x@x.com,9999123456,9999123451,9999123452,1,1
MP00020147,MP00020147,2023-09-07,13:58:27,PL005,MIL0107400,x@x.com,9999123456,9999123451,9999123452,1,1
MP00020148,MP00020148,2023-09-07,13:58:27,PL013,MIL0284490,x@x.com,9999123456,9999123451,9999123452,1,1
MP00020149,MP00020149,2023-09-07,13:58:27,PL002,MIL0031541,x@x.com,9999123456,9999123451,9999123452,1,1
MP00020150,MP00020150,2023-09-07,13:58:27,PL004,MIL0245855,x@x.com,9999123456,9999123451,9999123452,1,1
MP00020151,MP00020151,2023-09-07,13:58:27,PL013,MIL0556509,x@x.com,9999123456,9999123451,9999123452,1,1
MP00020152,MP00020152,2023-09-07,13:58:27,PL005,MIL0344299,x@x.com,9999123456,9999123451,9999123452,1,1
MP00020153,MP00020153,2023-09-07,13:58:27,PL005,MIL0144425,x@x.com,9999123456,9999123451,9999123452,1,1
MP00020154,MP00020154,2023-09-07,13:58:27,PL003,MIL0482490,x@x.com,9999123456,9999123451,9999123452,1,1
MP00020155,MP00020155,2023-09-07,13:58:27,PL003,MIL0417229,x@x.com,9999123456,9999123451,9999123452,1,1
MP00020156,MP00020156,2023-09-07,13:58:27,PL006,MIL0127662,x@x.com,9999123456,9999123451,9999123452,1,1
MP00020157,MP00020157,2023-09-07,13:58:27,PL010,MIL0538118,x@x.com,9999123456,9999123451,9999123452,1,1
MP00020158,MP00020158,2023-09-07,13:58:27,PL002,MIL0434216,x@x.com,9999123456,9999123451,9999123452,1,1
MP00020159,MP00020159,2023-09-07,13:58:27,PL008,MIL0188533,x@x.com,9999123456,9999123451,9999123452,1,1
MP00020160,MP00020160,2023-09-07,13:58:27,PL006,MIL0549622,x@x.com,9999123456,9999123451,9999123452,1,1
MP00020161,MP00020161,2023-09-07,13:58:27,PL005,MIL0067642,x@x.com,9999123456,9999123451,9999123452,1,1
MP00020162,MP00020162,2023-09-07,13:58:27,PL006,MIL0374764,x@x.com,9999123456,9999123451,9999123452,1,1
MP00020163,MP00020163,2023-09-07,13:58:27,PL007,MIL0141640,x@x.com,9999123456,9999123451,9999123452,1,1
MP00020164,MP00020164,2023-09-07,13:58:27,PL011,MIL0338919,x@x.com,9999123456,9999123451,9999123452,1,1
MP00020165,MP00020165,2023-09-07,13:58:27,PL013,MIL0185251,x@x.com,9999123456,9999123451,9999123452,1,1
MP00020166,MP00020166,2023-09-07,13:58:27,PL005,MIL0055373,x@x.com,9999123456,9999123451,9999123452,1,1
MP00020167,MP00020167,2023-09-07,13:58:27,PL006,MIL0110302,x@x.com,9999123456,9999123451,9999123452,1,1
MP00020168,MP00020168,2023-09-07,13:58:27,PL004,MIL0059945,x@x.com,9999123456,9999123451,9999123452,1,1
MP00020169,MP00020169,2023-09-07,13:58:27,PL011,MIL0367145,x@x.com,9999123456,9999123451,9999123452,1,1
MP00020170,MP00020170,2023-09-07,13:58:27,PL007,MIL0461699,x@x.com,9999123456,9999123451,9999123452,1,1
MP00020171,MP00020171,2023-09-07,13:58:27,PL010,MIL0011640,x@x.com,9999123456,9999123451,9999123452,1,1
MP00020172,MP00020172,2023-09-07,13:58:27,PL011,MIL0197475,x@x.com,9999123456,9999123451,9999123452,1,1
MP00020173,MP00020173,2023-09-07,13:58:27,PL011,MIL0360340,x@x.com,9999123456,9999123451,9999123452,1,1
MP00020174,MP00020174,2023-09-07,13:58:27,PL012,MIL0263955,x@x.com,9999123456,9999123451,9999123452,1,1
MP00020175,MP00020175,2023-09-07,13:58:27,PL001,MIL0065337,x@x.com,9999123456,9999123451,9999123452,1,1
MP00020176,MP00020176,2023-09-07,13:58:27,PL002,MIL0175485,x@x.com,9999123456,9999123451,9999123452,1,1
MP00020177,MP00020177,2023-09-07,13:58:27,PL011,MIL0198911,x@x.com,9999123456,9999123451,9999123452,1,1
MP00020178,MP00020178,2023-09-07,13:58:27,PL006,MIL0327474,x@x.com,9999123456,9999123451,9999123452,1,1
MP00020179,MP00020179,2023-09-07,13:58:27,PL007,MIL0123332,x@x.com,9999123456,9999123451,9999123452,1,1
MP00020180,MP00020180,2023-09-07,13:58:27,PL009,MIL0007212,x@x.com,9999123456,9999123451,9999123452,1,1
MP00020181,MP00020181,2023-09-07,13:58:27,PL011,MIL0080241,x@x.com,9999123456,9999123451,9999123452,1,1
MP00020182,MP00020182,2023-09-07,13:58:27,PL001,MIL0168635,x@x.com,9999123456,9999123451,9999123452,1,1
MP00020183,MP00020183,2023-09-07,13:58:27,PL013,MIL0269517,x@x.com,9999123456,9999123451,9999123452,1,1
MP00020184,MP00020184,2023-09-07,13:58:27,PL007,MIL0327514,x@x.com,9999123456,9999123451,9999123452,1,1
MP00020185,MP00020185,2023-09-07,13:58:27,PL005,MIL0245845,x@x.com,9999123456,9999123451,9999123452,1,1
MP00020186,MP00020186,2023-09-07,13:58:27,PL004,MIL0091579,x@x.com,9999123456,9999123451,9999123452,1,1
MP00020187,MP00020187,2023-09-07,13:58:27,PL002,MIL0051478,x@x.com,9999123456,9999123451,9999123452,1,1
MP00020188,MP00020188,2023-09-07,13:58:27,PL004,MIL0386104,x@x.com,9999123456,9999123451,9999123452,1,1
MP00020189,MP00020189,2023-09-07,13:58:27,PL003,MIL0395026,x@x.com,9999123456,9999123451,9999123452,1,1
MP00020190,MP00020190,2023-09-07,13:58:27,PL003,MIL0070663,x@x.com,9999123456,9999123451,9999123452,1,1
MP00020191,MP00020191,2023-09-07,13:58:27,PL013,MIL0384476,x@x.com,9999123456,9999123451,9999123452,1,1
MP00020192,MP00020192,2023-09-07,13:58:27,PL007,MIL0221943,x@x.com,9999123456,9999123451,9999123452,1,1
MP00020193,MP00020193,2023-09-07,13:58:27,PL006,MIL0114579,x@x.com,9999123456,9999123451,9999123452,1,1
MP00020194,MP00020194,2023-09-07,13:58:27,PL008,MIL0271234,x@x.com,9999123456,9999123451,9999123452,1,1
MP00020195,MP00020195,2023-09-07,13:58:27,PL010,MIL0126311,x@x.com,9999123456,9999123451,9999123452,1,1
MP00020196,MP00020196,2023-09-07,13:58:27,PL001,MIL0183516,x@x.com,9999123456,9999123451,9999123452,1,1
MP00020197,MP00020197,2023-09-07,13:58:27,PL002,MIL0253758,x@x.com,9999123456,9999123451,9999123452,1,1
MP00020198,MP00020198,2023-09-07,13:58:27,PL013,MIL0067296,x@x.com,9999123456,9999123451,9999123452,1,1
MP00020199,MP00020199,2023-09-07,13:58:27,PL006,MIL0504673,x@x.com,9999123456,9999123451,9999123452,1,1
MP00020200,MP00020200,2023-09-07,13:58:27,PL008,MIL0135490,x@x.com,9999123456,9999123451,9999123452,1,1
MP00020201,MP00020201,2023-09-07,13:58:27,PL009,MIL0489945,x@x.com,9999123456,9999123451,9999123452,1,1
MP00020202,MP00020202,2023-09-07,13:58:27,PL002,MIL0449271,x@x.com,9999123456,9999123451,9999123452,1,1
MP00020203,MP00020203,2023-09-07,13:58:27,PL006,MIL0081265,x@x.com,9999123456,9999123451,9999123452,1,1
MP00020204,MP00020204,2023-09-07,13:58:27,PL011,MIL0331909,x@x.com,9999123456,9999123451,9999123452,1,1
MP00020205,MP00020205,2023-09-07,13:58:27,PL007,MIL0353920,x@x.com,9999123456,9999123451,9999123452,1,1
MP00020206,MP00020206,2023-09-07,13:58:27,PL009,MIL0494059,x@x.com,9999123456,9999123451,9999123452,1,1
MP00020207,MP00020207,2023-09-07,13:58:27,PL013,MIL0268961,x@x.com,9999123456,9999123451,9999123452,1,1
MP00020208,MP00020208,2023-09-07,13:58:27,PL005,MIL0074751,x@x.com,9999123456,9999123451,9999123452,1,1
MP00020209,MP00020209,2023-09-07,13:58:27,PL003,MIL0173631,x@x.com,9999123456,9999123451,9999123452,1,1
MP00020210,MP00020210,2023-09-07,13:58:27,PL012,MIL0347713,x@x.com,9999123456,9999123451,9999123452,1,1
MP00020211,MP00020211,2023-09-07,13:58:27,PL005,MIL0354643,x@x.com,9999123456,9999123451,9999123452,1,1
MP00020212,MP00020212,2023-09-07,13:58:27,PL011,MIL0199287,x@x.com,9999123456,9999123451,9999123452,1,1
MP00020213,MP00020213,2023-09-07,13:58:27,PL001,MIL0270318,x@x.com,9999123456,9999123451,9999123452,1,1
MP00020214,MP00020214,2023-09-07,13:58:27,PL012,MIL0124198,x@x.com,9999123456,9999123451,9999123452,1,1
MP00020215,MP00020215,2023-09-07,13:58:27,PL007,MIL0039428,x@x.com,9999123456,9999123451,9999123452,1,1
MP00020216,MP00020216,2023-09-07,13:58:27,PL012,MIL0368474,x@x.com,9999123456,9999123451,9999123452,1,1
MP00020217,MP00020217,2023-09-07,13:58:27,PL002,MIL0215161,x@x.com,9999123456,9999123451,9999123452,1,1
MP00020218,MP00020218,2023-09-07,13:58:27,PL007,MIL0372726,x@x.com,9999123456,9999123451,9999123452,1,1
MP00020219,MP00020219,2023-09-07,13:58:27,PL010,MIL0337135,x@x.com,9999123456,9999123451,9999123452,1,1
MP00020220,MP00020220,2023-09-07,13:58:27,PL002,MIL0242592,x@x.com,9999123456,9999123451,9999123452,1,1
MP00020221,MP00020221,2023-09-07,13:58:27,PL011,MIL0537687,x@x.com,9999123456,9999123451,9999123452,1,1
MP00020222,MP00020222,2023-09-07,13:58:27,PL003,MIL0484293,x@x.com,9999123456,9999123451,9999123452,1,1
MP00020223,MP00020223,2023-09-07,13:58:27,PL010,MIL0215422,x@x.com,9999123456,9999123451,9999123452,1,1
MP00020224,MP00020224,2023-09-07,13:58:27,PL009,MIL0072112,x@x.com,9999123456,9999123451,9999123452,1,1
MP00020225,MP00020225,2023-09-07,13:58:27,PL002,MIL0267796,x@x.com,9999123456,9999123451,9999123452,1,1
MP00020226,MP00020226,2023-09-07,13:58:27,PL006,MIL0578638,x@x.com,9999123456,9999123451,9999123452,1,1
MP00020227,MP00020227,2023-09-07,13:58:27,PL008,MIL0449331,x@x.com,9999123456,9999123451,9999123452,1,1
MP00020228,MP00020228,2023-09-07,13:58:27,PL006,MIL0396888,x@x.com,9999123456,9999123451,9999123452,1,1
MP00020229,MP00020229,2023-09-07,13:58:27,PL013,MIL0044992,x@x.com,9999123456,9999123451,9999123452,1,1
MP00020230,MP00020230,2023-09-07,13:58:27,PL002,MIL0551580,x@x.com,9999123456,9999123451,9999123452,1,1
MP00020231,MP00020231,2023-09-07,13:58:27,PL007,MIL0205547,x@x.com,9999123456,9999123451,9999123452,1,1
MP00020232,MP00020232,2023-09-07,13:58:27,PL012,MIL0177376,x@x.com,9999123456,9999123451,9999123452,1,1
MP00020233,MP00020233,2023-09-07,13:58:27,PL001,MIL0108783,x@x.com,9999123456,9999123451,9999123452,1,1
MP00020234,MP00020234,2023-09-07,13:58:27,PL008,MIL0089920,x@x.com,9999123456,9999123451,9999123452,1,1
MP00020235,MP00020235,2023-09-07,13:58:27,PL003,MIL0419952,x@x.com,9999123456,9999123451,9999123452,1,1
MP00020236,MP00020236,2023-09-07,13:58:27,PL002,MIL0154362,x@x.com,9999123456,9999123451,9999123452,1,1
MP00020237,MP00020237,2023-09-07,13:58:27,PL002,MIL0050228,x@x.com,9999123456,9999123451,9999123452,1,1
MP00020238,MP00020238,2023-09-07,13:58:27,PL006,MIL0199816,x@x.com,9999123456,9999123451,9999123452,1,1
MP00020239,MP00020239,2023-09-07,13:58:27,PL002,MIL0173518,x@x.com,9999123456,9999123451,9999123452,1,1
MP00020240,MP00020240,2023-09-07,13:58:27,PL004,MIL0297173,x@x.com,9999123456,9999123451,9999123452,1,1
MP00020241,MP00020241,2023-09-07,13:58:27,PL009,MIL0162334,x@x.com,9999123456,9999123451,9999123452,1,1
MP00020242,MP00020242,2023-09-07,13:58:27,PL008,MIL0306718,x@x.com,9999123456,9999123451,9999123452,1,1
MP00020243,MP00020243,2023-09-07,13:58:27,PL004,MIL0431577,x@x.com,9999123456,9999123451,9999123452,1,1
MP00020244,MP00020244,2023-09-07,13:58:27,PL001,MIL0357877,x@x.com,9999123456,9999123451,9999123452,1,1
MP00020245,MP00020245,2023-09-07,13:58:27,PL009,MIL0083122,x@x.com,9999123456,9999123451,9999123452,1,1
MP00020246,MP00020246,2023-09-07,13:58:27,PL013,MIL0479818,x@x.com,9999123456,9999123451,9999123452,1,1
MP00020247,MP00020247,2023-09-07,13:58:27,PL003,MIL0172258,x@x.com,9999123456,9999123451,9999123452,1,1
MP00020248,MP00020248,2023-09-07,13:58:27,PL011,MIL0406250,x@x.com,9999123456,9999123451,9999123452,1,1
MP00020249,MP00020249,2023-09-07,13:58:27,PL008,MIL0474576,x@x.com,9999123456,9999123451,9999123452,1,1
MP00020250,MP00020250,2023-09-07,13:58:27,PL011,MIL0104010,x@x.com,9999123456,9999123451,9999123452,1,1
MP00020251,MP00020251,2023-09-07,13:58:27,PL001,MIL0439897,x@x.com,9999123456,9999123451,9999123452,1,1
MP00020252,MP00020252,2023-09-07,13:58:27,PL006,MIL0118898,x@x.com,9999123456,9999123451,9999123452,1,1
MP00020253,MP00020253,2023-09-07,13:58:27,PL011,MIL0333433,x@x.com,9999123456,9999123451,9999123452,1,1
MP00020254,MP00020254,2023-09-07,13:58:27,PL005,MIL0526376,x@x.com,9999123456,9999123451,9999123452,1,1
MP00020255,MP00020255,2023-09-07,13:58:27,PL007,MIL0408759,x@x.com,9999123456,9999123451,9999123452,1,1
MP00020256,MP00020256,2023-09-07,13:58:27,PL008,MIL0550873,x@x.com,9999123456,9999123451,9999123452,1,1
MP00020257,MP00020257,2023-09-07,13:58:27,PL005,MIL0170202,x@x.com,9999123456,9999123451,9999123452,1,1
MP00020258,MP00020258,2023-09-07,13:58:27,PL001,MIL0469451,x@x.com,9999123456,9999123451,9999123452,1,1
MP00020259,MP00020259,2023-09-07,13:58:27,PL007,MIL0505982,x@x.com,9999123456,9999123451,9999123452,1,1
MP00020260,MP00020260,2023-09-07,13:58:27,PL013,MIL0195029,x@x.com,9999123456,9999123451,9999123452,1,1
MP00020261,MP00020261,2023-09-07,13:58:27,PL007,MIL0081391,x@x.com,9999123456,9999123451,9999123452,1,1
MP00020262,MP00020262,2023-09-07,13:58:27,PL003,MIL0575217,x@x.com,9999123456,9999123451,9999123452,1,1
MP00020263,MP00020263,2023-09-07,13:58:27,PL001,MIL0431406,x@x.com,9999123456,9999123451,9999123452,1,1
MP00020264,MP00020264,2023-09-07,13:58:27,PL007,MIL0053431,x@x.com,9999123456,9999123451,9999123452,1,1
MP00020265,MP00020265,2023-09-07,13:58:27,PL007,MIL0080399,x@x.com,9999123456,9999123451,9999123452,1,1
MP00020266,MP00020266,2023-09-07,13:58:27,PL010,MIL0564656,x@x.com,9999123456,9999123451,9999123452,1,1
MP00020267,MP00020267,2023-09-07,13:58:27,PL003,MIL0205795,x@x.com,9999123456,9999123451,9999123452,1,1
MP00020268,MP00020268,2023-09-07,13:58:27,PL004,MIL0368578,x@x.com,9999123456,9999123451,9999123452,1,1
MP00020269,MP00020269,2023-09-07,13:58:27,PL003,MIL0331876,x@x.com,9999123456,9999123451,9999123452,1,1
MP00020270,MP00020270,2023-09-07,13:58:27,PL007,MIL0239029,x@x.com,9999123456,9999123451,9999123452,1,1
MP00020271,MP00020271,2023-09-07,13:58:27,PL003,MIL0356218,x@x.com,9999123456,9999123451,9999123452,1,1
MP00020272,MP00020272,2023-09-07,13:58:27,PL012,MIL0444804,x@x.com,9999123456,9999123451,9999123452,1,1
MP00020273,MP00020273,2023-09-07,13:58:27,PL001,MIL0472133,x@x.com,9999123456,9999123451,9999123452,1,1
MP00020274,MP00020274,2023-09-07,13:58:27,PL010,MIL0563333,x@x.com,9999123456,9999123451,9999123452,1,1
MP00020275,MP00020275,2023-09-07,13:58:27,PL012,MIL0504633,x@x.com,9999123456,9999123451,9999123452,1,1
MP00020276,MP00020276,2023-09-07,13:58:27,PL006,MIL0263472,x@x.com,9999123456,9999123451,9999123452,1,1
MP00020277,MP00020277,2023-09-07,13:58:27,PL013,MIL0239698,x@x.com,9999123456,9999123451,9999123452,1,1
MP00020278,MP00020278,2023-09-07,13:58:27,PL005,MIL0227140,x@x.com,9999123456,9999123451,9999123452,1,1
MP00020279,MP00020279,2023-09-07,13:58:27,PL002,MIL0274388,x@x.com,9999123456,9999123451,9999123452,1,1
MP00020280,MP00020280,2023-09-07,13:58:27,PL011,MIL0162964,x@x.com,9999123456,9999123451,9999123452,1,1
MP00020281,MP00020281,2023-09-07,13:58:27,PL007,MIL0567366,x@x.com,9999123456,9999123451,9999123452,1,1
MP00020282,MP00020282,2023-09-07,13:58:27,PL010,MIL0248781,x@x.com,9999123456,9999123451,9999123452,1,1
MP00020283,MP00020283,2023-09-07,13:58:27,PL005,MIL0230995,x@x.com,9999123456,9999123451,9999123452,1,1
MP00020284,MP00020284,2023-09-07,13:58:27,PL001,MIL0355352,x@x.com,9999123456,9999123451,9999123452,1,1
MP00020285,MP00020285,2023-09-07,13:58:27,PL004,MIL0232357,x@x.com,9999123456,9999123451,9999123452,1,1
MP00020286,MP00020286,2023-09-07,13:58:27,PL009,MIL0152564,x@x.com,9999123456,9999123451,9999123452,1,1
MP00020287,MP00020287,2023-09-07,13:58:27,PL004,MIL0359001,x@x.com,9999123456,9999123451,9999123452,1,1
MP00020288,MP00020288,2023-09-07,13:58:27,PL011,MIL0303537,x@x.com,9999123456,9999123451,9999123452,1,1
MP00020289,MP00020289,2023-09-07,13:58:27,PL007,MIL0221878,x@x.com,9999123456,9999123451,9999123452,1,1
MP00020290,MP00020290,2023-09-07,13:58:27,PL009,MIL0388731,x@x.com,9999123456,9999123451,9999123452,1,1
MP00020291,MP00020291,2023-09-07,13:58:27,PL007,MIL0065727,x@x.com,9999123456,9999123451,9999123452,1,1
MP00020292,MP00020292,2023-09-07,13:58:27,PL007,MIL0020561,x@x.com,9999123456,9999123451,9999123452,1,1
MP00020293,MP00020293,2023-09-07,13:58:27,PL003,MIL0569907,x@x.com,9999123456,9999123451,9999123452,1,1
MP00020294,MP00020294,2023-09-07,13:58:27,PL001,MIL0195859,x@x.com,9999123456,9999123451,9999123452,1,1
MP00020295,MP00020295,2023-09-07,13:58:27,PL002,MIL0312607,x@x.com,9999123456,9999123451,9999123452,1,1
MP00020296,MP00020296,2023-09-07,13:58:27,PL008,MIL0409393,x@x.com,9999123456,9999123451,9999123452,1,1
MP00020297,MP00020297,2023-09-07,13:58:27,PL007,MIL0187234,x@x.com,9999123456,9999123451,9999123452,1,1
MP00020298,MP00020298,2023-09-07,13:58:27,PL001,MIL0223131,x@x.com,9999123456,9999123451,9999123452,1,1
MP00020299,MP00020299,2023-09-07,13:58:27,PL009,MIL0237806,x@x.com,9999123456,9999123451,9999123452,1,1
MP00020300,MP00020300,2023-09-07,13:58:27,PL001,MIL0221195,x@x.com,9999123456,9999123451,9999123452,1,1
MP00020301,MP00020301,2023-09-07,13:58:27,PL012,MIL0076189,x@x.com,9999123456,9999123451,9999123452,1,1
MP00020302,MP00020302,2023-09-07,13:58:27,PL009,MIL0336344,x@x.com,9999123456,9999123451,9999123452,1,1
MP00020303,MP00020303,2023-09-07,13:58:27,PL007,MIL0255343,x@x.com,9999123456,9999123451,9999123452,1,1
MP00020304,MP00020304,2023-09-07,13:58:27,PL003,MIL0456281,x@x.com,9999123456,9999123451,9999123452,1,1
MP00020305,MP00020305,2023-09-07,13:58:27,PL003,MIL0219473,x@x.com,9999123456,9999123451,9999123452,1,1
MP00020306,MP00020306,2023-09-07,13:58:27,PL007,MIL0294621,x@x.com,9999123456,9999123451,9999123452,1,1
MP00020307,MP00020307,2023-09-07,13:58:27,PL001,MIL0034196,x@x.com,9999123456,9999123451,9999123452,1,1
MP00020308,MP00020308,2023-09-07,13:58:27,PL008,MIL0312140,x@x.com,9999123456,9999123451,9999123452,1,1
MP00020309,MP00020309,2023-09-07,13:58:27,PL009,MIL0379451,x@x.com,9999123456,9999123451,9999123452,1,1
MP00020310,MP00020310,2023-09-07,13:58:27,PL006,MIL0539780,x@x.com,9999123456,9999123451,9999123452,1,1
MP00020311,MP00020311,2023-09-07,13:58:27,PL004,MIL0163307,x@x.com,9999123456,9999123451,9999123452,1,1
MP00020312,MP00020312,2023-09-07,13:58:27,PL010,MIL0192542,x@x.com,9999123456,9999123451,9999123452,1,1
MP00020313,MP00020313,2023-09-07,13:58:27,PL009,MIL0194261,x@x.com,9999123456,9999123451,9999123452,1,1
MP00020314,MP00020314,2023-09-07,13:58:27,PL005,MIL0271028,x@x.com,9999123456,9999123451,9999123452,1,1
MP00020315,MP00020315,2023-09-07,13:58:27,PL003,MIL0161744,x@x.com,9999123456,9999123451,9999123452,1,1
MP00020316,MP00020316,2023-09-07,13:58:27,PL003,MIL0083393,x@x.com,9999123456,9999123451,9999123452,1,1
MP00020317,MP00020317,2023-09-07,13:58:27,PL013,MIL0074981,x@x.com,9999123456,9999123451,9999123452,1,1
MP00020318,MP00020318,2023-09-07,13:58:27,PL007,MIL0303862,x@x.com,9999123456,9999123451,9999123452,1,1
MP00020319,MP00020319,2023-09-07,13:58:27,PL012,MIL0025885,x@x.com,9999123456,9999123451,9999123452,1,1
MP00020320,MP00020320,2023-09-07,13:58:27,PL005,MIL0450919,x@x.com,9999123456,9999123451,9999123452,1,1
MP00020321,MP00020321,2023-09-07,13:58:27,PL003,MIL0284409,x@x.com,9999123456,9999123451,9999123452,1,1
MP00020322,MP00020322,2023-09-07,13:58:27,PL012,MIL0193104,x@x.com,9999123456,9999123451,9999123452,1,1
MP00020323,MP00020323,2023-09-07,13:58:27,PL006,MIL0574983,x@x.com,9999123456,9999123451,9999123452,1,1
MP00020324,MP00020324,2023-09-07,13:58:27,PL012,MIL0554850,x@x.com,9999123456,9999123451,9999123452,1,1
MP00020325,MP00020325,2023-09-07,13:58:27,PL008,MIL0067818,x@x.com,9999123456,9999123451,9999123452,1,1
MP00020326,MP00020326,2023-09-07,13:58:27,PL011,MIL0349241,x@x.com,9999123456,9999123451,9999123452,1,1
MP00020327,MP00020327,2023-09-07,13:58:27,PL010,MIL0473365,x@x.com,9999123456,9999123451,9999123452,1,1
MP00020328,MP00020328,2023-09-07,13:58:27,PL010,MIL0176257,x@x.com,9999123456,9999123451,9999123452,1,1
MP00020329,MP00020329,2023-09-07,13:58:27,PL004,MIL0244835,x@x.com,9999123456,9999123451,9999123452,1,1
MP00020330,MP00020330,2023-09-07,13:58:27,PL010,MIL0292693,x@x.com,9999123456,9999123451,9999123452,1,1
MP00020331,MP00020331,2023-09-07,13:58:27,PL012,MIL0047547,x@x.com,9999123456,9999123451,9999123452,1,1
MP00020332,MP00020332,2023-09-07,13:58:27,PL011,MIL0577817,x@x.com,9999123456,9999123451,9999123452,1,1
MP00020333,MP00020333,2023-09-07,13:58:27,PL009,MIL0216174,x@x.com,9999123456,9999123451,9999123452,1,1
MP00020334,MP00020334,2023-09-07,13:58:27,PL003,MIL0536547,x@x.com,9999123456,9999123451,9999123452,1,1
MP00020335,MP00020335,2023-09-07,13:58:27,PL011,MIL0218967,x@x.com,9999123456,9999123451,9999123452,1,1
MP00020336,MP00020336,2023-09-07,13:58:27,PL003,MIL0249788,x@x.com,9999123456,9999123451,9999123452,1,1
MP00020337,MP00020337,2023-09-07,13:58:27,PL006,MIL0257068,x@x.com,9999123456,9999123451,9999123452,1,1
MP00020338,MP00020338,2023-09-07,13:58:27,PL010,MIL0344287,x@x.com,9999123456,9999123451,9999123452,1,1
MP00020339,MP00020339,2023-09-07,13:58:27,PL004,MIL0415327,x@x.com,9999123456,9999123451,9999123452,1,1
MP00020340,MP00020340,2023-09-07,13:58:27,PL003,MIL0533908,x@x.com,9999123456,9999123451,9999123452,1,1
MP00020341,MP00020341,2023-09-07,13:58:27,PL004,MIL0442710,x@x.com,9999123456,9999123451,9999123452,1,1
MP00020342,MP00020342,2023-09-07,13:58:27,PL003,MIL0280178,x@x.com,9999123456,9999123451,9999123452,1,1
MP00020343,MP00020343,2023-09-07,13:58:27,PL006,MIL0221126,x@x.com,9999123456,9999123451,9999123452,1,1
MP00020344,MP00020344,2023-09-07,13:58:27,PL001,MIL0223383,x@x.com,9999123456,9999123451,9999123452,1,1
MP00020345,MP00020345,2023-09-07,13:58:27,PL008,MIL0510278,x@x.com,9999123456,9999123451,9999123452,1,1
MP00020346,MP00020346,2023-09-07,13:58:27,PL006,MIL0083387,x@x.com,9999123456,9999123451,9999123452,1,1
MP00020347,MP00020347,2023-09-07,13:58:27,PL004,MIL0477889,x@x.com,9999123456,9999123451,9999123452,1,1
MP00020348,MP00020348,2023-09-07,13:58:27,PL009,MIL0518999,x@x.com,9999123456,9999123451,9999123452,1,1
MP00020349,MP00020349,2023-09-07,13:58:27,PL001,MIL0021961,x@x.com,9999123456,9999123451,9999123452,1,1
MP00020350,MP00020350,2023-09-07,13:58:27,PL006,MIL0544462,x@x.com,9999123456,9999123451,9999123452,1,1
MP00020351,MP00020351,2023-09-07,13:58:27,PL003,MIL0545870,x@x.com,9999123456,9999123451,9999123452,1,1
MP00020352,MP00020352,2023-09-07,13:58:27,PL011,MIL0216799,x@x.com,9999123456,9999123451,9999123452,1,1
MP00020353,MP00020353,2023-09-07,13:58:27,PL006,MIL0386080,x@x.com,9999123456,9999123451,9999123452,1,1
MP00020354,MP00020354,2023-09-07,13:58:27,PL007,MIL0241340,x@x.com,9999123456,9999123451,9999123452,1,1
MP00020355,MP00020355,2023-09-07,13:58:27,PL010,MIL0455886,x@x.com,9999123456,9999123451,9999123452,1,1
MP00020356,MP00020356,2023-09-07,13:58:27,PL010,MIL0208499,x@x.com,9999123456,9999123451,9999123452,1,1
MP00020357,MP00020357,2023-09-07,13:58:27,PL013,MIL0040047,x@x.com,9999123456,9999123451,9999123452,1,1
MP00020358,MP00020358,2023-09-07,13:58:27,PL006,MIL0241658,x@x.com,9999123456,9999123451,9999123452,1,1
MP00020359,MP00020359,2023-09-07,13:58:27,PL001,MIL0189665,x@x.com,9999123456,9999123451,9999123452,1,1
MP00020360,MP00020360,2023-09-07,13:58:27,PL008,MIL0080451,x@x.com,9999123456,9999123451,9999123452,1,1
MP00020361,MP00020361,2023-09-07,13:58:27,PL006,MIL0152626,x@x.com,9999123456,9999123451,9999123452,1,1
MP00020362,MP00020362,2023-09-07,13:58:27,PL008,MIL0311857,x@x.com,9999123456,9999123451,9999123452,1,1
MP00020363,MP00020363,2023-09-07,13:58:27,PL002,MIL0478623,x@x.com,9999123456,9999123451,9999123452,1,1
MP00020364,MP00020364,2023-09-07,13:58:27,PL006,MIL0386665,x@x.com,9999123456,9999123451,9999123452,1,1
MP00020365,MP00020365,2023-09-07,13:58:27,PL003,MIL0474812,x@x.com,9999123456,9999123451,9999123452,1,1
MP00020366,MP00020366,2023-09-07,13:58:27,PL002,MIL0550729,x@x.com,9999123456,9999123451,9999123452,1,1
MP00020367,MP00020367,2023-09-07,13:58:27,PL009,MIL0311041,x@x.com,9999123456,9999123451,9999123452,1,1
MP00020368,MP00020368,2023-09-07,13:58:27,PL006,MIL0040320,x@x.com,9999123456,9999123451,9999123452,1,1
MP00020369,MP00020369,2023-09-07,13:58:27,PL008,MIL0041468,x@x.com,9999123456,9999123451,9999123452,1,1
MP00020370,MP00020370,2023-09-07,13:58:27,PL009,MIL0212445,x@x.com,9999123456,9999123451,9999123452,1,1
MP00020371,MP00020371,2023-09-07,13:58:27,PL008,MIL0379130,x@x.com,9999123456,9999123451,9999123452,1,1
MP00020372,MP00020372,2023-09-07,13:58:27,PL012,MIL0338547,x@x.com,9999123456,9999123451,9999123452,1,1
MP00020373,MP00020373,2023-09-07,13:58:27,PL009,MIL0347824,x@x.com,9999123456,9999123451,9999123452,1,1
MP00020374,MP00020374,2023-09-07,13:58:27,PL009,MIL0038945,x@x.com,9999123456,9999123451,9999123452,1,1
MP00020375,MP00020375,2023-09-07,13:58:27,PL007,MIL0288286,x@x.com,9999123456,9999123451,9999123452,1,1
MP00020376,MP00020376,2023-09-07,13:58:27,PL013,MIL0377140,x@x.com,9999123456,9999123451,9999123452,1,1
MP00020377,MP00020377,2023-09-07,13:58:27,PL007,MIL0263211,x@x.com,9999123456,9999123451,9999123452,1,1
MP00020378,MP00020378,2023-09-07,13:58:27,PL013,MIL0512391,x@x.com,9999123456,9999123451,9999123452,1,1
MP00020379,MP00020379,2023-09-07,13:58:27,PL002,MIL0167717,x@x.com,9999123456,9999123451,9999123452,1,1
MP00020380,MP00020380,2023-09-07,13:58:27,PL013,MIL0483870,x@x.com,9999123456,9999123451,9999123452,1,1
MP00020381,MP00020381,2023-09-07,13:58:27,PL013,MIL0022738,x@x.com,9999123456,9999123451,9999123452,1,1
MP00020382,MP00020382,2023-09-07,13:58:27,PL005,MIL0520420,x@x.com,9999123456,9999123451,9999123452,1,1
MP00020383,MP00020383,2023-09-07,13:58:27,PL004,MIL0162070,x@x.com,9999123456,9999123451,9999123452,1,1
MP00020384,MP00020384,2023-09-07,13:58:27,PL010,MIL0533590,x@x.com,9999123456,9999123451,9999123452,1,1
MP00020385,MP00020385,2023-09-07,13:58:27,PL002,MIL0015426,x@x.com,9999123456,9999123451,9999123452,1,1
MP00020386,MP00020386,2023-09-07,13:58:27,PL006,MIL0160952,x@x.com,9999123456,9999123451,9999123452,1,1
MP00020387,MP00020387,2023-09-07,13:58:27,PL007,MIL0299519,x@x.com,9999123456,9999123451,9999123452,1,1
MP00020388,MP00020388,2023-09-07,13:58:27,PL004,MIL0136242,x@x.com,9999123456,9999123451,9999123452,1,1
MP00020389,MP00020389,2023-09-07,13:58:27,PL011,MIL0463855,x@x.com,9999123456,9999123451,9999123452,1,1
MP00020390,MP00020390,2023-09-07,13:58:27,PL006,MIL0116818,x@x.com,9999123456,9999123451,9999123452,1,1
MP00020391,MP00020391,2023-09-07,13:58:27,PL007,MIL0315672,x@x.com,9999123456,9999123451,9999123452,1,1
MP00020392,MP00020392,2023-09-07,13:58:27,PL005,MIL0295892,x@x.com,9999123456,9999123451,9999123452,1,1
MP00020393,MP00020393,2023-09-07,13:58:27,PL013,MIL0161781,x@x.com,9999123456,9999123451,9999123452,1,1
MP00020394,MP00020394,2023-09-07,13:58:27,PL009,MIL0099934,x@x.com,9999123456,9999123451,9999123452,1,1
MP00020395,MP00020395,2023-09-07,13:58:27,PL011,MIL0008499,x@x.com,9999123456,9999123451,9999123452,1,1
MP00020396,MP00020396,2023-09-07,13:58:27,PL002,MIL0126906,x@x.com,9999123456,9999123451,9999123452,1,1
MP00020397,MP00020397,2023-09-07,13:58:27,PL010,MIL0366500,x@x.com,9999123456,9999123451,9999123452,1,1
MP00020398,MP00020398,2023-09-07,13:58:27,PL011,MIL0001671,x@x.com,9999123456,9999123451,9999123452,1,1
MP00020399,MP00020399,2023-09-07,13:58:27,PL006,MIL0433759,x@x.com,9999123456,9999123451,9999123452,1,1
MP00020400,MP00020400,2023-09-07,13:58:27,PL013,MIL0012523,x@x.com,9999123456,9999123451,9999123452,1,1
MP00020401,MP00020401,2023-09-07,13:58:27,PL009,MIL0406876,x@x.com,9999123456,9999123451,9999123452,1,1
MP00020402,MP00020402,2023-09-07,13:58:27,PL001,MIL0193897,x@x.com,9999123456,9999123451,9999123452,1,1
MP00020403,MP00020403,2023-09-07,13:58:27,PL009,MIL0130370,x@x.com,9999123456,9999123451,9999123452,1,1
MP00020404,MP00020404,2023-09-07,13:58:27,PL006,MIL0022182,x@x.com,9999123456,9999123451,9999123452,1,1
MP00020405,MP00020405,2023-09-07,13:58:27,PL012,MIL0449075,x@x.com,9999123456,9999123451,9999123452,1,1
MP00020406,MP00020406,2023-09-07,13:58:27,PL011,MIL0430178,x@x.com,9999123456,9999123451,9999123452,1,1
MP00020407,MP00020407,2023-09-07,13:58:27,PL006,MIL0366595,x@x.com,9999123456,9999123451,9999123452,1,1
MP00020408,MP00020408,2023-09-07,13:58:27,PL012,MIL0277092,x@x.com,9999123456,9999123451,9999123452,1,1
MP00020409,MP00020409,2023-09-07,13:58:27,PL006,MIL0045629,x@x.com,9999123456,9999123451,9999123452,1,1
MP00020410,MP00020410,2023-09-07,13:58:27,PL001,MIL0179755,x@x.com,9999123456,9999123451,9999123452,1,1
MP00020411,MP00020411,2023-09-07,13:58:27,PL011,MIL0427656,x@x.com,9999123456,9999123451,9999123452,1,1
MP00020412,MP00020412,2023-09-07,13:58:27,PL013,MIL0106039,x@x.com,9999123456,9999123451,9999123452,1,1
MP00020413,MP00020413,2023-09-07,13:58:27,PL013,MIL0250066,x@x.com,9999123456,9999123451,9999123452,1,1
MP00020414,MP00020414,2023-09-07,13:58:27,PL007,MIL0157553,x@x.com,9999123456,9999123451,9999123452,1,1
MP00020415,MP00020415,2023-09-07,13:58:27,PL012,MIL0172035,x@x.com,9999123456,9999123451,9999123452,1,1
MP00020416,MP00020416,2023-09-07,13:58:27,PL011,MIL0008313,x@x.com,9999123456,9999123451,9999123452,1,1
MP00020417,MP00020417,2023-09-07,13:58:27,PL007,MIL0373113,x@x.com,9999123456,9999123451,9999123452,1,1
MP00020418,MP00020418,2023-09-07,13:58:27,PL011,MIL0168912,x@x.com,9999123456,9999123451,9999123452,1,1
MP00020419,MP00020419,2023-09-07,13:58:27,PL009,MIL0503932,x@x.com,9999123456,9999123451,9999123452,1,1
MP00020420,MP00020420,2023-09-07,13:58:27,PL012,MIL0348535,x@x.com,9999123456,9999123451,9999123452,1,1
MP00020421,MP00020421,2023-09-07,13:58:27,PL013,MIL0298842,x@x.com,9999123456,9999123451,9999123452,1,1
MP00020422,MP00020422,2023-09-07,13:58:27,PL010,MIL0016654,x@x.com,9999123456,9999123451,9999123452,1,1
MP00020423,MP00020423,2023-09-07,13:58:27,PL007,MIL0192146,x@x.com,9999123456,9999123451,9999123452,1,1
MP00020424,MP00020424,2023-09-07,13:58:27,PL010,MIL0353056,x@x.com,9999123456,9999123451,9999123452,1,1
MP00020425,MP00020425,2023-09-07,13:58:27,PL011,MIL0459368,x@x.com,9999123456,9999123451,9999123452,1,1
MP00020426,MP00020426,2023-09-07,13:58:27,PL005,MIL0091721,x@x.com,9999123456,9999123451,9999123452,1,1
MP00020427,MP00020427,2023-09-07,13:58:27,PL004,MIL0569727,x@x.com,9999123456,9999123451,9999123452,1,1
MP00020428,MP00020428,2023-09-07,13:58:27,PL002,MIL0382533,x@x.com,9999123456,9999123451,9999123452,1,1
MP00020429,MP00020429,2023-09-07,13:58:27,PL012,MIL0148855,x@x.com,9999123456,9999123451,9999123452,1,1
MP00020430,MP00020430,2023-09-07,13:58:27,PL003,MIL0041136,x@x.com,9999123456,9999123451,9999123452,1,1
MP00020431,MP00020431,2023-09-07,13:58:27,PL007,MIL0462943,x@x.com,9999123456,9999123451,9999123452,1,1
MP00020432,MP00020432,2023-09-07,13:58:27,PL003,MIL0382205,x@x.com,9999123456,9999123451,9999123452,1,1
MP00020433,MP00020433,2023-09-07,13:58:27,PL004,MIL0234077,x@x.com,9999123456,9999123451,9999123452,1,1
MP00020434,MP00020434,2023-09-07,13:58:27,PL006,MIL0456036,x@x.com,9999123456,9999123451,9999123452,1,1
MP00020435,MP00020435,2023-09-07,13:58:27,PL009,MIL0364092,x@x.com,9999123456,9999123451,9999123452,1,1
MP00020436,MP00020436,2023-09-07,13:58:27,PL005,MIL0171040,x@x.com,9999123456,9999123451,9999123452,1,1
MP00020437,MP00020437,2023-09-07,13:58:27,PL004,MIL0462668,x@x.com,9999123456,9999123451,9999123452,1,1
MP00020438,MP00020438,2023-09-07,13:58:27,PL002,MIL0447977,x@x.com,9999123456,9999123451,9999123452,1,1
MP00020439,MP00020439,2023-09-07,13:58:27,PL008,MIL0455043,x@x.com,9999123456,9999123451,9999123452,1,1
MP00020440,MP00020440,2023-09-07,13:58:27,PL003,MIL0522676,x@x.com,9999123456,9999123451,9999123452,1,1
MP00020441,MP00020441,2023-09-07,13:58:27,PL004,MIL0370618,x@x.com,9999123456,9999123451,9999123452,1,1
MP00020442,MP00020442,2023-09-07,13:58:27,PL008,MIL0580519,x@x.com,9999123456,9999123451,9999123452,1,1
MP00020443,MP00020443,2023-09-07,13:58:27,PL013,MIL0564864,x@x.com,9999123456,9999123451,9999123452,1,1
MP00020444,MP00020444,2023-09-07,13:58:27,PL007,MIL0148960,x@x.com,9999123456,9999123451,9999123452,1,1
MP00020445,MP00020445,2023-09-07,13:58:27,PL001,MIL0224593,x@x.com,9999123456,9999123451,9999123452,1,1
MP00020446,MP00020446,2023-09-07,13:58:27,PL001,MIL0073900,x@x.com,9999123456,9999123451,9999123452,1,1
MP00020447,MP00020447,2023-09-07,13:58:27,PL012,MIL0571874,x@x.com,9999123456,9999123451,9999123452,1,1
MP00020448,MP00020448,2023-09-07,13:58:27,PL010,MIL0088287,x@x.com,9999123456,9999123451,9999123452,1,1
MP00020449,MP00020449,2023-09-07,13:58:27,PL011,MIL0433889,x@x.com,9999123456,9999123451,9999123452,1,1
MP00020450,MP00020450,2023-09-07,13:58:27,PL007,MIL0313160,x@x.com,9999123456,9999123451,9999123452,1,1
MP00020451,MP00020451,2023-09-07,13:58:27,PL003,MIL0443187,x@x.com,9999123456,9999123451,9999123452,1,1
MP00020452,MP00020452,2023-09-07,13:58:27,PL002,MIL0403337,x@x.com,9999123456,9999123451,9999123452,1,1
MP00020453,MP00020453,2023-09-07,13:58:27,PL005,MIL0096017,x@x.com,9999123456,9999123451,9999123452,1,1
MP00020454,MP00020454,2023-09-07,13:58:27,PL013,MIL0484388,x@x.com,9999123456,9999123451,9999123452,1,1
MP00020455,MP00020455,2023-09-07,13:58:27,PL009,MIL0246284,x@x.com,9999123456,9999123451,9999123452,1,1
MP00020456,MP00020456,2023-09-07,13:58:27,PL010,MIL0058322,x@x.com,9999123456,9999123451,9999123452,1,1
MP00020457,MP00020457,2023-09-07,13:58:27,PL006,MIL0500117,x@x.com,9999123456,9999123451,9999123452,1,1
MP00020458,MP00020458,2023-09-07,13:58:27,PL004,MIL0124990,x@x.com,9999123456,9999123451,9999123452,1,1
MP00020459,MP00020459,2023-09-07,13:58:27,PL009,MIL0185905,x@x.com,9999123456,9999123451,9999123452,1,1
MP00020460,MP00020460,2023-09-07,13:58:27,PL013,MIL0157165,x@x.com,9999123456,9999123451,9999123452,1,1
MP00020461,MP00020461,2023-09-07,13:58:27,PL005,MIL0021125,x@x.com,9999123456,9999123451,9999123452,1,1
MP00020462,MP00020462,2023-09-07,13:58:27,PL002,MIL0031554,x@x.com,9999123456,9999123451,9999123452,1,1
MP00020463,MP00020463,2023-09-07,13:58:27,PL003,MIL0353174,x@x.com,9999123456,9999123451,9999123452,1,1
MP00020464,MP00020464,2023-09-07,13:58:27,PL002,MIL0079038,x@x.com,9999123456,9999123451,9999123452,1,1
MP00020465,MP00020465,2023-09-07,13:58:27,PL012,MIL0390078,x@x.com,9999123456,9999123451,9999123452,1,1
MP00020466,MP00020466,2023-09-07,13:58:27,PL007,MIL0099680,x@x.com,9999123456,9999123451,9999123452,1,1
MP00020467,MP00020467,2023-09-07,13:58:27,PL011,MIL0133609,x@x.com,9999123456,9999123451,9999123452,1,1
MP00020468,MP00020468,2023-09-07,13:58:27,PL007,MIL0544670,x@x.com,9999123456,9999123451,9999123452,1,1
MP00020469,MP00020469,2023-09-07,13:58:27,PL006,MIL0254558,x@x.com,9999123456,9999123451,9999123452,1,1
MP00020470,MP00020470,2023-09-07,13:58:27,PL002,MIL0245515,x@x.com,9999123456,9999123451,9999123452,1,1
MP00020471,MP00020471,2023-09-07,13:58:27,PL012,MIL0071143,x@x.com,9999123456,9999123451,9999123452,1,1
MP00020472,MP00020472,2023-09-07,13:58:27,PL012,MIL0575057,x@x.com,9999123456,9999123451,9999123452,1,1
MP00020473,MP00020473,2023-09-07,13:58:27,PL006,MIL0460719,x@x.com,9999123456,9999123451,9999123452,1,1
MP00020474,MP00020474,2023-09-07,13:58:27,PL008,MIL0062884,x@x.com,9999123456,9999123451,9999123452,1,1
MP00020475,MP00020475,2023-09-07,13:58:27,PL009,MIL0492648,x@x.com,9999123456,9999123451,9999123452,1,1
MP00020476,MP00020476,2023-09-07,13:58:27,PL002,MIL0042489,x@x.com,9999123456,9999123451,9999123452,1,1
MP00020477,MP00020477,2023-09-07,13:58:27,PL011,MIL0262991,x@x.com,9999123456,9999123451,9999123452,1,1
MP00020478,MP00020478,2023-09-07,13:58:27,PL006,MIL0576920,x@x.com,9999123456,9999123451,9999123452,1,1
MP00020479,MP00020479,2023-09-07,13:58:27,PL012,MIL0219778,x@x.com,9999123456,9999123451,9999123452,1,1
MP00020480,MP00020480,2023-09-07,13:58:27,PL001,MIL0568616,x@x.com,9999123456,9999123451,9999123452,1,1
MP00020481,MP00020481,2023-09-07,13:58:27,PL003,MIL0431613,x@x.com,9999123456,9999123451,9999123452,1,1
MP00020482,MP00020482,2023-09-07,13:58:27,PL009,MIL0184630,x@x.com,9999123456,9999123451,9999123452,1,1
MP00020483,MP00020483,2023-09-07,13:58:27,PL013,MIL0495500,x@x.com,9999123456,9999123451,9999123452,1,1
MP00020484,MP00020484,2023-09-07,13:58:27,PL012,MIL0350900,x@x.com,9999123456,9999123451,9999123452,1,1
MP00020485,MP00020485,2023-09-07,13:58:27,PL010,MIL0123926,x@x.com,9999123456,9999123451,9999123452,1,1
MP00020486,MP00020486,2023-09-07,13:58:27,PL008,MIL0379987,x@x.com,9999123456,9999123451,9999123452,1,1
MP00020487,MP00020487,2023-09-07,13:58:27,PL006,MIL0296849,x@x.com,9999123456,9999123451,9999123452,1,1
MP00020488,MP00020488,2023-09-07,13:58:27,PL012,MIL0089705,x@x.com,9999123456,9999123451,9999123452,1,1
MP00020489,MP00020489,2023-09-07,13:58:27,PL001,MIL0057866,x@x.com,9999123456,9999123451,9999123452,1,1
MP00020490,MP00020490,2023-09-07,13:58:27,PL005,MIL0161849,x@x.com,9999123456,9999123451,9999123452,1,1
MP00020491,MP00020491,2023-09-07,13:58:27,PL001,MIL0314323,x@x.com,9999123456,9999123451,9999123452,1,1
MP00020492,MP00020492,2023-09-07,13:58:27,PL001,MIL0535370,x@x.com,9999123456,9999123451,9999123452,1,1
MP00020493,MP00020493,2023-09-07,13:58:27,PL008,MIL0401845,x@x.com,9999123456,9999123451,9999123452,1,1
MP00020494,MP00020494,2023-09-07,13:58:27,PL011,MIL0202097,x@x.com,9999123456,9999123451,9999123452,1,1
MP00020495,MP00020495,2023-09-07,13:58:27,PL009,MIL0255410,x@x.com,9999123456,9999123451,9999123452,1,1
MP00020496,MP00020496,2023-09-07,13:58:27,PL006,MIL0224840,x@x.com,9999123456,9999123451,9999123452,1,1
MP00020497,MP00020497,2023-09-07,13:58:27,PL005,MIL0017902,x@x.com,9999123456,9999123451,9999123452,1,1
MP00020498,MP00020498,2023-09-07,13:58:27,PL002,MIL0145609,x@x.com,9999123456,9999123451,9999123452,1,1
MP00020499,MP00020499,2023-09-07,13:58:27,PL008,MIL0410361,x@x.com,9999123456,9999123451,9999123452,1,1
MP00020500,MP00020500,2023-09-07,13:58:27,PL005,MIL0053956,x@x.com,9999123456,9999123451,9999123452,1,1
MP00020501,MP00020501,2023-09-07,13:58:27,PL008,MIL0139040,x@x.com,9999123456,9999123451,9999123452,1,1
MP00020502,MP00020502,2023-09-07,13:58:27,PL002,MIL0143075,x@x.com,9999123456,9999123451,9999123452,1,1
MP00020503,MP00020503,2023-09-07,13:58:27,PL013,MIL0237704,x@x.com,9999123456,9999123451,9999123452,1,1
MP00020504,MP00020504,2023-09-07,13:58:27,PL003,MIL0426289,x@x.com,9999123456,9999123451,9999123452,1,1
MP00020505,MP00020505,2023-09-07,13:58:27,PL003,MIL0222336,x@x.com,9999123456,9999123451,9999123452,1,1
MP00020506,MP00020506,2023-09-07,13:58:27,PL010,MIL0408530,x@x.com,9999123456,9999123451,9999123452,1,1
MP00020507,MP00020507,2023-09-07,13:58:27,PL006,MIL0543613,x@x.com,9999123456,9999123451,9999123452,1,1
MP00020508,MP00020508,2023-09-07,13:58:27,PL011,MIL0392203,x@x.com,9999123456,9999123451,9999123452,1,1
MP00020509,MP00020509,2023-09-07,13:58:27,PL004,MIL0574603,x@x.com,9999123456,9999123451,9999123452,1,1
MP00020510,MP00020510,2023-09-07,13:58:27,PL001,MIL0235498,x@x.com,9999123456,9999123451,9999123452,1,1
MP00020511,MP00020511,2023-09-07,13:58:27,PL001,MIL0428848,x@x.com,9999123456,9999123451,9999123452,1,1
MP00020512,MP00020512,2023-09-07,13:58:27,PL005,MIL0177926,x@x.com,9999123456,9999123451,9999123452,1,1
MP00020513,MP00020513,2023-09-07,13:58:27,PL012,MIL0102140,x@x.com,9999123456,9999123451,9999123452,1,1
MP00020514,MP00020514,2023-09-07,13:58:27,PL010,MIL0018601,x@x.com,9999123456,9999123451,9999123452,1,1
MP00020515,MP00020515,2023-09-07,13:58:27,PL008,MIL0315492,x@x.com,9999123456,9999123451,9999123452,1,1
MP00020516,MP00020516,2023-09-07,13:58:27,PL005,MIL0209585,x@x.com,9999123456,9999123451,9999123452,1,1
MP00020517,MP00020517,2023-09-07,13:58:27,PL009,MIL0283683,x@x.com,9999123456,9999123451,9999123452,1,1
MP00020518,MP00020518,2023-09-07,13:58:27,PL009,MIL0137589,x@x.com,9999123456,9999123451,9999123452,1,1
MP00020519,MP00020519,2023-09-07,13:58:27,PL005,MIL0061312,x@x.com,9999123456,9999123451,9999123452,1,1
MP00020520,MP00020520,2023-09-07,13:58:27,PL003,MIL0482131,x@x.com,9999123456,9999123451,9999123452,1,1
MP00020521,MP00020521,2023-09-07,13:58:27,PL007,MIL0382290,x@x.com,9999123456,9999123451,9999123452,1,1
MP00020522,MP00020522,2023-09-07,13:58:27,PL003,MIL0505170,x@x.com,9999123456,9999123451,9999123452,1,1
MP00020523,MP00020523,2023-09-07,13:58:27,PL013,MIL0441695,x@x.com,9999123456,9999123451,9999123452,1,1
MP00020524,MP00020524,2023-09-07,13:58:27,PL013,MIL0379233,x@x.com,9999123456,9999123451,9999123452,1,1
MP00020525,MP00020525,2023-09-07,13:58:27,PL009,MIL0455033,x@x.com,9999123456,9999123451,9999123452,1,1
MP00020526,MP00020526,2023-09-07,13:58:27,PL013,MIL0206427,x@x.com,9999123456,9999123451,9999123452,1,1
MP00020527,MP00020527,2023-09-07,13:58:27,PL007,MIL0314584,x@x.com,9999123456,9999123451,9999123452,1,1
MP00020528,MP00020528,2023-09-07,13:58:27,PL009,MIL0273825,x@x.com,9999123456,9999123451,9999123452,1,1
MP00020529,MP00020529,2023-09-07,13:58:27,PL002,MIL0487116,x@x.com,9999123456,9999123451,9999123452,1,1
MP00020530,MP00020530,2023-09-07,13:58:27,PL008,MIL0207004,x@x.com,9999123456,9999123451,9999123452,1,1
MP00020531,MP00020531,2023-09-07,13:58:27,PL002,MIL0054365,x@x.com,9999123456,9999123451,9999123452,1,1
MP00020532,MP00020532,2023-09-07,13:58:27,PL006,MIL0026496,x@x.com,9999123456,9999123451,9999123452,1,1
MP00020533,MP00020533,2023-09-07,13:58:27,PL012,MIL0408783,x@x.com,9999123456,9999123451,9999123452,1,1
MP00020534,MP00020534,2023-09-07,13:58:27,PL007,MIL0215371,x@x.com,9999123456,9999123451,9999123452,1,1
MP00020535,MP00020535,2023-09-07,13:58:27,PL013,MIL0321354,x@x.com,9999123456,9999123451,9999123452,1,1
MP00020536,MP00020536,2023-09-07,13:58:27,PL013,MIL0228348,x@x.com,9999123456,9999123451,9999123452,1,1
MP00020537,MP00020537,2023-09-07,13:58:27,PL002,MIL0575116,x@x.com,9999123456,9999123451,9999123452,1,1
MP00020538,MP00020538,2023-09-07,13:58:27,PL009,MIL0562475,x@x.com,9999123456,9999123451,9999123452,1,1
MP00020539,MP00020539,2023-09-07,13:58:27,PL007,MIL0188153,x@x.com,9999123456,9999123451,9999123452,1,1
MP00020540,MP00020540,2023-09-07,13:58:27,PL011,MIL0222804,x@x.com,9999123456,9999123451,9999123452,1,1
MP00020541,MP00020541,2023-09-07,13:58:27,PL008,MIL0140904,x@x.com,9999123456,9999123451,9999123452,1,1
MP00020542,MP00020542,2023-09-07,13:58:27,PL007,MIL0528090,x@x.com,9999123456,9999123451,9999123452,1,1
MP00020543,MP00020543,2023-09-07,13:58:27,PL006,MIL0178469,x@x.com,9999123456,9999123451,9999123452,1,1
MP00020544,MP00020544,2023-09-07,13:58:27,PL004,MIL0136720,x@x.com,9999123456,9999123451,9999123452,1,1
MP00020545,MP00020545,2023-09-07,13:58:27,PL007,MIL0489204,x@x.com,9999123456,9999123451,9999123452,1,1
MP00020546,MP00020546,2023-09-07,13:58:27,PL009,MIL0120494,x@x.com,9999123456,9999123451,9999123452,1,1
MP00020547,MP00020547,2023-09-07,13:58:27,PL001,MIL0381715,x@x.com,9999123456,9999123451,9999123452,1,1
MP00020548,MP00020548,2023-09-07,13:58:27,PL009,MIL0084943,x@x.com,9999123456,9999123451,9999123452,1,1
MP00020549,MP00020549,2023-09-07,13:58:27,PL010,MIL0514537,x@x.com,9999123456,9999123451,9999123452,1,1
MP00020550,MP00020550,2023-09-07,13:58:27,PL013,MIL0246302,x@x.com,9999123456,9999123451,9999123452,1,1
MP00020551,MP00020551,2023-09-07,13:58:27,PL002,MIL0267928,x@x.com,9999123456,9999123451,9999123452,1,1
MP00020552,MP00020552,2023-09-07,13:58:27,PL009,MIL0448539,x@x.com,9999123456,9999123451,9999123452,1,1
MP00020553,MP00020553,2023-09-07,13:58:27,PL010,MIL0256499,x@x.com,9999123456,9999123451,9999123452,1,1
MP00020554,MP00020554,2023-09-07,13:58:27,PL012,MIL0191707,x@x.com,9999123456,9999123451,9999123452,1,1
MP00020555,MP00020555,2023-09-07,13:58:27,PL012,MIL0535350,x@x.com,9999123456,9999123451,9999123452,1,1
MP00020556,MP00020556,2023-09-07,13:58:27,PL006,MIL0256904,x@x.com,9999123456,9999123451,9999123452,1,1
MP00020557,MP00020557,2023-09-07,13:58:27,PL007,MIL0114778,x@x.com,9999123456,9999123451,9999123452,1,1
MP00020558,MP00020558,2023-09-07,13:58:27,PL009,MIL0199928,x@x.com,9999123456,9999123451,9999123452,1,1
MP00020559,MP00020559,2023-09-07,13:58:27,PL002,MIL0548429,x@x.com,9999123456,9999123451,9999123452,1,1
MP00020560,MP00020560,2023-09-07,13:58:27,PL012,MIL0040143,x@x.com,9999123456,9999123451,9999123452,1,1
MP00020561,MP00020561,2023-09-07,13:58:27,PL007,MIL0353742,x@x.com,9999123456,9999123451,9999123452,1,1
MP00020562,MP00020562,2023-09-07,13:58:27,PL001,MIL0129125,x@x.com,9999123456,9999123451,9999123452,1,1
MP00020563,MP00020563,2023-09-07,13:58:27,PL006,MIL0372737,x@x.com,9999123456,9999123451,9999123452,1,1
MP00020564,MP00020564,2023-09-07,13:58:27,PL012,MIL0496321,x@x.com,9999123456,9999123451,9999123452,1,1
MP00020565,MP00020565,2023-09-07,13:58:27,PL005,MIL0116921,x@x.com,9999123456,9999123451,9999123452,1,1
MP00020566,MP00020566,2023-09-07,13:58:27,PL005,MIL0065849,x@x.com,9999123456,9999123451,9999123452,1,1
MP00020567,MP00020567,2023-09-07,13:58:27,PL010,MIL0170826,x@x.com,9999123456,9999123451,9999123452,1,1
MP00020568,MP00020568,2023-09-07,13:58:27,PL008,MIL0494855,x@x.com,9999123456,9999123451,9999123452,1,1
MP00020569,MP00020569,2023-09-07,13:58:27,PL002,MIL0093113,x@x.com,9999123456,9999123451,9999123452,1,1
MP00020570,MP00020570,2023-09-07,13:58:27,PL008,MIL0276351,x@x.com,9999123456,9999123451,9999123452,1,1
MP00020571,MP00020571,2023-09-07,13:58:27,PL004,MIL0235076,x@x.com,9999123456,9999123451,9999123452,1,1
MP00020572,MP00020572,2023-09-07,13:58:27,PL005,MIL0280527,x@x.com,9999123456,9999123451,9999123452,1,1
MP00020573,MP00020573,2023-09-07,13:58:27,PL007,MIL0347341,x@x.com,9999123456,9999123451,9999123452,1,1
MP00020574,MP00020574,2023-09-07,13:58:27,PL001,MIL0040173,x@x.com,9999123456,9999123451,9999123452,1,1
MP00020575,MP00020575,2023-09-07,13:58:27,PL007,MIL0198617,x@x.com,9999123456,9999123451,9999123452,1,1
MP00020576,MP00020576,2023-09-07,13:58:27,PL013,MIL0249856,x@x.com,9999123456,9999123451,9999123452,1,1
MP00020577,MP00020577,2023-09-07,13:58:27,PL003,MIL0192880,x@x.com,9999123456,9999123451,9999123452,1,1
MP00020578,MP00020578,2023-09-07,13:58:27,PL008,MIL0067177,x@x.com,9999123456,9999123451,9999123452,1,1
MP00020579,MP00020579,2023-09-07,13:58:27,PL009,MIL0178028,x@x.com,9999123456,9999123451,9999123452,1,1
MP00020580,MP00020580,2023-09-07,13:58:27,PL003,MIL0342591,x@x.com,9999123456,9999123451,9999123452,1,1
MP00020581,MP00020581,2023-09-07,13:58:27,PL009,MIL0174163,x@x.com,9999123456,9999123451,9999123452,1,1
MP00020582,MP00020582,2023-09-07,13:58:27,PL003,MIL0513948,x@x.com,9999123456,9999123451,9999123452,1,1
MP00020583,MP00020583,2023-09-07,13:58:27,PL012,MIL0456879,x@x.com,9999123456,9999123451,9999123452,1,1
MP00020584,MP00020584,2023-09-07,13:58:27,PL009,MIL0130290,x@x.com,9999123456,9999123451,9999123452,1,1
MP00020585,MP00020585,2023-09-07,13:58:27,PL007,MIL0064986,x@x.com,9999123456,9999123451,9999123452,1,1
MP00020586,MP00020586,2023-09-07,13:58:27,PL008,MIL0158410,x@x.com,9999123456,9999123451,9999123452,1,1
MP00020587,MP00020587,2023-09-07,13:58:27,PL007,MIL0213014,x@x.com,9999123456,9999123451,9999123452,1,1
MP00020588,MP00020588,2023-09-07,13:58:27,PL006,MIL0269726,x@x.com,9999123456,9999123451,9999123452,1,1
MP00020589,MP00020589,2023-09-07,13:58:27,PL006,MIL0344908,x@x.com,9999123456,9999123451,9999123452,1,1
MP00020590,MP00020590,2023-09-07,13:58:27,PL008,MIL0190203,x@x.com,9999123456,9999123451,9999123452,1,1
MP00020591,MP00020591,2023-09-07,13:58:27,PL011,MIL0428158,x@x.com,9999123456,9999123451,9999123452,1,1
MP00020592,MP00020592,2023-09-07,13:58:27,PL010,MIL0126937,x@x.com,9999123456,9999123451,9999123452,1,1
MP00020593,MP00020593,2023-09-07,13:58:27,PL003,MIL0088852,x@x.com,9999123456,9999123451,9999123452,1,1
MP00020594,MP00020594,2023-09-07,13:58:27,PL004,MIL0048135,x@x.com,9999123456,9999123451,9999123452,1,1
MP00020595,MP00020595,2023-09-07,13:58:27,PL011,MIL0374953,x@x.com,9999123456,9999123451,9999123452,1,1
MP00020596,MP00020596,2023-09-07,13:58:27,PL009,MIL0223574,x@x.com,9999123456,9999123451,9999123452,1,1
MP00020597,MP00020597,2023-09-07,13:58:27,PL010,MIL0458570,x@x.com,9999123456,9999123451,9999123452,1,1
MP00020598,MP00020598,2023-09-07,13:58:27,PL003,MIL0024015,x@x.com,9999123456,9999123451,9999123452,1,1
MP00020599,MP00020599,2023-09-07,13:58:27,PL012,MIL0206415,x@x.com,9999123456,9999123451,9999123452,1,1
MP00020600,MP00020600,2023-09-07,13:58:27,PL001,MIL0060420,x@x.com,9999123456,9999123451,9999123452,1,1
MP00020601,MP00020601,2023-09-07,13:58:27,PL013,MIL0087061,x@x.com,9999123456,9999123451,9999123452,1,1
MP00020602,MP00020602,2023-09-07,13:58:27,PL006,MIL0552362,x@x.com,9999123456,9999123451,9999123452,1,1
MP00020603,MP00020603,2023-09-07,13:58:27,PL010,MIL0154702,x@x.com,9999123456,9999123451,9999123452,1,1
MP00020604,MP00020604,2023-09-07,13:58:27,PL009,MIL0474479,x@x.com,9999123456,9999123451,9999123452,1,1
MP00020605,MP00020605,2023-09-07,13:58:27,PL013,MIL0223624,x@x.com,9999123456,9999123451,9999123452,1,1
MP00020606,MP00020606,2023-09-07,13:58:27,PL002,MIL0304841,x@x.com,9999123456,9999123451,9999123452,1,1
MP00020607,MP00020607,2023-09-07,13:58:27,PL004,MIL0109146,x@x.com,9999123456,9999123451,9999123452,1,1
MP00020608,MP00020608,2023-09-07,13:58:27,PL003,MIL0109116,x@x.com,9999123456,9999123451,9999123452,1,1
MP00020609,MP00020609,2023-09-07,13:58:27,PL012,MIL0223089,x@x.com,9999123456,9999123451,9999123452,1,1
MP00020610,MP00020610,2023-09-07,13:58:27,PL006,MIL0372405,x@x.com,9999123456,9999123451,9999123452,1,1
MP00020611,MP00020611,2023-09-07,13:58:27,PL003,MIL0480788,x@x.com,9999123456,9999123451,9999123452,1,1
MP00020612,MP00020612,2023-09-07,13:58:27,PL009,MIL0167354,x@x.com,9999123456,9999123451,9999123452,1,1
MP00020613,MP00020613,2023-09-07,13:58:27,PL007,MIL0340706,x@x.com,9999123456,9999123451,9999123452,1,1
MP00020614,MP00020614,2023-09-07,13:58:27,PL001,MIL0562612,x@x.com,9999123456,9999123451,9999123452,1,1
MP00020615,MP00020615,2023-09-07,13:58:27,PL001,MIL0507709,x@x.com,9999123456,9999123451,9999123452,1,1
MP00020616,MP00020616,2023-09-07,13:58:27,PL010,MIL0451311,x@x.com,9999123456,9999123451,9999123452,1,1
MP00020617,MP00020617,2023-09-07,13:58:27,PL009,MIL0501579,x@x.com,9999123456,9999123451,9999123452,1,1
MP00020618,MP00020618,2023-09-07,13:58:27,PL012,MIL0306991,x@x.com,9999123456,9999123451,9999123452,1,1
MP00020619,MP00020619,2023-09-07,13:58:27,PL004,MIL0197008,x@x.com,9999123456,9999123451,9999123452,1,1
MP00020620,MP00020620,2023-09-07,13:58:27,PL003,MIL0575368,x@x.com,9999123456,9999123451,9999123452,1,1
MP00020621,MP00020621,2023-09-07,13:58:27,PL010,MIL0500347,x@x.com,9999123456,9999123451,9999123452,1,1
MP00020622,MP00020622,2023-09-07,13:58:27,PL002,MIL0323612,x@x.com,9999123456,9999123451,9999123452,1,1
MP00020623,MP00020623,2023-09-07,13:58:27,PL011,MIL0024647,x@x.com,9999123456,9999123451,9999123452,1,1
MP00020624,MP00020624,2023-09-07,13:58:27,PL009,MIL0291915,x@x.com,9999123456,9999123451,9999123452,1,1
MP00020625,MP00020625,2023-09-07,13:58:27,PL001,MIL0302516,x@x.com,9999123456,9999123451,9999123452,1,1
MP00020626,MP00020626,2023-09-07,13:58:27,PL003,MIL0580910,x@x.com,9999123456,9999123451,9999123452,1,1
MP00020627,MP00020627,2023-09-07,13:58:27,PL001,MIL0320473,x@x.com,9999123456,9999123451,9999123452,1,1
MP00020628,MP00020628,2023-09-07,13:58:27,PL001,MIL0159062,x@x.com,9999123456,9999123451,9999123452,1,1
MP00020629,MP00020629,2023-09-07,13:58:27,PL003,MIL0355034,x@x.com,9999123456,9999123451,9999123452,1,1
MP00020630,MP00020630,2023-09-07,13:58:27,PL001,MIL0456366,x@x.com,9999123456,9999123451,9999123452,1,1
MP00020631,MP00020631,2023-09-07,13:58:27,PL010,MIL0200584,x@x.com,9999123456,9999123451,9999123452,1,1
MP00020632,MP00020632,2023-09-07,13:58:27,PL009,MIL0063164,x@x.com,9999123456,9999123451,9999123452,1,1
MP00020633,MP00020633,2023-09-07,13:58:27,PL011,MIL0348284,x@x.com,9999123456,9999123451,9999123452,1,1
MP00020634,MP00020634,2023-09-07,13:58:27,PL008,MIL0527667,x@x.com,9999123456,9999123451,9999123452,1,1
MP00020635,MP00020635,2023-09-07,13:58:27,PL003,MIL0156046,x@x.com,9999123456,9999123451,9999123452,1,1
MP00020636,MP00020636,2023-09-07,13:58:27,PL003,MIL0517579,x@x.com,9999123456,9999123451,9999123452,1,1
MP00020637,MP00020637,2023-09-07,13:58:27,PL001,MIL0170610,x@x.com,9999123456,9999123451,9999123452,1,1
MP00020638,MP00020638,2023-09-07,13:58:27,PL001,MIL0191185,x@x.com,9999123456,9999123451,9999123452,1,1
MP00020639,MP00020639,2023-09-07,13:58:27,PL010,MIL0522422,x@x.com,9999123456,9999123451,9999123452,1,1
MP00020640,MP00020640,2023-09-07,13:58:27,PL005,MIL0363768,x@x.com,9999123456,9999123451,9999123452,1,1
MP00020641,MP00020641,2023-09-07,13:58:27,PL006,MIL0293847,x@x.com,9999123456,9999123451,9999123452,1,1
MP00020642,MP00020642,2023-09-07,13:58:27,PL013,MIL0422201,x@x.com,9999123456,9999123451,9999123452,1,1
MP00020643,MP00020643,2023-09-07,13:58:27,PL008,MIL0126147,x@x.com,9999123456,9999123451,9999123452,1,1
MP00020644,MP00020644,2023-09-07,13:58:27,PL006,MIL0370444,x@x.com,9999123456,9999123451,9999123452,1,1
MP00020645,MP00020645,2023-09-07,13:58:27,PL003,MIL0023095,x@x.com,9999123456,9999123451,9999123452,1,1
MP00020646,MP00020646,2023-09-07,13:58:27,PL005,MIL0163235,x@x.com,9999123456,9999123451,9999123452,1,1
MP00020647,MP00020647,2023-09-07,13:58:27,PL004,MIL0351421,x@x.com,9999123456,9999123451,9999123452,1,1
MP00020648,MP00020648,2023-09-07,13:58:27,PL009,MIL0457508,x@x.com,9999123456,9999123451,9999123452,1,1
MP00020649,MP00020649,2023-09-07,13:58:27,PL013,MIL0309902,x@x.com,9999123456,9999123451,9999123452,1,1
MP00020650,MP00020650,2023-09-07,13:58:27,PL008,MIL0521516,x@x.com,9999123456,9999123451,9999123452,1,1
MP00020651,MP00020651,2023-09-07,13:58:27,PL004,MIL0186079,x@x.com,9999123456,9999123451,9999123452,1,1
MP00020652,MP00020652,2023-09-07,13:58:27,PL006,MIL0057398,x@x.com,9999123456,9999123451,9999123452,1,1
MP00020653,MP00020653,2023-09-07,13:58:27,PL008,MIL0051784,x@x.com,9999123456,9999123451,9999123452,1,1
MP00020654,MP00020654,2023-09-07,13:58:27,PL003,MIL0496572,x@x.com,9999123456,9999123451,9999123452,1,1
MP00020655,MP00020655,2023-09-07,13:58:27,PL009,MIL0193314,x@x.com,9999123456,9999123451,9999123452,1,1
MP00020656,MP00020656,2023-09-07,13:58:27,PL012,MIL0418742,x@x.com,9999123456,9999123451,9999123452,1,1
MP00020657,MP00020657,2023-09-07,13:58:27,PL011,MIL0244698,x@x.com,9999123456,9999123451,9999123452,1,1
MP00020658,MP00020658,2023-09-07,13:58:27,PL003,MIL0150190,x@x.com,9999123456,9999123451,9999123452,1,1
MP00020659,MP00020659,2023-09-07,13:58:27,PL013,MIL0458617,x@x.com,9999123456,9999123451,9999123452,1,1
MP00020660,MP00020660,2023-09-07,13:58:27,PL013,MIL0278836,x@x.com,9999123456,9999123451,9999123452,1,1
MP00020661,MP00020661,2023-09-07,13:58:27,PL002,MIL0541876,x@x.com,9999123456,9999123451,9999123452,1,1
MP00020662,MP00020662,2023-09-07,13:58:27,PL001,MIL0129580,x@x.com,9999123456,9999123451,9999123452,1,1
MP00020663,MP00020663,2023-09-07,13:58:27,PL009,MIL0555742,x@x.com,9999123456,9999123451,9999123452,1,1
MP00020664,MP00020664,2023-09-07,13:58:27,PL002,MIL0024554,x@x.com,9999123456,9999123451,9999123452,1,1
MP00020665,MP00020665,2023-09-07,13:58:27,PL008,MIL0151477,x@x.com,9999123456,9999123451,9999123452,1,1
MP00020666,MP00020666,2023-09-07,13:58:27,PL007,MIL0575318,x@x.com,9999123456,9999123451,9999123452,1,1
MP00020667,MP00020667,2023-09-07,13:58:27,PL007,MIL0161154,x@x.com,9999123456,9999123451,9999123452,1,1
MP00020668,MP00020668,2023-09-07,13:58:27,PL012,MIL0386681,x@x.com,9999123456,9999123451,9999123452,1,1
MP00020669,MP00020669,2023-09-07,13:58:27,PL007,MIL0287504,x@x.com,9999123456,9999123451,9999123452,1,1
MP00020670,MP00020670,2023-09-07,13:58:27,PL012,MIL0152175,x@x.com,9999123456,9999123451,9999123452,1,1
MP00020671,MP00020671,2023-09-07,13:58:27,PL013,MIL0106671,x@x.com,9999123456,9999123451,9999123452,1,1
MP00020672,MP00020672,2023-09-07,13:58:27,PL009,MIL0248502,x@x.com,9999123456,9999123451,9999123452,1,1
MP00020673,MP00020673,2023-09-07,13:58:27,PL013,MIL0186644,x@x.com,9999123456,9999123451,9999123452,1,1
MP00020674,MP00020674,2023-09-07,13:58:27,PL003,MIL0301368,x@x.com,9999123456,9999123451,9999123452,1,1
MP00020675,MP00020675,2023-09-07,13:58:27,PL006,MIL0131608,x@x.com,9999123456,9999123451,9999123452,1,1
MP00020676,MP00020676,2023-09-07,13:58:27,PL009,MIL0442632,x@x.com,9999123456,9999123451,9999123452,1,1
MP00020677,MP00020677,2023-09-07,13:58:27,PL001,MIL0315247,x@x.com,9999123456,9999123451,9999123452,1,1
MP00020678,MP00020678,2023-09-07,13:58:27,PL007,MIL0547664,x@x.com,9999123456,9999123451,9999123452,1,1
MP00020679,MP00020679,2023-09-07,13:58:27,PL008,MIL0437100,x@x.com,9999123456,9999123451,9999123452,1,1
MP00020680,MP00020680,2023-09-07,13:58:27,PL008,MIL0557658,x@x.com,9999123456,9999123451,9999123452,1,1
MP00020681,MP00020681,2023-09-07,13:58:27,PL008,MIL0264474,x@x.com,9999123456,9999123451,9999123452,1,1
MP00020682,MP00020682,2023-09-07,13:58:27,PL010,MIL0505771,x@x.com,9999123456,9999123451,9999123452,1,1
MP00020683,MP00020683,2023-09-07,13:58:27,PL008,MIL0267017,x@x.com,9999123456,9999123451,9999123452,1,1
MP00020684,MP00020684,2023-09-07,13:58:27,PL012,MIL0465246,x@x.com,9999123456,9999123451,9999123452,1,1
MP00020685,MP00020685,2023-09-07,13:58:27,PL001,MIL0433800,x@x.com,9999123456,9999123451,9999123452,1,1
MP00020686,MP00020686,2023-09-07,13:58:27,PL002,MIL0391334,x@x.com,9999123456,9999123451,9999123452,1,1
MP00020687,MP00020687,2023-09-07,13:58:27,PL003,MIL0571877,x@x.com,9999123456,9999123451,9999123452,1,1
MP00020688,MP00020688,2023-09-07,13:58:27,PL003,MIL0251896,x@x.com,9999123456,9999123451,9999123452,1,1
MP00020689,MP00020689,2023-09-07,13:58:27,PL004,MIL0257762,x@x.com,9999123456,9999123451,9999123452,1,1
MP00020690,MP00020690,2023-09-07,13:58:27,PL013,MIL0092260,x@x.com,9999123456,9999123451,9999123452,1,1
MP00020691,MP00020691,2023-09-07,13:58:27,PL012,MIL0342477,x@x.com,9999123456,9999123451,9999123452,1,1
MP00020692,MP00020692,2023-09-07,13:58:27,PL004,MIL0518400,x@x.com,9999123456,9999123451,9999123452,1,1
MP00020693,MP00020693,2023-09-07,13:58:27,PL006,MIL0046348,x@x.com,9999123456,9999123451,9999123452,1,1
MP00020694,MP00020694,2023-09-07,13:58:27,PL003,MIL0260188,x@x.com,9999123456,9999123451,9999123452,1,1
MP00020695,MP00020695,2023-09-07,13:58:27,PL006,MIL0396981,x@x.com,9999123456,9999123451,9999123452,1,1
MP00020696,MP00020696,2023-09-07,13:58:27,PL004,MIL0164834,x@x.com,9999123456,9999123451,9999123452,1,1
MP00020697,MP00020697,2023-09-07,13:58:27,PL009,MIL0109797,x@x.com,9999123456,9999123451,9999123452,1,1
MP00020698,MP00020698,2023-09-07,13:58:27,PL007,MIL0526509,x@x.com,9999123456,9999123451,9999123452,1,1
MP00020699,MP00020699,2023-09-07,13:58:27,PL009,MIL0218737,x@x.com,9999123456,9999123451,9999123452,1,1
MP00020700,MP00020700,2023-09-07,13:58:27,PL001,MIL0460992,x@x.com,9999123456,9999123451,9999123452,1,1
MP00020701,MP00020701,2023-09-07,13:58:27,PL001,MIL0004169,x@x.com,9999123456,9999123451,9999123452,1,1
MP00020702,MP00020702,2023-09-07,13:58:27,PL009,MIL0243703,x@x.com,9999123456,9999123451,9999123452,1,1
MP00020703,MP00020703,2023-09-07,13:58:27,PL010,MIL0157517,x@x.com,9999123456,9999123451,9999123452,1,1
MP00020704,MP00020704,2023-09-07,13:58:27,PL004,MIL0510502,x@x.com,9999123456,9999123451,9999123452,1,1
MP00020705,MP00020705,2023-09-07,13:58:27,PL008,MIL0097523,x@x.com,9999123456,9999123451,9999123452,1,1
MP00020706,MP00020706,2023-09-07,13:58:27,PL008,MIL0066388,x@x.com,9999123456,9999123451,9999123452,1,1
MP00020707,MP00020707,2023-09-07,13:58:27,PL012,MIL0266860,x@x.com,9999123456,9999123451,9999123452,1,1
MP00020708,MP00020708,2023-09-07,13:58:27,PL003,MIL0195427,x@x.com,9999123456,9999123451,9999123452,1,1
MP00020709,MP00020709,2023-09-07,13:58:27,PL001,MIL0557259,x@x.com,9999123456,9999123451,9999123452,1,1
MP00020710,MP00020710,2023-09-07,13:58:27,PL013,MIL0554692,x@x.com,9999123456,9999123451,9999123452,1,1
MP00020711,MP00020711,2023-09-07,13:58:27,PL008,MIL0235530,x@x.com,9999123456,9999123451,9999123452,1,1
MP00020712,MP00020712,2023-09-07,13:58:27,PL007,MIL0150112,x@x.com,9999123456,9999123451,9999123452,1,1
MP00020713,MP00020713,2023-09-07,13:58:27,PL011,MIL0275263,x@x.com,9999123456,9999123451,9999123452,1,1
MP00020714,MP00020714,2023-09-07,13:58:27,PL002,MIL0210674,x@x.com,9999123456,9999123451,9999123452,1,1
MP00020715,MP00020715,2023-09-07,13:58:27,PL007,MIL0048688,x@x.com,9999123456,9999123451,9999123452,1,1
MP00020716,MP00020716,2023-09-07,13:58:27,PL012,MIL0081540,x@x.com,9999123456,9999123451,9999123452,1,1
MP00020717,MP00020717,2023-09-07,13:58:27,PL011,MIL0515004,x@x.com,9999123456,9999123451,9999123452,1,1
MP00020718,MP00020718,2023-09-07,13:58:27,PL007,MIL0134324,x@x.com,9999123456,9999123451,9999123452,1,1
MP00020719,MP00020719,2023-09-07,13:58:27,PL013,MIL0148401,x@x.com,9999123456,9999123451,9999123452,1,1
MP00020720,MP00020720,2023-09-07,13:58:27,PL005,MIL0003186,x@x.com,9999123456,9999123451,9999123452,1,1
MP00020721,MP00020721,2023-09-07,13:58:27,PL004,MIL0395135,x@x.com,9999123456,9999123451,9999123452,1,1
MP00020722,MP00020722,2023-09-07,13:58:27,PL011,MIL0341303,x@x.com,9999123456,9999123451,9999123452,1,1
MP00020723,MP00020723,2023-09-07,13:58:27,PL002,MIL0499488,x@x.com,9999123456,9999123451,9999123452,1,1
MP00020724,MP00020724,2023-09-07,13:58:27,PL003,MIL0387279,x@x.com,9999123456,9999123451,9999123452,1,1
MP00020725,MP00020725,2023-09-07,13:58:27,PL001,MIL0245586,x@x.com,9999123456,9999123451,9999123452,1,1
MP00020726,MP00020726,2023-09-07,13:58:27,PL009,MIL0335924,x@x.com,9999123456,9999123451,9999123452,1,1
MP00020727,MP00020727,2023-09-07,13:58:27,PL010,MIL0536623,x@x.com,9999123456,9999123451,9999123452,1,1
MP00020728,MP00020728,2023-09-07,13:58:27,PL001,MIL0229116,x@x.com,9999123456,9999123451,9999123452,1,1
MP00020729,MP00020729,2023-09-07,13:58:27,PL010,MIL0541846,x@x.com,9999123456,9999123451,9999123452,1,1
MP00020730,MP00020730,2023-09-07,13:58:27,PL012,MIL0496991,x@x.com,9999123456,9999123451,9999123452,1,1
MP00020731,MP00020731,2023-09-07,13:58:27,PL009,MIL0396123,x@x.com,9999123456,9999123451,9999123452,1,1
MP00020732,MP00020732,2023-09-07,13:58:27,PL012,MIL0412036,x@x.com,9999123456,9999123451,9999123452,1,1
MP00020733,MP00020733,2023-09-07,13:58:27,PL004,MIL0281079,x@x.com,9999123456,9999123451,9999123452,1,1
MP00020734,MP00020734,2023-09-07,13:58:27,PL005,MIL0403033,x@x.com,9999123456,9999123451,9999123452,1,1
MP00020735,MP00020735,2023-09-07,13:58:27,PL011,MIL0068118,x@x.com,9999123456,9999123451,9999123452,1,1
MP00020736,MP00020736,2023-09-07,13:58:27,PL003,MIL0029011,x@x.com,9999123456,9999123451,9999123452,1,1
MP00020737,MP00020737,2023-09-07,13:58:27,PL009,MIL0553965,x@x.com,9999123456,9999123451,9999123452,1,1
MP00020738,MP00020738,2023-09-07,13:58:27,PL012,MIL0508367,x@x.com,9999123456,9999123451,9999123452,1,1
MP00020739,MP00020739,2023-09-07,13:58:27,PL011,MIL0411371,x@x.com,9999123456,9999123451,9999123452,1,1
MP00020740,MP00020740,2023-09-07,13:58:27,PL009,MIL0140349,x@x.com,9999123456,9999123451,9999123452,1,1
MP00020741,MP00020741,2023-09-07,13:58:27,PL002,MIL0437373,x@x.com,9999123456,9999123451,9999123452,1,1
MP00020742,MP00020742,2023-09-07,13:58:27,PL007,MIL0196342,x@x.com,9999123456,9999123451,9999123452,1,1
MP00020743,MP00020743,2023-09-07,13:58:27,PL001,MIL0205802,x@x.com,9999123456,9999123451,9999123452,1,1
MP00020744,MP00020744,2023-09-07,13:58:27,PL004,MIL0546372,x@x.com,9999123456,9999123451,9999123452,1,1
MP00020745,MP00020745,2023-09-07,13:58:27,PL012,MIL0272180,x@x.com,9999123456,9999123451,9999123452,1,1
MP00020746,MP00020746,2023-09-07,13:58:27,PL001,MIL0356813,x@x.com,9999123456,9999123451,9999123452,1,1
MP00020747,MP00020747,2023-09-07,13:58:27,PL004,MIL0156096,x@x.com,9999123456,9999123451,9999123452,1,1
MP00020748,MP00020748,2023-09-07,13:58:27,PL004,MIL0403450,x@x.com,9999123456,9999123451,9999123452,1,1
MP00020749,MP00020749,2023-09-07,13:58:27,PL007,MIL0230198,x@x.com,9999123456,9999123451,9999123452,1,1
MP00020750,MP00020750,2023-09-07,13:58:27,PL013,MIL0293184,x@x.com,9999123456,9999123451,9999123452,1,1
MP00020751,MP00020751,2023-09-07,13:58:27,PL012,MIL0153443,x@x.com,9999123456,9999123451,9999123452,1,1
MP00020752,MP00020752,2023-09-07,13:58:27,PL010,MIL0144849,x@x.com,9999123456,9999123451,9999123452,1,1
MP00020753,MP00020753,2023-09-07,13:58:27,PL006,MIL0237750,x@x.com,9999123456,9999123451,9999123452,1,1
MP00020754,MP00020754,2023-09-07,13:58:27,PL003,MIL0206867,x@x.com,9999123456,9999123451,9999123452,1,1
MP00020755,MP00020755,2023-09-07,13:58:27,PL009,MIL0412635,x@x.com,9999123456,9999123451,9999123452,1,1
MP00020756,MP00020756,2023-09-07,13:58:27,PL012,MIL0059993,x@x.com,9999123456,9999123451,9999123452,1,1
MP00020757,MP00020757,2023-09-07,13:58:27,PL004,MIL0186936,x@x.com,9999123456,9999123451,9999123452,1,1
MP00020758,MP00020758,2023-09-07,13:58:27,PL010,MIL0032639,x@x.com,9999123456,9999123451,9999123452,1,1
MP00020759,MP00020759,2023-09-07,13:58:27,PL004,MIL0185959,x@x.com,9999123456,9999123451,9999123452,1,1
MP00020760,MP00020760,2023-09-07,13:58:27,PL006,MIL0011045,x@x.com,9999123456,9999123451,9999123452,1,1
MP00020761,MP00020761,2023-09-07,13:58:27,PL008,MIL0223151,x@x.com,9999123456,9999123451,9999123452,1,1
MP00020762,MP00020762,2023-09-07,13:58:27,PL006,MIL0558964,x@x.com,9999123456,9999123451,9999123452,1,1
MP00020763,MP00020763,2023-09-07,13:58:27,PL002,MIL0120010,x@x.com,9999123456,9999123451,9999123452,1,1
MP00020764,MP00020764,2023-09-07,13:58:27,PL009,MIL0371732,x@x.com,9999123456,9999123451,9999123452,1,1
MP00020765,MP00020765,2023-09-07,13:58:27,PL007,MIL0164729,x@x.com,9999123456,9999123451,9999123452,1,1
MP00020766,MP00020766,2023-09-07,13:58:27,PL012,MIL0493708,x@x.com,9999123456,9999123451,9999123452,1,1
MP00020767,MP00020767,2023-09-07,13:58:27,PL012,MIL0051065,x@x.com,9999123456,9999123451,9999123452,1,1
MP00020768,MP00020768,2023-09-07,13:58:27,PL007,MIL0292308,x@x.com,9999123456,9999123451,9999123452,1,1
MP00020769,MP00020769,2023-09-07,13:58:27,PL012,MIL0372963,x@x.com,9999123456,9999123451,9999123452,1,1
MP00020770,MP00020770,2023-09-07,13:58:27,PL004,MIL0150610,x@x.com,9999123456,9999123451,9999123452,1,1
MP00020771,MP00020771,2023-09-07,13:58:27,PL011,MIL0010007,x@x.com,9999123456,9999123451,9999123452,1,1
MP00020772,MP00020772,2023-09-07,13:58:27,PL010,MIL0539496,x@x.com,9999123456,9999123451,9999123452,1,1
MP00020773,MP00020773,2023-09-07,13:58:27,PL011,MIL0068819,x@x.com,9999123456,9999123451,9999123452,1,1
MP00020774,MP00020774,2023-09-07,13:58:27,PL004,MIL0274854,x@x.com,9999123456,9999123451,9999123452,1,1
MP00020775,MP00020775,2023-09-07,13:58:27,PL011,MIL0268079,x@x.com,9999123456,9999123451,9999123452,1,1
MP00020776,MP00020776,2023-09-07,13:58:27,PL005,MIL0164966,x@x.com,9999123456,9999123451,9999123452,1,1
MP00020777,MP00020777,2023-09-07,13:58:27,PL006,MIL0181215,x@x.com,9999123456,9999123451,9999123452,1,1
MP00020778,MP00020778,2023-09-07,13:58:27,PL004,MIL0210802,x@x.com,9999123456,9999123451,9999123452,1,1
MP00020779,MP00020779,2023-09-07,13:58:27,PL004,MIL0160507,x@x.com,9999123456,9999123451,9999123452,1,1
MP00020780,MP00020780,2023-09-07,13:58:27,PL013,MIL0352697,x@x.com,9999123456,9999123451,9999123452,1,1
MP00020781,MP00020781,2023-09-07,13:58:27,PL001,MIL0487462,x@x.com,9999123456,9999123451,9999123452,1,1
MP00020782,MP00020782,2023-09-07,13:58:27,PL013,MIL0409415,x@x.com,9999123456,9999123451,9999123452,1,1
MP00020783,MP00020783,2023-09-07,13:58:27,PL006,MIL0150030,x@x.com,9999123456,9999123451,9999123452,1,1
MP00020784,MP00020784,2023-09-07,13:58:27,PL005,MIL0285272,x@x.com,9999123456,9999123451,9999123452,1,1
MP00020785,MP00020785,2023-09-07,13:58:27,PL005,MIL0357394,x@x.com,9999123456,9999123451,9999123452,1,1
MP00020786,MP00020786,2023-09-07,13:58:27,PL004,MIL0177067,x@x.com,9999123456,9999123451,9999123452,1,1
MP00020787,MP00020787,2023-09-07,13:58:27,PL002,MIL0359467,x@x.com,9999123456,9999123451,9999123452,1,1
MP00020788,MP00020788,2023-09-07,13:58:27,PL010,MIL0204838,x@x.com,9999123456,9999123451,9999123452,1,1
MP00020789,MP00020789,2023-09-07,13:58:27,PL005,MIL0363662,x@x.com,9999123456,9999123451,9999123452,1,1
MP00020790,MP00020790,2023-09-07,13:58:27,PL011,MIL0023783,x@x.com,9999123456,9999123451,9999123452,1,1
MP00020791,MP00020791,2023-09-07,13:58:27,PL013,MIL0468939,x@x.com,9999123456,9999123451,9999123452,1,1
MP00020792,MP00020792,2023-09-07,13:58:27,PL005,MIL0352657,x@x.com,9999123456,9999123451,9999123452,1,1
MP00020793,MP00020793,2023-09-07,13:58:27,PL002,MIL0311412,x@x.com,9999123456,9999123451,9999123452,1,1
MP00020794,MP00020794,2023-09-07,13:58:27,PL012,MIL0532532,x@x.com,9999123456,9999123451,9999123452,1,1
MP00020795,MP00020795,2023-09-07,13:58:27,PL001,MIL0482746,x@x.com,9999123456,9999123451,9999123452,1,1
MP00020796,MP00020796,2023-09-07,13:58:27,PL005,MIL0532469,x@x.com,9999123456,9999123451,9999123452,1,1
MP00020797,MP00020797,2023-09-07,13:58:27,PL001,MIL0215543,x@x.com,9999123456,9999123451,9999123452,1,1
MP00020798,MP00020798,2023-09-07,13:58:27,PL009,MIL0556578,x@x.com,9999123456,9999123451,9999123452,1,1
MP00020799,MP00020799,2023-09-07,13:58:27,PL011,MIL0155354,x@x.com,9999123456,9999123451,9999123452,1,1
MP00020800,MP00020800,2023-09-07,13:58:27,PL001,MIL0574372,x@x.com,9999123456,9999123451,9999123452,1,1
MP00020801,MP00020801,2023-09-07,13:58:27,PL009,MIL0217933,x@x.com,9999123456,9999123451,9999123452,1,1
MP00020802,MP00020802,2023-09-07,13:58:27,PL002,MIL0365721,x@x.com,9999123456,9999123451,9999123452,1,1
MP00020803,MP00020803,2023-09-07,13:58:27,PL010,MIL0042053,x@x.com,9999123456,9999123451,9999123452,1,1
MP00020804,MP00020804,2023-09-07,13:58:27,PL002,MIL0531284,x@x.com,9999123456,9999123451,9999123452,1,1
MP00020805,MP00020805,2023-09-07,13:58:27,PL009,MIL0231615,x@x.com,9999123456,9999123451,9999123452,1,1
MP00020806,MP00020806,2023-09-07,13:58:27,PL006,MIL0547461,x@x.com,9999123456,9999123451,9999123452,1,1
MP00020807,MP00020807,2023-09-07,13:58:27,PL011,MIL0371297,x@x.com,9999123456,9999123451,9999123452,1,1
MP00020808,MP00020808,2023-09-07,13:58:27,PL003,MIL0459170,x@x.com,9999123456,9999123451,9999123452,1,1
MP00020809,MP00020809,2023-09-07,13:58:27,PL008,MIL0390079,x@x.com,9999123456,9999123451,9999123452,1,1
MP00020810,MP00020810,2023-09-07,13:58:27,PL002,MIL0072648,x@x.com,9999123456,9999123451,9999123452,1,1
MP00020811,MP00020811,2023-09-07,13:58:27,PL011,MIL0110745,x@x.com,9999123456,9999123451,9999123452,1,1
MP00020812,MP00020812,2023-09-07,13:58:27,PL011,MIL0502257,x@x.com,9999123456,9999123451,9999123452,1,1
MP00020813,MP00020813,2023-09-07,13:58:27,PL001,MIL0475413,x@x.com,9999123456,9999123451,9999123452,1,1
MP00020814,MP00020814,2023-09-07,13:58:27,PL001,MIL0083463,x@x.com,9999123456,9999123451,9999123452,1,1
MP00020815,MP00020815,2023-09-07,13:58:27,PL010,MIL0490637,x@x.com,9999123456,9999123451,9999123452,1,1
MP00020816,MP00020816,2023-09-07,13:58:27,PL002,MIL0220241,x@x.com,9999123456,9999123451,9999123452,1,1
MP00020817,MP00020817,2023-09-07,13:58:27,PL007,MIL0500353,x@x.com,9999123456,9999123451,9999123452,1,1
MP00020818,MP00020818,2023-09-07,13:58:27,PL013,MIL0263701,x@x.com,9999123456,9999123451,9999123452,1,1
MP00020819,MP00020819,2023-09-07,13:58:27,PL011,MIL0354351,x@x.com,9999123456,9999123451,9999123452,1,1
MP00020820,MP00020820,2023-09-07,13:58:27,PL006,MIL0464636,x@x.com,9999123456,9999123451,9999123452,1,1
MP00020821,MP00020821,2023-09-07,13:58:27,PL002,MIL0534928,x@x.com,9999123456,9999123451,9999123452,1,1
MP00020822,MP00020822,2023-09-07,13:58:27,PL004,MIL0132777,x@x.com,9999123456,9999123451,9999123452,1,1
MP00020823,MP00020823,2023-09-07,13:58:27,PL001,MIL0374886,x@x.com,9999123456,9999123451,9999123452,1,1
MP00020824,MP00020824,2023-09-07,13:58:27,PL006,MIL0446210,x@x.com,9999123456,9999123451,9999123452,1,1
MP00020825,MP00020825,2023-09-07,13:58:27,PL004,MIL0082476,x@x.com,9999123456,9999123451,9999123452,1,1
MP00020826,MP00020826,2023-09-07,13:58:27,PL004,MIL0526019,x@x.com,9999123456,9999123451,9999123452,1,1
MP00020827,MP00020827,2023-09-07,13:58:27,PL003,MIL0364948,x@x.com,9999123456,9999123451,9999123452,1,1
MP00020828,MP00020828,2023-09-07,13:58:27,PL013,MIL0386183,x@x.com,9999123456,9999123451,9999123452,1,1
MP00020829,MP00020829,2023-09-07,13:58:27,PL010,MIL0360353,x@x.com,9999123456,9999123451,9999123452,1,1
MP00020830,MP00020830,2023-09-07,13:58:27,PL001,MIL0552662,x@x.com,9999123456,9999123451,9999123452,1,1
MP00020831,MP00020831,2023-09-07,13:58:27,PL008,MIL0069522,x@x.com,9999123456,9999123451,9999123452,1,1
MP00020832,MP00020832,2023-09-07,13:58:27,PL009,MIL0551827,x@x.com,9999123456,9999123451,9999123452,1,1
MP00020833,MP00020833,2023-09-07,13:58:27,PL005,MIL0357479,x@x.com,9999123456,9999123451,9999123452,1,1
MP00020834,MP00020834,2023-09-07,13:58:27,PL007,MIL0402337,x@x.com,9999123456,9999123451,9999123452,1,1
MP00020835,MP00020835,2023-09-07,13:58:27,PL008,MIL0108192,x@x.com,9999123456,9999123451,9999123452,1,1
MP00020836,MP00020836,2023-09-07,13:58:27,PL005,MIL0496145,x@x.com,9999123456,9999123451,9999123452,1,1
MP00020837,MP00020837,2023-09-07,13:58:27,PL004,MIL0088671,x@x.com,9999123456,9999123451,9999123452,1,1
MP00020838,MP00020838,2023-09-07,13:58:27,PL007,MIL0385980,x@x.com,9999123456,9999123451,9999123452,1,1
MP00020839,MP00020839,2023-09-07,13:58:27,PL010,MIL0311740,x@x.com,9999123456,9999123451,9999123452,1,1
MP00020840,MP00020840,2023-09-07,13:58:27,PL003,MIL0387874,x@x.com,9999123456,9999123451,9999123452,1,1
MP00020841,MP00020841,2023-09-07,13:58:27,PL010,MIL0071332,x@x.com,9999123456,9999123451,9999123452,1,1
MP00020842,MP00020842,2023-09-07,13:58:27,PL004,MIL0390532,x@x.com,9999123456,9999123451,9999123452,1,1
MP00020843,MP00020843,2023-09-07,13:58:27,PL004,MIL0052679,x@x.com,9999123456,9999123451,9999123452,1,1
MP00020844,MP00020844,2023-09-07,13:58:27,PL009,MIL0403840,x@x.com,9999123456,9999123451,9999123452,1,1
MP00020845,MP00020845,2023-09-07,13:58:27,PL012,MIL0367657,x@x.com,9999123456,9999123451,9999123452,1,1
MP00020846,MP00020846,2023-09-07,13:58:27,PL007,MIL0557964,x@x.com,9999123456,9999123451,9999123452,1,1
MP00020847,MP00020847,2023-09-07,13:58:27,PL010,MIL0083301,x@x.com,9999123456,9999123451,9999123452,1,1
MP00020848,MP00020848,2023-09-07,13:58:27,PL006,MIL0112360,x@x.com,9999123456,9999123451,9999123452,1,1
MP00020849,MP00020849,2023-09-07,13:58:27,PL009,MIL0398043,x@x.com,9999123456,9999123451,9999123452,1,1
MP00020850,MP00020850,2023-09-07,13:58:27,PL013,MIL0005870,x@x.com,9999123456,9999123451,9999123452,1,1
MP00020851,MP00020851,2023-09-07,13:58:27,PL008,MIL0156535,x@x.com,9999123456,9999123451,9999123452,1,1
MP00020852,MP00020852,2023-09-07,13:58:27,PL006,MIL0569710,x@x.com,9999123456,9999123451,9999123452,1,1
MP00020853,MP00020853,2023-09-07,13:58:27,PL007,MIL0368152,x@x.com,9999123456,9999123451,9999123452,1,1
MP00020854,MP00020854,2023-09-07,13:58:27,PL006,MIL0422481,x@x.com,9999123456,9999123451,9999123452,1,1
MP00020855,MP00020855,2023-09-07,13:58:27,PL011,MIL0293839,x@x.com,9999123456,9999123451,9999123452,1,1
MP00020856,MP00020856,2023-09-07,13:58:27,PL004,MIL0273402,x@x.com,9999123456,9999123451,9999123452,1,1
MP00020857,MP00020857,2023-09-07,13:58:27,PL012,MIL0480967,x@x.com,9999123456,9999123451,9999123452,1,1
MP00020858,MP00020858,2023-09-07,13:58:27,PL002,MIL0314492,x@x.com,9999123456,9999123451,9999123452,1,1
MP00020859,MP00020859,2023-09-07,13:58:27,PL002,MIL0096293,x@x.com,9999123456,9999123451,9999123452,1,1
MP00020860,MP00020860,2023-09-07,13:58:27,PL013,MIL0461093,x@x.com,9999123456,9999123451,9999123452,1,1
MP00020861,MP00020861,2023-09-07,13:58:27,PL011,MIL0536045,x@x.com,9999123456,9999123451,9999123452,1,1
MP00020862,MP00020862,2023-09-07,13:58:27,PL011,MIL0427232,x@x.com,9999123456,9999123451,9999123452,1,1
MP00020863,MP00020863,2023-09-07,13:58:27,PL004,MIL0332326,x@x.com,9999123456,9999123451,9999123452,1,1
MP00020864,MP00020864,2023-09-07,13:58:27,PL006,MIL0579125,x@x.com,9999123456,9999123451,9999123452,1,1
MP00020865,MP00020865,2023-09-07,13:58:27,PL003,MIL0196574,x@x.com,9999123456,9999123451,9999123452,1,1
MP00020866,MP00020866,2023-09-07,13:58:27,PL008,MIL0438942,x@x.com,9999123456,9999123451,9999123452,1,1
MP00020867,MP00020867,2023-09-07,13:58:27,PL012,MIL0013497,x@x.com,9999123456,9999123451,9999123452,1,1
MP00020868,MP00020868,2023-09-07,13:58:27,PL010,MIL0213824,x@x.com,9999123456,9999123451,9999123452,1,1
MP00020869,MP00020869,2023-09-07,13:58:27,PL012,MIL0425325,x@x.com,9999123456,9999123451,9999123452,1,1
MP00020870,MP00020870,2023-09-07,13:58:27,PL001,MIL0564463,x@x.com,9999123456,9999123451,9999123452,1,1
MP00020871,MP00020871,2023-09-07,13:58:27,PL003,MIL0095659,x@x.com,9999123456,9999123451,9999123452,1,1
MP00020872,MP00020872,2023-09-07,13:58:27,PL013,MIL0302230,x@x.com,9999123456,9999123451,9999123452,1,1
MP00020873,MP00020873,2023-09-07,13:58:27,PL002,MIL0500187,x@x.com,9999123456,9999123451,9999123452,1,1
MP00020874,MP00020874,2023-09-07,13:58:27,PL002,MIL0240012,x@x.com,9999123456,9999123451,9999123452,1,1
MP00020875,MP00020875,2023-09-07,13:58:27,PL010,MIL0059961,x@x.com,9999123456,9999123451,9999123452,1,1
MP00020876,MP00020876,2023-09-07,13:58:27,PL004,MIL0373181,x@x.com,9999123456,9999123451,9999123452,1,1
MP00020877,MP00020877,2023-09-07,13:58:27,PL002,MIL0126780,x@x.com,9999123456,9999123451,9999123452,1,1
MP00020878,MP00020878,2023-09-07,13:58:27,PL009,MIL0369451,x@x.com,9999123456,9999123451,9999123452,1,1
MP00020879,MP00020879,2023-09-07,13:58:27,PL005,MIL0182349,x@x.com,9999123456,9999123451,9999123452,1,1
MP00020880,MP00020880,2023-09-07,13:58:27,PL003,MIL0467213,x@x.com,9999123456,9999123451,9999123452,1,1
MP00020881,MP00020881,2023-09-07,13:58:27,PL010,MIL0408662,x@x.com,9999123456,9999123451,9999123452,1,1
MP00020882,MP00020882,2023-09-07,13:58:27,PL008,MIL0320713,x@x.com,9999123456,9999123451,9999123452,1,1
MP00020883,MP00020883,2023-09-07,13:58:27,PL007,MIL0172030,x@x.com,9999123456,9999123451,9999123452,1,1
MP00020884,MP00020884,2023-09-07,13:58:27,PL012,MIL0471204,x@x.com,9999123456,9999123451,9999123452,1,1
MP00020885,MP00020885,2023-09-07,13:58:27,PL009,MIL0022409,x@x.com,9999123456,9999123451,9999123452,1,1
MP00020886,MP00020886,2023-09-07,13:58:27,PL007,MIL0232736,x@x.com,9999123456,9999123451,9999123452,1,1
MP00020887,MP00020887,2023-09-07,13:58:27,PL006,MIL0199583,x@x.com,9999123456,9999123451,9999123452,1,1
MP00020888,MP00020888,2023-09-07,13:58:27,PL010,MIL0506294,x@x.com,9999123456,9999123451,9999123452,1,1
MP00020889,MP00020889,2023-09-07,13:58:27,PL003,MIL0463611,x@x.com,9999123456,9999123451,9999123452,1,1
MP00020890,MP00020890,2023-09-07,13:58:27,PL007,MIL0215960,x@x.com,9999123456,9999123451,9999123452,1,1
MP00020891,MP00020891,2023-09-07,13:58:27,PL007,MIL0580826,x@x.com,9999123456,9999123451,9999123452,1,1
MP00020892,MP00020892,2023-09-07,13:58:27,PL004,MIL0340065,x@x.com,9999123456,9999123451,9999123452,1,1
MP00020893,MP00020893,2023-09-07,13:58:27,PL004,MIL0230101,x@x.com,9999123456,9999123451,9999123452,1,1
MP00020894,MP00020894,2023-09-07,13:58:27,PL008,MIL0331564,x@x.com,9999123456,9999123451,9999123452,1,1
MP00020895,MP00020895,2023-09-07,13:58:27,PL013,MIL0241285,x@x.com,9999123456,9999123451,9999123452,1,1
MP00020896,MP00020896,2023-09-07,13:58:27,PL004,MIL0478138,x@x.com,9999123456,9999123451,9999123452,1,1
MP00020897,MP00020897,2023-09-07,13:58:27,PL002,MIL0004466,x@x.com,9999123456,9999123451,9999123452,1,1
MP00020898,MP00020898,2023-09-07,13:58:27,PL005,MIL0338634,x@x.com,9999123456,9999123451,9999123452,1,1
MP00020899,MP00020899,2023-09-07,13:58:27,PL007,MIL0104111,x@x.com,9999123456,9999123451,9999123452,1,1
MP00020900,MP00020900,2023-09-07,13:58:27,PL006,MIL0310691,x@x.com,9999123456,9999123451,9999123452,1,1
MP00020901,MP00020901,2023-09-07,13:58:27,PL012,MIL0173655,x@x.com,9999123456,9999123451,9999123452,1,1
MP00020902,MP00020902,2023-09-07,13:58:27,PL010,MIL0130872,x@x.com,9999123456,9999123451,9999123452,1,1
MP00020903,MP00020903,2023-09-07,13:58:27,PL004,MIL0218307,x@x.com,9999123456,9999123451,9999123452,1,1
MP00020904,MP00020904,2023-09-07,13:58:27,PL008,MIL0114189,x@x.com,9999123456,9999123451,9999123452,1,1
MP00020905,MP00020905,2023-09-07,13:58:27,PL007,MIL0478455,x@x.com,9999123456,9999123451,9999123452,1,1
MP00020906,MP00020906,2023-09-07,13:58:27,PL006,MIL0004485,x@x.com,9999123456,9999123451,9999123452,1,1
MP00020907,MP00020907,2023-09-07,13:58:27,PL006,MIL0533638,x@x.com,9999123456,9999123451,9999123452,1,1
MP00020908,MP00020908,2023-09-07,13:58:27,PL002,MIL0427940,x@x.com,9999123456,9999123451,9999123452,1,1
MP00020909,MP00020909,2023-09-07,13:58:27,PL003,MIL0469632,x@x.com,9999123456,9999123451,9999123452,1,1
MP00020910,MP00020910,2023-09-07,13:58:27,PL013,MIL0427786,x@x.com,9999123456,9999123451,9999123452,1,1
MP00020911,MP00020911,2023-09-07,13:58:27,PL013,MIL0153503,x@x.com,9999123456,9999123451,9999123452,1,1
MP00020912,MP00020912,2023-09-07,13:58:27,PL012,MIL0561193,x@x.com,9999123456,9999123451,9999123452,1,1
MP00020913,MP00020913,2023-09-07,13:58:27,PL002,MIL0417802,x@x.com,9999123456,9999123451,9999123452,1,1
MP00020914,MP00020914,2023-09-07,13:58:27,PL004,MIL0027597,x@x.com,9999123456,9999123451,9999123452,1,1
MP00020915,MP00020915,2023-09-07,13:58:27,PL009,MIL0546179,x@x.com,9999123456,9999123451,9999123452,1,1
MP00020916,MP00020916,2023-09-07,13:58:27,PL008,MIL0146478,x@x.com,9999123456,9999123451,9999123452,1,1
MP00020917,MP00020917,2023-09-07,13:58:27,PL013,MIL0002393,x@x.com,9999123456,9999123451,9999123452,1,1
MP00020918,MP00020918,2023-09-07,13:58:27,PL011,MIL0067925,x@x.com,9999123456,9999123451,9999123452,1,1
MP00020919,MP00020919,2023-09-07,13:58:27,PL001,MIL0052691,x@x.com,9999123456,9999123451,9999123452,1,1
MP00020920,MP00020920,2023-09-07,13:58:27,PL012,MIL0573511,x@x.com,9999123456,9999123451,9999123452,1,1
MP00020921,MP00020921,2023-09-07,13:58:27,PL010,MIL0548896,x@x.com,9999123456,9999123451,9999123452,1,1
MP00020922,MP00020922,2023-09-07,13:58:27,PL004,MIL0001263,x@x.com,9999123456,9999123451,9999123452,1,1
MP00020923,MP00020923,2023-09-07,13:58:27,PL011,MIL0034412,x@x.com,9999123456,9999123451,9999123452,1,1
MP00020924,MP00020924,2023-09-07,13:58:27,PL010,MIL0455454,x@x.com,9999123456,9999123451,9999123452,1,1
MP00020925,MP00020925,2023-09-07,13:58:27,PL001,MIL0357910,x@x.com,9999123456,9999123451,9999123452,1,1
MP00020926,MP00020926,2023-09-07,13:58:27,PL007,MIL0454735,x@x.com,9999123456,9999123451,9999123452,1,1
MP00020927,MP00020927,2023-09-07,13:58:27,PL001,MIL0089886,x@x.com,9999123456,9999123451,9999123452,1,1
MP00020928,MP00020928,2023-09-07,13:58:27,PL002,MIL0410526,x@x.com,9999123456,9999123451,9999123452,1,1
MP00020929,MP00020929,2023-09-07,13:58:27,PL011,MIL0434961,x@x.com,9999123456,9999123451,9999123452,1,1
MP00020930,MP00020930,2023-09-07,13:58:27,PL002,MIL0490715,x@x.com,9999123456,9999123451,9999123452,1,1
MP00020931,MP00020931,2023-09-07,13:58:27,PL013,MIL0500014,x@x.com,9999123456,9999123451,9999123452,1,1
MP00020932,MP00020932,2023-09-07,13:58:27,PL009,MIL0274252,x@x.com,9999123456,9999123451,9999123452,1,1
MP00020933,MP00020933,2023-09-07,13:58:27,PL012,MIL0523566,x@x.com,9999123456,9999123451,9999123452,1,1
MP00020934,MP00020934,2023-09-07,13:58:27,PL003,MIL0109993,x@x.com,9999123456,9999123451,9999123452,1,1
MP00020935,MP00020935,2023-09-07,13:58:27,PL008,MIL0022324,x@x.com,9999123456,9999123451,9999123452,1,1
MP00020936,MP00020936,2023-09-07,13:58:27,PL005,MIL0412183,x@x.com,9999123456,9999123451,9999123452,1,1
MP00020937,MP00020937,2023-09-07,13:58:27,PL006,MIL0431656,x@x.com,9999123456,9999123451,9999123452,1,1
MP00020938,MP00020938,2023-09-07,13:58:27,PL006,MIL0115200,x@x.com,9999123456,9999123451,9999123452,1,1
MP00020939,MP00020939,2023-09-07,13:58:27,PL005,MIL0193748,x@x.com,9999123456,9999123451,9999123452,1,1
MP00020940,MP00020940,2023-09-07,13:58:27,PL006,MIL0393364,x@x.com,9999123456,9999123451,9999123452,1,1
MP00020941,MP00020941,2023-09-07,13:58:27,PL007,MIL0429152,x@x.com,9999123456,9999123451,9999123452,1,1
MP00020942,MP00020942,2023-09-07,13:58:27,PL001,MIL0183512,x@x.com,9999123456,9999123451,9999123452,1,1
MP00020943,MP00020943,2023-09-07,13:58:27,PL002,MIL0458573,x@x.com,9999123456,9999123451,9999123452,1,1
MP00020944,MP00020944,2023-09-07,13:58:27,PL005,MIL0571507,x@x.com,9999123456,9999123451,9999123452,1,1
MP00020945,MP00020945,2023-09-07,13:58:27,PL011,MIL0070560,x@x.com,9999123456,9999123451,9999123452,1,1
MP00020946,MP00020946,2023-09-07,13:58:27,PL003,MIL0041839,x@x.com,9999123456,9999123451,9999123452,1,1
MP00020947,MP00020947,2023-09-07,13:58:27,PL002,MIL0570665,x@x.com,9999123456,9999123451,9999123452,1,1
MP00020948,MP00020948,2023-09-07,13:58:27,PL002,MIL0489870,x@x.com,9999123456,9999123451,9999123452,1,1
MP00020949,MP00020949,2023-09-07,13:58:27,PL007,MIL0532421,x@x.com,9999123456,9999123451,9999123452,1,1
MP00020950,MP00020950,2023-09-07,13:58:27,PL010,MIL0352517,x@x.com,9999123456,9999123451,9999123452,1,1
MP00020951,MP00020951,2023-09-07,13:58:27,PL011,MIL0117155,x@x.com,9999123456,9999123451,9999123452,1,1
MP00020952,MP00020952,2023-09-07,13:58:27,PL001,MIL0319204,x@x.com,9999123456,9999123451,9999123452,1,1
MP00020953,MP00020953,2023-09-07,13:58:27,PL009,MIL0556613,x@x.com,9999123456,9999123451,9999123452,1,1
MP00020954,MP00020954,2023-09-07,13:58:27,PL002,MIL0305524,x@x.com,9999123456,9999123451,9999123452,1,1
MP00020955,MP00020955,2023-09-07,13:58:27,PL003,MIL0013445,x@x.com,9999123456,9999123451,9999123452,1,1
MP00020956,MP00020956,2023-09-07,13:58:27,PL005,MIL0092949,x@x.com,9999123456,9999123451,9999123452,1,1
MP00020957,MP00020957,2023-09-07,13:58:27,PL005,MIL0385345,x@x.com,9999123456,9999123451,9999123452,1,1
MP00020958,MP00020958,2023-09-07,13:58:27,PL011,MIL0489488,x@x.com,9999123456,9999123451,9999123452,1,1
MP00020959,MP00020959,2023-09-07,13:58:27,PL007,MIL0553167,x@x.com,9999123456,9999123451,9999123452,1,1
MP00020960,MP00020960,2023-09-07,13:58:27,PL006,MIL0297841,x@x.com,9999123456,9999123451,9999123452,1,1
MP00020961,MP00020961,2023-09-07,13:58:27,PL003,MIL0177669,x@x.com,9999123456,9999123451,9999123452,1,1
MP00020962,MP00020962,2023-09-07,13:58:27,PL009,MIL0382076,x@x.com,9999123456,9999123451,9999123452,1,1
MP00020963,MP00020963,2023-09-07,13:58:27,PL003,MIL0391888,x@x.com,9999123456,9999123451,9999123452,1,1
MP00020964,MP00020964,2023-09-07,13:58:27,PL009,MIL0558698,x@x.com,9999123456,9999123451,9999123452,1,1
MP00020965,MP00020965,2023-09-07,13:58:27,PL006,MIL0063380,x@x.com,9999123456,9999123451,9999123452,1,1
MP00020966,MP00020966,2023-09-07,13:58:27,PL011,MIL0231103,x@x.com,9999123456,9999123451,9999123452,1,1
MP00020967,MP00020967,2023-09-07,13:58:27,PL012,MIL0372389,x@x.com,9999123456,9999123451,9999123452,1,1
MP00020968,MP00020968,2023-09-07,13:58:27,PL010,MIL0063124,x@x.com,9999123456,9999123451,9999123452,1,1
MP00020969,MP00020969,2023-09-07,13:58:27,PL007,MIL0342746,x@x.com,9999123456,9999123451,9999123452,1,1
MP00020970,MP00020970,2023-09-07,13:58:27,PL001,MIL0315105,x@x.com,9999123456,9999123451,9999123452,1,1
MP00020971,MP00020971,2023-09-07,13:58:27,PL008,MIL0525720,x@x.com,9999123456,9999123451,9999123452,1,1
MP00020972,MP00020972,2023-09-07,13:58:27,PL001,MIL0011558,x@x.com,9999123456,9999123451,9999123452,1,1
MP00020973,MP00020973,2023-09-07,13:58:27,PL012,MIL0342806,x@x.com,9999123456,9999123451,9999123452,1,1
MP00020974,MP00020974,2023-09-07,13:58:27,PL012,MIL0523696,x@x.com,9999123456,9999123451,9999123452,1,1
MP00020975,MP00020975,2023-09-07,13:58:27,PL010,MIL0572350,x@x.com,9999123456,9999123451,9999123452,1,1
MP00020976,MP00020976,2023-09-07,13:58:27,PL006,MIL0289646,x@x.com,9999123456,9999123451,9999123452,1,1
MP00020977,MP00020977,2023-09-07,13:58:27,PL003,MIL0467874,x@x.com,9999123456,9999123451,9999123452,1,1
MP00020978,MP00020978,2023-09-07,13:58:27,PL002,MIL0578201,x@x.com,9999123456,9999123451,9999123452,1,1
MP00020979,MP00020979,2023-09-07,13:58:27,PL010,MIL0023689,x@x.com,9999123456,9999123451,9999123452,1,1
