clave,folio,fecha,hora,clave_partido_legado,clave_ciudadano,correo_electronico,whatsapp,telefono,celular,obseravaciones,status
clave,folio,fecha,hora,clave_partido_legado,clave_ciudadano,correo_electronico,whatsapp,telefono,celular,obseravaciones,status
MP00020980,MP00020980,2023-09-07,13:58:27,PL008,MIL0021498,x@x.com,9999123456,9999123451,9999123452,1,1
MP00020981,MP00020981,2023-09-07,13:58:27,PL012,MIL0238771,x@x.com,9999123456,9999123451,9999123452,1,1
MP00020982,MP00020982,2023-09-07,13:58:27,PL011,MIL0397510,x@x.com,9999123456,9999123451,9999123452,1,1
MP00020983,MP00020983,2023-09-07,13:58:27,PL008,MIL0301881,x@x.com,9999123456,9999123451,9999123452,1,1
MP00020984,MP00020984,2023-09-07,13:58:27,PL004,MIL0079973,x@x.com,9999123456,9999123451,9999123452,1,1
MP00020985,MP00020985,2023-09-07,13:58:27,PL009,MIL0426436,x@x.com,9999123456,9999123451,9999123452,1,1
MP00020986,MP00020986,2023-09-07,13:58:27,PL009,MIL0288545,x@x.com,9999123456,9999123451,9999123452,1,1
MP00020987,MP00020987,2023-09-07,13:58:27,PL010,MIL0441823,x@x.com,9999123456,9999123451,9999123452,1,1
MP00020988,MP00020988,2023-09-07,13:58:27,PL006,MIL0289161,x@x.com,9999123456,9999123451,9999123452,1,1
MP00020989,MP00020989,2023-09-07,13:58:27,PL001,MIL0415190,x@x.com,9999123456,9999123451,9999123452,1,1
MP00020990,MP00020990,2023-09-07,13:58:27,PL007,MIL0455544,x@x.com,9999123456,9999123451,9999123452,1,1
MP00020991,MP00020991,2023-09-07,13:58:27,PL011,MIL0398724,x@x.com,9999123456,9999123451,9999123452,1,1
MP00020992,MP00020992,2023-09-07,13:58:27,PL010,MIL0012243,x@x.com,9999123456,9999123451,9999123452,1,1
MP00020993,MP00020993,2023-09-07,13:58:27,PL002,MIL0084734,x@x.com,9999123456,9999123451,9999123452,1,1
MP00020994,MP00020994,2023-09-07,13:58:27,PL007,MIL0202244,x@x.com,9999123456,9999123451,9999123452,1,1
MP00020995,MP00020995,2023-09-07,13:58:27,PL003,MIL0556802,x@x.com,9999123456,9999123451,9999123452,1,1
MP00020996,MP00020996,2023-09-07,13:58:27,PL011,MIL0423033,x@x.com,9999123456,9999123451,9999123452,1,1
MP00020997,MP00020997,2023-09-07,13:58:27,PL002,MIL0067244,x@x.com,9999123456,9999123451,9999123452,1,1
MP00020998,MP00020998,2023-09-07,13:58:27,PL012,MIL0111586,x@x.com,9999123456,9999123451,9999123452,1,1
MP00020999,MP00020999,2023-09-07,13:58:27,PL005,MIL0305779,x@x.com,9999123456,9999123451,9999123452,1,1
MP00021000,MP00021000,2023-09-07,13:58:27,PL006,MIL0375003,x@x.com,9999123456,9999123451,9999123452,1,1
MP00021001,MP00021001,2023-09-07,13:58:27,PL003,MIL0543389,x@x.com,9999123456,9999123451,9999123452,1,1
MP00021002,MP00021002,2023-09-07,13:58:27,PL002,MIL0335032,x@x.com,9999123456,9999123451,9999123452,1,1
MP00021003,MP00021003,2023-09-07,13:58:27,PL007,MIL0143490,x@x.com,9999123456,9999123451,9999123452,1,1
MP00021004,MP00021004,2023-09-07,13:58:27,PL004,MIL0051691,x@x.com,9999123456,9999123451,9999123452,1,1
MP00021005,MP00021005,2023-09-07,13:58:27,PL001,MIL0185724,x@x.com,9999123456,9999123451,9999123452,1,1
MP00021006,MP00021006,2023-09-07,13:58:27,PL004,MIL0381199,x@x.com,9999123456,9999123451,9999123452,1,1
MP00021007,MP00021007,2023-09-07,13:58:27,PL009,MIL0080384,x@x.com,9999123456,9999123451,9999123452,1,1
MP00021008,MP00021008,2023-09-07,13:58:27,PL011,MIL0277398,x@x.com,9999123456,9999123451,9999123452,1,1
MP00021009,MP00021009,2023-09-07,13:58:27,PL004,MIL0278654,x@x.com,9999123456,9999123451,9999123452,1,1
MP00021010,MP00021010,2023-09-07,13:58:27,PL003,MIL0201859,x@x.com,9999123456,9999123451,9999123452,1,1
MP00021011,MP00021011,2023-09-07,13:58:27,PL007,MIL0383754,x@x.com,9999123456,9999123451,9999123452,1,1
MP00021012,MP00021012,2023-09-07,13:58:27,PL013,MIL0462928,x@x.com,9999123456,9999123451,9999123452,1,1
MP00021013,MP00021013,2023-09-07,13:58:27,PL003,MIL0069349,x@x.com,9999123456,9999123451,9999123452,1,1
MP00021014,MP00021014,2023-09-07,13:58:27,PL006,MIL0383557,x@x.com,9999123456,9999123451,9999123452,1,1
MP00021015,MP00021015,2023-09-07,13:58:27,PL011,MIL0366667,x@x.com,9999123456,9999123451,9999123452,1,1
MP00021016,MP00021016,2023-09-07,13:58:27,PL003,MIL0386655,x@x.com,9999123456,9999123451,9999123452,1,1
MP00021017,MP00021017,2023-09-07,13:58:27,PL011,MIL0452103,x@x.com,9999123456,9999123451,9999123452,1,1
MP00021018,MP00021018,2023-09-07,13:58:27,PL011,MIL0219016,x@x.com,9999123456,9999123451,9999123452,1,1
MP00021019,MP00021019,2023-09-07,13:58:27,PL007,MIL0555956,x@x.com,9999123456,9999123451,9999123452,1,1
MP00021020,MP00021020,2023-09-07,13:58:27,PL006,MIL0381568,x@x.com,9999123456,9999123451,9999123452,1,1
MP00021021,MP00021021,2023-09-07,13:58:27,PL007,MIL0234307,x@x.com,9999123456,9999123451,9999123452,1,1
MP00021022,MP00021022,2023-09-07,13:58:27,PL002,MIL0304111,x@x.com,9999123456,9999123451,9999123452,1,1
MP00021023,MP00021023,2023-09-07,13:58:27,PL009,MIL0155711,x@x.com,9999123456,9999123451,9999123452,1,1
MP00021024,MP00021024,2023-09-07,13:58:27,PL007,MIL0399792,x@x.com,9999123456,9999123451,9999123452,1,1
MP00021025,MP00021025,2023-09-07,13:58:27,PL010,MIL0047056,x@x.com,9999123456,9999123451,9999123452,1,1
MP00021026,MP00021026,2023-09-07,13:58:27,PL004,MIL0183580,x@x.com,9999123456,9999123451,9999123452,1,1
MP00021027,MP00021027,2023-09-07,13:58:27,PL001,MIL0247721,x@x.com,9999123456,9999123451,9999123452,1,1
MP00021028,MP00021028,2023-09-07,13:58:27,PL012,MIL0095603,x@x.com,9999123456,9999123451,9999123452,1,1
MP00021029,MP00021029,2023-09-07,13:58:27,PL004,MIL0066938,x@x.com,9999123456,9999123451,9999123452,1,1
MP00021030,MP00021030,2023-09-07,13:58:27,PL007,MIL0196566,x@x.com,9999123456,9999123451,9999123452,1,1
MP00021031,MP00021031,2023-09-07,13:58:27,PL011,MIL0112081,x@x.com,9999123456,9999123451,9999123452,1,1
MP00021032,MP00021032,2023-09-07,13:58:27,PL012,MIL0176909,x@x.com,9999123456,9999123451,9999123452,1,1
MP00021033,MP00021033,2023-09-07,13:58:27,PL002,MIL0034432,x@x.com,9999123456,9999123451,9999123452,1,1
MP00021034,MP00021034,2023-09-07,13:58:27,PL011,MIL0178222,x@x.com,9999123456,9999123451,9999123452,1,1
MP00021035,MP00021035,2023-09-07,13:58:27,PL006,MIL0085735,x@x.com,9999123456,9999123451,9999123452,1,1
MP00021036,MP00021036,2023-09-07,13:58:27,PL002,MIL0401829,x@x.com,9999123456,9999123451,9999123452,1,1
MP00021037,MP00021037,2023-09-07,13:58:27,PL010,MIL0431306,x@x.com,9999123456,9999123451,9999123452,1,1
MP00021038,MP00021038,2023-09-07,13:58:27,PL004,MIL0055354,x@x.com,9999123456,9999123451,9999123452,1,1
MP00021039,MP00021039,2023-09-07,13:58:27,PL006,MIL0337886,x@x.com,9999123456,9999123451,9999123452,1,1
MP00021040,MP00021040,2023-09-07,13:58:27,PL011,MIL0217316,x@x.com,9999123456,9999123451,9999123452,1,1
MP00021041,MP00021041,2023-09-07,13:58:27,PL012,MIL0341681,x@x.com,9999123456,9999123451,9999123452,1,1
MP00021042,MP00021042,2023-09-07,13:58:27,PL012,MIL0178078,x@x.com,9999123456,9999123451,9999123452,1,1
MP00021043,MP00021043,2023-09-07,13:58:27,PL012,MIL0502345,x@x.com,9999123456,9999123451,9999123452,1,1
MP00021044,MP00021044,2023-09-07,13:58:27,PL004,MIL0496769,x@x.com,9999123456,9999123451,9999123452,1,1
MP00021045,MP00021045,2023-09-07,13:58:27,PL004,MIL0017036,x@x.com,9999123456,9999123451,9999123452,1,1
MP00021046,MP00021046,2023-09-07,13:58:27,PL009,MIL0521037,x@x.com,9999123456,9999123451,9999123452,1,1
MP00021047,MP00021047,2023-09-07,13:58:27,PL012,MIL0420639,x@x.com,9999123456,9999123451,9999123452,1,1
MP00021048,MP00021048,2023-09-07,13:58:27,PL007,MIL0511128,x@x.com,9999123456,9999123451,9999123452,1,1
MP00021049,MP00021049,2023-09-07,13:58:27,PL003,MIL0398566,x@x.com,9999123456,9999123451,9999123452,1,1
MP00021050,MP00021050,2023-09-07,13:58:27,PL011,MIL0360577,x@x.com,9999123456,9999123451,9999123452,1,1
MP00021051,MP00021051,2023-09-07,13:58:27,PL003,MIL0501495,x@x.com,9999123456,9999123451,9999123452,1,1
MP00021052,MP00021052,2023-09-07,13:58:27,PL006,MIL0576436,x@x.com,9999123456,9999123451,9999123452,1,1
MP00021053,MP00021053,2023-09-07,13:58:27,PL008,MIL0331706,x@x.com,9999123456,9999123451,9999123452,1,1
MP00021054,MP00021054,2023-09-07,13:58:27,PL005,MIL0401160,x@x.com,9999123456,9999123451,9999123452,1,1
MP00021055,MP00021055,2023-09-07,13:58:27,PL002,MIL0121943,x@x.com,9999123456,9999123451,9999123452,1,1
MP00021056,MP00021056,2023-09-07,13:58:27,PL008,MIL0208633,x@x.com,9999123456,9999123451,9999123452,1,1
MP00021057,MP00021057,2023-09-07,13:58:27,PL004,MIL0124673,x@x.com,9999123456,9999123451,9999123452,1,1
MP00021058,MP00021058,2023-09-07,13:58:27,PL004,MIL0410220,x@x.com,9999123456,9999123451,9999123452,1,1
MP00021059,MP00021059,2023-09-07,13:58:27,PL010,MIL0009196,x@x.com,9999123456,9999123451,9999123452,1,1
MP00021060,MP00021060,2023-09-07,13:58:27,PL004,MIL0149238,x@x.com,9999123456,9999123451,9999123452,1,1
MP00021061,MP00021061,2023-09-07,13:58:27,PL008,MIL0107319,x@x.com,9999123456,9999123451,9999123452,1,1
MP00021062,MP00021062,2023-09-07,13:58:27,PL010,MIL0338927,x@x.com,9999123456,9999123451,9999123452,1,1
MP00021063,MP00021063,2023-09-07,13:58:27,PL001,MIL0241109,x@x.com,9999123456,9999123451,9999123452,1,1
MP00021064,MP00021064,2023-09-07,13:58:27,PL003,MIL0174300,x@x.com,9999123456,9999123451,9999123452,1,1
MP00021065,MP00021065,2023-09-07,13:58:27,PL008,MIL0107598,x@x.com,9999123456,9999123451,9999123452,1,1
MP00021066,MP00021066,2023-09-07,13:58:27,PL012,MIL0134609,x@x.com,9999123456,9999123451,9999123452,1,1
MP00021067,MP00021067,2023-09-07,13:58:27,PL013,MIL0505724,x@x.com,9999123456,9999123451,9999123452,1,1
MP00021068,MP00021068,2023-09-07,13:58:27,PL005,MIL0240220,x@x.com,9999123456,9999123451,9999123452,1,1
MP00021069,MP00021069,2023-09-07,13:58:27,PL002,MIL0418786,x@x.com,9999123456,9999123451,9999123452,1,1
MP00021070,MP00021070,2023-09-07,13:58:27,PL012,MIL0110509,x@x.com,9999123456,9999123451,9999123452,1,1
MP00021071,MP00021071,2023-09-07,13:58:27,PL012,MIL0156038,x@x.com,9999123456,9999123451,9999123452,1,1
MP00021072,MP00021072,2023-09-07,13:58:27,PL007,MIL0573038,x@x.com,9999123456,9999123451,9999123452,1,1
MP00021073,MP00021073,2023-09-07,13:58:27,PL009,MIL0296152,x@x.com,9999123456,9999123451,9999123452,1,1
MP00021074,MP00021074,2023-09-07,13:58:27,PL007,MIL0188707,x@x.com,9999123456,9999123451,9999123452,1,1
MP00021075,MP00021075,2023-09-07,13:58:27,PL001,MIL0510408,x@x.com,9999123456,9999123451,9999123452,1,1
MP00021076,MP00021076,2023-09-07,13:58:27,PL013,MIL0534811,x@x.com,9999123456,9999123451,9999123452,1,1
MP00021077,MP00021077,2023-09-07,13:58:27,PL010,MIL0359193,x@x.com,9999123456,9999123451,9999123452,1,1
MP00021078,MP00021078,2023-09-07,13:58:27,PL013,MIL0414792,x@x.com,9999123456,9999123451,9999123452,1,1
MP00021079,MP00021079,2023-09-07,13:58:27,PL012,MIL0329385,x@x.com,9999123456,9999123451,9999123452,1,1
MP00021080,MP00021080,2023-09-07,13:58:27,PL003,MIL0157880,x@x.com,9999123456,9999123451,9999123452,1,1
MP00021081,MP00021081,2023-09-07,13:58:27,PL011,MIL0060203,x@x.com,9999123456,9999123451,9999123452,1,1
MP00021082,MP00021082,2023-09-07,13:58:27,PL008,MIL0242603,x@x.com,9999123456,9999123451,9999123452,1,1
MP00021083,MP00021083,2023-09-07,13:58:27,PL001,MIL0397162,x@x.com,9999123456,9999123451,9999123452,1,1
MP00021084,MP00021084,2023-09-07,13:58:27,PL009,MIL0310563,x@x.com,9999123456,9999123451,9999123452,1,1
MP00021085,MP00021085,2023-09-07,13:58:27,PL005,MIL0448833,x@x.com,9999123456,9999123451,9999123452,1,1
MP00021086,MP00021086,2023-09-07,13:58:27,PL008,MIL0203478,x@x.com,9999123456,9999123451,9999123452,1,1
MP00021087,MP00021087,2023-09-07,13:58:27,PL013,MIL0297064,x@x.com,9999123456,9999123451,9999123452,1,1
MP00021088,MP00021088,2023-09-07,13:58:27,PL010,MIL0202893,x@x.com,9999123456,9999123451,9999123452,1,1
MP00021089,MP00021089,2023-09-07,13:58:27,PL007,MIL0282183,x@x.com,9999123456,9999123451,9999123452,1,1
MP00021090,MP00021090,2023-09-07,13:58:27,PL009,MIL0534530,x@x.com,9999123456,9999123451,9999123452,1,1
MP00021091,MP00021091,2023-09-07,13:58:27,PL005,MIL0227667,x@x.com,9999123456,9999123451,9999123452,1,1
MP00021092,MP00021092,2023-09-07,13:58:27,PL011,MIL0029512,x@x.com,9999123456,9999123451,9999123452,1,1
MP00021093,MP00021093,2023-09-07,13:58:27,PL008,MIL0415707,x@x.com,9999123456,9999123451,9999123452,1,1
MP00021094,MP00021094,2023-09-07,13:58:27,PL011,MIL0527041,x@x.com,9999123456,9999123451,9999123452,1,1
MP00021095,MP00021095,2023-09-07,13:58:27,PL008,MIL0420275,x@x.com,9999123456,9999123451,9999123452,1,1
MP00021096,MP00021096,2023-09-07,13:58:27,PL013,MIL0108154,x@x.com,9999123456,9999123451,9999123452,1,1
MP00021097,MP00021097,2023-09-07,13:58:27,PL010,MIL0137233,x@x.com,9999123456,9999123451,9999123452,1,1
MP00021098,MP00021098,2023-09-07,13:58:27,PL010,MIL0294427,x@x.com,9999123456,9999123451,9999123452,1,1
MP00021099,MP00021099,2023-09-07,13:58:27,PL008,MIL0013895,x@x.com,9999123456,9999123451,9999123452,1,1
MP00021100,MP00021100,2023-09-07,13:58:27,PL002,MIL0418986,x@x.com,9999123456,9999123451,9999123452,1,1
MP00021101,MP00021101,2023-09-07,13:58:27,PL010,MIL0520961,x@x.com,9999123456,9999123451,9999123452,1,1
MP00021102,MP00021102,2023-09-07,13:58:27,PL001,MIL0205420,x@x.com,9999123456,9999123451,9999123452,1,1
MP00021103,MP00021103,2023-09-07,13:58:27,PL005,MIL0150269,x@x.com,9999123456,9999123451,9999123452,1,1
MP00021104,MP00021104,2023-09-07,13:58:27,PL008,MIL0565255,x@x.com,9999123456,9999123451,9999123452,1,1
MP00021105,MP00021105,2023-09-07,13:58:27,PL012,MIL0207343,x@x.com,9999123456,9999123451,9999123452,1,1
MP00021106,MP00021106,2023-09-07,13:58:27,PL011,MIL0261315,x@x.com,9999123456,9999123451,9999123452,1,1
MP00021107,MP00021107,2023-09-07,13:58:27,PL011,MIL0047600,x@x.com,9999123456,9999123451,9999123452,1,1
MP00021108,MP00021108,2023-09-07,13:58:27,PL005,MIL0095394,x@x.com,9999123456,9999123451,9999123452,1,1
MP00021109,MP00021109,2023-09-07,13:58:27,PL005,MIL0398034,x@x.com,9999123456,9999123451,9999123452,1,1
MP00021110,MP00021110,2023-09-07,13:58:27,PL005,MIL0083163,x@x.com,9999123456,9999123451,9999123452,1,1
MP00021111,MP00021111,2023-09-07,13:58:27,PL003,MIL0126227,x@x.com,9999123456,9999123451,9999123452,1,1
MP00021112,MP00021112,2023-09-07,13:58:27,PL011,MIL0117685,x@x.com,9999123456,9999123451,9999123452,1,1
MP00021113,MP00021113,2023-09-07,13:58:27,PL011,MIL0486006,x@x.com,9999123456,9999123451,9999123452,1,1
MP00021114,MP00021114,2023-09-07,13:58:27,PL008,MIL0501328,x@x.com,9999123456,9999123451,9999123452,1,1
MP00021115,MP00021115,2023-09-07,13:58:27,PL001,MIL0201503,x@x.com,9999123456,9999123451,9999123452,1,1
MP00021116,MP00021116,2023-09-07,13:58:27,PL001,MIL0105145,x@x.com,9999123456,9999123451,9999123452,1,1
MP00021117,MP00021117,2023-09-07,13:58:27,PL006,MIL0206972,x@x.com,9999123456,9999123451,9999123452,1,1
MP00021118,MP00021118,2023-09-07,13:58:27,PL004,MIL0267634,x@x.com,9999123456,9999123451,9999123452,1,1
MP00021119,MP00021119,2023-09-07,13:58:27,PL001,MIL0552022,x@x.com,9999123456,9999123451,9999123452,1,1
MP00021120,MP00021120,2023-09-07,13:58:27,PL012,MIL0074329,x@x.com,9999123456,9999123451,9999123452,1,1
MP00021121,MP00021121,2023-09-07,13:58:27,PL001,MIL0388366,x@x.com,9999123456,9999123451,9999123452,1,1
MP00021122,MP00021122,2023-09-07,13:58:27,PL006,MIL0061486,x@x.com,9999123456,9999123451,9999123452,1,1
MP00021123,MP00021123,2023-09-07,13:58:27,PL009,MIL0515971,x@x.com,9999123456,9999123451,9999123452,1,1
MP00021124,MP00021124,2023-09-07,13:58:27,PL010,MIL0337560,x@x.com,9999123456,9999123451,9999123452,1,1
MP00021125,MP00021125,2023-09-07,13:58:27,PL011,MIL0299373,x@x.com,9999123456,9999123451,9999123452,1,1
MP00021126,MP00021126,2023-09-07,13:58:27,PL003,MIL0262750,x@x.com,9999123456,9999123451,9999123452,1,1
MP00021127,MP00021127,2023-09-07,13:58:27,PL005,MIL0125296,x@x.com,9999123456,9999123451,9999123452,1,1
MP00021128,MP00021128,2023-09-07,13:58:27,PL001,MIL0463142,x@x.com,9999123456,9999123451,9999123452,1,1
MP00021129,MP00021129,2023-09-07,13:58:27,PL012,MIL0467339,x@x.com,9999123456,9999123451,9999123452,1,1
MP00021130,MP00021130,2023-09-07,13:58:27,PL007,MIL0506279,x@x.com,9999123456,9999123451,9999123452,1,1
MP00021131,MP00021131,2023-09-07,13:58:27,PL007,MIL0090861,x@x.com,9999123456,9999123451,9999123452,1,1
MP00021132,MP00021132,2023-09-07,13:58:27,PL005,MIL0140732,x@x.com,9999123456,9999123451,9999123452,1,1
MP00021133,MP00021133,2023-09-07,13:58:27,PL012,MIL0392759,x@x.com,9999123456,9999123451,9999123452,1,1
MP00021134,MP00021134,2023-09-07,13:58:27,PL004,MIL0272650,x@x.com,9999123456,9999123451,9999123452,1,1
MP00021135,MP00021135,2023-09-07,13:58:27,PL003,MIL0117186,x@x.com,9999123456,9999123451,9999123452,1,1
MP00021136,MP00021136,2023-09-07,13:58:27,PL004,MIL0477671,x@x.com,9999123456,9999123451,9999123452,1,1
MP00021137,MP00021137,2023-09-07,13:58:27,PL008,MIL0185385,x@x.com,9999123456,9999123451,9999123452,1,1
MP00021138,MP00021138,2023-09-07,13:58:27,PL004,MIL0333762,x@x.com,9999123456,9999123451,9999123452,1,1
MP00021139,MP00021139,2023-09-07,13:58:27,PL012,MIL0043165,x@x.com,9999123456,9999123451,9999123452,1,1
MP00021140,MP00021140,2023-09-07,13:58:27,PL004,MIL0310389,x@x.com,9999123456,9999123451,9999123452,1,1
MP00021141,MP00021141,2023-09-07,13:58:27,PL008,MIL0019059,x@x.com,9999123456,9999123451,9999123452,1,1
MP00021142,MP00021142,2023-09-07,13:58:27,PL003,MIL0345137,x@x.com,9999123456,9999123451,9999123452,1,1
MP00021143,MP00021143,2023-09-07,13:58:27,PL013,MIL0366093,x@x.com,9999123456,9999123451,9999123452,1,1
MP00021144,MP00021144,2023-09-07,13:58:27,PL002,MIL0510379,x@x.com,9999123456,9999123451,9999123452,1,1
MP00021145,MP00021145,2023-09-07,13:58:27,PL004,MIL0363773,x@x.com,9999123456,9999123451,9999123452,1,1
MP00021146,MP00021146,2023-09-07,13:58:27,PL002,MIL0489895,x@x.com,9999123456,9999123451,9999123452,1,1
MP00021147,MP00021147,2023-09-07,13:58:27,PL003,MIL0029947,x@x.com,9999123456,9999123451,9999123452,1,1
MP00021148,MP00021148,2023-09-07,13:58:27,PL010,MIL0194668,x@x.com,9999123456,9999123451,9999123452,1,1
MP00021149,MP00021149,2023-09-07,13:58:27,PL004,MIL0424887,x@x.com,9999123456,9999123451,9999123452,1,1
MP00021150,MP00021150,2023-09-07,13:58:27,PL006,MIL0523551,x@x.com,9999123456,9999123451,9999123452,1,1
MP00021151,MP00021151,2023-09-07,13:58:27,PL009,MIL0205492,x@x.com,9999123456,9999123451,9999123452,1,1
MP00021152,MP00021152,2023-09-07,13:58:27,PL007,MIL0028353,x@x.com,9999123456,9999123451,9999123452,1,1
MP00021153,MP00021153,2023-09-07,13:58:27,PL006,MIL0156133,x@x.com,9999123456,9999123451,9999123452,1,1
MP00021154,MP00021154,2023-09-07,13:58:27,PL012,MIL0160971,x@x.com,9999123456,9999123451,9999123452,1,1
MP00021155,MP00021155,2023-09-07,13:58:27,PL005,MIL0335947,x@x.com,9999123456,9999123451,9999123452,1,1
MP00021156,MP00021156,2023-09-07,13:58:27,PL009,MIL0204055,x@x.com,9999123456,9999123451,9999123452,1,1
MP00021157,MP00021157,2023-09-07,13:58:27,PL008,MIL0008150,x@x.com,9999123456,9999123451,9999123452,1,1
MP00021158,MP00021158,2023-09-07,13:58:27,PL008,MIL0497200,x@x.com,9999123456,9999123451,9999123452,1,1
MP00021159,MP00021159,2023-09-07,13:58:27,PL011,MIL0177832,x@x.com,9999123456,9999123451,9999123452,1,1
MP00021160,MP00021160,2023-09-07,13:58:27,PL012,MIL0466239,x@x.com,9999123456,9999123451,9999123452,1,1
MP00021161,MP00021161,2023-09-07,13:58:27,PL003,MIL0541040,x@x.com,9999123456,9999123451,9999123452,1,1
MP00021162,MP00021162,2023-09-07,13:58:27,PL004,MIL0187574,x@x.com,9999123456,9999123451,9999123452,1,1
MP00021163,MP00021163,2023-09-07,13:58:27,PL005,MIL0474687,x@x.com,9999123456,9999123451,9999123452,1,1
MP00021164,MP00021164,2023-09-07,13:58:27,PL005,MIL0373559,x@x.com,9999123456,9999123451,9999123452,1,1
MP00021165,MP00021165,2023-09-07,13:58:27,PL012,MIL0489960,x@x.com,9999123456,9999123451,9999123452,1,1
MP00021166,MP00021166,2023-09-07,13:58:27,PL003,MIL0171300,x@x.com,9999123456,9999123451,9999123452,1,1
MP00021167,MP00021167,2023-09-07,13:58:27,PL005,MIL0040323,x@x.com,9999123456,9999123451,9999123452,1,1
MP00021168,MP00021168,2023-09-07,13:58:27,PL013,MIL0482757,x@x.com,9999123456,9999123451,9999123452,1,1
MP00021169,MP00021169,2023-09-07,13:58:27,PL011,MIL0573957,x@x.com,9999123456,9999123451,9999123452,1,1
MP00021170,MP00021170,2023-09-07,13:58:27,PL011,MIL0171842,x@x.com,9999123456,9999123451,9999123452,1,1
MP00021171,MP00021171,2023-09-07,13:58:27,PL010,MIL0275291,x@x.com,9999123456,9999123451,9999123452,1,1
MP00021172,MP00021172,2023-09-07,13:58:27,PL009,MIL0081552,x@x.com,9999123456,9999123451,9999123452,1,1
MP00021173,MP00021173,2023-09-07,13:58:27,PL002,MIL0259517,x@x.com,9999123456,9999123451,9999123452,1,1
MP00021174,MP00021174,2023-09-07,13:58:27,PL006,MIL0507937,x@x.com,9999123456,9999123451,9999123452,1,1
MP00021175,MP00021175,2023-09-07,13:58:27,PL009,MIL0325335,x@x.com,9999123456,9999123451,9999123452,1,1
MP00021176,MP00021176,2023-09-07,13:58:27,PL002,MIL0472705,x@x.com,9999123456,9999123451,9999123452,1,1
MP00021177,MP00021177,2023-09-07,13:58:27,PL004,MIL0395101,x@x.com,9999123456,9999123451,9999123452,1,1
MP00021178,MP00021178,2023-09-07,13:58:27,PL001,MIL0246282,x@x.com,9999123456,9999123451,9999123452,1,1
MP00021179,MP00021179,2023-09-07,13:58:27,PL012,MIL0532803,x@x.com,9999123456,9999123451,9999123452,1,1
MP00021180,MP00021180,2023-09-07,13:58:27,PL002,MIL0202659,x@x.com,9999123456,9999123451,9999123452,1,1
MP00021181,MP00021181,2023-09-07,13:58:27,PL007,MIL0484165,x@x.com,9999123456,9999123451,9999123452,1,1
MP00021182,MP00021182,2023-09-07,13:58:27,PL013,MIL0104607,x@x.com,9999123456,9999123451,9999123452,1,1
MP00021183,MP00021183,2023-09-07,13:58:27,PL004,MIL0237559,x@x.com,9999123456,9999123451,9999123452,1,1
MP00021184,MP00021184,2023-09-07,13:58:27,PL007,MIL0488139,x@x.com,9999123456,9999123451,9999123452,1,1
MP00021185,MP00021185,2023-09-07,13:58:27,PL002,MIL0563056,x@x.com,9999123456,9999123451,9999123452,1,1
MP00021186,MP00021186,2023-09-07,13:58:27,PL010,MIL0405202,x@x.com,9999123456,9999123451,9999123452,1,1
MP00021187,MP00021187,2023-09-07,13:58:27,PL007,MIL0057059,x@x.com,9999123456,9999123451,9999123452,1,1
MP00021188,MP00021188,2023-09-07,13:58:27,PL003,MIL0037120,x@x.com,9999123456,9999123451,9999123452,1,1
MP00021189,MP00021189,2023-09-07,13:58:27,PL011,MIL0097334,x@x.com,9999123456,9999123451,9999123452,1,1
MP00021190,MP00021190,2023-09-07,13:58:27,PL007,MIL0249441,x@x.com,9999123456,9999123451,9999123452,1,1
MP00021191,MP00021191,2023-09-07,13:58:27,PL013,MIL0179987,x@x.com,9999123456,9999123451,9999123452,1,1
MP00021192,MP00021192,2023-09-07,13:58:27,PL005,MIL0559812,x@x.com,9999123456,9999123451,9999123452,1,1
MP00021193,MP00021193,2023-09-07,13:58:27,PL002,MIL0305103,x@x.com,9999123456,9999123451,9999123452,1,1
MP00021194,MP00021194,2023-09-07,13:58:27,PL001,MIL0006300,x@x.com,9999123456,9999123451,9999123452,1,1
MP00021195,MP00021195,2023-09-07,13:58:27,PL002,MIL0275185,x@x.com,9999123456,9999123451,9999123452,1,1
MP00021196,MP00021196,2023-09-07,13:58:27,PL008,MIL0236913,x@x.com,9999123456,9999123451,9999123452,1,1
MP00021197,MP00021197,2023-09-07,13:58:27,PL006,MIL0332721,x@x.com,9999123456,9999123451,9999123452,1,1
MP00021198,MP00021198,2023-09-07,13:58:27,PL007,MIL0097750,x@x.com,9999123456,9999123451,9999123452,1,1
MP00021199,MP00021199,2023-09-07,13:58:27,PL001,MIL0198202,x@x.com,9999123456,9999123451,9999123452,1,1
MP00021200,MP00021200,2023-09-07,13:58:27,PL008,MIL0234056,x@x.com,9999123456,9999123451,9999123452,1,1
MP00021201,MP00021201,2023-09-07,13:58:27,PL003,MIL0352323,x@x.com,9999123456,9999123451,9999123452,1,1
MP00021202,MP00021202,2023-09-07,13:58:27,PL013,MIL0360927,x@x.com,9999123456,9999123451,9999123452,1,1
MP00021203,MP00021203,2023-09-07,13:58:27,PL001,MIL0262708,x@x.com,9999123456,9999123451,9999123452,1,1
MP00021204,MP00021204,2023-09-07,13:58:27,PL011,MIL0455710,x@x.com,9999123456,9999123451,9999123452,1,1
MP00021205,MP00021205,2023-09-07,13:58:27,PL002,MIL0119431,x@x.com,9999123456,9999123451,9999123452,1,1
MP00021206,MP00021206,2023-09-07,13:58:27,PL009,MIL0522177,x@x.com,9999123456,9999123451,9999123452,1,1
MP00021207,MP00021207,2023-09-07,13:58:27,PL012,MIL0180832,x@x.com,9999123456,9999123451,9999123452,1,1
MP00021208,MP00021208,2023-09-07,13:58:27,PL010,MIL0505173,x@x.com,9999123456,9999123451,9999123452,1,1
MP00021209,MP00021209,2023-09-07,13:58:27,PL004,MIL0281273,x@x.com,9999123456,9999123451,9999123452,1,1
MP00021210,MP00021210,2023-09-07,13:58:27,PL007,MIL0210241,x@x.com,9999123456,9999123451,9999123452,1,1
MP00021211,MP00021211,2023-09-07,13:58:27,PL013,MIL0461964,x@x.com,9999123456,9999123451,9999123452,1,1
MP00021212,MP00021212,2023-09-07,13:58:27,PL008,MIL0220738,x@x.com,9999123456,9999123451,9999123452,1,1
MP00021213,MP00021213,2023-09-07,13:58:27,PL011,MIL0309969,x@x.com,9999123456,9999123451,9999123452,1,1
MP00021214,MP00021214,2023-09-07,13:58:27,PL004,MIL0503082,x@x.com,9999123456,9999123451,9999123452,1,1
MP00021215,MP00021215,2023-09-07,13:58:27,PL002,MIL0402113,x@x.com,9999123456,9999123451,9999123452,1,1
MP00021216,MP00021216,2023-09-07,13:58:27,PL013,MIL0090711,x@x.com,9999123456,9999123451,9999123452,1,1
MP00021217,MP00021217,2023-09-07,13:58:27,PL008,MIL0348509,x@x.com,9999123456,9999123451,9999123452,1,1
MP00021218,MP00021218,2023-09-07,13:58:27,PL002,MIL0167326,x@x.com,9999123456,9999123451,9999123452,1,1
MP00021219,MP00021219,2023-09-07,13:58:27,PL004,MIL0214217,x@x.com,9999123456,9999123451,9999123452,1,1
MP00021220,MP00021220,2023-09-07,13:58:27,PL009,MIL0152354,x@x.com,9999123456,9999123451,9999123452,1,1
MP00021221,MP00021221,2023-09-07,13:58:27,PL003,MIL0117335,x@x.com,9999123456,9999123451,9999123452,1,1
MP00021222,MP00021222,2023-09-07,13:58:27,PL012,MIL0381259,x@x.com,9999123456,9999123451,9999123452,1,1
MP00021223,MP00021223,2023-09-07,13:58:27,PL001,MIL0118248,x@x.com,9999123456,9999123451,9999123452,1,1
MP00021224,MP00021224,2023-09-07,13:58:27,PL002,MIL0251627,x@x.com,9999123456,9999123451,9999123452,1,1
MP00021225,MP00021225,2023-09-07,13:58:27,PL006,MIL0494514,x@x.com,9999123456,9999123451,9999123452,1,1
MP00021226,MP00021226,2023-09-07,13:58:27,PL007,MIL0495019,x@x.com,9999123456,9999123451,9999123452,1,1
MP00021227,MP00021227,2023-09-07,13:58:27,PL002,MIL0449463,x@x.com,9999123456,9999123451,9999123452,1,1
MP00021228,MP00021228,2023-09-07,13:58:27,PL007,MIL0074100,x@x.com,9999123456,9999123451,9999123452,1,1
MP00021229,MP00021229,2023-09-07,13:58:27,PL004,MIL0093232,x@x.com,9999123456,9999123451,9999123452,1,1
MP00021230,MP00021230,2023-09-07,13:58:27,PL011,MIL0166036,x@x.com,9999123456,9999123451,9999123452,1,1
MP00021231,MP00021231,2023-09-07,13:58:27,PL005,MIL0385235,x@x.com,9999123456,9999123451,9999123452,1,1
MP00021232,MP00021232,2023-09-07,13:58:27,PL010,MIL0332445,x@x.com,9999123456,9999123451,9999123452,1,1
MP00021233,MP00021233,2023-09-07,13:58:27,PL004,MIL0303020,x@x.com,9999123456,9999123451,9999123452,1,1
MP00021234,MP00021234,2023-09-07,13:58:27,PL002,MIL0073092,x@x.com,9999123456,9999123451,9999123452,1,1
MP00021235,MP00021235,2023-09-07,13:58:27,PL004,MIL0430818,x@x.com,9999123456,9999123451,9999123452,1,1
MP00021236,MP00021236,2023-09-07,13:58:27,PL013,MIL0475553,x@x.com,9999123456,9999123451,9999123452,1,1
MP00021237,MP00021237,2023-09-07,13:58:27,PL006,MIL0488333,x@x.com,9999123456,9999123451,9999123452,1,1
MP00021238,MP00021238,2023-09-07,13:58:27,PL004,MIL0471060,x@x.com,9999123456,9999123451,9999123452,1,1
MP00021239,MP00021239,2023-09-07,13:58:27,PL002,MIL0405774,x@x.com,9999123456,9999123451,9999123452,1,1
MP00021240,MP00021240,2023-09-07,13:58:27,PL011,MIL0074046,x@x.com,9999123456,9999123451,9999123452,1,1
MP00021241,MP00021241,2023-09-07,13:58:27,PL012,MIL0373670,x@x.com,9999123456,9999123451,9999123452,1,1
MP00021242,MP00021242,2023-09-07,13:58:27,PL009,MIL0524712,x@x.com,9999123456,9999123451,9999123452,1,1
MP00021243,MP00021243,2023-09-07,13:58:27,PL007,MIL0401661,x@x.com,9999123456,9999123451,9999123452,1,1
MP00021244,MP00021244,2023-09-07,13:58:27,PL006,MIL0419900,x@x.com,9999123456,9999123451,9999123452,1,1
MP00021245,MP00021245,2023-09-07,13:58:27,PL011,MIL0154870,x@x.com,9999123456,9999123451,9999123452,1,1
MP00021246,MP00021246,2023-09-07,13:58:27,PL006,MIL0143900,x@x.com,9999123456,9999123451,9999123452,1,1
MP00021247,MP00021247,2023-09-07,13:58:27,PL003,MIL0173526,x@x.com,9999123456,9999123451,9999123452,1,1
MP00021248,MP00021248,2023-09-07,13:58:27,PL007,MIL0271749,x@x.com,9999123456,9999123451,9999123452,1,1
MP00021249,MP00021249,2023-09-07,13:58:27,PL008,MIL0072236,x@x.com,9999123456,9999123451,9999123452,1,1
MP00021250,MP00021250,2023-09-07,13:58:27,PL011,MIL0049477,x@x.com,9999123456,9999123451,9999123452,1,1
MP00021251,MP00021251,2023-09-07,13:58:27,PL007,MIL0206282,x@x.com,9999123456,9999123451,9999123452,1,1
MP00021252,MP00021252,2023-09-07,13:58:27,PL004,MIL0065300,x@x.com,9999123456,9999123451,9999123452,1,1
MP00021253,MP00021253,2023-09-07,13:58:27,PL002,MIL0365673,x@x.com,9999123456,9999123451,9999123452,1,1
MP00021254,MP00021254,2023-09-07,13:58:27,PL009,MIL0314505,x@x.com,9999123456,9999123451,9999123452,1,1
MP00021255,MP00021255,2023-09-07,13:58:27,PL004,MIL0013818,x@x.com,9999123456,9999123451,9999123452,1,1
MP00021256,MP00021256,2023-09-07,13:58:27,PL009,MIL0239773,x@x.com,9999123456,9999123451,9999123452,1,1
MP00021257,MP00021257,2023-09-07,13:58:27,PL009,MIL0435271,x@x.com,9999123456,9999123451,9999123452,1,1
MP00021258,MP00021258,2023-09-07,13:58:27,PL006,MIL0048804,x@x.com,9999123456,9999123451,9999123452,1,1
MP00021259,MP00021259,2023-09-07,13:58:27,PL007,MIL0192845,x@x.com,9999123456,9999123451,9999123452,1,1
MP00021260,MP00021260,2023-09-07,13:58:27,PL012,MIL0527158,x@x.com,9999123456,9999123451,9999123452,1,1
MP00021261,MP00021261,2023-09-07,13:58:27,PL011,MIL0053969,x@x.com,9999123456,9999123451,9999123452,1,1
MP00021262,MP00021262,2023-09-07,13:58:27,PL004,MIL0377996,x@x.com,9999123456,9999123451,9999123452,1,1
MP00021263,MP00021263,2023-09-07,13:58:27,PL002,MIL0195773,x@x.com,9999123456,9999123451,9999123452,1,1
MP00021264,MP00021264,2023-09-07,13:58:27,PL002,MIL0097679,x@x.com,9999123456,9999123451,9999123452,1,1
MP00021265,MP00021265,2023-09-07,13:58:27,PL007,MIL0262247,x@x.com,9999123456,9999123451,9999123452,1,1
MP00021266,MP00021266,2023-09-07,13:58:27,PL009,MIL0087272,x@x.com,9999123456,9999123451,9999123452,1,1
MP00021267,MP00021267,2023-09-07,13:58:27,PL003,MIL0159829,x@x.com,9999123456,9999123451,9999123452,1,1
MP00021268,MP00021268,2023-09-07,13:58:27,PL003,MIL0420723,x@x.com,9999123456,9999123451,9999123452,1,1
MP00021269,MP00021269,2023-09-07,13:58:27,PL001,MIL0140857,x@x.com,9999123456,9999123451,9999123452,1,1
MP00021270,MP00021270,2023-09-07,13:58:27,PL001,MIL0178563,x@x.com,9999123456,9999123451,9999123452,1,1
MP00021271,MP00021271,2023-09-07,13:58:27,PL001,MIL0131797,x@x.com,9999123456,9999123451,9999123452,1,1
MP00021272,MP00021272,2023-09-07,13:58:27,PL012,MIL0555136,x@x.com,9999123456,9999123451,9999123452,1,1
MP00021273,MP00021273,2023-09-07,13:58:27,PL008,MIL0193078,x@x.com,9999123456,9999123451,9999123452,1,1
MP00021274,MP00021274,2023-09-07,13:58:27,PL011,MIL0208327,x@x.com,9999123456,9999123451,9999123452,1,1
MP00021275,MP00021275,2023-09-07,13:58:27,PL010,MIL0140771,x@x.com,9999123456,9999123451,9999123452,1,1
MP00021276,MP00021276,2023-09-07,13:58:27,PL002,MIL0175955,x@x.com,9999123456,9999123451,9999123452,1,1
MP00021277,MP00021277,2023-09-07,13:58:27,PL007,MIL0016748,x@x.com,9999123456,9999123451,9999123452,1,1
MP00021278,MP00021278,2023-09-07,13:58:27,PL008,MIL0130748,x@x.com,9999123456,9999123451,9999123452,1,1
MP00021279,MP00021279,2023-09-07,13:58:27,PL008,MIL0440513,x@x.com,9999123456,9999123451,9999123452,1,1
MP00021280,MP00021280,2023-09-07,13:58:27,PL010,MIL0103082,x@x.com,9999123456,9999123451,9999123452,1,1
MP00021281,MP00021281,2023-09-07,13:58:27,PL004,MIL0102226,x@x.com,9999123456,9999123451,9999123452,1,1
MP00021282,MP00021282,2023-09-07,13:58:27,PL010,MIL0376732,x@x.com,9999123456,9999123451,9999123452,1,1
MP00021283,MP00021283,2023-09-07,13:58:27,PL006,MIL0250549,x@x.com,9999123456,9999123451,9999123452,1,1
MP00021284,MP00021284,2023-09-07,13:58:27,PL013,MIL0306966,x@x.com,9999123456,9999123451,9999123452,1,1
MP00021285,MP00021285,2023-09-07,13:58:27,PL003,MIL0500661,x@x.com,9999123456,9999123451,9999123452,1,1
MP00021286,MP00021286,2023-09-07,13:58:27,PL011,MIL0319424,x@x.com,9999123456,9999123451,9999123452,1,1
MP00021287,MP00021287,2023-09-07,13:58:27,PL008,MIL0208952,x@x.com,9999123456,9999123451,9999123452,1,1
MP00021288,MP00021288,2023-09-07,13:58:27,PL007,MIL0130836,x@x.com,9999123456,9999123451,9999123452,1,1
MP00021289,MP00021289,2023-09-07,13:58:27,PL005,MIL0484275,x@x.com,9999123456,9999123451,9999123452,1,1
MP00021290,MP00021290,2023-09-07,13:58:27,PL002,MIL0507177,x@x.com,9999123456,9999123451,9999123452,1,1
MP00021291,MP00021291,2023-09-07,13:58:27,PL010,MIL0147519,x@x.com,9999123456,9999123451,9999123452,1,1
MP00021292,MP00021292,2023-09-07,13:58:27,PL005,MIL0329919,x@x.com,9999123456,9999123451,9999123452,1,1
MP00021293,MP00021293,2023-09-07,13:58:27,PL010,MIL0044612,x@x.com,9999123456,9999123451,9999123452,1,1
MP00021294,MP00021294,2023-09-07,13:58:27,PL003,MIL0226317,x@x.com,9999123456,9999123451,9999123452,1,1
MP00021295,MP00021295,2023-09-07,13:58:27,PL013,MIL0253491,x@x.com,9999123456,9999123451,9999123452,1,1
MP00021296,MP00021296,2023-09-07,13:58:27,PL005,MIL0251369,x@x.com,9999123456,9999123451,9999123452,1,1
MP00021297,MP00021297,2023-09-07,13:58:27,PL002,MIL0509271,x@x.com,9999123456,9999123451,9999123452,1,1
MP00021298,MP00021298,2023-09-07,13:58:27,PL003,MIL0511828,x@x.com,9999123456,9999123451,9999123452,1,1
MP00021299,MP00021299,2023-09-07,13:58:27,PL005,MIL0048721,x@x.com,9999123456,9999123451,9999123452,1,1
MP00021300,MP00021300,2023-09-07,13:58:27,PL004,MIL0394563,x@x.com,9999123456,9999123451,9999123452,1,1
MP00021301,MP00021301,2023-09-07,13:58:27,PL002,MIL0527428,x@x.com,9999123456,9999123451,9999123452,1,1
MP00021302,MP00021302,2023-09-07,13:58:27,PL006,MIL0112829,x@x.com,9999123456,9999123451,9999123452,1,1
MP00021303,MP00021303,2023-09-07,13:58:27,PL001,MIL0463843,x@x.com,9999123456,9999123451,9999123452,1,1
MP00021304,MP00021304,2023-09-07,13:58:27,PL003,MIL0443192,x@x.com,9999123456,9999123451,9999123452,1,1
MP00021305,MP00021305,2023-09-07,13:58:27,PL006,MIL0000496,x@x.com,9999123456,9999123451,9999123452,1,1
MP00021306,MP00021306,2023-09-07,13:58:27,PL002,MIL0220338,x@x.com,9999123456,9999123451,9999123452,1,1
MP00021307,MP00021307,2023-09-07,13:58:27,PL005,MIL0486838,x@x.com,9999123456,9999123451,9999123452,1,1
MP00021308,MP00021308,2023-09-07,13:58:27,PL010,MIL0543019,x@x.com,9999123456,9999123451,9999123452,1,1
MP00021309,MP00021309,2023-09-07,13:58:27,PL005,MIL0535262,x@x.com,9999123456,9999123451,9999123452,1,1
MP00021310,MP00021310,2023-09-07,13:58:27,PL001,MIL0577328,x@x.com,9999123456,9999123451,9999123452,1,1
MP00021311,MP00021311,2023-09-07,13:58:27,PL008,MIL0389225,x@x.com,9999123456,9999123451,9999123452,1,1
MP00021312,MP00021312,2023-09-07,13:58:27,PL003,MIL0430999,x@x.com,9999123456,9999123451,9999123452,1,1
MP00021313,MP00021313,2023-09-07,13:58:27,PL008,MIL0173893,x@x.com,9999123456,9999123451,9999123452,1,1
MP00021314,MP00021314,2023-09-07,13:58:27,PL002,MIL0523366,x@x.com,9999123456,9999123451,9999123452,1,1
MP00021315,MP00021315,2023-09-07,13:58:27,PL012,MIL0513038,x@x.com,9999123456,9999123451,9999123452,1,1
MP00021316,MP00021316,2023-09-07,13:58:27,PL002,MIL0051382,x@x.com,9999123456,9999123451,9999123452,1,1
MP00021317,MP00021317,2023-09-07,13:58:27,PL013,MIL0068672,x@x.com,9999123456,9999123451,9999123452,1,1
MP00021318,MP00021318,2023-09-07,13:58:27,PL010,MIL0173030,x@x.com,9999123456,9999123451,9999123452,1,1
MP00021319,MP00021319,2023-09-07,13:58:27,PL011,MIL0112113,x@x.com,9999123456,9999123451,9999123452,1,1
MP00021320,MP00021320,2023-09-07,13:58:27,PL009,MIL0439369,x@x.com,9999123456,9999123451,9999123452,1,1
MP00021321,MP00021321,2023-09-07,13:58:27,PL005,MIL0266118,x@x.com,9999123456,9999123451,9999123452,1,1
MP00021322,MP00021322,2023-09-07,13:58:27,PL003,MIL0219749,x@x.com,9999123456,9999123451,9999123452,1,1
MP00021323,MP00021323,2023-09-07,13:58:27,PL001,MIL0199108,x@x.com,9999123456,9999123451,9999123452,1,1
MP00021324,MP00021324,2023-09-07,13:58:27,PL003,MIL0243989,x@x.com,9999123456,9999123451,9999123452,1,1
MP00021325,MP00021325,2023-09-07,13:58:27,PL009,MIL0115081,x@x.com,9999123456,9999123451,9999123452,1,1
MP00021326,MP00021326,2023-09-07,13:58:27,PL007,MIL0473652,x@x.com,9999123456,9999123451,9999123452,1,1
MP00021327,MP00021327,2023-09-07,13:58:27,PL008,MIL0129454,x@x.com,9999123456,9999123451,9999123452,1,1
MP00021328,MP00021328,2023-09-07,13:58:27,PL009,MIL0394486,x@x.com,9999123456,9999123451,9999123452,1,1
MP00021329,MP00021329,2023-09-07,13:58:27,PL008,MIL0179792,x@x.com,9999123456,9999123451,9999123452,1,1
MP00021330,MP00021330,2023-09-07,13:58:27,PL013,MIL0225902,x@x.com,9999123456,9999123451,9999123452,1,1
MP00021331,MP00021331,2023-09-07,13:58:27,PL005,MIL0358835,x@x.com,9999123456,9999123451,9999123452,1,1
MP00021332,MP00021332,2023-09-07,13:58:27,PL003,MIL0469388,x@x.com,9999123456,9999123451,9999123452,1,1
MP00021333,MP00021333,2023-09-07,13:58:27,PL010,MIL0437616,x@x.com,9999123456,9999123451,9999123452,1,1
MP00021334,MP00021334,2023-09-07,13:58:27,PL012,MIL0112238,x@x.com,9999123456,9999123451,9999123452,1,1
MP00021335,MP00021335,2023-09-07,13:58:27,PL001,MIL0007759,x@x.com,9999123456,9999123451,9999123452,1,1
MP00021336,MP00021336,2023-09-07,13:58:27,PL009,MIL0573633,x@x.com,9999123456,9999123451,9999123452,1,1
MP00021337,MP00021337,2023-09-07,13:58:27,PL013,MIL0403446,x@x.com,9999123456,9999123451,9999123452,1,1
MP00021338,MP00021338,2023-09-07,13:58:27,PL005,MIL0274979,x@x.com,9999123456,9999123451,9999123452,1,1
MP00021339,MP00021339,2023-09-07,13:58:27,PL011,MIL0510235,x@x.com,9999123456,9999123451,9999123452,1,1
MP00021340,MP00021340,2023-09-07,13:58:27,PL007,MIL0520284,x@x.com,9999123456,9999123451,9999123452,1,1
MP00021341,MP00021341,2023-09-07,13:58:27,PL011,MIL0561942,x@x.com,9999123456,9999123451,9999123452,1,1
MP00021342,MP00021342,2023-09-07,13:58:27,PL005,MIL0529126,x@x.com,9999123456,9999123451,9999123452,1,1
MP00021343,MP00021343,2023-09-07,13:58:27,PL011,MIL0255601,x@x.com,9999123456,9999123451,9999123452,1,1
MP00021344,MP00021344,2023-09-07,13:58:27,PL001,MIL0463456,x@x.com,9999123456,9999123451,9999123452,1,1
MP00021345,MP00021345,2023-09-07,13:58:27,PL005,MIL0356244,x@x.com,9999123456,9999123451,9999123452,1,1
MP00021346,MP00021346,2023-09-07,13:58:27,PL012,MIL0020161,x@x.com,9999123456,9999123451,9999123452,1,1
MP00021347,MP00021347,2023-09-07,13:58:27,PL003,MIL0248081,x@x.com,9999123456,9999123451,9999123452,1,1
MP00021348,MP00021348,2023-09-07,13:58:27,PL008,MIL0531976,x@x.com,9999123456,9999123451,9999123452,1,1
MP00021349,MP00021349,2023-09-07,13:58:27,PL008,MIL0202169,x@x.com,9999123456,9999123451,9999123452,1,1
MP00021350,MP00021350,2023-09-07,13:58:27,PL013,MIL0145860,x@x.com,9999123456,9999123451,9999123452,1,1
MP00021351,MP00021351,2023-09-07,13:58:27,PL008,MIL0229260,x@x.com,9999123456,9999123451,9999123452,1,1
MP00021352,MP00021352,2023-09-07,13:58:27,PL004,MIL0452768,x@x.com,9999123456,9999123451,9999123452,1,1
MP00021353,MP00021353,2023-09-07,13:58:27,PL001,MIL0387579,x@x.com,9999123456,9999123451,9999123452,1,1
MP00021354,MP00021354,2023-09-07,13:58:27,PL008,MIL0523376,x@x.com,9999123456,9999123451,9999123452,1,1
MP00021355,MP00021355,2023-09-07,13:58:27,PL012,MIL0495071,x@x.com,9999123456,9999123451,9999123452,1,1
MP00021356,MP00021356,2023-09-07,13:58:27,PL001,MIL0558632,x@x.com,9999123456,9999123451,9999123452,1,1
MP00021357,MP00021357,2023-09-07,13:58:27,PL012,MIL0312800,x@x.com,9999123456,9999123451,9999123452,1,1
MP00021358,MP00021358,2023-09-07,13:58:27,PL001,MIL0042503,x@x.com,9999123456,9999123451,9999123452,1,1
MP00021359,MP00021359,2023-09-07,13:58:27,PL001,MIL0266888,x@x.com,9999123456,9999123451,9999123452,1,1
MP00021360,MP00021360,2023-09-07,13:58:27,PL013,MIL0554918,x@x.com,9999123456,9999123451,9999123452,1,1
MP00021361,MP00021361,2023-09-07,13:58:27,PL012,MIL0252619,x@x.com,9999123456,9999123451,9999123452,1,1
MP00021362,MP00021362,2023-09-07,13:58:27,PL005,MIL0437480,x@x.com,9999123456,9999123451,9999123452,1,1
MP00021363,MP00021363,2023-09-07,13:58:27,PL013,MIL0536636,x@x.com,9999123456,9999123451,9999123452,1,1
MP00021364,MP00021364,2023-09-07,13:58:27,PL012,MIL0545539,x@x.com,9999123456,9999123451,9999123452,1,1
MP00021365,MP00021365,2023-09-07,13:58:27,PL012,MIL0316748,x@x.com,9999123456,9999123451,9999123452,1,1
MP00021366,MP00021366,2023-09-07,13:58:27,PL011,MIL0196258,x@x.com,9999123456,9999123451,9999123452,1,1
MP00021367,MP00021367,2023-09-07,13:58:27,PL009,MIL0536238,x@x.com,9999123456,9999123451,9999123452,1,1
MP00021368,MP00021368,2023-09-07,13:58:27,PL008,MIL0508708,x@x.com,9999123456,9999123451,9999123452,1,1
MP00021369,MP00021369,2023-09-07,13:58:27,PL007,MIL0217382,x@x.com,9999123456,9999123451,9999123452,1,1
MP00021370,MP00021370,2023-09-07,13:58:27,PL008,MIL0397416,x@x.com,9999123456,9999123451,9999123452,1,1
MP00021371,MP00021371,2023-09-07,13:58:27,PL007,MIL0412096,x@x.com,9999123456,9999123451,9999123452,1,1
MP00021372,MP00021372,2023-09-07,13:58:27,PL006,MIL0414513,x@x.com,9999123456,9999123451,9999123452,1,1
MP00021373,MP00021373,2023-09-07,13:58:27,PL011,MIL0309554,x@x.com,9999123456,9999123451,9999123452,1,1
MP00021374,MP00021374,2023-09-07,13:58:27,PL001,MIL0029726,x@x.com,9999123456,9999123451,9999123452,1,1
MP00021375,MP00021375,2023-09-07,13:58:27,PL005,MIL0238648,x@x.com,9999123456,9999123451,9999123452,1,1
MP00021376,MP00021376,2023-09-07,13:58:27,PL012,MIL0060117,x@x.com,9999123456,9999123451,9999123452,1,1
MP00021377,MP00021377,2023-09-07,13:58:27,PL008,MIL0578172,x@x.com,9999123456,9999123451,9999123452,1,1
MP00021378,MP00021378,2023-09-07,13:58:27,PL003,MIL0489562,x@x.com,9999123456,9999123451,9999123452,1,1
MP00021379,MP00021379,2023-09-07,13:58:27,PL005,MIL0500358,x@x.com,9999123456,9999123451,9999123452,1,1
MP00021380,MP00021380,2023-09-07,13:58:27,PL007,MIL0507548,x@x.com,9999123456,9999123451,9999123452,1,1
MP00021381,MP00021381,2023-09-07,13:58:27,PL002,MIL0075575,x@x.com,9999123456,9999123451,9999123452,1,1
MP00021382,MP00021382,2023-09-07,13:58:27,PL006,MIL0341070,x@x.com,9999123456,9999123451,9999123452,1,1
MP00021383,MP00021383,2023-09-07,13:58:27,PL008,MIL0219360,x@x.com,9999123456,9999123451,9999123452,1,1
MP00021384,MP00021384,2023-09-07,13:58:27,PL009,MIL0552628,x@x.com,9999123456,9999123451,9999123452,1,1
MP00021385,MP00021385,2023-09-07,13:58:27,PL004,MIL0334021,x@x.com,9999123456,9999123451,9999123452,1,1
MP00021386,MP00021386,2023-09-07,13:58:27,PL011,MIL0425221,x@x.com,9999123456,9999123451,9999123452,1,1
MP00021387,MP00021387,2023-09-07,13:58:27,PL001,MIL0557960,x@x.com,9999123456,9999123451,9999123452,1,1
MP00021388,MP00021388,2023-09-07,13:58:27,PL003,MIL0032442,x@x.com,9999123456,9999123451,9999123452,1,1
MP00021389,MP00021389,2023-09-07,13:58:27,PL008,MIL0256841,x@x.com,9999123456,9999123451,9999123452,1,1
MP00021390,MP00021390,2023-09-07,13:58:27,PL009,MIL0181707,x@x.com,9999123456,9999123451,9999123452,1,1
MP00021391,MP00021391,2023-09-07,13:58:27,PL012,MIL0343605,x@x.com,9999123456,9999123451,9999123452,1,1
MP00021392,MP00021392,2023-09-07,13:58:27,PL008,MIL0521052,x@x.com,9999123456,9999123451,9999123452,1,1
MP00021393,MP00021393,2023-09-07,13:58:27,PL008,MIL0106291,x@x.com,9999123456,9999123451,9999123452,1,1
MP00021394,MP00021394,2023-09-07,13:58:27,PL012,MIL0426967,x@x.com,9999123456,9999123451,9999123452,1,1
MP00021395,MP00021395,2023-09-07,13:58:27,PL011,MIL0382547,x@x.com,9999123456,9999123451,9999123452,1,1
MP00021396,MP00021396,2023-09-07,13:58:27,PL009,MIL0202435,x@x.com,9999123456,9999123451,9999123452,1,1
MP00021397,MP00021397,2023-09-07,13:58:27,PL003,MIL0150519,x@x.com,9999123456,9999123451,9999123452,1,1
MP00021398,MP00021398,2023-09-07,13:58:27,PL008,MIL0005694,x@x.com,9999123456,9999123451,9999123452,1,1
MP00021399,MP00021399,2023-09-07,13:58:27,PL002,MIL0232393,x@x.com,9999123456,9999123451,9999123452,1,1
MP00021400,MP00021400,2023-09-07,13:58:27,PL011,MIL0149718,x@x.com,9999123456,9999123451,9999123452,1,1
MP00021401,MP00021401,2023-09-07,13:58:27,PL012,MIL0465963,x@x.com,9999123456,9999123451,9999123452,1,1
MP00021402,MP00021402,2023-09-07,13:58:27,PL009,MIL0151671,x@x.com,9999123456,9999123451,9999123452,1,1
MP00021403,MP00021403,2023-09-07,13:58:27,PL011,MIL0269805,x@x.com,9999123456,9999123451,9999123452,1,1
MP00021404,MP00021404,2023-09-07,13:58:27,PL003,MIL0283731,x@x.com,9999123456,9999123451,9999123452,1,1
MP00021405,MP00021405,2023-09-07,13:58:27,PL006,MIL0144195,x@x.com,9999123456,9999123451,9999123452,1,1
MP00021406,MP00021406,2023-09-07,13:58:27,PL009,MIL0393163,x@x.com,9999123456,9999123451,9999123452,1,1
MP00021407,MP00021407,2023-09-07,13:58:27,PL009,MIL0350331,x@x.com,9999123456,9999123451,9999123452,1,1
MP00021408,MP00021408,2023-09-07,13:58:27,PL002,MIL0548625,x@x.com,9999123456,9999123451,9999123452,1,1
MP00021409,MP00021409,2023-09-07,13:58:27,PL002,MIL0128368,x@x.com,9999123456,9999123451,9999123452,1,1
MP00021410,MP00021410,2023-09-07,13:58:27,PL004,MIL0327717,x@x.com,9999123456,9999123451,9999123452,1,1
MP00021411,MP00021411,2023-09-07,13:58:27,PL001,MIL0052149,x@x.com,9999123456,9999123451,9999123452,1,1
MP00021412,MP00021412,2023-09-07,13:58:27,PL012,MIL0327026,x@x.com,9999123456,9999123451,9999123452,1,1
MP00021413,MP00021413,2023-09-07,13:58:27,PL002,MIL0205145,x@x.com,9999123456,9999123451,9999123452,1,1
MP00021414,MP00021414,2023-09-07,13:58:27,PL001,MIL0095650,x@x.com,9999123456,9999123451,9999123452,1,1
MP00021415,MP00021415,2023-09-07,13:58:27,PL004,MIL0111891,x@x.com,9999123456,9999123451,9999123452,1,1
MP00021416,MP00021416,2023-09-07,13:58:27,PL008,MIL0450606,x@x.com,9999123456,9999123451,9999123452,1,1
MP00021417,MP00021417,2023-09-07,13:58:27,PL002,MIL0315771,x@x.com,9999123456,9999123451,9999123452,1,1
MP00021418,MP00021418,2023-09-07,13:58:27,PL012,MIL0039978,x@x.com,9999123456,9999123451,9999123452,1,1
MP00021419,MP00021419,2023-09-07,13:58:27,PL003,MIL0476348,x@x.com,9999123456,9999123451,9999123452,1,1
MP00021420,MP00021420,2023-09-07,13:58:27,PL001,MIL0248058,x@x.com,9999123456,9999123451,9999123452,1,1
MP00021421,MP00021421,2023-09-07,13:58:27,PL012,MIL0006000,x@x.com,9999123456,9999123451,9999123452,1,1
MP00021422,MP00021422,2023-09-07,13:58:27,PL013,MIL0152356,x@x.com,9999123456,9999123451,9999123452,1,1
MP00021423,MP00021423,2023-09-07,13:58:27,PL009,MIL0453020,x@x.com,9999123456,9999123451,9999123452,1,1
MP00021424,MP00021424,2023-09-07,13:58:27,PL007,MIL0014958,x@x.com,9999123456,9999123451,9999123452,1,1
MP00021425,MP00021425,2023-09-07,13:58:27,PL009,MIL0368377,x@x.com,9999123456,9999123451,9999123452,1,1
MP00021426,MP00021426,2023-09-07,13:58:27,PL004,MIL0071361,x@x.com,9999123456,9999123451,9999123452,1,1
MP00021427,MP00021427,2023-09-07,13:58:27,PL002,MIL0458315,x@x.com,9999123456,9999123451,9999123452,1,1
MP00021428,MP00021428,2023-09-07,13:58:27,PL011,MIL0557596,x@x.com,9999123456,9999123451,9999123452,1,1
MP00021429,MP00021429,2023-09-07,13:58:27,PL004,MIL0470079,x@x.com,9999123456,9999123451,9999123452,1,1
MP00021430,MP00021430,2023-09-07,13:58:27,PL013,MIL0183543,x@x.com,9999123456,9999123451,9999123452,1,1
MP00021431,MP00021431,2023-09-07,13:58:27,PL012,MIL0286104,x@x.com,9999123456,9999123451,9999123452,1,1
MP00021432,MP00021432,2023-09-07,13:58:27,PL012,MIL0113080,x@x.com,9999123456,9999123451,9999123452,1,1
MP00021433,MP00021433,2023-09-07,13:58:27,PL011,MIL0057217,x@x.com,9999123456,9999123451,9999123452,1,1
MP00021434,MP00021434,2023-09-07,13:58:27,PL012,MIL0352351,x@x.com,9999123456,9999123451,9999123452,1,1
MP00021435,MP00021435,2023-09-07,13:58:27,PL005,MIL0391495,x@x.com,9999123456,9999123451,9999123452,1,1
MP00021436,MP00021436,2023-09-07,13:58:27,PL009,MIL0494080,x@x.com,9999123456,9999123451,9999123452,1,1
MP00021437,MP00021437,2023-09-07,13:58:27,PL009,MIL0488435,x@x.com,9999123456,9999123451,9999123452,1,1
MP00021438,MP00021438,2023-09-07,13:58:27,PL001,MIL0154194,x@x.com,9999123456,9999123451,9999123452,1,1
MP00021439,MP00021439,2023-09-07,13:58:27,PL004,MIL0156183,x@x.com,9999123456,9999123451,9999123452,1,1
MP00021440,MP00021440,2023-09-07,13:58:27,PL006,MIL0548600,x@x.com,9999123456,9999123451,9999123452,1,1
MP00021441,MP00021441,2023-09-07,13:58:27,PL008,MIL0134134,x@x.com,9999123456,9999123451,9999123452,1,1
MP00021442,MP00021442,2023-09-07,13:58:27,PL009,MIL0519139,x@x.com,9999123456,9999123451,9999123452,1,1
MP00021443,MP00021443,2023-09-07,13:58:27,PL004,MIL0335230,x@x.com,9999123456,9999123451,9999123452,1,1
MP00021444,MP00021444,2023-09-07,13:58:27,PL001,MIL0466219,x@x.com,9999123456,9999123451,9999123452,1,1
MP00021445,MP00021445,2023-09-07,13:58:27,PL002,MIL0495699,x@x.com,9999123456,9999123451,9999123452,1,1
MP00021446,MP00021446,2023-09-07,13:58:27,PL007,MIL0511367,x@x.com,9999123456,9999123451,9999123452,1,1
MP00021447,MP00021447,2023-09-07,13:58:27,PL005,MIL0476870,x@x.com,9999123456,9999123451,9999123452,1,1
MP00021448,MP00021448,2023-09-07,13:58:27,PL008,MIL0530630,x@x.com,9999123456,9999123451,9999123452,1,1
MP00021449,MP00021449,2023-09-07,13:58:27,PL001,MIL0499510,x@x.com,9999123456,9999123451,9999123452,1,1
MP00021450,MP00021450,2023-09-07,13:58:27,PL008,MIL0382140,x@x.com,9999123456,9999123451,9999123452,1,1
MP00021451,MP00021451,2023-09-07,13:58:27,PL010,MIL0554318,x@x.com,9999123456,9999123451,9999123452,1,1
MP00021452,MP00021452,2023-09-07,13:58:27,PL002,MIL0031603,x@x.com,9999123456,9999123451,9999123452,1,1
MP00021453,MP00021453,2023-09-07,13:58:27,PL001,MIL0008677,x@x.com,9999123456,9999123451,9999123452,1,1
MP00021454,MP00021454,2023-09-07,13:58:27,PL010,MIL0501183,x@x.com,9999123456,9999123451,9999123452,1,1
MP00021455,MP00021455,2023-09-07,13:58:27,PL006,MIL0487775,x@x.com,9999123456,9999123451,9999123452,1,1
MP00021456,MP00021456,2023-09-07,13:58:27,PL001,MIL0141731,x@x.com,9999123456,9999123451,9999123452,1,1
MP00021457,MP00021457,2023-09-07,13:58:27,PL004,MIL0015411,x@x.com,9999123456,9999123451,9999123452,1,1
MP00021458,MP00021458,2023-09-07,13:58:27,PL013,MIL0070994,x@x.com,9999123456,9999123451,9999123452,1,1
MP00021459,MP00021459,2023-09-07,13:58:27,PL005,MIL0296122,x@x.com,9999123456,9999123451,9999123452,1,1
MP00021460,MP00021460,2023-09-07,13:58:27,PL005,MIL0115976,x@x.com,9999123456,9999123451,9999123452,1,1
MP00021461,MP00021461,2023-09-07,13:58:27,PL008,MIL0424155,x@x.com,9999123456,9999123451,9999123452,1,1
MP00021462,MP00021462,2023-09-07,13:58:27,PL007,MIL0340780,x@x.com,9999123456,9999123451,9999123452,1,1
MP00021463,MP00021463,2023-09-07,13:58:27,PL002,MIL0454780,x@x.com,9999123456,9999123451,9999123452,1,1
MP00021464,MP00021464,2023-09-07,13:58:27,PL006,MIL0313751,x@x.com,9999123456,9999123451,9999123452,1,1
MP00021465,MP00021465,2023-09-07,13:58:27,PL011,MIL0305314,x@x.com,9999123456,9999123451,9999123452,1,1
MP00021466,MP00021466,2023-09-07,13:58:27,PL001,MIL0466270,x@x.com,9999123456,9999123451,9999123452,1,1
MP00021467,MP00021467,2023-09-07,13:58:27,PL005,MIL0071623,x@x.com,9999123456,9999123451,9999123452,1,1
MP00021468,MP00021468,2023-09-07,13:58:27,PL013,MIL0543689,x@x.com,9999123456,9999123451,9999123452,1,1
MP00021469,MP00021469,2023-09-07,13:58:27,PL001,MIL0108229,x@x.com,9999123456,9999123451,9999123452,1,1
MP00021470,MP00021470,2023-09-07,13:58:27,PL010,MIL0319332,x@x.com,9999123456,9999123451,9999123452,1,1
MP00021471,MP00021471,2023-09-07,13:58:27,PL008,MIL0503823,x@x.com,9999123456,9999123451,9999123452,1,1
MP00021472,MP00021472,2023-09-07,13:58:27,PL001,MIL0572333,x@x.com,9999123456,9999123451,9999123452,1,1
MP00021473,MP00021473,2023-09-07,13:58:27,PL013,MIL0249537,x@x.com,9999123456,9999123451,9999123452,1,1
MP00021474,MP00021474,2023-09-07,13:58:27,PL013,MIL0514551,x@x.com,9999123456,9999123451,9999123452,1,1
MP00021475,MP00021475,2023-09-07,13:58:27,PL010,MIL0433892,x@x.com,9999123456,9999123451,9999123452,1,1
MP00021476,MP00021476,2023-09-07,13:58:27,PL010,MIL0532760,x@x.com,9999123456,9999123451,9999123452,1,1
MP00021477,MP00021477,2023-09-07,13:58:27,PL012,MIL0265902,x@x.com,9999123456,9999123451,9999123452,1,1
MP00021478,MP00021478,2023-09-07,13:58:27,PL011,MIL0443127,x@x.com,9999123456,9999123451,9999123452,1,1
MP00021479,MP00021479,2023-09-07,13:58:27,PL003,MIL0507198,x@x.com,9999123456,9999123451,9999123452,1,1
MP00021480,MP00021480,2023-09-07,13:58:27,PL002,MIL0540084,x@x.com,9999123456,9999123451,9999123452,1,1
MP00021481,MP00021481,2023-09-07,13:58:27,PL012,MIL0153988,x@x.com,9999123456,9999123451,9999123452,1,1
MP00021482,MP00021482,2023-09-07,13:58:27,PL011,MIL0343274,x@x.com,9999123456,9999123451,9999123452,1,1
MP00021483,MP00021483,2023-09-07,13:58:27,PL004,MIL0129936,x@x.com,9999123456,9999123451,9999123452,1,1
MP00021484,MP00021484,2023-09-07,13:58:27,PL005,MIL0541213,x@x.com,9999123456,9999123451,9999123452,1,1
MP00021485,MP00021485,2023-09-07,13:58:27,PL003,MIL0063419,x@x.com,9999123456,9999123451,9999123452,1,1
MP00021486,MP00021486,2023-09-07,13:58:27,PL008,MIL0311933,x@x.com,9999123456,9999123451,9999123452,1,1
MP00021487,MP00021487,2023-09-07,13:58:27,PL005,MIL0259789,x@x.com,9999123456,9999123451,9999123452,1,1
MP00021488,MP00021488,2023-09-07,13:58:27,PL008,MIL0348633,x@x.com,9999123456,9999123451,9999123452,1,1
MP00021489,MP00021489,2023-09-07,13:58:27,PL008,MIL0543798,x@x.com,9999123456,9999123451,9999123452,1,1
MP00021490,MP00021490,2023-09-07,13:58:27,PL006,MIL0043971,x@x.com,9999123456,9999123451,9999123452,1,1
MP00021491,MP00021491,2023-09-07,13:58:27,PL005,MIL0074486,x@x.com,9999123456,9999123451,9999123452,1,1
MP00021492,MP00021492,2023-09-07,13:58:27,PL013,MIL0428843,x@x.com,9999123456,9999123451,9999123452,1,1
MP00021493,MP00021493,2023-09-07,13:58:27,PL004,MIL0079726,x@x.com,9999123456,9999123451,9999123452,1,1
MP00021494,MP00021494,2023-09-07,13:58:27,PL001,MIL0197280,x@x.com,9999123456,9999123451,9999123452,1,1
MP00021495,MP00021495,2023-09-07,13:58:27,PL002,MIL0512694,x@x.com,9999123456,9999123451,9999123452,1,1
MP00021496,MP00021496,2023-09-07,13:58:27,PL011,MIL0451922,x@x.com,9999123456,9999123451,9999123452,1,1
MP00021497,MP00021497,2023-09-07,13:58:27,PL005,MIL0552956,x@x.com,9999123456,9999123451,9999123452,1,1
MP00021498,MP00021498,2023-09-07,13:58:27,PL003,MIL0034891,x@x.com,9999123456,9999123451,9999123452,1,1
MP00021499,MP00021499,2023-09-07,13:58:27,PL012,MIL0331631,x@x.com,9999123456,9999123451,9999123452,1,1
MP00021500,MP00021500,2023-09-07,13:58:27,PL003,MIL0578411,x@x.com,9999123456,9999123451,9999123452,1,1
MP00021501,MP00021501,2023-09-07,13:58:27,PL009,MIL0312553,x@x.com,9999123456,9999123451,9999123452,1,1
MP00021502,MP00021502,2023-09-07,13:58:27,PL006,MIL0419597,x@x.com,9999123456,9999123451,9999123452,1,1
MP00021503,MP00021503,2023-09-07,13:58:27,PL011,MIL0050298,x@x.com,9999123456,9999123451,9999123452,1,1
MP00021504,MP00021504,2023-09-07,13:58:27,PL006,MIL0225626,x@x.com,9999123456,9999123451,9999123452,1,1
MP00021505,MP00021505,2023-09-07,13:58:27,PL006,MIL0095965,x@x.com,9999123456,9999123451,9999123452,1,1
MP00021506,MP00021506,2023-09-07,13:58:27,PL009,MIL0038235,x@x.com,9999123456,9999123451,9999123452,1,1
MP00021507,MP00021507,2023-09-07,13:58:27,PL008,MIL0391000,x@x.com,9999123456,9999123451,9999123452,1,1
MP00021508,MP00021508,2023-09-07,13:58:27,PL002,MIL0191979,x@x.com,9999123456,9999123451,9999123452,1,1
MP00021509,MP00021509,2023-09-07,13:58:27,PL003,MIL0212518,x@x.com,9999123456,9999123451,9999123452,1,1
MP00021510,MP00021510,2023-09-07,13:58:27,PL004,MIL0001945,x@x.com,9999123456,9999123451,9999123452,1,1
MP00021511,MP00021511,2023-09-07,13:58:27,PL007,MIL0111799,x@x.com,9999123456,9999123451,9999123452,1,1
MP00021512,MP00021512,2023-09-07,13:58:27,PL013,MIL0399546,x@x.com,9999123456,9999123451,9999123452,1,1
MP00021513,MP00021513,2023-09-07,13:58:27,PL008,MIL0189393,x@x.com,9999123456,9999123451,9999123452,1,1
MP00021514,MP00021514,2023-09-07,13:58:27,PL003,MIL0036811,x@x.com,9999123456,9999123451,9999123452,1,1
MP00021515,MP00021515,2023-09-07,13:58:27,PL005,MIL0397115,x@x.com,9999123456,9999123451,9999123452,1,1
MP00021516,MP00021516,2023-09-07,13:58:27,PL012,MIL0564857,x@x.com,9999123456,9999123451,9999123452,1,1
MP00021517,MP00021517,2023-09-07,13:58:27,PL003,MIL0562994,x@x.com,9999123456,9999123451,9999123452,1,1
MP00021518,MP00021518,2023-09-07,13:58:27,PL007,MIL0368289,x@x.com,9999123456,9999123451,9999123452,1,1
MP00021519,MP00021519,2023-09-07,13:58:27,PL011,MIL0417081,x@x.com,9999123456,9999123451,9999123452,1,1
MP00021520,MP00021520,2023-09-07,13:58:27,PL007,MIL0046822,x@x.com,9999123456,9999123451,9999123452,1,1
MP00021521,MP00021521,2023-09-07,13:58:27,PL009,MIL0438860,x@x.com,9999123456,9999123451,9999123452,1,1
MP00021522,MP00021522,2023-09-07,13:58:27,PL004,MIL0215884,x@x.com,9999123456,9999123451,9999123452,1,1
MP00021523,MP00021523,2023-09-07,13:58:27,PL001,MIL0528931,x@x.com,9999123456,9999123451,9999123452,1,1
MP00021524,MP00021524,2023-09-07,13:58:27,PL008,MIL0493475,x@x.com,9999123456,9999123451,9999123452,1,1
MP00021525,MP00021525,2023-09-07,13:58:27,PL001,MIL0450699,x@x.com,9999123456,9999123451,9999123452,1,1
MP00021526,MP00021526,2023-09-07,13:58:27,PL007,MIL0458510,x@x.com,9999123456,9999123451,9999123452,1,1
MP00021527,MP00021527,2023-09-07,13:58:27,PL011,MIL0021779,x@x.com,9999123456,9999123451,9999123452,1,1
MP00021528,MP00021528,2023-09-07,13:58:27,PL008,MIL0040712,x@x.com,9999123456,9999123451,9999123452,1,1
MP00021529,MP00021529,2023-09-07,13:58:27,PL002,MIL0003183,x@x.com,9999123456,9999123451,9999123452,1,1
MP00021530,MP00021530,2023-09-07,13:58:27,PL009,MIL0574276,x@x.com,9999123456,9999123451,9999123452,1,1
MP00021531,MP00021531,2023-09-07,13:58:27,PL001,MIL0435020,x@x.com,9999123456,9999123451,9999123452,1,1
MP00021532,MP00021532,2023-09-07,13:58:27,PL005,MIL0574873,x@x.com,9999123456,9999123451,9999123452,1,1
MP00021533,MP00021533,2023-09-07,13:58:27,PL008,MIL0121643,x@x.com,9999123456,9999123451,9999123452,1,1
MP00021534,MP00021534,2023-09-07,13:58:27,PL013,MIL0038016,x@x.com,9999123456,9999123451,9999123452,1,1
MP00021535,MP00021535,2023-09-07,13:58:27,PL003,MIL0414507,x@x.com,9999123456,9999123451,9999123452,1,1
MP00021536,MP00021536,2023-09-07,13:58:27,PL008,MIL0153254,x@x.com,9999123456,9999123451,9999123452,1,1
MP00021537,MP00021537,2023-09-07,13:58:27,PL011,MIL0008642,x@x.com,9999123456,9999123451,9999123452,1,1
MP00021538,MP00021538,2023-09-07,13:58:27,PL012,MIL0343455,x@x.com,9999123456,9999123451,9999123452,1,1
MP00021539,MP00021539,2023-09-07,13:58:27,PL010,MIL0384561,x@x.com,9999123456,9999123451,9999123452,1,1
MP00021540,MP00021540,2023-09-07,13:58:27,PL007,MIL0023220,x@x.com,9999123456,9999123451,9999123452,1,1
MP00021541,MP00021541,2023-09-07,13:58:27,PL012,MIL0232215,x@x.com,9999123456,9999123451,9999123452,1,1
MP00021542,MP00021542,2023-09-07,13:58:27,PL004,MIL0331114,x@x.com,9999123456,9999123451,9999123452,1,1
MP00021543,MP00021543,2023-09-07,13:58:27,PL004,MIL0216430,x@x.com,9999123456,9999123451,9999123452,1,1
MP00021544,MP00021544,2023-09-07,13:58:27,PL012,MIL0175361,x@x.com,9999123456,9999123451,9999123452,1,1
MP00021545,MP00021545,2023-09-07,13:58:27,PL008,MIL0526399,x@x.com,9999123456,9999123451,9999123452,1,1
MP00021546,MP00021546,2023-09-07,13:58:27,PL002,MIL0407556,x@x.com,9999123456,9999123451,9999123452,1,1
MP00021547,MP00021547,2023-09-07,13:58:27,PL009,MIL0369084,x@x.com,9999123456,9999123451,9999123452,1,1
MP00021548,MP00021548,2023-09-07,13:58:27,PL013,MIL0100387,x@x.com,9999123456,9999123451,9999123452,1,1
MP00021549,MP00021549,2023-09-07,13:58:27,PL001,MIL0382426,x@x.com,9999123456,9999123451,9999123452,1,1
MP00021550,MP00021550,2023-09-07,13:58:27,PL008,MIL0353699,x@x.com,9999123456,9999123451,9999123452,1,1
MP00021551,MP00021551,2023-09-07,13:58:27,PL003,MIL0579414,x@x.com,9999123456,9999123451,9999123452,1,1
MP00021552,MP00021552,2023-09-07,13:58:27,PL003,MIL0231559,x@x.com,9999123456,9999123451,9999123452,1,1
MP00021553,MP00021553,2023-09-07,13:58:27,PL012,MIL0543367,x@x.com,9999123456,9999123451,9999123452,1,1
MP00021554,MP00021554,2023-09-07,13:58:27,PL001,MIL0389245,x@x.com,9999123456,9999123451,9999123452,1,1
MP00021555,MP00021555,2023-09-07,13:58:27,PL010,MIL0278316,x@x.com,9999123456,9999123451,9999123452,1,1
MP00021556,MP00021556,2023-09-07,13:58:27,PL013,MIL0061556,x@x.com,9999123456,9999123451,9999123452,1,1
MP00021557,MP00021557,2023-09-07,13:58:27,PL013,MIL0182276,x@x.com,9999123456,9999123451,9999123452,1,1
MP00021558,MP00021558,2023-09-07,13:58:27,PL005,MIL0537701,x@x.com,9999123456,9999123451,9999123452,1,1
MP00021559,MP00021559,2023-09-07,13:58:27,PL003,MIL0373068,x@x.com,9999123456,9999123451,9999123452,1,1
MP00021560,MP00021560,2023-09-07,13:58:27,PL005,MIL0479078,x@x.com,9999123456,9999123451,9999123452,1,1
MP00021561,MP00021561,2023-09-07,13:58:27,PL006,MIL0043053,x@x.com,9999123456,9999123451,9999123452,1,1
MP00021562,MP00021562,2023-09-07,13:58:27,PL005,MIL0139547,x@x.com,9999123456,9999123451,9999123452,1,1
MP00021563,MP00021563,2023-09-07,13:58:27,PL012,MIL0005060,x@x.com,9999123456,9999123451,9999123452,1,1
MP00021564,MP00021564,2023-09-07,13:58:27,PL005,MIL0342974,x@x.com,9999123456,9999123451,9999123452,1,1
MP00021565,MP00021565,2023-09-07,13:58:27,PL007,MIL0540013,x@x.com,9999123456,9999123451,9999123452,1,1
MP00021566,MP00021566,2023-09-07,13:58:27,PL004,MIL0415049,x@x.com,9999123456,9999123451,9999123452,1,1
MP00021567,MP00021567,2023-09-07,13:58:27,PL013,MIL0429805,x@x.com,9999123456,9999123451,9999123452,1,1
MP00021568,MP00021568,2023-09-07,13:58:27,PL007,MIL0486251,x@x.com,9999123456,9999123451,9999123452,1,1
MP00021569,MP00021569,2023-09-07,13:58:27,PL013,MIL0442222,x@x.com,9999123456,9999123451,9999123452,1,1
MP00021570,MP00021570,2023-09-07,13:58:27,PL009,MIL0150092,x@x.com,9999123456,9999123451,9999123452,1,1
MP00021571,MP00021571,2023-09-07,13:58:27,PL005,MIL0206512,x@x.com,9999123456,9999123451,9999123452,1,1
MP00021572,MP00021572,2023-09-07,13:58:27,PL013,MIL0120355,x@x.com,9999123456,9999123451,9999123452,1,1
MP00021573,MP00021573,2023-09-07,13:58:27,PL009,MIL0304838,x@x.com,9999123456,9999123451,9999123452,1,1
MP00021574,MP00021574,2023-09-07,13:58:27,PL005,MIL0184385,x@x.com,9999123456,9999123451,9999123452,1,1
MP00021575,MP00021575,2023-09-07,13:58:27,PL009,MIL0409760,x@x.com,9999123456,9999123451,9999123452,1,1
MP00021576,MP00021576,2023-09-07,13:58:27,PL012,MIL0579963,x@x.com,9999123456,9999123451,9999123452,1,1
MP00021577,MP00021577,2023-09-07,13:58:27,PL010,MIL0451332,x@x.com,9999123456,9999123451,9999123452,1,1
MP00021578,MP00021578,2023-09-07,13:58:27,PL012,MIL0286686,x@x.com,9999123456,9999123451,9999123452,1,1
MP00021579,MP00021579,2023-09-07,13:58:27,PL001,MIL0196693,x@x.com,9999123456,9999123451,9999123452,1,1
MP00021580,MP00021580,2023-09-07,13:58:27,PL002,MIL0509259,x@x.com,9999123456,9999123451,9999123452,1,1
MP00021581,MP00021581,2023-09-07,13:58:27,PL007,MIL0494513,x@x.com,9999123456,9999123451,9999123452,1,1
MP00021582,MP00021582,2023-09-07,13:58:27,PL013,MIL0114027,x@x.com,9999123456,9999123451,9999123452,1,1
MP00021583,MP00021583,2023-09-07,13:58:27,PL004,MIL0443274,x@x.com,9999123456,9999123451,9999123452,1,1
MP00021584,MP00021584,2023-09-07,13:58:27,PL003,MIL0047025,x@x.com,9999123456,9999123451,9999123452,1,1
MP00021585,MP00021585,2023-09-07,13:58:27,PL011,MIL0290564,x@x.com,9999123456,9999123451,9999123452,1,1
MP00021586,MP00021586,2023-09-07,13:58:27,PL001,MIL0381959,x@x.com,9999123456,9999123451,9999123452,1,1
MP00021587,MP00021587,2023-09-07,13:58:27,PL001,MIL0424379,x@x.com,9999123456,9999123451,9999123452,1,1
MP00021588,MP00021588,2023-09-07,13:58:27,PL008,MIL0315969,x@x.com,9999123456,9999123451,9999123452,1,1
MP00021589,MP00021589,2023-09-07,13:58:27,PL003,MIL0224498,x@x.com,9999123456,9999123451,9999123452,1,1
MP00021590,MP00021590,2023-09-07,13:58:27,PL008,MIL0217374,x@x.com,9999123456,9999123451,9999123452,1,1
MP00021591,MP00021591,2023-09-07,13:58:27,PL009,MIL0517096,x@x.com,9999123456,9999123451,9999123452,1,1
MP00021592,MP00021592,2023-09-07,13:58:27,PL010,MIL0268166,x@x.com,9999123456,9999123451,9999123452,1,1
MP00021593,MP00021593,2023-09-07,13:58:27,PL001,MIL0098123,x@x.com,9999123456,9999123451,9999123452,1,1
MP00021594,MP00021594,2023-09-07,13:58:27,PL003,MIL0240988,x@x.com,9999123456,9999123451,9999123452,1,1
MP00021595,MP00021595,2023-09-07,13:58:27,PL009,MIL0504028,x@x.com,9999123456,9999123451,9999123452,1,1
MP00021596,MP00021596,2023-09-07,13:58:27,PL004,MIL0148523,x@x.com,9999123456,9999123451,9999123452,1,1
MP00021597,MP00021597,2023-09-07,13:58:27,PL004,MIL0095007,x@x.com,9999123456,9999123451,9999123452,1,1
MP00021598,MP00021598,2023-09-07,13:58:27,PL007,MIL0372475,x@x.com,9999123456,9999123451,9999123452,1,1
MP00021599,MP00021599,2023-09-07,13:58:27,PL010,MIL0026331,x@x.com,9999123456,9999123451,9999123452,1,1
MP00021600,MP00021600,2023-09-07,13:58:27,PL013,MIL0101816,x@x.com,9999123456,9999123451,9999123452,1,1
MP00021601,MP00021601,2023-09-07,13:58:27,PL007,MIL0321768,x@x.com,9999123456,9999123451,9999123452,1,1
MP00021602,MP00021602,2023-09-07,13:58:27,PL010,MIL0456542,x@x.com,9999123456,9999123451,9999123452,1,1
MP00021603,MP00021603,2023-09-07,13:58:27,PL007,MIL0358167,x@x.com,9999123456,9999123451,9999123452,1,1
MP00021604,MP00021604,2023-09-07,13:58:27,PL003,MIL0285208,x@x.com,9999123456,9999123451,9999123452,1,1
MP00021605,MP00021605,2023-09-07,13:58:27,PL011,MIL0442348,x@x.com,9999123456,9999123451,9999123452,1,1
MP00021606,MP00021606,2023-09-07,13:58:27,PL003,MIL0292840,x@x.com,9999123456,9999123451,9999123452,1,1
MP00021607,MP00021607,2023-09-07,13:58:27,PL002,MIL0427366,x@x.com,9999123456,9999123451,9999123452,1,1
MP00021608,MP00021608,2023-09-07,13:58:27,PL011,MIL0109501,x@x.com,9999123456,9999123451,9999123452,1,1
MP00021609,MP00021609,2023-09-07,13:58:27,PL008,MIL0383101,x@x.com,9999123456,9999123451,9999123452,1,1
MP00021610,MP00021610,2023-09-07,13:58:27,PL012,MIL0051064,x@x.com,9999123456,9999123451,9999123452,1,1
MP00021611,MP00021611,2023-09-07,13:58:27,PL013,MIL0035303,x@x.com,9999123456,9999123451,9999123452,1,1
MP00021612,MP00021612,2023-09-07,13:58:27,PL004,MIL0217703,x@x.com,9999123456,9999123451,9999123452,1,1
MP00021613,MP00021613,2023-09-07,13:58:27,PL011,MIL0073131,x@x.com,9999123456,9999123451,9999123452,1,1
MP00021614,MP00021614,2023-09-07,13:58:27,PL009,MIL0294884,x@x.com,9999123456,9999123451,9999123452,1,1
MP00021615,MP00021615,2023-09-07,13:58:27,PL008,MIL0363094,x@x.com,9999123456,9999123451,9999123452,1,1
MP00021616,MP00021616,2023-09-07,13:58:27,PL006,MIL0558817,x@x.com,9999123456,9999123451,9999123452,1,1
MP00021617,MP00021617,2023-09-07,13:58:27,PL012,MIL0236179,x@x.com,9999123456,9999123451,9999123452,1,1
MP00021618,MP00021618,2023-09-07,13:58:27,PL006,MIL0319265,x@x.com,9999123456,9999123451,9999123452,1,1
MP00021619,MP00021619,2023-09-07,13:58:27,PL009,MIL0169572,x@x.com,9999123456,9999123451,9999123452,1,1
MP00021620,MP00021620,2023-09-07,13:58:27,PL007,MIL0252000,x@x.com,9999123456,9999123451,9999123452,1,1
MP00021621,MP00021621,2023-09-07,13:58:27,PL009,MIL0439198,x@x.com,9999123456,9999123451,9999123452,1,1
MP00021622,MP00021622,2023-09-07,13:58:27,PL002,MIL0177637,x@x.com,9999123456,9999123451,9999123452,1,1
MP00021623,MP00021623,2023-09-07,13:58:27,PL011,MIL0429330,x@x.com,9999123456,9999123451,9999123452,1,1
MP00021624,MP00021624,2023-09-07,13:58:27,PL009,MIL0136704,x@x.com,9999123456,9999123451,9999123452,1,1
MP00021625,MP00021625,2023-09-07,13:58:27,PL006,MIL0265512,x@x.com,9999123456,9999123451,9999123452,1,1
MP00021626,MP00021626,2023-09-07,13:58:27,PL010,MIL0275209,x@x.com,9999123456,9999123451,9999123452,1,1
MP00021627,MP00021627,2023-09-07,13:58:27,PL007,MIL0342045,x@x.com,9999123456,9999123451,9999123452,1,1
MP00021628,MP00021628,2023-09-07,13:58:27,PL001,MIL0318790,x@x.com,9999123456,9999123451,9999123452,1,1
MP00021629,MP00021629,2023-09-07,13:58:27,PL011,MIL0041192,x@x.com,9999123456,9999123451,9999123452,1,1
MP00021630,MP00021630,2023-09-07,13:58:27,PL006,MIL0456471,x@x.com,9999123456,9999123451,9999123452,1,1
MP00021631,MP00021631,2023-09-07,13:58:27,PL004,MIL0086017,x@x.com,9999123456,9999123451,9999123452,1,1
MP00021632,MP00021632,2023-09-07,13:58:27,PL013,MIL0177217,x@x.com,9999123456,9999123451,9999123452,1,1
MP00021633,MP00021633,2023-09-07,13:58:27,PL001,MIL0070510,x@x.com,9999123456,9999123451,9999123452,1,1
MP00021634,MP00021634,2023-09-07,13:58:27,PL004,MIL0027879,x@x.com,9999123456,9999123451,9999123452,1,1
MP00021635,MP00021635,2023-09-07,13:58:27,PL001,MIL0254121,x@x.com,9999123456,9999123451,9999123452,1,1
MP00021636,MP00021636,2023-09-07,13:58:27,PL005,MIL0580926,x@x.com,9999123456,9999123451,9999123452,1,1
MP00021637,MP00021637,2023-09-07,13:58:27,PL001,MIL0001170,x@x.com,9999123456,9999123451,9999123452,1,1
MP00021638,MP00021638,2023-09-07,13:58:27,PL013,MIL0116896,x@x.com,9999123456,9999123451,9999123452,1,1
MP00021639,MP00021639,2023-09-07,13:58:27,PL012,MIL0279022,x@x.com,9999123456,9999123451,9999123452,1,1
MP00021640,MP00021640,2023-09-07,13:58:27,PL001,MIL0183896,x@x.com,9999123456,9999123451,9999123452,1,1
MP00021641,MP00021641,2023-09-07,13:58:27,PL004,MIL0451288,x@x.com,9999123456,9999123451,9999123452,1,1
MP00021642,MP00021642,2023-09-07,13:58:27,PL003,MIL0225622,x@x.com,9999123456,9999123451,9999123452,1,1
MP00021643,MP00021643,2023-09-07,13:58:27,PL006,MIL0096245,x@x.com,9999123456,9999123451,9999123452,1,1
MP00021644,MP00021644,2023-09-07,13:58:27,PL002,MIL0025059,x@x.com,9999123456,9999123451,9999123452,1,1
MP00021645,MP00021645,2023-09-07,13:58:27,PL001,MIL0553022,x@x.com,9999123456,9999123451,9999123452,1,1
MP00021646,MP00021646,2023-09-07,13:58:27,PL011,MIL0577201,x@x.com,9999123456,9999123451,9999123452,1,1
MP00021647,MP00021647,2023-09-07,13:58:27,PL007,MIL0261851,x@x.com,9999123456,9999123451,9999123452,1,1
MP00021648,MP00021648,2023-09-07,13:58:27,PL006,MIL0391874,x@x.com,9999123456,9999123451,9999123452,1,1
MP00021649,MP00021649,2023-09-07,13:58:27,PL002,MIL0024619,x@x.com,9999123456,9999123451,9999123452,1,1
MP00021650,MP00021650,2023-09-07,13:58:27,PL003,MIL0517529,x@x.com,9999123456,9999123451,9999123452,1,1
MP00021651,MP00021651,2023-09-07,13:58:27,PL005,MIL0568058,x@x.com,9999123456,9999123451,9999123452,1,1
MP00021652,MP00021652,2023-09-07,13:58:27,PL010,MIL0383490,x@x.com,9999123456,9999123451,9999123452,1,1
MP00021653,MP00021653,2023-09-07,13:58:27,PL001,MIL0526066,x@x.com,9999123456,9999123451,9999123452,1,1
MP00021654,MP00021654,2023-09-07,13:58:27,PL009,MIL0229299,x@x.com,9999123456,9999123451,9999123452,1,1
MP00021655,MP00021655,2023-09-07,13:58:27,PL006,MIL0202130,x@x.com,9999123456,9999123451,9999123452,1,1
MP00021656,MP00021656,2023-09-07,13:58:27,PL009,MIL0176587,x@x.com,9999123456,9999123451,9999123452,1,1
MP00021657,MP00021657,2023-09-07,13:58:27,PL004,MIL0331568,x@x.com,9999123456,9999123451,9999123452,1,1
MP00021658,MP00021658,2023-09-07,13:58:27,PL006,MIL0045362,x@x.com,9999123456,9999123451,9999123452,1,1
MP00021659,MP00021659,2023-09-07,13:58:27,PL008,MIL0281021,x@x.com,9999123456,9999123451,9999123452,1,1
MP00021660,MP00021660,2023-09-07,13:58:27,PL008,MIL0017007,x@x.com,9999123456,9999123451,9999123452,1,1
MP00021661,MP00021661,2023-09-07,13:58:27,PL011,MIL0551237,x@x.com,9999123456,9999123451,9999123452,1,1
MP00021662,MP00021662,2023-09-07,13:58:27,PL006,MIL0417859,x@x.com,9999123456,9999123451,9999123452,1,1
MP00021663,MP00021663,2023-09-07,13:58:27,PL011,MIL0201072,x@x.com,9999123456,9999123451,9999123452,1,1
MP00021664,MP00021664,2023-09-07,13:58:27,PL001,MIL0030381,x@x.com,9999123456,9999123451,9999123452,1,1
MP00021665,MP00021665,2023-09-07,13:58:27,PL009,MIL0063766,x@x.com,9999123456,9999123451,9999123452,1,1
MP00021666,MP00021666,2023-09-07,13:58:27,PL008,MIL0411994,x@x.com,9999123456,9999123451,9999123452,1,1
MP00021667,MP00021667,2023-09-07,13:58:27,PL013,MIL0321151,x@x.com,9999123456,9999123451,9999123452,1,1
MP00021668,MP00021668,2023-09-07,13:58:27,PL005,MIL0500048,x@x.com,9999123456,9999123451,9999123452,1,1
MP00021669,MP00021669,2023-09-07,13:58:27,PL013,MIL0117503,x@x.com,9999123456,9999123451,9999123452,1,1
MP00021670,MP00021670,2023-09-07,13:58:27,PL010,MIL0066636,x@x.com,9999123456,9999123451,9999123452,1,1
MP00021671,MP00021671,2023-09-07,13:58:27,PL010,MIL0563280,x@x.com,9999123456,9999123451,9999123452,1,1
MP00021672,MP00021672,2023-09-07,13:58:27,PL010,MIL0455157,x@x.com,9999123456,9999123451,9999123452,1,1
MP00021673,MP00021673,2023-09-07,13:58:27,PL013,MIL0144887,x@x.com,9999123456,9999123451,9999123452,1,1
MP00021674,MP00021674,2023-09-07,13:58:27,PL011,MIL0261411,x@x.com,9999123456,9999123451,9999123452,1,1
MP00021675,MP00021675,2023-09-07,13:58:27,PL013,MIL0105062,x@x.com,9999123456,9999123451,9999123452,1,1
MP00021676,MP00021676,2023-09-07,13:58:27,PL010,MIL0234236,x@x.com,9999123456,9999123451,9999123452,1,1
MP00021677,MP00021677,2023-09-07,13:58:27,PL007,MIL0409355,x@x.com,9999123456,9999123451,9999123452,1,1
MP00021678,MP00021678,2023-09-07,13:58:27,PL005,MIL0393052,x@x.com,9999123456,9999123451,9999123452,1,1
MP00021679,MP00021679,2023-09-07,13:58:27,PL002,MIL0415208,x@x.com,9999123456,9999123451,9999123452,1,1
MP00021680,MP00021680,2023-09-07,13:58:27,PL011,MIL0074237,x@x.com,9999123456,9999123451,9999123452,1,1
MP00021681,MP00021681,2023-09-07,13:58:27,PL012,MIL0059547,x@x.com,9999123456,9999123451,9999123452,1,1
MP00021682,MP00021682,2023-09-07,13:58:27,PL006,MIL0358365,x@x.com,9999123456,9999123451,9999123452,1,1
MP00021683,MP00021683,2023-09-07,13:58:27,PL002,MIL0550120,x@x.com,9999123456,9999123451,9999123452,1,1
MP00021684,MP00021684,2023-09-07,13:58:27,PL006,MIL0371590,x@x.com,9999123456,9999123451,9999123452,1,1
MP00021685,MP00021685,2023-09-07,13:58:27,PL005,MIL0550530,x@x.com,9999123456,9999123451,9999123452,1,1
MP00021686,MP00021686,2023-09-07,13:58:27,PL007,MIL0498228,x@x.com,9999123456,9999123451,9999123452,1,1
MP00021687,MP00021687,2023-09-07,13:58:27,PL013,MIL0082896,x@x.com,9999123456,9999123451,9999123452,1,1
MP00021688,MP00021688,2023-09-07,13:58:27,PL008,MIL0370559,x@x.com,9999123456,9999123451,9999123452,1,1
MP00021689,MP00021689,2023-09-07,13:58:27,PL004,MIL0500350,x@x.com,9999123456,9999123451,9999123452,1,1
MP00021690,MP00021690,2023-09-07,13:58:27,PL008,MIL0061567,x@x.com,9999123456,9999123451,9999123452,1,1
MP00021691,MP00021691,2023-09-07,13:58:27,PL004,MIL0428014,x@x.com,9999123456,9999123451,9999123452,1,1
MP00021692,MP00021692,2023-09-07,13:58:27,PL010,MIL0190919,x@x.com,9999123456,9999123451,9999123452,1,1
MP00021693,MP00021693,2023-09-07,13:58:27,PL010,MIL0177225,x@x.com,9999123456,9999123451,9999123452,1,1
MP00021694,MP00021694,2023-09-07,13:58:27,PL004,MIL0471773,x@x.com,9999123456,9999123451,9999123452,1,1
MP00021695,MP00021695,2023-09-07,13:58:27,PL011,MIL0575400,x@x.com,9999123456,9999123451,9999123452,1,1
MP00021696,MP00021696,2023-09-07,13:58:27,PL006,MIL0320356,x@x.com,9999123456,9999123451,9999123452,1,1
MP00021697,MP00021697,2023-09-07,13:58:27,PL003,MIL0064490,x@x.com,9999123456,9999123451,9999123452,1,1
MP00021698,MP00021698,2023-09-07,13:58:27,PL011,MIL0429715,x@x.com,9999123456,9999123451,9999123452,1,1
MP00021699,MP00021699,2023-09-07,13:58:27,PL006,MIL0480568,x@x.com,9999123456,9999123451,9999123452,1,1
MP00021700,MP00021700,2023-09-07,13:58:27,PL012,MIL0227908,x@x.com,9999123456,9999123451,9999123452,1,1
MP00021701,MP00021701,2023-09-07,13:58:27,PL013,MIL0159713,x@x.com,9999123456,9999123451,9999123452,1,1
MP00021702,MP00021702,2023-09-07,13:58:27,PL005,MIL0367057,x@x.com,9999123456,9999123451,9999123452,1,1
MP00021703,MP00021703,2023-09-07,13:58:27,PL007,MIL0132035,x@x.com,9999123456,9999123451,9999123452,1,1
MP00021704,MP00021704,2023-09-07,13:58:27,PL008,MIL0363499,x@x.com,9999123456,9999123451,9999123452,1,1
MP00021705,MP00021705,2023-09-07,13:58:27,PL004,MIL0561065,x@x.com,9999123456,9999123451,9999123452,1,1
MP00021706,MP00021706,2023-09-07,13:58:27,PL006,MIL0304963,x@x.com,9999123456,9999123451,9999123452,1,1
MP00021707,MP00021707,2023-09-07,13:58:27,PL008,MIL0500275,x@x.com,9999123456,9999123451,9999123452,1,1
MP00021708,MP00021708,2023-09-07,13:58:27,PL007,MIL0307244,x@x.com,9999123456,9999123451,9999123452,1,1
MP00021709,MP00021709,2023-09-07,13:58:27,PL003,MIL0418698,x@x.com,9999123456,9999123451,9999123452,1,1
MP00021710,MP00021710,2023-09-07,13:58:27,PL009,MIL0074467,x@x.com,9999123456,9999123451,9999123452,1,1
MP00021711,MP00021711,2023-09-07,13:58:27,PL002,MIL0342841,x@x.com,9999123456,9999123451,9999123452,1,1
MP00021712,MP00021712,2023-09-07,13:58:27,PL005,MIL0034533,x@x.com,9999123456,9999123451,9999123452,1,1
MP00021713,MP00021713,2023-09-07,13:58:27,PL010,MIL0205341,x@x.com,9999123456,9999123451,9999123452,1,1
MP00021714,MP00021714,2023-09-07,13:58:27,PL006,MIL0371881,x@x.com,9999123456,9999123451,9999123452,1,1
MP00021715,MP00021715,2023-09-07,13:58:27,PL008,MIL0277468,x@x.com,9999123456,9999123451,9999123452,1,1
MP00021716,MP00021716,2023-09-07,13:58:27,PL009,MIL0341746,x@x.com,9999123456,9999123451,9999123452,1,1
MP00021717,MP00021717,2023-09-07,13:58:27,PL010,MIL0007549,x@x.com,9999123456,9999123451,9999123452,1,1
MP00021718,MP00021718,2023-09-07,13:58:27,PL008,MIL0206719,x@x.com,9999123456,9999123451,9999123452,1,1
MP00021719,MP00021719,2023-09-07,13:58:27,PL005,MIL0172356,x@x.com,9999123456,9999123451,9999123452,1,1
MP00021720,MP00021720,2023-09-07,13:58:27,PL008,MIL0046243,x@x.com,9999123456,9999123451,9999123452,1,1
MP00021721,MP00021721,2023-09-07,13:58:27,PL009,MIL0416176,x@x.com,9999123456,9999123451,9999123452,1,1
MP00021722,MP00021722,2023-09-07,13:58:27,PL010,MIL0534949,x@x.com,9999123456,9999123451,9999123452,1,1
MP00021723,MP00021723,2023-09-07,13:58:27,PL007,MIL0429555,x@x.com,9999123456,9999123451,9999123452,1,1
MP00021724,MP00021724,2023-09-07,13:58:27,PL003,MIL0551012,x@x.com,9999123456,9999123451,9999123452,1,1
MP00021725,MP00021725,2023-09-07,13:58:27,PL011,MIL0198128,x@x.com,9999123456,9999123451,9999123452,1,1
MP00021726,MP00021726,2023-09-07,13:58:27,PL011,MIL0433852,x@x.com,9999123456,9999123451,9999123452,1,1
MP00021727,MP00021727,2023-09-07,13:58:27,PL007,MIL0428090,x@x.com,9999123456,9999123451,9999123452,1,1
MP00021728,MP00021728,2023-09-07,13:58:27,PL005,MIL0351091,x@x.com,9999123456,9999123451,9999123452,1,1
MP00021729,MP00021729,2023-09-07,13:58:27,PL008,MIL0405813,x@x.com,9999123456,9999123451,9999123452,1,1
MP00021730,MP00021730,2023-09-07,13:58:27,PL005,MIL0408304,x@x.com,9999123456,9999123451,9999123452,1,1
MP00021731,MP00021731,2023-09-07,13:58:27,PL001,MIL0551867,x@x.com,9999123456,9999123451,9999123452,1,1
MP00021732,MP00021732,2023-09-07,13:58:27,PL001,MIL0095774,x@x.com,9999123456,9999123451,9999123452,1,1
MP00021733,MP00021733,2023-09-07,13:58:27,PL010,MIL0091841,x@x.com,9999123456,9999123451,9999123452,1,1
MP00021734,MP00021734,2023-09-07,13:58:27,PL001,MIL0320635,x@x.com,9999123456,9999123451,9999123452,1,1
MP00021735,MP00021735,2023-09-07,13:58:27,PL005,MIL0213389,x@x.com,9999123456,9999123451,9999123452,1,1
MP00021736,MP00021736,2023-09-07,13:58:27,PL009,MIL0187939,x@x.com,9999123456,9999123451,9999123452,1,1
MP00021737,MP00021737,2023-09-07,13:58:27,PL002,MIL0301398,x@x.com,9999123456,9999123451,9999123452,1,1
MP00021738,MP00021738,2023-09-07,13:58:27,PL011,MIL0146956,x@x.com,9999123456,9999123451,9999123452,1,1
MP00021739,MP00021739,2023-09-07,13:58:27,PL013,MIL0340330,x@x.com,9999123456,9999123451,9999123452,1,1
MP00021740,MP00021740,2023-09-07,13:58:27,PL008,MIL0558521,x@x.com,9999123456,9999123451,9999123452,1,1
MP00021741,MP00021741,2023-09-07,13:58:27,PL013,MIL0376929,x@x.com,9999123456,9999123451,9999123452,1,1
MP00021742,MP00021742,2023-09-07,13:58:27,PL012,MIL0126853,x@x.com,9999123456,9999123451,9999123452,1,1
MP00021743,MP00021743,2023-09-07,13:58:27,PL002,MIL0218053,x@x.com,9999123456,9999123451,9999123452,1,1
MP00021744,MP00021744,2023-09-07,13:58:27,PL010,MIL0133505,x@x.com,9999123456,9999123451,9999123452,1,1
MP00021745,MP00021745,2023-09-07,13:58:27,PL001,MIL0013002,x@x.com,9999123456,9999123451,9999123452,1,1
MP00021746,MP00021746,2023-09-07,13:58:27,PL004,MIL0078390,x@x.com,9999123456,9999123451,9999123452,1,1
MP00021747,MP00021747,2023-09-07,13:58:27,PL007,MIL0101785,x@x.com,9999123456,9999123451,9999123452,1,1
MP00021748,MP00021748,2023-09-07,13:58:27,PL006,MIL0570379,x@x.com,9999123456,9999123451,9999123452,1,1
MP00021749,MP00021749,2023-09-07,13:58:27,PL001,MIL0256383,x@x.com,9999123456,9999123451,9999123452,1,1
MP00021750,MP00021750,2023-09-07,13:58:27,PL006,MIL0211364,x@x.com,9999123456,9999123451,9999123452,1,1
MP00021751,MP00021751,2023-09-07,13:58:27,PL001,MIL0037806,x@x.com,9999123456,9999123451,9999123452,1,1
MP00021752,MP00021752,2023-09-07,13:58:27,PL013,MIL0095772,x@x.com,9999123456,9999123451,9999123452,1,1
MP00021753,MP00021753,2023-09-07,13:58:27,PL001,MIL0127580,x@x.com,9999123456,9999123451,9999123452,1,1
MP00021754,MP00021754,2023-09-07,13:58:27,PL003,MIL0081013,x@x.com,9999123456,9999123451,9999123452,1,1
MP00021755,MP00021755,2023-09-07,13:58:27,PL001,MIL0082610,x@x.com,9999123456,9999123451,9999123452,1,1
MP00021756,MP00021756,2023-09-07,13:58:27,PL006,MIL0390558,x@x.com,9999123456,9999123451,9999123452,1,1
MP00021757,MP00021757,2023-09-07,13:58:27,PL013,MIL0276825,x@x.com,9999123456,9999123451,9999123452,1,1
MP00021758,MP00021758,2023-09-07,13:58:27,PL011,MIL0067371,x@x.com,9999123456,9999123451,9999123452,1,1
MP00021759,MP00021759,2023-09-07,13:58:27,PL006,MIL0208549,x@x.com,9999123456,9999123451,9999123452,1,1
MP00021760,MP00021760,2023-09-07,13:58:27,PL010,MIL0024118,x@x.com,9999123456,9999123451,9999123452,1,1
MP00021761,MP00021761,2023-09-07,13:58:27,PL013,MIL0166293,x@x.com,9999123456,9999123451,9999123452,1,1
MP00021762,MP00021762,2023-09-07,13:58:27,PL011,MIL0435537,x@x.com,9999123456,9999123451,9999123452,1,1
MP00021763,MP00021763,2023-09-07,13:58:27,PL009,MIL0349369,x@x.com,9999123456,9999123451,9999123452,1,1
MP00021764,MP00021764,2023-09-07,13:58:27,PL013,MIL0288378,x@x.com,9999123456,9999123451,9999123452,1,1
MP00021765,MP00021765,2023-09-07,13:58:27,PL013,MIL0237205,x@x.com,9999123456,9999123451,9999123452,1,1
MP00021766,MP00021766,2023-09-07,13:58:27,PL004,MIL0524453,x@x.com,9999123456,9999123451,9999123452,1,1
MP00021767,MP00021767,2023-09-07,13:58:27,PL011,MIL0579988,x@x.com,9999123456,9999123451,9999123452,1,1
MP00021768,MP00021768,2023-09-07,13:58:27,PL011,MIL0232431,x@x.com,9999123456,9999123451,9999123452,1,1
MP00021769,MP00021769,2023-09-07,13:58:27,PL004,MIL0342800,x@x.com,9999123456,9999123451,9999123452,1,1
MP00021770,MP00021770,2023-09-07,13:58:27,PL009,MIL0384227,x@x.com,9999123456,9999123451,9999123452,1,1
MP00021771,MP00021771,2023-09-07,13:58:27,PL009,MIL0134944,x@x.com,9999123456,9999123451,9999123452,1,1
MP00021772,MP00021772,2023-09-07,13:58:27,PL007,MIL0079179,x@x.com,9999123456,9999123451,9999123452,1,1
MP00021773,MP00021773,2023-09-07,13:58:27,PL007,MIL0519478,x@x.com,9999123456,9999123451,9999123452,1,1
MP00021774,MP00021774,2023-09-07,13:58:27,PL004,MIL0327069,x@x.com,9999123456,9999123451,9999123452,1,1
MP00021775,MP00021775,2023-09-07,13:58:27,PL006,MIL0535713,x@x.com,9999123456,9999123451,9999123452,1,1
MP00021776,MP00021776,2023-09-07,13:58:27,PL010,MIL0240717,x@x.com,9999123456,9999123451,9999123452,1,1
MP00021777,MP00021777,2023-09-07,13:58:27,PL010,MIL0342501,x@x.com,9999123456,9999123451,9999123452,1,1
MP00021778,MP00021778,2023-09-07,13:58:27,PL012,MIL0221101,x@x.com,9999123456,9999123451,9999123452,1,1
MP00021779,MP00021779,2023-09-07,13:58:27,PL004,MIL0130996,x@x.com,9999123456,9999123451,9999123452,1,1
MP00021780,MP00021780,2023-09-07,13:58:27,PL002,MIL0449152,x@x.com,9999123456,9999123451,9999123452,1,1
MP00021781,MP00021781,2023-09-07,13:58:27,PL006,MIL0514445,x@x.com,9999123456,9999123451,9999123452,1,1
MP00021782,MP00021782,2023-09-07,13:58:27,PL009,MIL0487982,x@x.com,9999123456,9999123451,9999123452,1,1
MP00021783,MP00021783,2023-09-07,13:58:27,PL010,MIL0257902,x@x.com,9999123456,9999123451,9999123452,1,1
MP00021784,MP00021784,2023-09-07,13:58:27,PL009,MIL0499654,x@x.com,9999123456,9999123451,9999123452,1,1
MP00021785,MP00021785,2023-09-07,13:58:27,PL013,MIL0029201,x@x.com,9999123456,9999123451,9999123452,1,1
MP00021786,MP00021786,2023-09-07,13:58:27,PL005,MIL0327459,x@x.com,9999123456,9999123451,9999123452,1,1
MP00021787,MP00021787,2023-09-07,13:58:27,PL005,MIL0368295,x@x.com,9999123456,9999123451,9999123452,1,1
MP00021788,MP00021788,2023-09-07,13:58:27,PL010,MIL0000025,x@x.com,9999123456,9999123451,9999123452,1,1
MP00021789,MP00021789,2023-09-07,13:58:27,PL005,MIL0212238,x@x.com,9999123456,9999123451,9999123452,1,1
MP00021790,MP00021790,2023-09-07,13:58:27,PL006,MIL0459246,x@x.com,9999123456,9999123451,9999123452,1,1
MP00021791,MP00021791,2023-09-07,13:58:27,PL006,MIL0175894,x@x.com,9999123456,9999123451,9999123452,1,1
MP00021792,MP00021792,2023-09-07,13:58:27,PL002,MIL0254109,x@x.com,9999123456,9999123451,9999123452,1,1
MP00021793,MP00021793,2023-09-07,13:58:27,PL010,MIL0152960,x@x.com,9999123456,9999123451,9999123452,1,1
MP00021794,MP00021794,2023-09-07,13:58:27,PL011,MIL0356348,x@x.com,9999123456,9999123451,9999123452,1,1
MP00021795,MP00021795,2023-09-07,13:58:27,PL006,MIL0291100,x@x.com,9999123456,9999123451,9999123452,1,1
MP00021796,MP00021796,2023-09-07,13:58:27,PL006,MIL0183824,x@x.com,9999123456,9999123451,9999123452,1,1
MP00021797,MP00021797,2023-09-07,13:58:27,PL003,MIL0266537,x@x.com,9999123456,9999123451,9999123452,1,1
MP00021798,MP00021798,2023-09-07,13:58:27,PL007,MIL0492759,x@x.com,9999123456,9999123451,9999123452,1,1
MP00021799,MP00021799,2023-09-07,13:58:27,PL012,MIL0540137,x@x.com,9999123456,9999123451,9999123452,1,1
MP00021800,MP00021800,2023-09-07,13:58:27,PL007,MIL0223885,x@x.com,9999123456,9999123451,9999123452,1,1
MP00021801,MP00021801,2023-09-07,13:58:27,PL012,MIL0091070,x@x.com,9999123456,9999123451,9999123452,1,1
MP00021802,MP00021802,2023-09-07,13:58:27,PL005,MIL0065738,x@x.com,9999123456,9999123451,9999123452,1,1
MP00021803,MP00021803,2023-09-07,13:58:27,PL006,MIL0478229,x@x.com,9999123456,9999123451,9999123452,1,1
MP00021804,MP00021804,2023-09-07,13:58:27,PL011,MIL0417216,x@x.com,9999123456,9999123451,9999123452,1,1
MP00021805,MP00021805,2023-09-07,13:58:27,PL004,MIL0524156,x@x.com,9999123456,9999123451,9999123452,1,1
MP00021806,MP00021806,2023-09-07,13:58:27,PL011,MIL0261246,x@x.com,9999123456,9999123451,9999123452,1,1
MP00021807,MP00021807,2023-09-07,13:58:27,PL012,MIL0506324,x@x.com,9999123456,9999123451,9999123452,1,1
MP00021808,MP00021808,2023-09-07,13:58:27,PL011,MIL0046607,x@x.com,9999123456,9999123451,9999123452,1,1
MP00021809,MP00021809,2023-09-07,13:58:27,PL004,MIL0106567,x@x.com,9999123456,9999123451,9999123452,1,1
MP00021810,MP00021810,2023-09-07,13:58:27,PL002,MIL0556078,x@x.com,9999123456,9999123451,9999123452,1,1
MP00021811,MP00021811,2023-09-07,13:58:27,PL001,MIL0219170,x@x.com,9999123456,9999123451,9999123452,1,1
MP00021812,MP00021812,2023-09-07,13:58:27,PL011,MIL0231207,x@x.com,9999123456,9999123451,9999123452,1,1
MP00021813,MP00021813,2023-09-07,13:58:27,PL004,MIL0242976,x@x.com,9999123456,9999123451,9999123452,1,1
MP00021814,MP00021814,2023-09-07,13:58:27,PL006,MIL0300176,x@x.com,9999123456,9999123451,9999123452,1,1
MP00021815,MP00021815,2023-09-07,13:58:27,PL006,MIL0131514,x@x.com,9999123456,9999123451,9999123452,1,1
MP00021816,MP00021816,2023-09-07,13:58:27,PL006,MIL0554460,x@x.com,9999123456,9999123451,9999123452,1,1
MP00021817,MP00021817,2023-09-07,13:58:27,PL012,MIL0164354,x@x.com,9999123456,9999123451,9999123452,1,1
MP00021818,MP00021818,2023-09-07,13:58:27,PL012,MIL0528144,x@x.com,9999123456,9999123451,9999123452,1,1
MP00021819,MP00021819,2023-09-07,13:58:27,PL003,MIL0414653,x@x.com,9999123456,9999123451,9999123452,1,1
MP00021820,MP00021820,2023-09-07,13:58:27,PL006,MIL0277464,x@x.com,9999123456,9999123451,9999123452,1,1
MP00021821,MP00021821,2023-09-07,13:58:27,PL007,MIL0105117,x@x.com,9999123456,9999123451,9999123452,1,1
MP00021822,MP00021822,2023-09-07,13:58:27,PL011,MIL0230618,x@x.com,9999123456,9999123451,9999123452,1,1
MP00021823,MP00021823,2023-09-07,13:58:27,PL008,MIL0497954,x@x.com,9999123456,9999123451,9999123452,1,1
MP00021824,MP00021824,2023-09-07,13:58:27,PL011,MIL0543509,x@x.com,9999123456,9999123451,9999123452,1,1
MP00021825,MP00021825,2023-09-07,13:58:27,PL007,MIL0121458,x@x.com,9999123456,9999123451,9999123452,1,1
MP00021826,MP00021826,2023-09-07,13:58:27,PL007,MIL0014416,x@x.com,9999123456,9999123451,9999123452,1,1
MP00021827,MP00021827,2023-09-07,13:58:27,PL001,MIL0490258,x@x.com,9999123456,9999123451,9999123452,1,1
MP00021828,MP00021828,2023-09-07,13:58:27,PL009,MIL0144636,x@x.com,9999123456,9999123451,9999123452,1,1
MP00021829,MP00021829,2023-09-07,13:58:27,PL003,MIL0015777,x@x.com,9999123456,9999123451,9999123452,1,1
MP00021830,MP00021830,2023-09-07,13:58:27,PL005,MIL0535058,x@x.com,9999123456,9999123451,9999123452,1,1
MP00021831,MP00021831,2023-09-07,13:58:27,PL009,MIL0110274,x@x.com,9999123456,9999123451,9999123452,1,1
MP00021832,MP00021832,2023-09-07,13:58:27,PL004,MIL0253357,x@x.com,9999123456,9999123451,9999123452,1,1
MP00021833,MP00021833,2023-09-07,13:58:27,PL013,MIL0204791,x@x.com,9999123456,9999123451,9999123452,1,1
MP00021834,MP00021834,2023-09-07,13:58:27,PL011,MIL0198050,x@x.com,9999123456,9999123451,9999123452,1,1
MP00021835,MP00021835,2023-09-07,13:58:27,PL003,MIL0460507,x@x.com,9999123456,9999123451,9999123452,1,1
MP00021836,MP00021836,2023-09-07,13:58:27,PL008,MIL0429326,x@x.com,9999123456,9999123451,9999123452,1,1
MP00021837,MP00021837,2023-09-07,13:58:27,PL001,MIL0289681,x@x.com,9999123456,9999123451,9999123452,1,1
MP00021838,MP00021838,2023-09-07,13:58:27,PL010,MIL0022755,x@x.com,9999123456,9999123451,9999123452,1,1
MP00021839,MP00021839,2023-09-07,13:58:27,PL003,MIL0333355,x@x.com,9999123456,9999123451,9999123452,1,1
MP00021840,MP00021840,2023-09-07,13:58:27,PL006,MIL0302100,x@x.com,9999123456,9999123451,9999123452,1,1
MP00021841,MP00021841,2023-09-07,13:58:27,PL013,MIL0544919,x@x.com,9999123456,9999123451,9999123452,1,1
MP00021842,MP00021842,2023-09-07,13:58:27,PL009,MIL0186263,x@x.com,9999123456,9999123451,9999123452,1,1
MP00021843,MP00021843,2023-09-07,13:58:27,PL006,MIL0462523,x@x.com,9999123456,9999123451,9999123452,1,1
MP00021844,MP00021844,2023-09-07,13:58:27,PL003,MIL0059139,x@x.com,9999123456,9999123451,9999123452,1,1
MP00021845,MP00021845,2023-09-07,13:58:27,PL011,MIL0131778,x@x.com,9999123456,9999123451,9999123452,1,1
MP00021846,MP00021846,2023-09-07,13:58:27,PL003,MIL0340696,x@x.com,9999123456,9999123451,9999123452,1,1
MP00021847,MP00021847,2023-09-07,13:58:27,PL012,MIL0412006,x@x.com,9999123456,9999123451,9999123452,1,1
MP00021848,MP00021848,2023-09-07,13:58:27,PL008,MIL0156900,x@x.com,9999123456,9999123451,9999123452,1,1
MP00021849,MP00021849,2023-09-07,13:58:27,PL010,MIL0233718,x@x.com,9999123456,9999123451,9999123452,1,1
MP00021850,MP00021850,2023-09-07,13:58:27,PL001,MIL0515184,x@x.com,9999123456,9999123451,9999123452,1,1
MP00021851,MP00021851,2023-09-07,13:58:27,PL001,MIL0235008,x@x.com,9999123456,9999123451,9999123452,1,1
MP00021852,MP00021852,2023-09-07,13:58:27,PL008,MIL0098830,x@x.com,9999123456,9999123451,9999123452,1,1
MP00021853,MP00021853,2023-09-07,13:58:27,PL003,MIL0010082,x@x.com,9999123456,9999123451,9999123452,1,1
MP00021854,MP00021854,2023-09-07,13:58:27,PL006,MIL0036413,x@x.com,9999123456,9999123451,9999123452,1,1
MP00021855,MP00021855,2023-09-07,13:58:27,PL004,MIL0444821,x@x.com,9999123456,9999123451,9999123452,1,1
MP00021856,MP00021856,2023-09-07,13:58:27,PL009,MIL0320781,x@x.com,9999123456,9999123451,9999123452,1,1
MP00021857,MP00021857,2023-09-07,13:58:27,PL007,MIL0012094,x@x.com,9999123456,9999123451,9999123452,1,1
MP00021858,MP00021858,2023-09-07,13:58:27,PL008,MIL0266222,x@x.com,9999123456,9999123451,9999123452,1,1
MP00021859,MP00021859,2023-09-07,13:58:27,PL004,MIL0218839,x@x.com,9999123456,9999123451,9999123452,1,1
MP00021860,MP00021860,2023-09-07,13:58:27,PL007,MIL0307779,x@x.com,9999123456,9999123451,9999123452,1,1
MP00021861,MP00021861,2023-09-07,13:58:27,PL007,MIL0560088,x@x.com,9999123456,9999123451,9999123452,1,1
MP00021862,MP00021862,2023-09-07,13:58:27,PL004,MIL0489818,x@x.com,9999123456,9999123451,9999123452,1,1
MP00021863,MP00021863,2023-09-07,13:58:27,PL003,MIL0004645,x@x.com,9999123456,9999123451,9999123452,1,1
MP00021864,MP00021864,2023-09-07,13:58:27,PL011,MIL0378847,x@x.com,9999123456,9999123451,9999123452,1,1
MP00021865,MP00021865,2023-09-07,13:58:27,PL003,MIL0166845,x@x.com,9999123456,9999123451,9999123452,1,1
MP00021866,MP00021866,2023-09-07,13:58:27,PL003,MIL0051057,x@x.com,9999123456,9999123451,9999123452,1,1
MP00021867,MP00021867,2023-09-07,13:58:27,PL013,MIL0369016,x@x.com,9999123456,9999123451,9999123452,1,1
MP00021868,MP00021868,2023-09-07,13:58:27,PL006,MIL0468854,x@x.com,9999123456,9999123451,9999123452,1,1
MP00021869,MP00021869,2023-09-07,13:58:27,PL004,MIL0080049,x@x.com,9999123456,9999123451,9999123452,1,1
MP00021870,MP00021870,2023-09-07,13:58:27,PL005,MIL0185382,x@x.com,9999123456,9999123451,9999123452,1,1
MP00021871,MP00021871,2023-09-07,13:58:27,PL005,MIL0399935,x@x.com,9999123456,9999123451,9999123452,1,1
MP00021872,MP00021872,2023-09-07,13:58:27,PL012,MIL0357887,x@x.com,9999123456,9999123451,9999123452,1,1
MP00021873,MP00021873,2023-09-07,13:58:27,PL011,MIL0104768,x@x.com,9999123456,9999123451,9999123452,1,1
MP00021874,MP00021874,2023-09-07,13:58:27,PL012,MIL0183265,x@x.com,9999123456,9999123451,9999123452,1,1
MP00021875,MP00021875,2023-09-07,13:58:27,PL004,MIL0323515,x@x.com,9999123456,9999123451,9999123452,1,1
MP00021876,MP00021876,2023-09-07,13:58:27,PL007,MIL0241754,x@x.com,9999123456,9999123451,9999123452,1,1
MP00021877,MP00021877,2023-09-07,13:58:27,PL005,MIL0089991,x@x.com,9999123456,9999123451,9999123452,1,1
MP00021878,MP00021878,2023-09-07,13:58:27,PL005,MIL0451646,x@x.com,9999123456,9999123451,9999123452,1,1
MP00021879,MP00021879,2023-09-07,13:58:27,PL008,MIL0050009,x@x.com,9999123456,9999123451,9999123452,1,1
MP00021880,MP00021880,2023-09-07,13:58:27,PL006,MIL0056898,x@x.com,9999123456,9999123451,9999123452,1,1
MP00021881,MP00021881,2023-09-07,13:58:27,PL006,MIL0058048,x@x.com,9999123456,9999123451,9999123452,1,1
MP00021882,MP00021882,2023-09-07,13:58:27,PL012,MIL0536225,x@x.com,9999123456,9999123451,9999123452,1,1
MP00021883,MP00021883,2023-09-07,13:58:27,PL001,MIL0100482,x@x.com,9999123456,9999123451,9999123452,1,1
MP00021884,MP00021884,2023-09-07,13:58:27,PL005,MIL0211976,x@x.com,9999123456,9999123451,9999123452,1,1
MP00021885,MP00021885,2023-09-07,13:58:27,PL001,MIL0409084,x@x.com,9999123456,9999123451,9999123452,1,1
MP00021886,MP00021886,2023-09-07,13:58:27,PL002,MIL0417002,x@x.com,9999123456,9999123451,9999123452,1,1
MP00021887,MP00021887,2023-09-07,13:58:27,PL002,MIL0331940,x@x.com,9999123456,9999123451,9999123452,1,1
MP00021888,MP00021888,2023-09-07,13:58:27,PL013,MIL0076241,x@x.com,9999123456,9999123451,9999123452,1,1
MP00021889,MP00021889,2023-09-07,13:58:27,PL005,MIL0535383,x@x.com,9999123456,9999123451,9999123452,1,1
MP00021890,MP00021890,2023-09-07,13:58:27,PL009,MIL0290281,x@x.com,9999123456,9999123451,9999123452,1,1
MP00021891,MP00021891,2023-09-07,13:58:27,PL013,MIL0220621,x@x.com,9999123456,9999123451,9999123452,1,1
MP00021892,MP00021892,2023-09-07,13:58:27,PL005,MIL0355155,x@x.com,9999123456,9999123451,9999123452,1,1
MP00021893,MP00021893,2023-09-07,13:58:27,PL004,MIL0534788,x@x.com,9999123456,9999123451,9999123452,1,1
MP00021894,MP00021894,2023-09-07,13:58:27,PL004,MIL0063403,x@x.com,9999123456,9999123451,9999123452,1,1
MP00021895,MP00021895,2023-09-07,13:58:27,PL010,MIL0405328,x@x.com,9999123456,9999123451,9999123452,1,1
MP00021896,MP00021896,2023-09-07,13:58:27,PL006,MIL0514799,x@x.com,9999123456,9999123451,9999123452,1,1
MP00021897,MP00021897,2023-09-07,13:58:27,PL002,MIL0516145,x@x.com,9999123456,9999123451,9999123452,1,1
MP00021898,MP00021898,2023-09-07,13:58:27,PL004,MIL0463687,x@x.com,9999123456,9999123451,9999123452,1,1
MP00021899,MP00021899,2023-09-07,13:58:27,PL009,MIL0083696,x@x.com,9999123456,9999123451,9999123452,1,1
MP00021900,MP00021900,2023-09-07,13:58:27,PL001,MIL0097880,x@x.com,9999123456,9999123451,9999123452,1,1
MP00021901,MP00021901,2023-09-07,13:58:27,PL012,MIL0043888,x@x.com,9999123456,9999123451,9999123452,1,1
MP00021902,MP00021902,2023-09-07,13:58:27,PL007,MIL0247223,x@x.com,9999123456,9999123451,9999123452,1,1
MP00021903,MP00021903,2023-09-07,13:58:27,PL003,MIL0384854,x@x.com,9999123456,9999123451,9999123452,1,1
MP00021904,MP00021904,2023-09-07,13:58:27,PL003,MIL0504032,x@x.com,9999123456,9999123451,9999123452,1,1
MP00021905,MP00021905,2023-09-07,13:58:27,PL009,MIL0207258,x@x.com,9999123456,9999123451,9999123452,1,1
MP00021906,MP00021906,2023-09-07,13:58:27,PL007,MIL0125356,x@x.com,9999123456,9999123451,9999123452,1,1
MP00021907,MP00021907,2023-09-07,13:58:27,PL011,MIL0249042,x@x.com,9999123456,9999123451,9999123452,1,1
MP00021908,MP00021908,2023-09-07,13:58:27,PL013,MIL0205045,x@x.com,9999123456,9999123451,9999123452,1,1
MP00021909,MP00021909,2023-09-07,13:58:27,PL001,MIL0377059,x@x.com,9999123456,9999123451,9999123452,1,1
MP00021910,MP00021910,2023-09-07,13:58:27,PL006,MIL0145102,x@x.com,9999123456,9999123451,9999123452,1,1
MP00021911,MP00021911,2023-09-07,13:58:27,PL006,MIL0395583,x@x.com,9999123456,9999123451,9999123452,1,1
MP00021912,MP00021912,2023-09-07,13:58:27,PL006,MIL0343929,x@x.com,9999123456,9999123451,9999123452,1,1
MP00021913,MP00021913,2023-09-07,13:58:27,PL005,MIL0072666,x@x.com,9999123456,9999123451,9999123452,1,1
MP00021914,MP00021914,2023-09-07,13:58:27,PL002,MIL0386607,x@x.com,9999123456,9999123451,9999123452,1,1
MP00021915,MP00021915,2023-09-07,13:58:27,PL013,MIL0267319,x@x.com,9999123456,9999123451,9999123452,1,1
MP00021916,MP00021916,2023-09-07,13:58:27,PL009,MIL0440438,x@x.com,9999123456,9999123451,9999123452,1,1
MP00021917,MP00021917,2023-09-07,13:58:27,PL004,MIL0411055,x@x.com,9999123456,9999123451,9999123452,1,1
MP00021918,MP00021918,2023-09-07,13:58:27,PL012,MIL0318086,x@x.com,9999123456,9999123451,9999123452,1,1
MP00021919,MP00021919,2023-09-07,13:58:27,PL012,MIL0092245,x@x.com,9999123456,9999123451,9999123452,1,1
MP00021920,MP00021920,2023-09-07,13:58:27,PL012,MIL0023966,x@x.com,9999123456,9999123451,9999123452,1,1
MP00021921,MP00021921,2023-09-07,13:58:27,PL005,MIL0186096,x@x.com,9999123456,9999123451,9999123452,1,1
MP00021922,MP00021922,2023-09-07,13:58:27,PL005,MIL0522075,x@x.com,9999123456,9999123451,9999123452,1,1
MP00021923,MP00021923,2023-09-07,13:58:27,PL001,MIL0045024,x@x.com,9999123456,9999123451,9999123452,1,1
MP00021924,MP00021924,2023-09-07,13:58:27,PL010,MIL0271896,x@x.com,9999123456,9999123451,9999123452,1,1
MP00021925,MP00021925,2023-09-07,13:58:27,PL004,MIL0552842,x@x.com,9999123456,9999123451,9999123452,1,1
MP00021926,MP00021926,2023-09-07,13:58:27,PL001,MIL0237165,x@x.com,9999123456,9999123451,9999123452,1,1
MP00021927,MP00021927,2023-09-07,13:58:27,PL007,MIL0186064,x@x.com,9999123456,9999123451,9999123452,1,1
MP00021928,MP00021928,2023-09-07,13:58:27,PL008,MIL0344923,x@x.com,9999123456,9999123451,9999123452,1,1
MP00021929,MP00021929,2023-09-07,13:58:27,PL011,MIL0116557,x@x.com,9999123456,9999123451,9999123452,1,1
MP00021930,MP00021930,2023-09-07,13:58:27,PL006,MIL0214043,x@x.com,9999123456,9999123451,9999123452,1,1
MP00021931,MP00021931,2023-09-07,13:58:27,PL004,MIL0130826,x@x.com,9999123456,9999123451,9999123452,1,1
MP00021932,MP00021932,2023-09-07,13:58:27,PL009,MIL0375745,x@x.com,9999123456,9999123451,9999123452,1,1
MP00021933,MP00021933,2023-09-07,13:58:27,PL008,MIL0075222,x@x.com,9999123456,9999123451,9999123452,1,1
MP00021934,MP00021934,2023-09-07,13:58:27,PL011,MIL0218587,x@x.com,9999123456,9999123451,9999123452,1,1
MP00021935,MP00021935,2023-09-07,13:58:27,PL002,MIL0065587,x@x.com,9999123456,9999123451,9999123452,1,1
MP00021936,MP00021936,2023-09-07,13:58:27,PL005,MIL0364349,x@x.com,9999123456,9999123451,9999123452,1,1
MP00021937,MP00021937,2023-09-07,13:58:27,PL013,MIL0407855,x@x.com,9999123456,9999123451,9999123452,1,1
MP00021938,MP00021938,2023-09-07,13:58:27,PL012,MIL0323193,x@x.com,9999123456,9999123451,9999123452,1,1
MP00021939,MP00021939,2023-09-07,13:58:27,PL011,MIL0556489,x@x.com,9999123456,9999123451,9999123452,1,1
MP00021940,MP00021940,2023-09-07,13:58:27,PL012,MIL0409677,x@x.com,9999123456,9999123451,9999123452,1,1
MP00021941,MP00021941,2023-09-07,13:58:27,PL013,MIL0344819,x@x.com,9999123456,9999123451,9999123452,1,1
MP00021942,MP00021942,2023-09-07,13:58:27,PL003,MIL0519200,x@x.com,9999123456,9999123451,9999123452,1,1
MP00021943,MP00021943,2023-09-07,13:58:27,PL013,MIL0125489,x@x.com,9999123456,9999123451,9999123452,1,1
MP00021944,MP00021944,2023-09-07,13:58:27,PL001,MIL0094974,x@x.com,9999123456,9999123451,9999123452,1,1
MP00021945,MP00021945,2023-09-07,13:58:27,PL009,MIL0578568,x@x.com,9999123456,9999123451,9999123452,1,1
MP00021946,MP00021946,2023-09-07,13:58:27,PL009,MIL0073444,x@x.com,9999123456,9999123451,9999123452,1,1
MP00021947,MP00021947,2023-09-07,13:58:27,PL006,MIL0208192,x@x.com,9999123456,9999123451,9999123452,1,1
MP00021948,MP00021948,2023-09-07,13:58:27,PL004,MIL0315134,x@x.com,9999123456,9999123451,9999123452,1,1
MP00021949,MP00021949,2023-09-07,13:58:27,PL007,MIL0166071,x@x.com,9999123456,9999123451,9999123452,1,1
MP00021950,MP00021950,2023-09-07,13:58:27,PL010,MIL0514642,x@x.com,9999123456,9999123451,9999123452,1,1
MP00021951,MP00021951,2023-09-07,13:58:27,PL005,MIL0543579,x@x.com,9999123456,9999123451,9999123452,1,1
MP00021952,MP00021952,2023-09-07,13:58:27,PL013,MIL0564759,x@x.com,9999123456,9999123451,9999123452,1,1
MP00021953,MP00021953,2023-09-07,13:58:27,PL011,MIL0402244,x@x.com,9999123456,9999123451,9999123452,1,1
MP00021954,MP00021954,2023-09-07,13:58:27,PL001,MIL0495427,x@x.com,9999123456,9999123451,9999123452,1,1
MP00021955,MP00021955,2023-09-07,13:58:27,PL007,MIL0518745,x@x.com,9999123456,9999123451,9999123452,1,1
MP00021956,MP00021956,2023-09-07,13:58:27,PL011,MIL0211015,x@x.com,9999123456,9999123451,9999123452,1,1
MP00021957,MP00021957,2023-09-07,13:58:27,PL002,MIL0353873,x@x.com,9999123456,9999123451,9999123452,1,1
MP00021958,MP00021958,2023-09-07,13:58:27,PL003,MIL0201492,x@x.com,9999123456,9999123451,9999123452,1,1
MP00021959,MP00021959,2023-09-07,13:58:27,PL001,MIL0539608,x@x.com,9999123456,9999123451,9999123452,1,1
MP00021960,MP00021960,2023-09-07,13:58:27,PL003,MIL0256230,x@x.com,9999123456,9999123451,9999123452,1,1
MP00021961,MP00021961,2023-09-07,13:58:27,PL004,MIL0145360,x@x.com,9999123456,9999123451,9999123452,1,1
MP00021962,MP00021962,2023-09-07,13:58:27,PL011,MIL0190952,x@x.com,9999123456,9999123451,9999123452,1,1
MP00021963,MP00021963,2023-09-07,13:58:27,PL003,MIL0298500,x@x.com,9999123456,9999123451,9999123452,1,1
MP00021964,MP00021964,2023-09-07,13:58:27,PL010,MIL0512628,x@x.com,9999123456,9999123451,9999123452,1,1
MP00021965,MP00021965,2023-09-07,13:58:27,PL013,MIL0557233,x@x.com,9999123456,9999123451,9999123452,1,1
MP00021966,MP00021966,2023-09-07,13:58:27,PL001,MIL0095535,x@x.com,9999123456,9999123451,9999123452,1,1
MP00021967,MP00021967,2023-09-07,13:58:27,PL004,MIL0382635,x@x.com,9999123456,9999123451,9999123452,1,1
MP00021968,MP00021968,2023-09-07,13:58:27,PL013,MIL0373453,x@x.com,9999123456,9999123451,9999123452,1,1
MP00021969,MP00021969,2023-09-07,13:58:27,PL007,MIL0019759,x@x.com,9999123456,9999123451,9999123452,1,1
MP00021970,MP00021970,2023-09-07,13:58:27,PL002,MIL0421686,x@x.com,9999123456,9999123451,9999123452,1,1
MP00021971,MP00021971,2023-09-07,13:58:27,PL001,MIL0323046,x@x.com,9999123456,9999123451,9999123452,1,1
MP00021972,MP00021972,2023-09-07,13:58:27,PL011,MIL0398962,x@x.com,9999123456,9999123451,9999123452,1,1
MP00021973,MP00021973,2023-09-07,13:58:27,PL007,MIL0058175,x@x.com,9999123456,9999123451,9999123452,1,1
MP00021974,MP00021974,2023-09-07,13:58:27,PL003,MIL0317760,x@x.com,9999123456,9999123451,9999123452,1,1
MP00021975,MP00021975,2023-09-07,13:58:27,PL011,MIL0570595,x@x.com,9999123456,9999123451,9999123452,1,1
MP00021976,MP00021976,2023-09-07,13:58:27,PL002,MIL0321350,x@x.com,9999123456,9999123451,9999123452,1,1
MP00021977,MP00021977,2023-09-07,13:58:27,PL009,MIL0442990,x@x.com,9999123456,9999123451,9999123452,1,1
MP00021978,MP00021978,2023-09-07,13:58:27,PL004,MIL0036497,x@x.com,9999123456,9999123451,9999123452,1,1
